CASE_ID,ACCIDENT_YEAR,PROC_DATE,JURIS,COLLISION_DATE,COLLISION_TIME,OFFICER_ID,REPORTING_DISTRICT,DAY_OF_WEEK,CHP_SHIFT,POPULATION,CNTY_CITY_LOC,SPECIAL_COND,BEAT_TYPE,CHP_BEAT_TYPE,CITY_DIVISION_LAPD,CHP_BEAT_CLASS,BEAT_NUMBER,PRIMARY_RD,SECONDARY_RD,DISTANCE,DIRECTION,INTERSECTION,WEATHER_1,WEATHER_2,STATE_HWY_IND,CALTRANS_COUNTY,CALTRANS_DISTRICT,STATE_ROUTE,ROUTE_SUFFIX,POSTMILE_PREFIX,POSTMILE,LOCATION_TYPE,RAMP_INTERSECTION,SIDE_OF_HWY,TOW_AWAY,COLLISION_SEVERITY,NUMBER_KILLED,NUMBER_INJURED,PARTY_COUNT,PRIMARY_COLL_FACTOR,PCF_CODE_OF_VIOL,PCF_VIOL_CATEGORY,PCF_VIOLATION,PCF_VIOL_SUBSECTION,HIT_AND_RUN,TYPE_OF_COLLISION,MVIW,PED_ACTION,ROAD_SURFACE,ROAD_COND_1,ROAD_COND_2,LIGHTING,CONTROL_DEVICE,CHP_ROAD_TYPE,PEDESTRIAN_ACCIDENT,BICYCLE_ACCIDENT,MOTORCYCLE_ACCIDENT,TRUCK_ACCIDENT,NOT_PRIVATE_PROPERTY,ALCOHOL_INVOLVED,STWD_VEHTYPE_AT_FAULT,CHP_VEHTYPE_AT_FAULT,COUNT_SEVERE_INJ,COUNT_VISIBLE_INJ,COUNT_COMPLAINT_PAIN,COUNT_PED_KILLED,COUNT_PED_INJURED,COUNT_BICYCLIST_KILLED,COUNT_BICYCLIST_INJURED,COUNT_MC_KILLED,COUNT_MC_INJURED,PRIMARY_RAMP,SECONDARY_RAMP,LATITUDE,LONGITUDE,COUNTY,CITY,POINT_X,POINT_Y
6671582,2014,2014-12-16,1941,2014-10-12,1806,5886,NA,7,5,7,1941,0,0,0,NA,0,NA,LONG BEACH BL,55TH ST,78,N,N,A,-,N,NA,NA,NA,NA,NA,NA,NA,NA,NA,Y,3,0,1,2,A,-,06,21750,NA,N,B,C,A,A,H,-,B,A,0,NA,NA,Y,NA,Y,Y,C,NA,0,1,0,0,0,0,0,0,1,-,-,NA,NA,LOS ANGELES,LONG BEACH,-118.19726414,33.85609477
6671586,2014,2014-12-16,1969,2014-10-02,0812,10195,NA,4,5,5,1969,0,0,0,NA,0,001,ALAMEDA ST,KANSAS AV,0,NA,Y,A,-,N,NA,NA,NA,NA,NA,NA,NA,NA,NA,N,4,0,1,2,A,-,09,21802,A,N,D,C,A,A,H,-,A,D,0,NA,NA,NA,NA,Y,NA,A,01,0,0,1,0,0,0,0,0,0,-,-,NA,NA,LOS ANGELES,SOUTH GATE,-118.22890013,33.94987005
6671590,2014,2014-12-16,1969,2014-10-03,0653,10125,PATRO,5,5,5,1969,0,0,0,NA,0,0653,LONG BEACH BL,COLE PL,0,NA,Y,A,-,N,NA,NA,NA,NA,NA,NA,NA,NA,NA,Y,4,0,2,2,A,-,09,21801,A,N,D,C,A,A,H,-,A,A,0,NA,NA,NA,NA,Y,NA,-,NA,0,0,2,0,0,0,0,0,0,-,-,NA,NA,LOS ANGELES,SOUTH GATE,-118.22500013,33.96332011
6671594,2014,2014-12-16,1969,2014-10-03,0215,20252,PATRO,5,5,5,1969,0,0,0,NA,0,0A1,FIRESTONE BL,SANTA FE AV,0,NA,Y,A,-,N,NA,NA,NA,NA,NA,NA,NA,NA,NA,N,3,0,1,2,A,-,10,21950,A,F,G,B,B,A,H,-,C,A,0,Y,NA,NA,NA,Y,NA,-,99,0,1,0,0,1,0,0,0,0,-,-,NA,NA,LOS ANGELES,SOUTH GATE,-118.22483,33.95610007
6671598,2014,2014-12-16,1969,2014-10-11,2013,10202,PATRO,6,5,5,1969,0,0,0,NA,0,003,SAN CARLOS AV,TWEEDY BL,0,NA,Y,A,-,N,NA,NA,NA,NA,NA,NA,NA,NA,NA,N,4,0,4,2,A,-,09,21804,A,N,D,C,A,A,H,-,C,D,0,NA,NA,NA,NA,Y,NA,A,01,0,0,4,0,0,0,0,0,0,-,-,NA,NA,LOS ANGELES,SOUTH GATE,-118.20535001,33.94417005
6671684,2014,2014-11-14,1942,2014-09-15,0745,37400,1391,1,5,7,1942,0,0,0,M,0,12A31,FLORENCE,BROADWAY,0,NA,Y,A,-,N,NA,NA,NA,NA,NA,NA,NA,NA,NA,NA,4,0,5,4,B,-,22,NA,NA,N,C,C,A,A,H,-,A,A,0,NA,NA,NA,NA,Y,NA,-,-,0,0,5,0,0,0,0,0,0,-,-,NA,NA,LOS ANGELES,LOS ANGELES,-118.27833007,33.97466012
6671693,2014,2014-11-12,1920,2014-09-20,1918,12323,NA,6,5,6,1920,0,0,0,NA,0,006,LAKEWOOD BL,CLETA ST,30,S,N,A,-,N,NA,NA,NA,NA,NA,NA,NA,NA,NA,Y,4,0,2,2,A,-,09,21801,A,F,D,C,A,A,H,-,C,A,0,NA,NA,NA,NA,Y,NA,D,22,0,0,2,0,0,0,0,0,0,-,-,NA,NA,LOS ANGELES,DOWNEY,-118.12779049,33.93079932
6671694,2014,2014-11-07,1920,2014-09-22,0620,12323,NA,1,5,6,1920,0,0,0,NA,0,004,FLORENCE AV,HALEDON AV,4,E,N,A,-,N,NA,NA,NA,NA,NA,NA,NA,NA,NA,N,4,0,1,2,A,-,05,21650,1,N,D,G,A,A,H,-,B,D,0,NA,Y,NA,NA,Y,NA,L,04,0,0,1,0,0,0,1,0,0,-,-,NA,NA,LOS ANGELES,DOWNEY,-118.11356883,33.94565421
6671698,2014,2014-11-07,1920,2014-09-24,1448,10140,NA,3,5,6,1920,0,0,0,NA,0,002,STEWART AND GRAY RD,PERNELL AV,430,W,N,A,-,N,NA,NA,NA,NA,NA,NA,NA,NA,NA,Y,4,0,1,2,A,-,09,21804,A,N,D,C,A,A,H,-,A,D,0,NA,NA,Y,NA,Y,NA,D,22,0,0,1,0,0,0,0,0,1,-,-,NA,NA,LOS ANGELES,DOWNEY,-118.16086433,33.94375141
6671711,2014,2014-11-21,1942,2014-09-26,1530,38942,1383,5,5,7,1942,0,0,0,M,0,13A93,BROADWAY,61ST ST,40,N,N,A,-,N,NA,NA,NA,NA,NA,NA,NA,NA,NA,N,3,0,1,3,A,-,21,22106,NA,N,G,B,E,A,H,-,A,D,0,Y,NA,NA,NA,Y,NA,D,22,0,1,0,0,1,0,0,0,0,-,-,NA,NA,LOS ANGELES,LOS ANGELES,-118.278291,33.984321
6671716,2014,2014-12-26,1942,2014-10-12,2030,39062,1309,7,5,7,1942,0,0,0,M,0,1T11,SANTA FE AV,PORTER ST,0,NA,Y,A,-,N,NA,NA,NA,NA,NA,NA,NA,NA,NA,N,4,0,1,2,A,-,09,21801,A,N,D,C,A,A,H,-,C,A,0,NA,NA,NA,NA,Y,NA,D,22,0,0,1,0,0,0,0,0,0,-,-,NA,NA,LOS ANGELES,LOS ANGELES,-118.22993002,34.02664011
6671720,2014,2014-12-03,1942,2014-10-09,1035,39349,1347,4,5,7,1942,0,0,0,M,0,13T53,ALAMEDA ST,41ST PL,15,N,N,A,-,N,NA,NA,NA,NA,NA,NA,NA,NA,NA,Y,4,0,1,3,A,-,03,22350,NA,N,C,C,A,A,H,-,A,D,0,NA,NA,NA,NA,Y,NA,D,22,0,0,1,0,0,0,0,0,0,-,-,NA,NA,LOS ANGELES,LOS ANGELES,-118.23945283,34.00707107
6671743,2014,2014-12-26,1928,2014-10-19,1654,324,501,7,5,5,1928,0,0,0,NA,0,501,HAWTHORN BL,129TH ST,80,N,N,A,-,N,NA,NA,NA,NA,NA,NA,NA,NA,NA,Y,4,0,1,2,A,-,08,22107,NA,N,C,C,A,A,H,-,A,A,0,NA,NA,NA,NA,Y,NA,D,22,0,0,1,0,0,0,0,0,0,-,-,NA,NA,LOS ANGELES,HAWTHORNE,-118.352504,33.915561
6671751,2014,2014-12-26,1941,2014-10-09,1140,5407,NA,4,5,7,1941,0,0,0,NA,0,NA,ATHERTON ST,MCNAB AV,80,E,N,A,-,N,NA,NA,NA,NA,NA,NA,NA,NA,NA,Y,4,0,5,3,A,-,03,22350,NA,N,C,A,A,A,H,-,A,D,0,NA,NA,NA,NA,Y,NA,A,01,0,0,5,0,0,0,0,0,0,-,-,NA,NA,LOS ANGELES,LONG BEACH,-118.11234727,33.7889
6671777,2014,2014-12-26,1942,2014-10-01,2150,39478,1395,3,5,7,1942,0,0,0,M,0,1395,CENTRAL,66TH ST,0,NA,Y,A,-,N,NA,NA,NA,NA,NA,NA,NA,NA,NA,N,3,0,1,2,A,-,11,21956,A,N,G,B,D,A,H,-,C,D,0,Y,NA,NA,NA,Y,NA,N,60,0,1,0,0,1,0,0,0,0,-,-,NA,NA,LOS ANGELES,LOS ANGELES,-118.25646012,33.97999007
6671781,2014,2016-02-18,1942,2014-10-03,0905,39568,1309,5,5,7,1942,0,0,0,M,0,13A9,E 11TH ST,SANTA FE AV,0,NA,Y,A,-,N,NA,NA,NA,NA,NA,NA,NA,NA,NA,N,4,0,1,2,A,-,10,21952,NA,N,G,B,B,A,H,-,A,D,0,Y,NA,NA,NA,Y,NA,-,NA,0,0,1,0,1,0,0,0,0,-,-,NA,NA,LOS ANGELES,LOS ANGELES,-118.23009006,34.02303003
6671785,2014,2014-11-21,1942,2014-09-27,0250,30083,1309,6,5,7,1942,0,0,0,M,0,1TL11,MATEO ST,SACRAMENTO ST,0,NA,Y,A,-,N,NA,NA,NA,NA,NA,NA,NA,NA,NA,Y,4,0,2,2,A,-,12,22450,A,N,D,C,A,A,H,-,C,D,0,NA,NA,NA,NA,Y,NA,A,01,0,0,2,0,0,0,0,0,0,-,-,NA,NA,LOS ANGELES,LOS ANGELES,-118.23224009,34.03056006
6671789,2014,2014-11-14,1942,2014-09-26,0600,38258,1325,5,5,7,1942,0,0,0,M,0,13A9,CENTRAL AV,ADAMS BL,15,N,N,A,-,N,NA,NA,NA,NA,NA,NA,NA,NA,NA,N,4,0,1,2,A,-,09,21801,A,N,B,C,A,A,H,-,B,A,0,NA,NA,NA,NA,Y,NA,D,72,0,0,1,0,0,0,0,0,0,-,-,NA,NA,LOS ANGELES,LOS ANGELES,-118.25492407,34.01880894
6672083,2014,2014-12-16,1942,2014-09-27,0315,34968,1351,6,5,7,1942,0,0,0,M,0,13A41,MAIN ST,42ND PL,0,NA,Y,A,-,N,NA,NA,NA,NA,NA,NA,NA,NA,NA,Y,4,0,2,5,A,-,03,22350,NA,N,C,E,A,A,H,-,C,D,0,NA,NA,NA,NA,Y,NA,-,-,0,0,2,0,0,0,0,0,0,-,-,NA,NA,LOS ANGELES,LOS ANGELES,-118.27403007,34.00654003
6672087,2014,2015-12-22,1942,2014-09-29,2200,34257,1361,1,5,7,1942,0,0,0,M,0,13A63,BROADWAY,47TH ST,100,N,N,A,-,N,NA,NA,NA,NA,NA,NA,NA,NA,NA,Y,3,0,1,2,A,-,11,21955,NA,N,G,B,D,A,H,-,C,D,0,Y,NA,NA,NA,Y,Y,N,60,0,1,0,0,1,0,0,0,0,-,-,NA,NA,LOS ANGELES,LOS ANGELES,-118.278347,34.001289
6672091,2014,2014-11-24,1942,2014-09-26,0530,38258,1303,5,5,7,1942,0,0,0,M,0,13A9,CENTRAL AV,PICO AV,90,N,N,A,-,N,NA,NA,NA,NA,NA,NA,NA,NA,NA,Y,4,0,1,1,A,-,03,22350,NA,N,B,I,A,A,H,-,C,A,0,NA,NA,NA,NA,Y,NA,A,01,0,0,1,0,0,0,0,0,0,-,-,NA,NA,LOS ANGELES,LOS ANGELES,-118.24582413,34.02954228
6672095,2014,2014-11-13,1942,2014-09-27,0205,37962,1353,6,5,7,1942,0,0,0,M,0,13A93,CENTRAL AV,45TH ST,14,S,N,A,-,N,NA,NA,NA,NA,NA,NA,NA,NA,NA,N,4,0,1,1,A,-,-,NA,NA,N,E,I,A,A,H,-,C,D,0,NA,NA,NA,NA,Y,NA,A,01,0,0,1,0,0,0,0,0,0,-,-,NA,NA,LOS ANGELES,LOS ANGELES,-118.25649,34.00294161
6672096,2014,2014-11-13,1920,2014-09-24,2153,11859,1920,3,5,6,1920,0,0,0,NA,0,001,STEWART AND GRAY RD,WOODRUFF AV,0,NA,Y,A,-,N,NA,NA,NA,NA,NA,NA,NA,NA,NA,Y,4,0,1,2,A,-,03,22350,NA,M,B,C,A,A,H,-,C,A,0,NA,NA,Y,NA,Y,NA,C,02,0,0,1,0,0,0,0,0,1,-,-,NA,NA,LOS ANGELES,DOWNEY,-118.1167201,33.92788008
6672108,2014,2014-11-13,1900,2014-09-15,1645,517164,NA,1,5,5,1943,0,0,0,NA,0,212E1,FERNWOOD AV,SANTA FE AV,0,NA,Y,A,-,N,NA,NA,NA,NA,NA,NA,NA,NA,NA,N,4,0,1,2,A,-,09,21802,A,N,D,D,A,A,H,-,A,-,0,NA,NA,NA,NA,Y,NA,A,01,0,0,1,0,0,0,0,0,0,-,-,NA,NA,LOS ANGELES,LYNWOOD,-118.22309007,33.93130009
6672124,2014,2014-11-14,1920,2014-09-24,0929,11033,NA,3,5,6,1920,0,0,0,NA,0,006,LA REINA AV,2ND ST,0,NA,Y,A,-,N,NA,NA,NA,NA,NA,NA,NA,NA,NA,N,4,0,1,2,A,-,05,21650,1,N,A,G,A,A,H,-,A,A,0,NA,Y,NA,NA,Y,NA,L,NA,0,0,1,0,0,0,1,0,0,-,-,NA,NA,LOS ANGELES,DOWNEY,-118.13422004,33.94193002
6672128,2014,2014-11-14,1920,2014-09-22,0605,19354,NA,1,5,6,1920,0,0,0,NA,0,006,PATTON RD,MANATEE ST,0,NA,Y,A,-,N,NA,NA,NA,NA,NA,NA,NA,NA,NA,Y,4,0,2,2,A,-,09,21801,A,N,A,C,A,A,H,-,C,A,0,NA,NA,NA,NA,Y,NA,-,NA,0,0,2,0,0,0,0,0,0,-,-,NA,NA,LOS ANGELES,DOWNEY,-118.13068003,33.93329012
6672132,2014,2014-11-14,1920,2014-09-28,2015,12323,NA,7,5,6,1920,0,0,0,NA,0,003,FLORENCE AV,OLD RIVER SCHOOL RD,150,W,N,A,-,N,NA,NA,NA,NA,NA,NA,NA,NA,NA,Y,3,0,2,2,A,-,03,22350,NA,N,C,C,A,A,H,-,C,A,0,NA,NA,NA,NA,Y,NA,A,01,0,1,1,0,0,0,0,0,0,-,-,NA,NA,LOS ANGELES,DOWNEY,-118.14093555,33.95904843
6672136,2014,2016-06-04,1920,2014-09-29,0708,19354,NA,1,5,6,1920,0,0,0,NA,0,004,STUDEBAKER RD,RT 605,0,NA,Y,A,-,Y,LA,7,605,-,R,9.154,R,4,N,Y,3,0,1,2,A,-,09,21453,C,N,D,C,A,A,H,-,A,A,0,NA,NA,NA,NA,Y,NA,-,NA,0,1,0,0,0,0,0,0,0,-,NO,NA,NA,LOS ANGELES,DOWNEY,-118.09971331,33.93505131
6672140,2014,2014-11-13,1920,2014-09-27,0241,11859,1920,6,5,6,1920,0,0,0,NA,0,003,OLD RIVER SCHOOL RD,PELLET ST,37,N,N,A,-,N,NA,NA,NA,NA,NA,NA,NA,NA,NA,Y,4,0,1,4,A,-,01,23152,A,M,B,E,A,A,H,-,C,D,0,NA,NA,NA,NA,Y,Y,A,01,0,0,1,0,0,0,0,0,0,-,-,NA,NA,LOS ANGELES,DOWNEY,-118.14749659,33.94932661
6672144,2014,2014-11-14,1920,2014-09-25,2131,11859,1920,4,5,6,1920,0,0,0,NA,0,004,WOODRUFF AV,CECILIA ST,0,NA,Y,A,-,N,NA,NA,NA,NA,NA,NA,NA,NA,NA,N,4,0,2,2,D,-,00,NA,NA,N,D,C,A,A,H,-,C,A,0,NA,NA,NA,NA,Y,NA,-,-,0,0,2,0,0,0,0,0,0,-,-,NA,NA,LOS ANGELES,DOWNEY,-118.11505011,33.93616006
6672148,2014,2014-11-14,1920,2014-09-27,0813,10705,NA,6,5,6,1920,0,0,0,NA,0,001,BELLFLOWER BL,WASHBURN RD,0,NA,Y,B,-,N,NA,NA,NA,NA,NA,NA,NA,NA,NA,Y,4,0,1,2,A,-,09,21801,A,N,D,C,A,A,H,-,A,A,0,NA,NA,NA,NA,Y,NA,-,NA,0,0,1,0,0,0,0,0,0,-,-,NA,NA,LOS ANGELES,DOWNEY,-118.12543009,33.92429001
6672152,2014,2014-11-14,1920,2014-09-25,1948,11859,1920,4,5,6,1920,0,0,0,NA,0,005,BROOKSHIRE AV,5TH ST,0,NA,Y,A,-,N,NA,NA,NA,NA,NA,NA,NA,NA,NA,N,4,0,1,2,A,-,09,21801,A,N,D,C,A,A,H,-,C,A,0,NA,NA,NA,NA,Y,NA,A,01,0,0,1,0,0,0,0,0,0,-,-,NA,NA,LOS ANGELES,DOWNEY,-118.12663009,33.94216002
6672155,2014,2014-11-13,1942,2014-09-25,1640,37059,1177,4,5,7,1942,0,0,0,K,0,11X73,W AVENUE 28,IDELL ST,8,E,N,A,-,N,NA,NA,NA,NA,NA,NA,NA,NA,NA,Y,3,0,1,2,A,-,07,21658,A,N,E,I,A,A,H,-,A,D,0,NA,NA,NA,NA,Y,NA,A,01,0,1,0,0,0,0,0,0,0,-,-,NA,NA,LOS ANGELES,LOS ANGELES,-118.2236024,34.08695366
6672156,2014,2014-11-14,1920,2014-09-21,2015,12323,NA,7,5,6,1920,0,0,0,NA,0,006,FIRESTONE BL,BROOKSHIRE AV,210,W,N,A,-,N,NA,NA,NA,NA,NA,NA,NA,NA,NA,Y,3,0,1,2,A,-,01,23153,A,F,G,B,E,A,H,-,C,D,0,Y,NA,NA,NA,Y,Y,A,01,0,1,0,0,1,0,0,0,0,-,-,NA,NA,LOS ANGELES,DOWNEY,-118.13024472,33.93852674
6672159,2014,2014-11-18,1942,2014-09-30,1115,38538,1375,2,5,7,1942,0,0,0,M,0,13A63,55TH ST,ASCOT AV,0,NA,Y,A,-,N,NA,NA,NA,NA,NA,NA,NA,NA,NA,N,4,0,1,2,A,-,12,22450,A,N,-,G,A,A,H,-,A,D,0,NA,Y,NA,NA,Y,NA,-,-,0,0,1,0,0,0,1,0,0,-,-,NA,NA,LOS ANGELES,LOS ANGELES,-118.24995007,33.99300002
6672160,2014,2014-11-13,1920,2014-09-11,1746,12699,1920,4,5,6,1920,0,0,0,NA,0,006,LAKEWOOD BL,STEWART AND GRAY RD,0,NA,Y,A,-,N,NA,NA,NA,NA,NA,NA,NA,NA,NA,Y,4,0,2,6,A,-,12,21453,A,N,H,-,A,A,H,-,A,A,0,NA,Y,NA,NA,Y,NA,A,07,0,0,2,0,0,0,1,0,0,-,-,NA,NA,LOS ANGELES,DOWNEY,-118.12949004,33.92814011
6672204,2014,2014-12-12,9535,2014-10-10,1740,13421,NA,5,2,9,1900,0,1,1,NA,2,501,RT 5,DOWNEY RD,420,N,N,A,-,Y,NA,NA,5,NA,NA,NA,NA,NA,NA,N,4,0,1,2,A,-,03,22350,NA,M,C,C,A,A,H,-,A,D,0,NA,NA,NA,NA,Y,NA,D,22,0,0,1,0,0,0,0,0,0,-,-,34.01985,-118.18101,LOS ANGELES,UNINCORPORATED,-118.18102338999999,34.01980044
6672206,2014,2014-11-18,9535,2014-09-05,0755,20852,NA,5,1,6,1922,1,4,S,NA,2,901,ALESSANDRO AV,PENTLAND ST,0,NA,Y,A,-,N,NA,NA,NA,NA,NA,NA,NA,NA,NA,N,4,0,1,1,C,-,18,NA,NA,N,H,A,A,A,H,-,A,A,0,NA,NA,NA,NA,Y,NA,-,-,0,0,1,0,0,0,0,0,0,-,-,34.09445,-118.06404,LOS ANGELES,EL MONTE,-118.06403008,34.09440003
6672207,2014,2014-12-15,9535,2014-10-10,1555,20767,NA,5,2,6,1922,0,1,1,NA,2,400,RT 10,SANTA ANITA AV,400,W,N,A,-,Y,NA,NA,10,NA,NA,NA,NA,NA,NA,Y,4,0,1,2,A,-,03,22350,NA,N,C,C,A,A,H,-,A,D,0,NA,NA,NA,NA,Y,NA,D,22,0,0,1,0,0,0,0,0,0,-,-,34.0683,-118.04171,LOS ANGELES,EL MONTE,-118.04166894,34.06862578
6672208,2014,2015-06-11,9535,2014-10-07,1525,20859,NA,2,2,5,1948,0,1,1,NA,2,420,RT 10,FREMONT AV,300,W,N,A,-,Y,NA,NA,10,NA,NA,NA,NA,NA,NA,N,4,0,1,3,A,-,03,22350,NA,N,C,C,A,A,H,-,A,D,0,NA,NA,NA,NA,Y,NA,D,22,0,0,1,0,0,0,0,0,0,-,-,34.06473,-118.15747,LOS ANGELES,MONTEREY PARK,-118.15752515,34.06483357
6672210,2014,2014-11-19,9535,2014-10-01,1355,19550,NA,3,1,9,1900,0,3,5,NA,2,002,ATLANTIC BL,HUBBARD ST,400,S,N,A,-,N,NA,NA,NA,NA,NA,NA,NA,NA,NA,N,4,0,1,2,A,-,07,21658,A,N,D,C,A,A,H,-,A,D,0,NA,NA,NA,NA,Y,NA,A,08,0,0,1,0,0,0,0,0,0,-,-,34.02228,-118.15674,LOS ANGELES,UNINCORPORATED,-118.15694227,34.02154646
6672216,2014,2014-12-15,9535,2014-10-01,1040,12952,NA,3,1,9,1900,0,1,3,NA,2,601,RT 60,MARIANNA AV,85,W,N,A,-,Y,NA,NA,60,NA,NA,NA,NA,NA,NA,N,4,0,2,2,A,-,04,21703,NA,N,C,C,A,A,H,-,A,D,0,NA,NA,NA,NA,Y,NA,D,22,0,0,2,0,0,0,0,0,0,-,-,34.03487,-118.17563,LOS ANGELES,UNINCORPORATED,-118.17563085,34.0348757
6672218,2014,2014-12-15,9535,2014-10-01,1948,19626,NA,3,2,6,1922,0,1,1,NA,2,400,RT 10,SANTA ANITA AV,900,W,N,A,-,Y,NA,NA,10,NA,NA,NA,NA,NA,NA,N,4,0,1,2,A,-,03,22350,NA,M,C,C,A,A,H,-,A,D,0,NA,NA,NA,NA,Y,NA,A,07,0,0,1,0,0,0,0,0,0,-,-,34.06979,-118.04617,LOS ANGELES,EL MONTE,-118.04612417,34.06989629
6672224,2014,2014-12-15,9535,2014-10-06,1450,20769,NA,1,2,9,1900,0,2,4,NA,2,022,OLYMPIC BL,MCDONNELL AV,0,NA,Y,A,-,N,NA,NA,NA,NA,NA,NA,NA,NA,NA,N,4,0,1,2,A,-,03,22350,NA,N,C,C,A,A,H,-,A,D,0,NA,NA,NA,NA,Y,NA,A,01,0,0,1,0,0,0,0,0,0,-,-,34.01871,-118.16919,LOS ANGELES,UNINCORPORATED,-118.16926006,34.0185501
6672232,2014,2014-12-15,9535,2014-10-01,0936,20828,NA,3,1,3,1914,0,1,1,NA,2,500,RT 5,GARFIELD AV,150,S,N,A,-,Y,NA,NA,5,NA,NA,NA,NA,NA,NA,N,3,0,1,4,A,-,03,22350,NA,N,C,C,A,A,H,-,A,D,0,NA,NA,NA,NA,Y,NA,D,22,0,1,0,0,0,0,0,0,0,-,-,33.98417,-118.13317,LOS ANGELES,COMMERCE,-118.13323315,33.98410695
6672234,2014,2014-12-15,9535,2014-10-08,1255,15336,NA,3,1,3,1914,0,1,1,NA,2,500,RT 5,GARFIELD AV,1215,S,N,A,-,Y,NA,NA,5,NA,NA,NA,NA,NA,NA,Y,4,0,1,2,A,-,03,22350,NA,N,C,C,A,A,H,-,A,D,0,NA,NA,NA,NA,Y,NA,D,22,0,0,1,0,0,0,0,0,0,-,-,33.9853,-118.1342,LOS ANGELES,COMMERCE,-118.13427623,33.98519764
6672235,2014,2016-06-29,9535,2014-10-10,1610,13989,NA,5,2,9,1900,0,1,1,NA,2,650,RT 605,GOLF COURSE,500,S,N,A,-,Y,LA,7,605,-,R,18.58,H,-,N,Y,3,0,1,2,A,-,03,22350,NA,N,C,C,A,A,H,-,A,D,1,NA,NA,NA,NA,Y,NA,A,01,0,1,0,0,0,0,0,0,0,-,-,34.03983,-118.01738,LOS ANGELES,UNINCORPORATED,-118.01089228,34.04312274
6672240,2014,2016-06-07,9535,2014-09-10,0935,17598,NA,3,1,5,1901,0,1,1,NA,2,111,RT 10,FREMONT AV,100,W,N,A,-,Y,LA,7,10,-,-,22.24,H,-,W,Y,4,0,2,5,A,-,03,22350,NA,N,C,C,A,A,H,-,A,D,1,NA,NA,NA,NA,Y,NA,A,01,0,0,2,0,0,0,0,0,0,-,-,34.06517,-118.15751,LOS ANGELES,ALHAMBRA,-118.15223817,34.0680258
6672247,2014,2014-11-07,9535,2014-09-14,2315,20855,NA,7,3,9,1900,0,3,5,NA,2,006,PARKWAY DR,THIENES AV,300,N,N,A,-,N,NA,NA,NA,NA,NA,NA,NA,NA,NA,N,3,0,1,3,A,-,03,22350,NA,N,D,E,A,A,H,-,C,A,0,NA,NA,NA,NA,Y,NA,A,01,0,1,0,0,0,0,0,0,0,-,-,34.03939,-118.02848,LOS ANGELES,UNINCORPORATED,-118.02765805,34.03982359
6672254,2014,2016-05-31,9535,2014-09-19,1415,020769,NA,5,2,9,1900,0,1,1,NA,2,070,RT 710,HUMPHREYS AV,200,S,N,A,-,Y,LA,7,710,-,-,24.18,H,-,N,N,4,0,1,2,A,-,03,22350,NA,N,C,C,A,A,H,-,A,D,1,NA,NA,NA,NA,Y,NA,D,22,0,0,1,0,0,0,0,0,0,-,-,34.02658,-118.17213,LOS ANGELES,UNINCORPORATED,-118.17157526,34.02942351
6672257,2014,2016-06-07,9535,2014-09-16,1530,20813,NA,2,2,9,1900,0,1,1,NA,2,421,RT 10,HERBERT AV,35,W,N,A,-,Y,LA,7,10,-,-,20.21,H,-,W,Y,4,0,2,2,A,-,03,22350,NA,N,C,C,A,A,H,-,A,D,1,NA,NA,NA,NA,Y,NA,D,22,0,0,2,0,0,0,0,0,0,-,-,34.0561,-118.18355,LOS ANGELES,UNINCORPORATED,-118.18340658,34.05622721
6672260,2014,2016-05-16,9535,2014-09-11,1600,14473,NA,4,2,5,1906,0,1,1,NA,2,651,RT 605,VALLEY BL,150,N,N,A,-,Y,LA,7,605,-,R,19.44,H,-,S,Y,4,0,1,2,A,-,03,22350,NA,N,C,C,A,A,H,-,A,D,1,NA,NA,NA,NA,Y,NA,A,01,0,0,1,0,0,0,0,0,0,-,-,34.05534,-118.00386,LOS ANGELES,BALDWIN PARK,-118.0041474,34.05479393
6672287,2014,2016-06-07,9535,2014-09-17,0621,20852,NA,3,1,5,1959,0,1,1,NA,2,401,RT 10,DEL MAR AV,100,E,N,A,-,Y,LA,7,10,-,-,25.36,H,-,W,N,4,0,1,3,A,-,03,22350,NA,M,C,C,A,A,H,-,A,D,0,NA,NA,NA,NA,Y,NA,A,01,0,0,1,0,0,0,0,0,0,-,-,34.07229,-118.10059,LOS ANGELES,ROSEMEAD,-118.09912514,34.07211942
6672288,2014,2016-05-16,9535,2014-09-25,1205,13259,NA,4,1,3,1968,0,1,1,NA,2,651,RT 605,RT 60,210,N,N,A,-,Y,LA,7,605,-,R,17.45,H,-,S,N,4,0,1,2,A,-,04,21703,NA,N,C,C,A,A,H,-,A,D,1,NA,NA,NA,NA,Y,NA,A,01,0,0,1,0,0,0,0,0,0,-,-,34.03651,-118.02436,LOS ANGELES,SOUTH EL MONTE,-118.02668931,34.03445245
6672289,2014,2014-10-28,9535,2014-09-27,1700,20769,NA,6,2,9,1900,0,2,4,NA,2,014,CESAR E CHAVEZ AV,MEDNIK AV,795,E,N,A,-,N,NA,NA,NA,NA,NA,NA,NA,NA,NA,N,3,0,1,2,A,-,08,22107,NA,N,D,G,A,A,H,-,A,D,0,NA,Y,NA,NA,Y,NA,L,04,0,1,0,0,0,0,1,0,0,-,-,34.04062,-118.15909,LOS ANGELES,UNINCORPORATED,-118.1592613,34.04061631