CASE_ID,ACCIDENT_YEAR,PROC_DATE,JURIS,COLLISION_DATE,COLLISION_TIME,OFFICER_ID,REPORTING_DISTRICT,DAY_OF_WEEK,CHP_SHIFT,POPULATION,CNTY_CITY_LOC,SPECIAL_COND,BEAT_TYPE,CHP_BEAT_TYPE,CITY_DIVISION_LAPD,CHP_BEAT_CLASS,BEAT_NUMBER,PRIMARY_RD,SECONDARY_RD,DISTANCE,DIRECTION,INTERSECTION,WEATHER_1,WEATHER_2,STATE_HWY_IND,CALTRANS_COUNTY,CALTRANS_DISTRICT,STATE_ROUTE,ROUTE_SUFFIX,POSTMILE_PREFIX,POSTMILE,LOCATION_TYPE,RAMP_INTERSECTION,SIDE_OF_HWY,TOW_AWAY,COLLISION_SEVERITY,NUMBER_KILLED,NUMBER_INJURED,PARTY_COUNT,PRIMARY_COLL_FACTOR,PCF_CODE_OF_VIOL,PCF_VIOL_CATEGORY,PCF_VIOLATION,PCF_VIOL_SUBSECTION,HIT_AND_RUN,TYPE_OF_COLLISION,MVIW,PED_ACTION,ROAD_SURFACE,ROAD_COND_1,ROAD_COND_2,LIGHTING,CONTROL_DEVICE,CHP_ROAD_TYPE,PEDESTRIAN_ACCIDENT,BICYCLE_ACCIDENT,MOTORCYCLE_ACCIDENT,TRUCK_ACCIDENT,NOT_PRIVATE_PROPERTY,ALCOHOL_INVOLVED,STWD_VEHTYPE_AT_FAULT,CHP_VEHTYPE_AT_FAULT,COUNT_SEVERE_INJ,COUNT_VISIBLE_INJ,COUNT_COMPLAINT_PAIN,COUNT_PED_KILLED,COUNT_PED_INJURED,COUNT_BICYCLIST_KILLED,COUNT_BICYCLIST_INJURED,COUNT_MC_KILLED,COUNT_MC_INJURED,PRIMARY_RAMP,SECONDARY_RAMP,LATITUDE,LONGITUDE,COUNTY,CITY,POINT_X,POINT_Y
6672515,2014,2016-02-05,9550,2014-03-30,0214,19808,NA,7,3,5,1919,0,1,1,NA,2,652,RT 605,ALONDRA BL,100,S,N,A,-,Y,LA,7,605,-,R,5.79,H,-,N,Y,2,0,2,2,A,-,01,23152,A,N,D,C,A,A,H,-,D,D,1,NA,NA,NA,NA,Y,Y,A,01,1,1,0,0,0,0,0,0,0,-,-,33.88697,-118.10423,LOS ANGELES,CERRITOS,-118.10424459,33.88699905
6672517,2014,2014-10-30,9550,2014-03-27,0758,19947,NA,4,1,9,1900,0,3,5,NA,2,003,GALE AV,KWIS AV,32,W,N,A,-,N,NA,NA,NA,NA,NA,NA,NA,NA,NA,Y,4,0,2,3,A,-,07,21658,A,N,B,C,A,A,H,-,A,D,0,NA,NA,NA,Y,Y,NA,G,27,0,0,2,0,0,0,0,0,0,-,-,34.01303,-117.97021,LOS ANGELES,UNINCORPORATED,-117.96973875,34.01291057
6672519,2014,2014-11-03,9550,2014-03-30,0404,20165,NA,7,3,9,1900,0,3,5,NA,2,001,MINES BL,LYNALAN AV,45,W,N,B,-,N,NA,NA,NA,NA,NA,NA,NA,NA,NA,Y,2,0,1,3,A,-,08,22107,NA,N,C,E,A,A,H,-,C,D,0,NA,NA,NA,NA,Y,NA,A,01,1,0,0,0,0,0,0,0,0,-,-,33.97437,-118.06008,LOS ANGELES,UNINCORPORATED,-118.06011092,33.9743003
6672523,2014,2016-03-09,9550,2014-03-28,1753,19527,NA,5,2,6,1920,0,1,1,NA,2,500,RT 5,RT 605,200,N,N,A,-,Y,LA,7,5,-,-,6.89,H,-,S,N,4,0,1,2,A,-,03,22350,NA,N,C,C,A,A,H,-,A,D,1,NA,NA,NA,NA,Y,NA,D,22,0,0,1,0,0,0,0,0,0,-,-,33.94158,-118.09713,LOS ANGELES,DOWNEY,-118.0970527,33.94169209
6672527,2014,2016-03-09,9550,2014-03-29,1240,20688,NA,6,1,4,1936,0,1,1,NA,2,501,RT 5,VALLEY VIEW AV,1500,S,N,A,-,Y,LA,7,5,-,-,0.93,H,-,N,N,3,0,2,1,A,-,03,22350,NA,N,F,A,A,A,H,-,A,D,1,NA,NA,Y,NA,Y,NA,C,02,0,2,0,0,0,0,0,0,2,-,-,33.88418,-118.02666,LOS ANGELES,LA MIRADA,-118.02484789,33.88197081
6672529,2014,2016-02-04,9550,2014-03-31,1005,18412,NA,1,1,3,1964,0,1,1,NA,2,650,RT 605,RT 5,400,N,N,A,-,Y,LA,7,605,-,R,9.69,H,-,N,Y,3,0,1,2,A,-,03,22350,NA,N,C,C,A,A,H,-,A,D,1,NA,NA,NA,Y,Y,NA,A,07,0,1,0,0,0,0,0,0,0,-,-,33.94211,-118.09598,LOS ANGELES,SANTA FE SPRINGS,-118.09600415,33.94213685
6672531,2014,2014-11-04,9550,2014-03-25,1410,13935,NA,2,2,9,1900,0,3,5,NA,2,002,VALLEY VIEW AV,SYRACUSE ST,0,NA,Y,B,-,N,NA,NA,NA,NA,NA,NA,NA,NA,NA,Y,4,0,1,2,A,-,09,21802,A,N,D,C,A,A,H,-,A,A,0,NA,NA,Y,NA,Y,NA,A,01,0,0,1,0,0,0,0,0,1,-,-,33.92668,-118.02894,LOS ANGELES,UNINCORPORATED,-118.0291001,33.92686011
6672572,2014,2014-11-13,1942,2014-10-07,1135,34426,0219,2,5,7,1942,0,0,0,B,0,2TL15,BEAUDRY AV,TEMPLE ST,160,N,N,A,-,N,NA,NA,NA,NA,NA,NA,NA,NA,NA,N,3,0,1,2,D,-,00,NA,NA,N,B,C,A,A,H,-,A,D,0,NA,NA,NA,Y,Y,NA,-,-,0,1,0,0,0,0,0,0,0,-,-,NA,NA,LOS ANGELES,LOS ANGELES,-118.25100082,34.06352107
6672577,2014,2014-11-13,1928,2014-10-06,2137,388,1928,1,5,5,1928,0,0,0,NA,0,NA,IMPERIAL HWY,MENLO AV,0,NA,Y,A,-,N,NA,NA,NA,NA,NA,NA,NA,NA,NA,Y,4,0,1,2,A,-,09,21806,A,N,A,I,A,A,H,-,C,A,0,NA,NA,NA,NA,Y,Y,-,NA,0,0,1,0,0,0,0,0,0,-,-,NA,NA,LOS ANGELES,HAWTHORNE,-118.34717012,33.93096006
6672641,2014,2016-02-04,9550,2014-01-15,1320,18412,NA,3,1,9,1900,0,1,1,NA,2,650,RT 605,BEVERLY BL,50,S,N,A,-,Y,LA,7,605,-,R,14.4,H,-,S,Y,3,0,1,1,A,-,08,22107,NA,N,E,I,A,A,H,-,A,D,1,NA,NA,Y,NA,Y,Y,C,02,0,1,0,0,0,0,0,0,1,-,-,34.00442,-118.63084,LOS ANGELES,UNINCORPORATED,-118.06398047,34.00438925
6672642,2014,2016-02-04,9550,2014-01-14,1140,14385,NA,2,1,3,1964,0,1,1,NA,2,650,RT 605,TELEGRAPH RD,528,S,N,A,-,Y,LA,7,605,-,R,10.15,H,-,N,Y,3,0,3,3,A,-,03,22350,NA,N,C,C,A,A,H,-,A,D,1,NA,NA,NA,NA,Y,NA,A,01,0,1,2,0,0,0,0,0,0,-,-,33.9487,-118.09236,LOS ANGELES,SANTA FE SPRINGS,-118.09269778,33.94818744
6672643,2014,2015-12-28,9550,2014-01-17,0950,19939,NA,5,1,1,1932,0,1,3,NA,2,602,RT 60,NOGALES ST,775,E,N,A,-,Y,LA,7,60,-,-,20.58,H,-,W,Y,4,0,1,2,A,-,03,22350,NA,N,C,C,A,A,H,-,A,D,1,NA,NA,NA,NA,Y,NA,A,01,0,0,1,0,0,0,0,0,0,-,-,33.99735,-117.8858,LOS ANGELES,INDUSTRY,-117.88600923,33.99424795
6672644,2014,2015-11-10,9550,2014-01-13,1050,014312,NA,1,1,5,1919,0,1,3,NA,2,091,RT 91,GRIDLEY RD,500,E,N,A,-,Y,LA,7,91,-,R,17.66,H,-,W,Y,3,0,1,2,A,-,03,22350,NA,N,B,C,A,A,H,-,A,D,1,NA,NA,NA,NA,Y,NA,A,01,0,1,0,0,0,0,0,0,0,-,-,33.87663,-118.0907,LOS ANGELES,CERRITOS,-118.08999107,33.87642488
6672645,2014,2016-02-04,9550,2014-01-15,0805,18412,NA,3,1,9,1900,0,1,1,NA,2,650,RT 605,SARAGOSA ST,500,N,N,A,-,Y,LA,7,605,-,R,12.52,H,-,N,Y,4,0,1,1,A,-,08,22107,NA,N,E,I,A,A,H,-,A,D,1,NA,NA,NA,NA,Y,NA,A,01,0,0,1,0,0,0,0,0,0,-,-,33.98117,-118.07521,LOS ANGELES,UNINCORPORATED,-118.07664948,33.97976002
6672646,2014,2014-10-29,9550,2014-01-19,1540,020073,NA,7,2,9,1900,0,2,4,NA,1,031,HACIENDA BL,HALLIBURTON RD,10,S,N,A,-,N,NA,NA,NA,NA,NA,NA,NA,NA,NA,Y,4,0,1,1,A,-,08,22107,NA,N,E,I,A,A,H,-,A,A,0,NA,NA,NA,NA,Y,NA,A,07,0,0,1,0,0,0,0,0,0,-,-,33.99735,-117.96781,LOS ANGELES,UNINCORPORATED,-117.96779854,33.99736352
6672647,2014,2016-02-04,9550,2014-01-17,0550,20360,NA,5,3,3,1964,0,1,1,NA,2,650,RT 605,TELEGRAPH RD,1200,S,N,A,-,Y,LA,7,605,-,R,10.02,H,-,N,Y,4,0,2,4,A,-,03,22350,NA,N,C,C,A,A,H,-,A,D,1,NA,NA,NA,NA,Y,NA,A,01,0,0,2,0,0,0,0,0,0,-,-,33.9466,-118.09359,LOS ANGELES,SANTA FE SPRINGS,-118.09369817,33.94651114
6672648,2014,2016-02-04,9550,2014-01-13,0925,019954,NA,1,1,6,1920,0,1,1,NA,2,651,RT 605,FLORENCE AV,500,S,N,A,-,Y,LA,7,605,-,R,9.132,H,-,N,Y,3,0,1,2,A,-,03,22350,NA,N,C,C,A,A,H,-,A,D,1,NA,NA,Y,NA,Y,NA,C,02,0,1,0,0,0,0,0,0,1,TR,-,33.93432,-118.09985,LOS ANGELES,DOWNEY,-118.09985465,33.93476311
6672649,2014,2016-03-09,9550,2014-01-05,1750,020551,NA,7,2,3,1964,0,1,1,NA,2,501,RT 5,CARMENITA RD,200,S,N,A,-,Y,LA,7,5,-,-,2.37,H,-,N,Y,4,0,1,3,A,-,03,22350,NA,N,C,C,A,A,H,-,C,D,1,NA,NA,NA,NA,Y,NA,A,01,0,0,1,0,0,0,0,0,0,-,-,33.89265,-118.04421,LOS ANGELES,SANTA FE SPRINGS,-118.04599267,33.89340644
6672650,2014,2016-03-09,9550,2014-01-16,1400,020365,NA,4,2,6,1949,0,1,1,NA,2,500,RT 5,PIONEER BL,400,S,N,A,-,Y,LA,7,5,-,-,5.04,H,-,N,Y,3,0,1,1,A,-,01,23152,A,N,E,I,A,A,H,-,A,D,1,NA,NA,NA,NA,Y,Y,A,07,0,1,0,0,0,0,0,0,0,-,-,33.91924,-118.0812,LOS ANGELES,NORWALK,-118.08079715,33.91857585
6672651,2014,2016-03-09,9550,2014-01-17,0945,20365,NA,5,1,6,1920,0,1,1,NA,2,500,RT 5,PARAMOUNT BL,250,S,N,A,-,Y,LA,7,5,-,-,8.9,H,-,N,Y,4,0,2,2,A,-,03,22350,NA,N,C,C,A,A,H,-,A,D,1,NA,NA,NA,NA,Y,NA,A,01,0,0,2,0,0,0,0,0,0,-,-,33.96386,-118.1195,LOS ANGELES,DOWNEY,-118.11941934,33.96362953
6672652,2014,2014-10-29,9550,2014-01-15,1435,019421,NA,3,2,9,1900,0,3,5,NA,2,005,BOLANOS AV,ANDRADA DR,250,S,N,A,-,N,NA,NA,NA,NA,NA,NA,NA,NA,NA,N,2,0,1,2,A,-,09,21804,A,N,G,B,E,A,H,-,A,D,0,Y,NA,NA,NA,Y,NA,A,01,1,0,0,0,1,0,0,0,0,-,-,33.98658,-117.89154,LOS ANGELES,UNINCORPORATED,-117.89152469,33.98643619
6672653,2014,2015-11-10,9550,2014-01-21,0810,020700,NA,2,1,5,1919,0,1,3,NA,2,092,RT 91,GRIDLEY RD,300,W,N,A,-,Y,LA,7,91,-,R,17.63,H,-,W,Y,3,0,3,4,A,-,03,22350,NA,N,C,C,A,A,H,-,A,D,1,NA,NA,NA,NA,Y,NA,A,01,0,1,2,0,0,0,0,0,0,-,-,33.87643,-118.08961,LOS ANGELES,CERRITOS,-118.09050965,33.87642275
6672654,2014,2014-10-29,9550,2014-01-18,1120,20147,NA,6,1,9,1900,0,2,4,NA,1,041,COLIMA RD,STONER CREEK RD,5,W,N,A,-,N,NA,NA,NA,NA,NA,NA,NA,NA,NA,Y,4,0,1,2,A,-,03,22350,NA,N,C,C,A,A,H,-,A,A,0,NA,NA,NA,NA,Y,NA,A,01,0,0,1,0,0,0,0,0,0,-,-,33.59236,-117.54481,LOS ANGELES,UNINCORPORATED,-117.91347606,33.98985298
6672655,2014,2016-05-20,9550,2014-01-17,0516,14862,NA,5,3,5,1919,0,1,3,NA,2,092,RT 91,BLOOMFIELD AV,0,W,N,A,-,Y,LA,7,91,-,R,19.08,H,-,W,Y,4,0,1,4,A,-,07,21658,A,F,B,C,A,A,H,-,C,D,1,NA,NA,NA,NA,Y,NA,A,01,0,0,1,0,0,0,0,0,0,-,-,33.87621,-118.06472,LOS ANGELES,CERRITOS,-118.0654566,33.87596077
6672656,2014,2015-08-12,9550,2014-01-13,0825,15746,NA,1,1,9,1900,0,2,4,NA,1,051,FULLERTON RD,GALE AV,20,S,N,A,-,N,NA,NA,NA,NA,NA,NA,NA,NA,NA,N,4,0,1,2,A,-,03,22350,NA,N,C,C,A,A,H,-,A,A,0,NA,NA,NA,NA,Y,NA,A,01,0,0,1,0,0,0,0,0,0,-,-,33.99608,-117.90484,LOS ANGELES,UNINCORPORATED,-117.90502565,33.99612537
6672657,2014,2016-02-04,9550,2014-01-21,0624,18531,NA,2,1,6,1920,0,1,1,NA,2,150,RT 105,WOODRUFF AV,300,E,N,A,-,Y,LA,7,105,-,R,17.2,H,-,W,Y,3,0,1,1,A,-,03,22350,NA,N,E,J,A,A,H,-,C,D,1,NA,NA,Y,NA,Y,NA,C,02,0,1,0,0,0,0,0,0,1,-,-,33.91394,-118.1157,LOS ANGELES,DOWNEY,-118.11567354,33.91398798
6672658,2014,2016-02-04,9550,2014-01-18,1055,20597,NA,6,1,6,1920,0,1,1,NA,2,150,RT 105,WOODRUFF AV,500,E,N,A,-,Y,LA,7,105,-,R,17.31,H,-,E,Y,4,0,2,3,A,-,07,21658,A,N,B,C,A,A,H,-,A,D,1,NA,NA,NA,NA,Y,NA,A,01,0,0,2,0,0,0,0,0,0,-,-,33.91373,-118.11378,LOS ANGELES,DOWNEY,-118.11377343,33.91372791
6672659,2014,2016-03-09,9550,2014-01-19,0138,19518,NA,7,3,3,1964,0,1,1,NA,2,500,RT 5,RT 605,50,S,N,A,-,Y,LA,7,5,-,-,6.85,H,-,S,Y,3,0,1,3,A,-,01,23152,A,N,C,C,A,A,H,-,D,D,1,NA,NA,NA,NA,Y,Y,A,01,0,1,0,0,0,0,0,0,0,-,-,33.94067,-118.09642,LOS ANGELES,SANTA FE SPRINGS,-118.09669946,33.94116274
6672660,2014,2014-10-29,9550,2014-01-13,0805,20392,NA,1,1,9,1900,0,2,4,NA,1,031,HACIENDA BL,NEWTON ST,0,NA,Y,A,-,N,NA,NA,NA,NA,NA,NA,NA,NA,NA,N,4,0,1,2,A,-,10,21950,A,N,G,B,B,A,H,-,A,A,0,Y,NA,NA,NA,Y,NA,A,01,0,0,1,0,1,0,0,0,0,-,-,33.99598,-117.96826,LOS ANGELES,UNINCORPORATED,-117.96822013,33.99605007
6672661,2014,2014-10-29,9550,2014-01-13,1605,019117,NA,1,2,9,1900,0,3,5,NA,2,006,COLIMA RD,LAKE CANYON DR,0,NA,Y,A,-,N,NA,NA,NA,NA,NA,NA,NA,NA,NA,N,4,0,1,2,A,-,12,21453,A,N,D,C,A,A,H,-,A,D,0,NA,NA,NA,NA,Y,NA,A,01,0,0,1,0,0,0,0,0,0,-,-,33.98951,-117.86429,LOS ANGELES,UNINCORPORATED,-117.86427013,33.98955012
6672662,2014,2016-02-04,9550,2014-01-17,1719,017998,NA,5,2,6,1920,0,1,1,NA,2,650,RT 605,TELEGRAPH RD,528,S,N,A,-,Y,LA,7,605,-,R,10.15,H,-,S,Y,4,0,2,2,A,-,03,22350,NA,N,H,C,A,A,H,-,B,-,1,NA,NA,NA,NA,Y,NA,A,01,0,0,2,0,0,0,0,0,0,-,-,33.94813,-118.0933,LOS ANGELES,DOWNEY,-118.09290788,33.94831587
6672663,2014,2015-12-28,9550,2014-01-16,1945,017511,NA,4,2,1,1932,0,1,3,NA,2,600,RT 60,CROSSROADS PARKWAY,2700,E,N,A,-,Y,LA,7,60,-,-,13.14,H,-,W,Y,3,0,3,2,A,-,08,22107,NA,N,D,C,A,A,H,-,D,D,1,NA,NA,NA,NA,Y,NA,A,01,0,1,2,0,0,0,0,0,0,-,-,34.02903,-118.00373,LOS ANGELES,INDUSTRY,-118.0040495,34.02905986
6672664,2014,2015-12-28,9550,2014-01-13,0820,16109,NA,1,1,9,1900,0,1,3,NA,2,600,RT 60,7TH AV,1200,W,N,A,-,Y,LA,7,60,-,-,14.53,H,-,E,Y,4,0,1,3,A,-,07,21658,A,F,B,C,A,A,H,-,A,D,1,NA,NA,NA,NA,Y,NA,-,99,0,0,1,0,0,0,0,0,0,-,-,34.02483,-117.99359,LOS ANGELES,UNINCORPORATED,-117.9854044,34.01649852
6672665,2014,2015-11-16,9550,2014-01-13,1915,020419,NA,1,2,9,1900,0,1,3,NA,2,600,RT 60,WORKMAN MILL RD,100,W,N,A,-,Y,LA,7,60,-,-,11.96,H,-,E,Y,4,0,1,3,A,-,03,22350,NA,N,C,C,A,A,H,-,C,D,1,NA,NA,NA,NA,Y,NA,A,01,0,0,1,0,0,0,0,0,0,-,-,34.03298,-118.02454,LOS ANGELES,UNINCORPORATED,-118.02362851,34.03220623
6672666,2014,2016-02-20,9550,2014-01-17,1750,18664,NA,5,2,9,1900,0,1,1,NA,2,650,RT 605,RT 60,1000,S,N,A,-,Y,LA,7,605,-,R,17.09,H,-,N,Y,4,0,2,4,A,-,03,22350,NA,N,C,C,A,A,H,-,D,D,1,NA,NA,NA,NA,Y,NA,A,07,0,0,2,0,0,0,0,0,0,-,-,34.03088,-118.03078,LOS ANGELES,UNINCORPORATED,-118.031223,34.03072682
6672668,2014,2016-02-04,9550,2014-01-15,1345,16237,NA,3,1,3,1964,0,1,1,NA,2,650,RT 605,TELEGRAPH RD,200,N,N,A,-,Y,LA,7,605,-,R,10.35,H,-,S,N,4,0,1,2,A,-,03,22350,NA,N,C,C,A,A,H,-,A,D,1,NA,NA,NA,NA,Y,NA,A,01,0,0,1,0,0,0,0,0,0,-,-,33.95117,-118.09136,LOS ANGELES,SANTA FE SPRINGS,-118.09139441,33.95089064
6672669,2014,2016-02-05,9550,2014-01-14,0322,20321,NA,2,3,5,1919,0,1,1,NA,2,652,RT 605,SOUTH ST,300,N,N,A,-,Y,LA,7,605,-,R,3.81,H,-,N,Y,4,0,2,2,A,-,01,23152,A,N,C,C,A,A,H,-,C,D,1,NA,NA,NA,NA,Y,Y,A,01,0,0,2,0,0,0,0,0,0,-,-,33.86441,-118.09761,LOS ANGELES,CERRITOS,-118.09621261,33.85920292
6672670,2014,2014-10-29,9550,2014-01-17,1210,19293,NA,5,1,9,1900,0,2,4,NA,1,013,NORWALK BL,SARAGOSA ST,200,S,N,A,-,N,NA,NA,NA,NA,NA,NA,NA,NA,NA,Y,3,0,1,2,A,-,01,23152,A,N,C,C,A,A,H,-,A,D,0,NA,NA,NA,NA,Y,Y,A,01,0,1,0,0,0,0,0,0,0,-,-,33.97744,-118.07592,LOS ANGELES,UNINCORPORATED,-118.0758591,33.97717432
6672671,2014,2014-10-29,9550,2014-01-31,1705,017998,NA,5,2,9,1900,0,3,5,NA,2,002,TARRYTON AV,LANNING DR,120,S,N,B,-,N,NA,NA,NA,NA,NA,NA,NA,NA,NA,N,3,0,1,2,A,-,11,21954,A,N,H,G,A,A,H,-,A,D,0,NA,Y,NA,NA,Y,NA,L,04,0,1,0,0,0,0,1,0,0,-,-,33.9525,-118.03528,LOS ANGELES,UNINCORPORATED,-118.03527277,33.95250724
6672672,2014,2016-03-09,9550,2014-01-25,1510,15040,NA,6,2,3,1964,0,1,1,NA,2,501,RT 5,SHOEMAKER,1056,S,N,A,-,Y,LA,7,5,-,-,2.84,H,-,S,Y,4,0,1,2,A,-,03,22350,NA,N,C,C,A,A,H,-,A,D,1,NA,NA,NA,NA,Y,NA,A,01,0,0,1,0,0,0,0,0,0,-,-,33.89687,-118.05243,LOS ANGELES,SANTA FE SPRINGS,-118.05284119,33.89695252
6672673,2014,2016-02-04,9550,2014-01-14,1115,19346,NA,2,1,3,1964,0,1,1,NA,2,650,RT 605,TELEGRAPH RD,75,N,N,A,-,Y,LA,7,605,-,R,10.29,H,-,N,Y,4,0,1,2,A,-,03,22350,NA,F,C,C,A,A,H,-,A,D,1,NA,NA,NA,NA,Y,NA,A,01,0,0,1,0,0,0,0,0,0,-,-,33.95256,-118.09019,LOS ANGELES,SANTA FE SPRINGS,-118.09164869,33.9500091
6672674,2014,2016-02-04,9550,2014-01-17,1343,17511,NA,5,1,5,1976,0,1,1,NA,2,650,RT 605,WHITTIER BL,500,N,N,A,-,Y,LA,7,605,-,R,13.66,H,-,N,Y,4,0,4,2,A,-,03,22350,NA,N,C,C,A,A,H,-,A,D,1,NA,NA,NA,NA,Y,NA,A,07,0,0,4,0,0,0,0,0,0,-,-,33.99459,-118.6872,LOS ANGELES,WHITTIER,-118.06883268,33.99468985
6672675,2014,2016-03-09,9550,2014-01-15,1230,9995,NA,3,1,6,1920,0,1,1,NA,2,500,RT 5,SAN GABRIEL RIVER,450,N,N,A,-,Y,LA,7,5,-,-,7.28,H,-,S,Y,4,0,1,2,A,-,03,22350,NA,N,C,C,A,A,H,-,A,D,1,NA,NA,NA,NA,Y,NA,A,07,0,0,1,0,0,0,0,0,0,-,-,33.94612,-118.10009,LOS ANGELES,DOWNEY,-118.10036214,33.94666266
6672676,2014,2016-02-04,9550,2014-01-29,1530,20700,NA,3,2,9,1900,0,1,1,NA,2,650,RT 605,SLAUSON AV,500,S,N,A,-,Y,LA,7,605,-,R,11.45,H,-,N,Y,4,0,1,3,A,-,03,22350,NA,N,C,C,A,A,H,-,A,D,1,NA,NA,NA,NA,Y,NA,A,01,0,0,1,0,0,0,0,0,0,-,-,33.96495,-118.08426,LOS ANGELES,UNINCORPORATED,-118.08387867,33.96565734
6672677,2014,2016-02-04,9550,2014-01-14,1220,18531,NA,2,1,7,1941,0,1,1,NA,2,653,RT 605,SPRING ST,100,N,N,A,-,Y,LA,7,605,-,R,0.31,H,-,S,N,4,0,1,2,A,-,03,22350,NA,N,C,C,A,A,H,-,A,D,1,NA,NA,NA,NA,Y,NA,A,01,0,0,1,0,0,0,0,0,0,-,-,33.80994,-118.0817,LOS ANGELES,LONG BEACH,-118.08160308,33.81079155
6672678,2014,2016-02-12,9550,2014-01-17,1605,14868,NA,5,2,5,1919,0,1,3,NA,2,092,RT 91,ARTESIA BL,550,W,N,A,-,Y,LA,7,91,-,R,19.34,H,-,E,Y,4,0,2,2,A,-,03,22350,NA,N,C,C,A,A,H,-,A,D,1,NA,NA,NA,NA,Y,NA,A,07,0,0,2,0,0,0,0,0,0,-,-,33.87398,-118.06028,LOS ANGELES,CERRITOS,-118.06151447,33.87404236
6672679,2014,2015-11-16,9550,2014-01-31,1725,17511,NA,5,2,9,1900,0,1,3,NA,2,601,RT 60,STONER CREEK RD,3000,W,N,B,-,Y,LA,7,60,-,-,18.53,H,-,W,N,4,0,2,3,A,-,03,22350,NA,N,C,C,A,A,H,-,B,D,1,NA,NA,NA,NA,Y,NA,A,01,0,0,2,0,0,0,0,0,0,-,-,33.99518,-117.91593,LOS ANGELES,UNINCORPORATED,-117.92154433,33.99584235
6672680,2014,2016-02-04,9550,2014-01-31,1310,20365,NA,5,1,3,1964,0,1,1,NA,2,650,RT 605,TELEGRAPH RD,100,N,N,A,-,Y,LA,7,605,-,R,10.3,H,-,N,Y,4,0,1,2,A,-,03,22350,NA,N,C,C,A,A,H,-,A,D,1,NA,NA,NA,NA,Y,NA,-,99,0,0,1,0,0,0,0,0,0,-,-,33.9497,-118.0918,LOS ANGELES,SANTA FE SPRINGS,-118.09157131,33.95013888
6672681,2014,2014-10-29,9550,2014-04-24,2305,18854,NA,4,3,9,1900,0,3,5,NA,2,003,HACIENDA BL,RICHVIEW DR,72,N,N,A,-,N,NA,NA,NA,NA,NA,NA,NA,NA,NA,Y,3,0,1,2,A,-,01,23152,A,F,C,C,A,A,H,-,C,D,0,NA,NA,NA,NA,Y,Y,A,01,0,1,0,0,0,0,0,0,0,-,-,33.97869,-117.9114,LOS ANGELES,UNINCORPORATED,-117.97086078,33.97836761
6672682,2014,2016-02-04,9550,2014-01-28,0550,18531,NA,2,3,6,1920,0,1,1,NA,2,651,RT 605,FLORENCE AV,1050,S,N,E,-,Y,LA,7,605,-,R,9.008,R,1,N,Y,4,0,1,2,A,-,03,22350,NA,N,C,C,A,A,H,-,C,D,1,NA,NA,NA,NA,Y,NA,A,01,0,0,1,0,0,0,0,0,0,-,-,33.93387,-118.09999,LOS ANGELES,DOWNEY,-118.1006524,33.9331364
6672683,2014,2016-02-04,9550,2014-01-29,0100,17398,NA,3,3,6,1949,0,1,1,NA,2,651,RT 105,ROSECRANS AV,300,S,N,E,-,Y,LA,7,605,-,R,6.785,R,2,N,Y,3,0,1,1,A,-,01,23152,A,N,F,I,A,A,H,-,D,D,1,NA,NA,NA,NA,Y,Y,A,01,0,1,0,0,0,0,0,0,0,WO,-,33.90132,-118.1041,LOS ANGELES,NORWALK,-118.10503318,33.90144023
6672684,2014,2016-02-05,9550,2014-01-22,1740,14385,NA,3,2,5,1919,0,1,1,NA,2,652,RT 605,RT 91,528,S,N,A,-,Y,LA,7,605,-,R,4.95,H,-,N,Y,4,0,2,3,A,-,03,22350,NA,N,C,C,A,A,H,-,D,D,1,NA,NA,NA,NA,Y,NA,A,01,0,0,2,0,0,0,0,0,0,-,-,33.87571,-118.10189,LOS ANGELES,CERRITOS,-118.10187879,33.87503662
6672685,2014,2016-02-04,9550,2014-01-28,1235,18531,NA,2,1,9,1900,0,1,1,NA,2,650,RT 605,SLAUSON AV,300,N,N,A,-,Y,LA,7,605,-,R,11.62,H,-,N,Y,4,0,1,2,A,-,03,22350,NA,N,C,C,A,A,H,-,A,D,1,NA,NA,NA,NA,Y,NA,A,01,0,0,1,0,0,0,0,0,0,-,-,33.96643,-118.08347,LOS ANGELES,UNINCORPORATED,-118.08283226,33.96797927
6672686,2014,2014-10-29,9550,2014-01-27,0930,019954,NA,1,1,9,1900,0,2,4,NA,1,052,COLIMA RD,HALLIBURTON RD,0,NA,Y,A,-,N,NA,NA,NA,NA,NA,NA,NA,NA,NA,Y,4,0,2,3,A,-,12,21453,A,N,D,C,A,A,H,-,A,A,0,NA,NA,NA,NA,Y,NA,A,01,0,0,2,0,0,0,0,0,0,-,-,33.99023,-117.94539,LOS ANGELES,UNINCORPORATED,-117.94546013,33.99010006
6672687,2014,2014-10-29,9550,2014-01-28,1730,017998,NA,2,2,9,1900,0,3,5,NA,2,002,CARMENITA RD,IMPERIAL HWY,0,NA,Y,A,-,N,NA,NA,NA,NA,NA,NA,NA,NA,NA,Y,4,0,1,2,A,-,09,21801,A,N,D,C,A,A,H,-,C,A,0,NA,NA,NA,NA,Y,NA,A,01,0,0,1,0,0,0,0,0,0,-,-,33.91733,-118.04668,LOS ANGELES,UNINCORPORATED,-118.04681009,33.91705011