CASE_ID,ACCIDENT_YEAR,PROC_DATE,JURIS,COLLISION_DATE,COLLISION_TIME,OFFICER_ID,REPORTING_DISTRICT,DAY_OF_WEEK,CHP_SHIFT,POPULATION,CNTY_CITY_LOC,SPECIAL_COND,BEAT_TYPE,CHP_BEAT_TYPE,CITY_DIVISION_LAPD,CHP_BEAT_CLASS,BEAT_NUMBER,PRIMARY_RD,SECONDARY_RD,DISTANCE,DIRECTION,INTERSECTION,WEATHER_1,WEATHER_2,STATE_HWY_IND,CALTRANS_COUNTY,CALTRANS_DISTRICT,STATE_ROUTE,ROUTE_SUFFIX,POSTMILE_PREFIX,POSTMILE,LOCATION_TYPE,RAMP_INTERSECTION,SIDE_OF_HWY,TOW_AWAY,COLLISION_SEVERITY,NUMBER_KILLED,NUMBER_INJURED,PARTY_COUNT,PRIMARY_COLL_FACTOR,PCF_CODE_OF_VIOL,PCF_VIOL_CATEGORY,PCF_VIOLATION,PCF_VIOL_SUBSECTION,HIT_AND_RUN,TYPE_OF_COLLISION,MVIW,PED_ACTION,ROAD_SURFACE,ROAD_COND_1,ROAD_COND_2,LIGHTING,CONTROL_DEVICE,CHP_ROAD_TYPE,PEDESTRIAN_ACCIDENT,BICYCLE_ACCIDENT,MOTORCYCLE_ACCIDENT,TRUCK_ACCIDENT,NOT_PRIVATE_PROPERTY,ALCOHOL_INVOLVED,STWD_VEHTYPE_AT_FAULT,CHP_VEHTYPE_AT_FAULT,COUNT_SEVERE_INJ,COUNT_VISIBLE_INJ,COUNT_COMPLAINT_PAIN,COUNT_PED_KILLED,COUNT_PED_INJURED,COUNT_BICYCLIST_KILLED,COUNT_BICYCLIST_INJURED,COUNT_MC_KILLED,COUNT_MC_INJURED,PRIMARY_RAMP,SECONDARY_RAMP,LATITUDE,LONGITUDE,COUNTY,CITY,POINT_X,POINT_Y
6672880,2014,2016-03-09,9550,2014-02-07,0930,20365,NA,5,1,6,1949,0,1,1,NA,2,501,RT 5,ROSECRANS AV,500,N,N,A,-,Y,LA,7,5,-,-,3.57,H,-,N,N,4,0,1,2,A,-,03,22350,NA,N,C,C,A,A,H,-,A,D,1,NA,NA,NA,NA,Y,NA,D,22,0,0,1,0,0,0,0,0,0,-,-,33.90158,-118.06005999999999,LOS ANGELES,NORWALK,-118.06281393,33.9034036
6673083,2014,2016-02-12,9550,2014-01-27,0810,18531,NA,1,1,5,1908,0,1,3,NA,2,091,RT 91,WOODRUFF AV,500,E,N,A,-,Y,LA,7,91,-,R,16.19,H,-,W,Y,3,0,1,3,A,-,07,21658,A,N,B,C,A,A,H,-,A,D,1,NA,NA,Y,NA,Y,NA,A,01,0,1,0,0,0,0,0,0,0,-,-,33.8766,-118.11602,LOS ANGELES,BELLFLOWER,-118.11555068,33.87664701
6673099,2014,2016-02-04,9550,2014-03-07,2125,020151,NA,5,2,9,1900,0,1,1,NA,2,650,RT 605,PECK RD,650,S,N,A,-,Y,LA,7,605,-,R,16.53,H,-,N,Y,3,0,3,1,A,-,01,23152,A,N,E,I,A,A,H,-,C,D,1,NA,NA,NA,NA,Y,Y,A,01,0,3,0,0,0,0,0,0,0,-,-,34.02655,-118.03856,LOS ANGELES,UNINCORPORATED,-118.03932705,34.02620257
6673100,2014,2016-02-04,9550,2014-03-07,2002,020689,NA,5,2,6,1949,0,1,1,NA,2,651,RT 605,ROSECRANS AV,50,S,N,A,-,Y,LA,7,605,-,R,6.8,H,-,N,Y,4,0,1,1,A,-,01,23152,A,N,E,I,A,A,H,-,C,D,1,NA,NA,NA,NA,Y,NA,A,01,0,0,1,0,0,0,0,0,0,-,-,33.90315,-118.10489,LOS ANGELES,NORWALK,-118.10505013,33.90165763
6673101,2014,2014-11-17,9550,2014-03-11,1750,020553,NA,2,2,9,1900,0,2,4,NA,1,031,HACIENDA BL,RICHVIEW DR,0,NA,Y,A,-,N,NA,NA,NA,NA,NA,NA,NA,NA,NA,Y,4,0,2,2,A,-,17,21451,A,N,D,C,A,A,H,-,A,A,0,NA,NA,NA,NA,Y,NA,A,07,0,0,2,0,0,0,0,0,0,-,-,33.97812,-117.97057,LOS ANGELES,UNINCORPORATED,-117.97068001,33.97824
6673102,2014,2016-02-12,9550,2014-03-07,0818,14862,NA,5,1,5,1919,0,1,3,NA,2,092,RT 91,PIONEER BL,550,E,N,A,-,Y,LA,7,91,-,R,18.21,H,-,W,Y,4,0,1,2,A,-,03,22350,NA,F,C,C,A,A,H,-,A,D,1,NA,NA,NA,NA,Y,NA,-,99,0,0,1,0,0,0,0,0,0,-,-,33.8761,-118.0701,LOS ANGELES,CERRITOS,-118.08048028,33.87646448
6673103,2014,2014-11-17,9550,2014-03-10,1105,20597,NA,1,1,9,1900,0,2,4,NA,1,051,NOGALES ST,ADNEY ST,147,N,N,A,-,N,NA,NA,NA,NA,NA,NA,NA,NA,NA,N,4,0,1,2,A,-,07,21658,A,N,B,C,A,A,H,-,A,D,0,NA,NA,NA,NA,Y,NA,A,01,0,0,1,0,0,0,0,0,0,-,-,33.98485,-117.88899,LOS ANGELES,UNINCORPORATED,-117.88935719,33.9848011
6673104,2014,2016-02-04,9550,2014-03-10,0755,20305,NA,1,1,6,1949,0,1,1,NA,2,651,RT 605,ROSECRANS AV,175,N,N,A,-,Y,LA,7,605,-,R,6.87,H,-,N,Y,4,0,2,3,A,-,07,21658,A,N,C,C,A,A,H,-,A,D,1,NA,NA,NA,NA,Y,NA,A,01,0,0,2,0,0,0,0,0,0,-,-,33.90299,-118.10503,LOS ANGELES,NORWALK,-118.10511272,33.9027014
6673105,2014,2014-11-17,9550,2014-03-11,2010,019117,NA,2,2,9,1900,0,2,4,NA,1,022,STAMY RD,LEFFINGWELL RD,0,NA,Y,A,-,N,NA,NA,NA,NA,NA,NA,NA,NA,NA,Y,4,0,1,2,A,-,09,21802,A,N,D,C,A,A,H,-,A,D,0,NA,NA,NA,NA,Y,NA,D,22,0,0,1,0,0,0,0,0,0,-,-,33.92828,-118.00518,LOS ANGELES,UNINCORPORATED,-118.0062901,33.92818002
6673106,2014,2016-02-06,9550,2014-03-09,0420,020689,NA,7,3,5,1919,0,1,1,NA,2,652,RT 605,RT 91,100,N,N,A,-,Y,LA,7,91,-,R,16.759,R,2,W,Y,4,0,1,1,A,-,03,22350,NA,N,F,A,A,A,H,-,A,D,1,NA,NA,Y,NA,Y,NA,C,02,0,0,1,0,0,0,0,0,1,TR,-,33.87845,-118.10356,LOS ANGELES,CERRITOS,-118.10577788,33.87642589
6673107,2014,2016-02-04,9550,2014-03-10,1243,20282,NA,1,1,3,1964,0,1,1,NA,2,650,RT 605,FLORENCE AV,500,N,N,A,-,Y,LA,7,605,-,R,9.47,H,-,N,Y,4,0,1,4,A,-,07,21658,A,N,C,C,A,A,H,-,A,D,1,NA,NA,NA,NA,Y,NA,D,22,0,0,1,0,0,0,0,0,0,-,-,33.93905,-118.09755,LOS ANGELES,SANTA FE SPRINGS,-118.0975561,33.93920527
6673108,2014,2016-02-12,9550,2014-03-09,2215,020533,NA,7,3,3,1903,0,1,3,NA,2,092,RT 91,NORWALK BL,200,E,N,A,-,Y,LA,7,91,-,R,18.71,H,-,W,N,4,0,1,2,A,-,03,22350,NA,F,C,C,A,A,H,-,C,D,1,NA,NA,NA,NA,Y,NA,-,99,0,0,1,0,0,0,0,0,0,-,-,33.87663,-118.07185,LOS ANGELES,ARTESIA,-118.07181975,33.87649626
6673109,2014,2015-12-28,9550,2014-03-11,1625,014312,NA,2,2,9,1900,0,1,3,NA,2,600,RT 60,CROSSROADS PKWY,1000,W,N,A,-,Y,LA,7,60,-,-,12.44,H,-,E,Y,3,0,1,2,A,-,01,23152,E,N,H,A,A,A,A,-,A,D,1,NA,NA,NA,NA,Y,NA,A,01,0,1,0,0,0,0,0,0,0,-,-,34.02987,-118.01843,LOS ANGELES,UNINCORPORATED,-118.01604932,34.02911873
6673110,2014,2014-11-17,9550,2014-03-11,1515,20688,NA,2,2,9,1900,0,2,4,NA,1,013,NORWALK BL,FLORY ST,0,NA,Y,A,-,N,NA,NA,NA,NA,NA,NA,NA,NA,NA,N,4,0,1,2,A,-,05,21650,1,N,D,G,A,A,H,-,A,A,0,NA,Y,NA,NA,Y,NA,L,04,0,0,1,0,0,0,1,0,0,-,-,33.97852,-118.07513,LOS ANGELES,UNINCORPORATED,-118.07525006,33.97865011
6673111,2014,2016-02-04,9550,2014-03-10,1435,14385,NA,1,2,6,1949,0,1,1,NA,2,651,RT 605,ALONDRA BL,200,N,N,A,-,Y,LA,7,605,-,R,5.88,H,-,N,N,4,0,2,3,A,-,03,22350,NA,F,C,C,A,A,H,-,A,D,1,NA,NA,NA,NA,Y,NA,-,99,0,0,2,0,0,0,0,0,0,-,-,33.53175,-118.06156,LOS ANGELES,NORWALK,-118.10429631,33.8883076
6673112,2014,2014-11-17,9550,2014-03-09,0935,20305,NA,7,1,9,1900,0,3,5,NA,2,005,COLIMA RD,FAIRWAY DR,0,NA,Y,A,-,N,NA,NA,NA,NA,NA,NA,NA,NA,NA,N,4,0,1,2,A,-,10,21950,A,N,G,B,B,A,H,-,A,A,0,Y,NA,NA,NA,Y,NA,A,01,0,0,1,0,1,0,0,0,0,-,-,33.98601,-117.86979,LOS ANGELES,UNINCORPORATED,-117.86992002,33.98675
6673113,2014,2016-02-12,9550,2014-03-12,0900,15329,NA,3,1,5,1908,0,1,3,NA,2,091,RT 91,DOWNEY AV,400,E,N,A,-,Y,LA,7,91,-,R,14.21,H,-,E,Y,4,0,1,3,A,-,07,21658,A,N,B,C,A,A,H,-,A,D,1,NA,NA,NA,NA,Y,NA,A,01,0,0,1,0,0,0,0,0,0,-,-,33.87698,-118.15018,LOS ANGELES,BELLFLOWER,-118.14973545,33.87697559
6673114,2014,2015-12-28,9550,2014-03-11,1610,17511,NA,2,2,9,1900,0,2,4,NA,1,051,NOGALES ST,RT 60,0,NA,Y,A,-,Y,LA,7,60,-,-,20.261,R,4,E,Y,3,0,3,2,A,-,12,21453,A,N,D,C,A,A,H,-,A,A,1,NA,NA,NA,NA,Y,NA,A,01,0,1,2,0,0,0,0,0,0,-,EF,33.99291,-117.8888,LOS ANGELES,UNINCORPORATED,-117.89157868,33.99407048
6673115,2014,2016-02-04,9550,2014-03-10,1518,20282,NA,1,2,6,1920,0,1,1,NA,2,151,RT 105,LAKEWOOD BL,925,W,N,A,-,Y,LA,7,105,-,R,15.58,H,-,E,Y,4,0,1,3,A,-,03,22350,NA,N,C,C,A,A,H,-,A,D,1,NA,NA,NA,NA,Y,NA,D,22,0,0,1,0,0,0,0,0,0,-,-,33.91273,-118.14099,LOS ANGELES,DOWNEY,-118.14379695,33.91292186
6673116,2014,2016-02-12,9550,2014-03-01,1125,20696,NA,6,1,7,1941,0,1,3,NA,2,090,RT 91,LAKEWOOD BL,500,W,N,B,C,Y,LA,7,91,-,R,14.51,H,-,W,Y,3,0,2,1,A,-,03,22350,NA,N,E,I,A,B,H,-,A,D,1,NA,NA,NA,NA,Y,NA,A,08,0,1,1,0,0,0,0,0,0,-,-,33.87724,-118.15235,LOS ANGELES,LONG BEACH,-118.14450013,33.87723044
6673117,2014,2014-11-17,9550,2014-03-07,2055,19527,NA,5,2,9,1900,0,3,5,NA,2,002,TELEGRAPH RD,TELECHRON AV,0,NA,Y,A,-,N,NA,NA,NA,NA,NA,NA,NA,NA,NA,Y,3,0,3,3,A,-,17,21451,A,N,D,C,A,A,H,-,C,A,0,NA,NA,NA,NA,Y,NA,A,01,0,2,1,0,0,0,0,0,0,-,-,33.93255,-118.03949,LOS ANGELES,UNINCORPORATED,-118.0394001,33.93528009
6673118,2014,2016-02-04,9550,2014-03-11,1635,14385,NA,2,2,3,1964,0,1,1,NA,2,650,RT 605,TELEGRAPH RD,528,S,N,B,-,Y,LA,7,605,-,R,10.15,H,-,N,Y,3,0,2,3,A,-,07,21658,A,N,C,C,A,A,H,-,A,D,1,NA,NA,NA,NA,Y,NA,A,01,0,2,0,0,0,0,0,0,0,-,-,33.94693,-118.09317,LOS ANGELES,SANTA FE SPRINGS,-118.09269778,33.94818744
6673119,2014,2016-02-04,9550,2014-03-10,1838,20479,NA,1,2,6,1949,0,1,1,NA,2,651,RT 605,ALONDRA,800,S,N,A,-,Y,LA,7,605,-,R,5.631,R,1,N,N,4,0,1,2,A,-,21,22106,NA,N,C,C,A,A,H,-,B,D,1,NA,NA,NA,NA,Y,NA,A,01,0,0,1,0,0,0,0,0,0,NF,-,33.88528,-118.10385,LOS ANGELES,NORWALK,-118.10411434,33.88468287
6673120,2014,2014-11-17,9550,2014-03-11,1258,019117,NA,2,1,9,1900,0,2,4,NA,1,011,WORKMAN MILL RD,NORTH DR,20,N,N,A,-,N,NA,NA,NA,NA,NA,NA,NA,NA,NA,N,4,0,1,2,A,-,09,21802,A,N,D,C,A,A,H,-,A,D,0,NA,NA,NA,NA,Y,NA,A,07,0,0,1,0,0,0,0,0,0,-,-,34.02255,-118.03631,LOS ANGELES,UNINCORPORATED,-118.03618634,34.02225713
6673121,2014,2016-02-04,9550,2014-03-14,0404,18949,NA,5,3,3,1964,0,1,1,NA,2,651,RT 605,RT 5,110,S,N,A,-,Y,LA,7,5,-,-,6.914,R,2,N,Y,3,0,1,1,A,-,01,23152,A,N,F,A,A,A,H,-,D,D,1,NA,NA,NA,NA,Y,Y,A,01,0,1,0,0,0,0,0,0,0,TR,-,33.93923,-118.09636,LOS ANGELES,SANTA FE SPRINGS,-118.09716826,33.94213097
6673122,2014,2016-02-12,9550,2014-03-19,1050,020605,NA,3,1,5,1908,0,1,3,NA,2,091,RT 91,BELLFLOWER BL,300,W,N,A,-,Y,LA,7,91,-,R,15.55,H,-,E,Y,3,0,1,2,A,-,01,23152,A,N,C,C,A,A,H,-,A,D,1,NA,NA,NA,NA,Y,Y,A,07,0,1,0,0,0,0,0,0,0,EF,-,33.87595,-118.12789,LOS ANGELES,BELLFLOWER,-118.12657826,33.87607542
6673123,2014,2015-12-28,9550,2014-03-17,1610,019117,NA,1,2,9,1900,0,1,3,NA,2,600,RT 60,HACIENDA BL,100,W,N,A,-,Y,LA,7,60,-,-,15.91,H,-,E,Y,4,0,1,2,A,-,03,22350,NA,N,C,C,A,A,H,-,A,D,1,NA,NA,NA,NA,Y,Y,A,01,0,0,1,0,0,0,0,0,0,-,-,34.00065,-117.96374,LOS ANGELES,UNINCORPORATED,-117.96500264,34.00697089
6673124,2014,2015-11-10,9550,2014-03-17,0625,20392,NA,1,1,5,1919,0,1,3,NA,2,091,RT 91,GRIDLEY RD,500,W,N,B,-,Y,LA,7,91,-,R,17.48,H,-,W,Y,4,0,1,2,A,-,03,22350,NA,N,C,C,A,A,H,-,C,D,1,NA,NA,NA,NA,Y,NA,A,01,0,0,1,0,0,0,0,0,0,-,-,33.8766,-118.09331,LOS ANGELES,CERRITOS,-118.09312314,33.87641207
6673125,2014,2014-11-12,9550,2014-03-19,1858,18360,NA,3,2,9,1900,0,3,5,NA,2,002,MILLS AV,BROADWAY,250,S,N,A,-,N,NA,NA,NA,NA,NA,NA,NA,NA,NA,Y,4,0,1,2,A,-,03,22350,NA,N,C,C,A,A,H,-,C,D,0,NA,NA,NA,NA,Y,NA,A,07,0,0,1,0,0,0,0,0,0,-,-,33.94141,-118.03068,LOS ANGELES,UNINCORPORATED,-118.03084641,33.94141858
6673127,2014,2016-02-04,9550,2014-03-17,1515,20018,NA,1,2,3,1964,0,1,1,NA,2,650,RT 605,TELEGRAPH RD,1500,N,N,A,-,Y,LA,7,605,-,R,10.56,H,-,S,Y,4,0,1,3,A,-,03,22350,NA,F,C,C,A,A,H,-,A,D,1,NA,NA,NA,NA,Y,NA,-,99,0,0,1,0,0,0,0,0,0,-,-,33.95341,-118.0899,LOS ANGELES,SANTA FE SPRINGS,-118.0897986,33.95361903
6673128,2014,2016-02-04,9550,2014-03-18,1620,19346,NA,2,2,9,1900,0,1,1,NA,2,650,RT 605,WHITTIER BL,100,S,N,A,-,Y,LA,7,605,-,R,13.55,H,-,N,N,4,0,1,2,A,-,03,22350,NA,N,C,C,A,A,H,-,A,D,1,NA,NA,NA,NA,Y,NA,A,01,0,0,1,0,0,0,0,0,0,-,-,33.9883,-118.07045,LOS ANGELES,UNINCORPORATED,-118.06921536,33.99311097
6673129,2014,2016-02-12,9550,2014-03-22,0805,20360,NA,6,1,5,1919,0,1,3,NA,2,092,RT 91,ARTESIA BL,200,E,N,A,-,Y,LA,7,91,-,R,19.656,R,2,W,Y,4,0,1,2,A,-,01,23152,A,F,C,C,A,A,H,-,A,D,1,NA,NA,NA,NA,Y,Y,A,01,0,0,1,0,0,0,0,0,0,WF,-,33.87221,-118.058,LOS ANGELES,CERRITOS,-118.05722198,33.87116703
6673130,2014,2014-11-04,9550,2014-03-19,2340,20479,NA,3,3,9,1900,0,3,5,NA,2,002,LAMBERT RD,CELESTINE DR,58,W,N,A,-,N,NA,NA,NA,NA,NA,NA,NA,NA,NA,Y,4,0,1,1,A,-,08,22107,NA,N,E,I,A,A,H,-,C,D,0,NA,NA,NA,NA,Y,NA,A,07,0,0,1,0,0,0,0,0,0,-,-,33.9275,-117.98307,LOS ANGELES,UNINCORPORATED,-117.9831653,33.9276626
6673131,2014,2014-11-04,9550,2014-03-15,1848,19017,NA,6,2,9,1900,0,3,5,NA,2,005,SIERRA LEONE AV,VILLA CLARA ST,53,N,N,A,-,N,NA,NA,NA,NA,NA,NA,NA,NA,NA,Y,3,0,2,2,A,-,03,22350,NA,N,B,C,A,A,H,-,A,D,0,NA,NA,NA,NA,Y,NA,A,01,0,1,1,0,0,0,0,0,0,-,-,33.97917,-117.89639,LOS ANGELES,UNINCORPORATED,-117.89631095,33.97902896
6673132,2014,2014-11-04,9550,2014-03-17,1245,020689,NA,1,1,9,1900,0,2,4,NA,1,023,MULBERRY DR,MILLS AV,0,NA,Y,A,-,N,NA,NA,NA,NA,NA,NA,NA,NA,NA,Y,4,0,1,2,A,-,17,21451,A,N,A,C,A,A,H,-,A,A,0,NA,NA,NA,NA,Y,NA,A,01,0,0,1,0,0,0,0,0,0,-,-,33.94442,-118.02356,LOS ANGELES,UNINCORPORATED,-118.0276401,33.94286012
6673133,2014,2015-11-10,9550,2014-03-21,1245,15040,NA,5,1,5,1919,0,1,3,NA,2,091,RT 91,GRIDLEY RD,1000,W,N,A,-,Y,LA,7,91,-,R,17.38,H,-,E,Y,3,0,2,2,A,-,04,21703,NA,N,C,C,A,A,H,-,A,D,1,NA,NA,Y,NA,Y,NA,C,02,0,2,0,0,0,0,0,0,2,-,-,33.87637,-118.09493,LOS ANGELES,CERRITOS,-118.09487443,33.87640497
6673134,2014,2016-02-04,9550,2014-03-19,1410,14385,NA,3,2,6,1949,0,1,1,NA,2,651,RT 605,IMPERIAL HWY,528,S,N,A,-,Y,LA,7,605,-,R,7.32,H,-,N,Y,3,0,1,2,A,-,03,22350,NA,N,C,C,A,A,H,-,A,D,1,NA,NA,Y,NA,Y,NA,C,02,0,1,0,0,0,0,0,0,1,-,-,33.91308,-118.10472,LOS ANGELES,NORWALK,-118.10486961,33.90945992
6673135,2014,2014-11-04,9550,2014-03-17,2315,18952,NA,1,3,9,1900,0,2,4,NA,1,011,WORKMAN MILL RD,PIONEER BL,750,N,N,A,-,N,NA,NA,NA,NA,NA,NA,NA,NA,NA,Y,2,0,2,1,A,-,08,22107,NA,N,F,I,A,A,H,-,D,D,0,NA,NA,NA,NA,Y,Y,A,01,1,1,0,0,0,0,0,0,0,-,-,34.0053,-118.0323,LOS ANGELES,UNINCORPORATED,-118.05327653,34.00984524
6673136,2014,2016-03-05,9550,2014-03-17,0650,20688,NA,1,1,5,1908,0,1,3,NA,2,091,RT 91,RT 605,10,W,N,A,-,Y,LA,7,91,-,R,16.9,H,-,E,Y,4,0,1,2,A,-,03,22350,NA,N,C,C,A,A,H,-,A,D,1,NA,NA,NA,NA,Y,NA,D,22,0,0,1,0,0,0,0,0,0,-,-,33.87643,-118.10315,LOS ANGELES,BELLFLOWER,-118.10323594,33.87637221
6673137,2014,2015-11-16,9550,2014-03-21,0800,19939,NA,5,1,9,1900,0,1,3,NA,2,601,RT 60,BARFORD AV,1000,E,N,A,-,Y,LA,7,60,-,-,16.74,H,-,E,Y,3,0,1,1,A,-,03,22350,NA,N,E,I,A,A,H,-,A,D,1,NA,NA,NA,NA,Y,NA,A,01,0,1,0,0,0,0,0,0,0,-,-,34.00127,-117.94673,LOS ANGELES,UNINCORPORATED,-117.95143926,34.00282035
6673138,2014,2016-02-12,9550,2014-03-19,0615,20399,NA,3,1,7,1941,0,1,3,NA,2,090,RT 91,DOWNEY AV,6,W,N,A,-,Y,LA,7,91,-,R,13.981,R,3,W,N,3,0,1,2,A,-,10,21950,A,N,G,B,B,A,H,-,C,A,1,Y,NA,NA,NA,Y,NA,A,01,0,1,0,0,1,0,0,0,0,WO,-,33.87746,-118.15144,LOS ANGELES,LONG BEACH,-118.1537033,33.87702886
6673139,2014,2016-02-04,9550,2014-03-17,1710,017398,NA,1,2,3,1964,0,1,1,NA,2,650,RT 605,TELEGRAPH RD,500,N,N,A,-,Y,LA,7,605,-,R,10.34,H,-,S,N,4,0,1,3,A,-,03,22350,NA,M,C,C,A,A,H,-,A,D,1,NA,NA,NA,NA,Y,NA,-,99,0,0,1,0,0,0,0,0,0,-,-,33.95426,-118.0967,LOS ANGELES,SANTA FE SPRINGS,-118.09146985,33.95076063
6673140,2014,2015-12-28,9550,2014-03-14,1700,015045,NA,5,2,1,1932,0,1,3,NA,2,602,RT 60,FULLERTON RD,528,E,N,A,-,Y,LA,7,60,-,-,19.59,H,-,E,N,3,0,1,1,A,-,03,22350,NA,N,F,A,A,A,H,-,A,D,1,NA,NA,Y,NA,Y,NA,C,02,0,1,0,0,0,0,0,0,1,-,-,33.99395,-117.90103,LOS ANGELES,INDUSTRY,-117.90324922,33.9940808
6673141,2014,2015-12-28,9550,2014-03-20,1500,16237,NA,4,2,9,1900,0,1,3,NA,2,600,RT 60,7TH AV,50,E,N,A,-,Y,LA,7,60,-,-,14.31,H,-,E,Y,4,0,1,4,A,-,03,22350,NA,N,C,C,A,A,H,-,A,D,1,NA,NA,NA,NA,Y,NA,A,01,0,0,1,0,0,0,0,0,0,-,-,34.01815,-117.98834,LOS ANGELES,UNINCORPORATED,-117.98787864,34.01905792
6673142,2014,2016-02-05,9550,2014-03-18,1945,020469,NA,2,2,6,1949,0,1,1,NA,2,652,RT 605,RT 91,20,S,N,A,-,Y,LA,7,605,-,R,5.05,H,-,S,Y,4,0,1,2,A,-,08,22107,NA,N,C,C,A,A,H,-,C,D,1,NA,NA,NA,NA,Y,NA,A,01,0,0,1,0,0,0,0,0,0,-,-,33.87514,-118.10234,LOS ANGELES,NORWALK,-118.10265362,33.876436
6673143,2014,2014-11-04,9550,2014-03-16,0250,19017,NA,7,3,9,1900,0,2,4,NA,1,042,COLIMA RD,DAWN HAVEN RD,520,E,N,A,-,N,NA,NA,NA,NA,NA,NA,NA,NA,NA,Y,2,0,1,1,A,-,01,23152,A,N,E,I,A,A,H,-,C,D,0,NA,NA,NA,NA,Y,Y,A,01,1,0,0,0,0,0,0,0,0,-,-,33.99057,-117.9441,LOS ANGELES,UNINCORPORATED,-117.94382737,33.99075929
6673144,2014,2014-11-04,9550,2014-03-16,0530,20700,NA,7,3,9,1900,0,2,4,NA,1,021,HAWES ST,VALLEY VIEW AV,50,E,N,B,-,N,NA,NA,NA,NA,NA,NA,NA,NA,NA,Y,3,0,1,2,A,-,01,23152,A,N,C,E,A,A,H,-,C,D,0,NA,NA,NA,NA,Y,Y,A,07,0,1,0,0,0,0,0,0,0,-,-,33.93848,-118.01837,LOS ANGELES,UNINCORPORATED,-118.01818279,33.93841309
6673145,2014,2014-11-12,9550,2014-03-20,1405,019117,NA,4,2,9,1900,0,2,4,NA,1,051,NOGALES ST,KILLIAN AV,376,S,N,A,-,N,NA,NA,NA,NA,NA,NA,NA,NA,NA,Y,4,0,1,1,C,-,18,NA,NA,N,E,I,A,A,H,-,A,D,0,NA,NA,NA,NA,Y,NA,-,-,0,0,1,0,0,0,0,0,0,-,-,33.9816,-117.88528,LOS ANGELES,UNINCORPORATED,-117.88868174,33.9811025
6673146,2014,2014-11-12,9550,2014-03-18,1720,019117,NA,2,2,9,1900,0,2,4,NA,1,031,HACIENDA BL,LUJON ST,100,S,N,A,-,N,NA,NA,NA,NA,NA,NA,NA,NA,NA,N,4,0,1,2,A,-,03,22350,NA,N,C,C,A,A,H,-,A,D,0,NA,NA,NA,NA,Y,NA,A,01,0,0,1,0,0,0,0,0,0,-,-,34.00101,-117.96632,LOS ANGELES,UNINCORPORATED,-117.96649766,34.00100818
6673147,2014,2016-02-04,9550,2014-03-18,0705,20688,NA,2,1,5,1976,0,1,1,NA,2,650,RT 605,WHITTIER BL,300,S,N,A,-,Y,LA,7,605,-,R,13.51,H,-,S,Y,3,0,3,4,A,-,03,22350,NA,N,C,C,A,A,H,-,A,D,1,NA,NA,NA,NA,Y,NA,A,01,0,1,2,0,0,0,0,0,0,-,-,33.99059,-118.07006,LOS ANGELES,WHITTIER,-118.06953684,33.99266179
6673148,2014,2016-02-04,9550,2014-03-16,0140,19527,NA,7,3,5,1954,0,1,1,NA,2,650,RT 605,BEVERLY BL,1000,N,N,A,-,Y,LA,7,605,-,R,14.61,H,-,N,Y,3,0,1,1,A,-,01,23152,A,N,E,I,A,A,H,-,C,D,1,NA,NA,NA,NA,Y,Y,A,01,0,1,0,0,0,0,0,0,0,-,-,34.00917,-118.05841,LOS ANGELES,PICO RIVERA,-118.06125385,34.00631886
6673149,2014,2016-03-05,9550,2014-03-19,0825,14373,NA,3,1,5,1908,0,1,3,NA,2,091,RT 91,RT 605,250,S,N,A,-,Y,LA,7,605,-,R,4.731,R,1,S,N,4,0,2,2,A,-,03,22350,NA,N,C,C,A,A,H,-,A,D,1,NA,NA,NA,NA,Y,NA,A,07,0,0,2,0,0,0,0,0,0,TR,-,33.87485,-118.10385,LOS ANGELES,BELLFLOWER,-118.10107466,33.87199373
6673150,2014,2016-02-04,1900,2014-03-16,1106,020282,NA,7,5,5,1952,0,0,0,NA,0,151,RT 105,GARFIELD AV,1650,E,N,A,-,Y,LA,7,105,-,R,14.44,H,-,E,Y,3,0,2,2,A,-,08,22107,NA,N,E,I,A,A,H,-,A,D,0,NA,NA,NA,NA,Y,NA,A,01,0,2,0,0,0,0,0,0,0,-,-,33.9113,-118.1634,LOS ANGELES,PARAMOUNT,-118.16349609,33.91146224
6673151,2014,2014-11-04,9550,2014-03-16,0120,020533,NA,7,3,9,1900,0,3,5,NA,2,002,HESTER AV,LINDHALL WY,350,N,N,A,-,N,NA,NA,NA,NA,NA,NA,NA,NA,NA,N,3,0,1,2,A,-,01,23152,A,M,B,E,A,A,D,-,C,B,0,NA,NA,NA,NA,Y,Y,A,07,0,1,0,0,0,0,0,0,0,-,-,33.9376,-118.00362,LOS ANGELES,UNINCORPORATED,-118.00367178,33.93749933
6673152,2014,2016-02-04,9550,2014-03-15,1530,20705,NA,6,2,9,1900,0,1,1,NA,2,650,RT 605,ROSE HILLS RD,500,N,N,A,-,Y,LA,7,605,-,R,15.77,H,-,S,Y,3,0,10,4,A,-,03,22350,NA,N,C,C,A,A,H,-,A,D,1,NA,NA,NA,NA,Y,NA,A,08,0,1,9,0,0,0,0,0,0,-,-,33.97515,-118.07955,LOS ANGELES,UNINCORPORATED,-118.04998715,34.01979552