CASE_ID,ACCIDENT_YEAR,PROC_DATE,JURIS,COLLISION_DATE,COLLISION_TIME,OFFICER_ID,REPORTING_DISTRICT,DAY_OF_WEEK,CHP_SHIFT,POPULATION,CNTY_CITY_LOC,SPECIAL_COND,BEAT_TYPE,CHP_BEAT_TYPE,CITY_DIVISION_LAPD,CHP_BEAT_CLASS,BEAT_NUMBER,PRIMARY_RD,SECONDARY_RD,DISTANCE,DIRECTION,INTERSECTION,WEATHER_1,WEATHER_2,STATE_HWY_IND,CALTRANS_COUNTY,CALTRANS_DISTRICT,STATE_ROUTE,ROUTE_SUFFIX,POSTMILE_PREFIX,POSTMILE,LOCATION_TYPE,RAMP_INTERSECTION,SIDE_OF_HWY,TOW_AWAY,COLLISION_SEVERITY,NUMBER_KILLED,NUMBER_INJURED,PARTY_COUNT,PRIMARY_COLL_FACTOR,PCF_CODE_OF_VIOL,PCF_VIOL_CATEGORY,PCF_VIOLATION,PCF_VIOL_SUBSECTION,HIT_AND_RUN,TYPE_OF_COLLISION,MVIW,PED_ACTION,ROAD_SURFACE,ROAD_COND_1,ROAD_COND_2,LIGHTING,CONTROL_DEVICE,CHP_ROAD_TYPE,PEDESTRIAN_ACCIDENT,BICYCLE_ACCIDENT,MOTORCYCLE_ACCIDENT,TRUCK_ACCIDENT,NOT_PRIVATE_PROPERTY,ALCOHOL_INVOLVED,STWD_VEHTYPE_AT_FAULT,CHP_VEHTYPE_AT_FAULT,COUNT_SEVERE_INJ,COUNT_VISIBLE_INJ,COUNT_COMPLAINT_PAIN,COUNT_PED_KILLED,COUNT_PED_INJURED,COUNT_BICYCLIST_KILLED,COUNT_BICYCLIST_INJURED,COUNT_MC_KILLED,COUNT_MC_INJURED,PRIMARY_RAMP,SECONDARY_RAMP,LATITUDE,LONGITUDE,COUNTY,CITY,POINT_X,POINT_Y
6676636,2014,2014-12-18,1900,2014-10-07,1505,407451,0463,2,5,4,1936,0,0,0,NA,0,46T1,FOSTER RD,ADELFA DR,55,E,N,A,-,N,NA,NA,NA,NA,NA,NA,NA,NA,NA,Y,4,0,2,2,A,-,04,21703,NA,M,C,C,A,A,H,-,A,D,0,NA,NA,NA,NA,Y,NA,A,01,0,0,2,0,0,0,0,0,0,-,-,NA,NA,LOS ANGELES,LA MIRADA,-118.00410922,33.91003536
6676638,2014,2014-12-18,1900,2014-10-04,0025,540658,1135,6,5,6,1992,0,0,0,NA,0,112T2,30TH ST WEST,AVENUE H-10,374,N,N,A,-,N,NA,NA,NA,NA,NA,NA,NA,NA,NA,Y,4,0,1,2,A,-,01,23152,A,N,C,C,A,A,H,-,D,D,0,NA,NA,NA,NA,Y,Y,A,01,0,0,1,0,0,0,0,0,0,-,-,NA,NA,LOS ANGELES,LANCASTER,-118.07712213,34.71032537
6676640,2014,2016-03-22,1900,2014-10-07,1905,530371,0471,2,5,4,1936,0,0,0,NA,0,46K41P,SANTA GERTRUDES AV,ALICANTE RD,0,NA,Y,A,-,N,NA,NA,NA,NA,NA,NA,NA,NA,NA,N,3,0,1,2,A,-,12,21453,A,M,D,C,A,A,H,-,C,A,0,NA,NA,NA,NA,Y,NA,A,01,0,1,0,0,0,0,0,0,0,-,-,NA,NA,LOS ANGELES,LA MIRADA,-117.99440009999999,33.90268001
6676641,2014,2014-12-16,1942,2014-10-04,1525,36238,1101,6,5,7,1942,0,0,0,K,0,4TL6,CRYSTAL SPRINGS DR,GRIFFITH PARK DR,0,N,N,A,-,N,NA,NA,NA,NA,NA,NA,NA,NA,NA,N,3,0,1,2,A,-,03,22350,NA,N,C,G,A,A,H,-,A,D,0,NA,Y,NA,NA,Y,NA,L,04,0,1,0,0,0,0,1,0,0,-,-,NA,NA,LOS ANGELES,LOS ANGELES,-118.28204002,34.13537001
6676642,2014,2014-12-16,1928,2014-10-14,1202,324,516,2,5,5,1928,0,0,0,NA,0,503,PRAIRIE AV,142ND ST,0,NA,Y,-,-,N,NA,NA,NA,NA,NA,NA,NA,NA,NA,N,3,0,1,2,A,-,-,NA,NA,N,-,-,-,-,-,-,-,-,0,Y,NA,NA,NA,Y,NA,N,60,0,1,0,0,1,0,0,0,0,-,-,NA,NA,LOS ANGELES,HAWTHORNE,-118.34386008,33.90299011
6676643,2014,2016-02-18,1942,2014-10-04,2350,38922,0249,6,5,7,1942,0,0,0,B,0,2A91,BEAUDRY,4TH ST,150,S,N,A,-,N,NA,NA,NA,NA,NA,NA,NA,NA,NA,N,3,0,1,2,A,-,11,21956,A,N,A,B,E,A,H,-,C,D,0,Y,NA,NA,NA,Y,NA,-,-,0,1,0,0,1,0,0,0,0,-,-,NA,NA,LOS ANGELES,LOS ANGELES,-118.25779788,34.05525579
6676645,2014,2014-12-16,1942,2014-10-01,0730,39761,1147,3,5,7,1942,0,0,0,K,0,11T32,DIVISION ST,AVE 30,21,N,N,A,-,N,NA,NA,NA,NA,NA,NA,NA,NA,NA,N,4,0,1,2,A,-,10,21950,A,N,G,B,B,A,H,-,A,D,0,Y,NA,NA,NA,Y,NA,A,01,0,0,1,0,1,0,0,0,0,-,-,NA,NA,LOS ANGELES,LOS ANGELES,-118.23570225,34.10295176
6676646,2014,2014-12-16,1942,2014-10-02,1245,40729,1183,4,5,7,1942,0,0,0,K,0,11A71,BRANDEN ST,GLENDALE BL,0,NA,Y,A,-,N,NA,NA,NA,NA,NA,NA,NA,NA,NA,N,3,0,1,2,A,-,10,21950,A,N,G,B,B,A,H,-,A,A,0,Y,NA,NA,NA,Y,NA,-,NA,0,1,0,0,1,0,0,0,0,-,-,NA,NA,LOS ANGELES,LOS ANGELES,-118.25958008,34.08792011
6676647,2014,2014-12-17,1942,2014-10-06,1700,41409,NA,1,5,7,1942,0,0,0,NA,0,236,MOUNTAIN VIEW AV,TEMPLE BL,12,S,N,A,-,N,NA,NA,NA,NA,NA,NA,NA,NA,NA,N,3,0,1,2,A,-,09,21804,A,N,A,G,A,A,H,-,A,D,0,NA,Y,NA,NA,Y,NA,L,04,0,1,0,0,0,0,1,0,0,-,-,NA,NA,LOS ANGELES,LOS ANGELES,-118.26710855,34.06992093
6676649,2014,2014-12-16,1942,2014-10-02,0355,37952,1184,4,5,7,1942,0,0,0,K,0,11T32,SUNSET BL,DOUGLAS ST,30,W,N,A,-,N,NA,NA,NA,NA,NA,NA,NA,NA,NA,Y,4,0,2,2,A,-,05,21460,A,N,A,C,A,A,H,-,C,A,0,NA,NA,NA,NA,Y,NA,A,01,0,0,2,0,0,0,0,0,0,-,-,NA,NA,LOS ANGELES,LOS ANGELES,-118.25203904,34.07425599
6676650,2014,2014-12-16,1928,2014-10-08,0212,376,H514,3,5,5,1928,0,0,0,NA,0,0H4,137TH PL,HAWTHORNE BL,530,W,N,A,-,N,NA,NA,NA,NA,NA,NA,NA,NA,NA,Y,3,0,1,3,A,-,08,22107,NA,N,C,E,A,A,H,-,C,B,0,NA,NA,NA,NA,Y,NA,A,01,0,1,0,0,0,0,0,0,0,-,-,NA,NA,LOS ANGELES,HAWTHORNE,-118.35450342,33.90695002
6676651,2014,2014-12-16,1942,2014-10-03,1605,39889,0239,5,5,7,1942,0,0,0,B,0,1TL24,N BEAUDRY AV,TEMPLE ST,0,NA,Y,A,-,N,NA,NA,NA,NA,NA,NA,NA,NA,NA,Y,3,0,2,2,A,-,09,21801,A,N,D,C,A,A,H,-,A,A,0,NA,NA,NA,NA,Y,NA,A,01,0,2,0,0,0,0,0,0,0,-,-,NA,NA,LOS ANGELES,LOS ANGELES,-118.2513601,34.0632001
6676652,2014,2014-12-16,1900,2014-10-15,0740,529699,1137,3,5,6,1992,0,0,0,NA,0,111T2,AVENUE J-8,25TH ST EAST,435,W,N,A,-,N,NA,NA,NA,NA,NA,NA,NA,NA,NA,Y,4,0,1,1,A,-,08,22107,NA,N,E,I,A,A,H,-,A,D,0,NA,NA,NA,NA,Y,NA,A,01,0,0,1,0,0,0,0,0,0,-,-,NA,NA,LOS ANGELES,LANCASTER,-118.17615379,34.68217
6676653,2014,2014-12-16,1942,2014-10-04,1800,25465,1195,6,5,7,1942,0,0,0,K,0,35MX10,STADIUM WY,LOOKOUT DR,800,E,N,A,-,N,NA,NA,NA,NA,NA,NA,NA,NA,NA,N,4,0,1,2,C,-,18,NA,NA,N,G,B,F,A,G,-,A,D,0,Y,NA,NA,NA,Y,NA,-,-,0,0,1,0,1,0,0,0,0,-,-,NA,NA,LOS ANGELES,LOS ANGELES,-118.23696011,34.06997989
6676654,2014,2014-12-23,1928,2014-10-18,1320,324,502,6,5,5,1928,0,0,0,NA,0,501,120TH ST,RAMONA AV,0,NA,Y,A,-,N,NA,NA,NA,NA,NA,NA,NA,NA,NA,N,4,0,1,2,A,-,12,21453,A,N,D,C,A,A,H,-,A,A,0,NA,NA,NA,NA,Y,NA,A,01,0,0,1,0,0,0,0,0,0,-,-,NA,NA,LOS ANGELES,HAWTHORNE,-118.35698009,33.92366011
6676655,2014,2014-12-16,1942,2014-10-03,1350,40010,0238,5,5,7,1942,0,0,0,B,0,2A91,1ST ST,BEAUDRY,200,W,N,A,-,N,NA,NA,NA,NA,NA,NA,NA,NA,NA,N,4,0,1,2,A,-,10,21952,NA,N,G,B,F,A,H,-,A,D,0,Y,NA,NA,NA,Y,NA,A,01,0,0,1,0,1,0,0,0,0,-,-,NA,NA,LOS ANGELES,LOS ANGELES,-118.25473023,34.05948714
6676656,2014,2014-12-16,1900,2014-10-19,0913,529699,1134,7,5,6,1992,0,0,0,NA,0,111T2,AVENUE K-4,10TH ST EAST,0,NA,Y,A,-,N,NA,NA,NA,NA,NA,NA,NA,NA,NA,Y,4,0,2,2,A,-,12,21453,A,N,D,C,A,A,H,-,A,A,0,NA,NA,NA,NA,Y,NA,A,01,0,0,2,0,0,0,0,0,0,-,-,NA,NA,LOS ANGELES,LANCASTER,-118.11237009,34.67133004
6676657,2014,2014-12-16,1942,2014-10-04,1450,40099,1145,6,5,7,1942,0,0,0,K,0,11TL32,FLETCHER DR,RIVERSIDE DR,45,N,N,A,-,N,NA,NA,NA,NA,NA,NA,NA,NA,NA,Y,4,0,2,4,A,-,09,21801,A,N,D,C,A,A,H,-,A,D,0,NA,NA,NA,NA,Y,NA,A,01,0,0,2,0,0,0,0,0,0,-,-,NA,NA,LOS ANGELES,LOS ANGELES,-118.25644444,34.10607671
6676658,2014,2014-12-16,1928,2014-10-16,1532,324,507,4,5,5,1928,0,0,0,NA,0,502,120TH ST,CRENSHAW BL,0,NA,Y,A,-,N,NA,NA,NA,NA,NA,NA,NA,NA,NA,Y,4,0,1,2,D,-,00,NA,NA,N,C,C,A,A,H,-,A,A,0,NA,NA,Y,NA,Y,NA,-,-,0,0,1,0,0,0,0,0,1,-,-,NA,NA,LOS ANGELES,HAWTHORNE,-118.32651005,33.9237301
6676659,2014,2015-02-12,1942,2014-10-03,0715,34870,245,5,5,7,1942,0,0,0,NA,0,2A91,WILSHIRE BL,ALVARADO ST,150,W,N,A,-,N,NA,NA,NA,NA,NA,NA,NA,NA,NA,Y,4,0,1,2,C,-,18,NA,NA,N,-,C,A,A,H,-,A,D,0,NA,NA,NA,NA,Y,NA,-,-,0,0,1,0,0,0,0,0,0,-,-,NA,NA,LOS ANGELES,LOS ANGELES,-118.2761984,34.05824744
6676660,2014,2014-12-17,1900,2014-10-13,0745,529699,1135,1,5,6,1992,0,0,0,NA,0,111T2,AVENUE I,15TH ST WEST,220,W,N,A,-,N,NA,NA,NA,NA,NA,NA,NA,NA,NA,N,4,0,1,2,A,-,10,21952,NA,M,G,B,E,A,H,-,A,D,0,Y,NA,NA,NA,Y,NA,A,07,0,0,1,0,1,0,0,0,0,-,-,NA,NA,LOS ANGELES,LANCASTER,-118.15773378,34.7042095
6676661,2014,2014-12-16,1942,2014-10-02,1630,39640,1151,4,5,7,1942,0,0,0,K,0,11AS1,VERMONT AV,BARNSDALL,5,S,N,A,-,N,NA,NA,NA,NA,NA,NA,NA,NA,NA,N,4,0,1,2,A,-,10,21950,A,N,-,B,B,A,-,-,A,A,0,Y,NA,NA,NA,Y,NA,A,01,0,0,1,0,1,0,0,0,0,-,-,NA,NA,LOS ANGELES,LOS ANGELES,-118.29178,34.09906629
6676662,2014,2014-12-16,1928,2014-10-13,2034,364,514,1,5,5,1928,0,0,0,NA,0,004,INGLEWOOD AV,ROSECRANS AV,50,S,N,A,-,N,NA,NA,NA,NA,NA,NA,NA,NA,NA,N,4,0,1,2,A,-,05,21202,A,N,G,G,A,A,H,-,C,A,0,NA,Y,NA,NA,Y,NA,L,04,0,0,1,0,0,0,1,0,0,-,-,NA,NA,LOS ANGELES,HAWTHORNE,-118.36128,33.90168286
6676663,2014,2014-12-16,1942,2014-10-03,0020,38175,0217,5,5,7,1942,0,0,0,B,0,2X46,GLENDALE BL,PARK AV,0,NA,Y,A,-,N,NA,NA,NA,NA,NA,NA,NA,NA,NA,Y,3,0,2,2,A,-,05,21650,NA,N,A,C,A,A,H,-,C,A,0,NA,NA,NA,NA,Y,NA,A,01,0,2,0,0,0,0,0,0,0,-,-,NA,NA,LOS ANGELES,LOS ANGELES,-118.26148,34.07593001
6676665,2014,2015-01-16,1942,2014-10-08,1400,37223,0233,3,5,7,1942,0,0,0,B,0,2A17,TEMPLE ST,BENTON WY,0,NA,Y,A,-,N,NA,NA,NA,NA,NA,NA,NA,NA,NA,N,4,0,1,2,A,-,12,21453,A,N,D,C,A,A,H,-,A,A,0,NA,NA,NA,NA,Y,NA,-,-,0,0,1,0,0,0,0,0,0,-,-,NA,NA,LOS ANGELES,LOS ANGELES,-118.27573001,34.07290001
6676666,2014,2016-02-18,1942,2014-10-01,1630,40365,1141,3,5,7,1942,0,0,0,K,0,001,FRANKLIN,ALEXANDRIA,0,NA,Y,A,-,N,NA,NA,NA,NA,NA,NA,NA,NA,NA,Y,4,0,1,2,A,-,12,22450,A,N,D,C,A,A,H,-,A,A,0,NA,NA,NA,NA,Y,NA,A,01,0,0,1,0,0,0,0,0,0,-,-,NA,NA,LOS ANGELES,LOS ANGELES,-118.29835,34.10540009
6676669,2014,2015-01-16,1942,2014-10-12,2150,40545,0291,7,5,7,1942,0,0,0,B,0,2T15,HOOVER ST,18TH ST,0,NA,Y,A,-,N,NA,NA,NA,NA,NA,NA,NA,NA,NA,N,4,0,1,2,A,-,-,NA,NA,N,B,C,A,A,H,-,C,D,0,NA,NA,NA,NA,Y,NA,-,-,0,0,1,0,0,0,0,0,0,-,-,NA,NA,LOS ANGELES,LOS ANGELES,-118.28414009,34.04183009
6676670,2014,2014-12-16,1942,2014-10-07,2020,40874,0216,2,5,7,1942,0,0,0,B,0,4T43,SUNSET BL,CORONADO ST,0,NA,Y,A,-,N,NA,NA,NA,NA,NA,NA,NA,NA,NA,N,3,0,1,2,A,-,09,21801,A,F,D,C,A,A,H,-,C,A,0,NA,NA,Y,NA,Y,NA,-,99,0,1,0,0,0,0,0,0,1,-,-,NA,NA,LOS ANGELES,LOS ANGELES,-118.26911009,34.07933007
6676671,2014,2014-12-16,1942,2014-10-03,1410,37462,0245,5,5,7,1942,0,0,0,B,0,1X32,6TH ST,GRAND VIEW ST,7,E,N,A,-,N,NA,NA,NA,NA,NA,NA,NA,NA,NA,N,3,0,1,2,A,-,10,21950,A,N,D,G,A,A,H,-,A,A,0,NA,Y,NA,NA,Y,NA,A,01,0,1,0,0,0,0,1,0,0,-,-,NA,NA,LOS ANGELES,LOS ANGELES,-118.27695965,34.06047096
6676673,2014,2014-12-16,1942,2014-10-01,1620,38171,0248,3,5,7,1942,0,0,0,B,0,11TL32,3RD ST,LOMA DR,220,W,N,A,-,N,NA,NA,NA,NA,NA,NA,NA,NA,NA,Y,4,0,1,2,A,-,09,21801,A,N,-,C,A,A,H,-,A,D,0,NA,NA,Y,NA,Y,NA,A,01,0,0,1,0,0,0,0,0,1,-,-,NA,NA,LOS ANGELES,LOS ANGELES,-118.26621719,34.06017182
6676674,2014,2016-02-18,1942,2014-10-02,1740,41537,1171,4,5,7,1942,0,0,0,K,0,11A26,MANZANITA ST,EFFIE ST,0,NA,Y,A,-,N,NA,NA,NA,NA,NA,NA,NA,NA,NA,N,3,0,1,2,A,-,-,NA,NA,F,G,B,F,A,H,-,A,D,0,Y,NA,NA,NA,Y,NA,-,NA,0,1,0,0,1,0,0,0,0,-,-,NA,NA,LOS ANGELES,LOS ANGELES,-118.28021011,34.09455001
6676675,2014,2016-02-18,1942,2014-10-02,1800,38175,0299,4,5,7,1942,0,0,0,B,0,2A56,UNION AV,WASHINGTON BL,5,S,N,A,-,N,NA,NA,NA,NA,NA,NA,NA,NA,NA,N,4,0,3,4,A,-,10,21950,A,N,G,B,B,A,H,-,A,A,0,Y,NA,NA,NA,Y,NA,A,01,0,0,3,0,3,0,0,0,0,-,-,NA,NA,LOS ANGELES,LOS ANGELES,-118.28116776,34.0384979
6676677,2014,2015-01-09,1942,2014-10-11,1810,40099,0249,6,5,7,1942,0,0,0,B,0,11RL32,6TH ST,BIXEL ST,0,NA,Y,A,-,N,NA,NA,NA,NA,NA,NA,NA,NA,NA,Y,4,0,1,2,A,-,09,21801,A,N,D,C,A,A,H,-,A,A,0,NA,NA,NA,NA,Y,NA,A,01,0,0,1,0,0,0,0,0,0,-,-,NA,NA,LOS ANGELES,LOS ANGELES,-118.26214007,34.05407006
6676678,2014,2014-12-16,1942,2014-10-04,1915,33452,0489,6,5,7,1942,0,0,0,D,0,2T15,CAMULOS PL,8TH ST,400,S,N,A,-,N,NA,NA,NA,NA,NA,NA,NA,NA,NA,N,3,0,1,2,A,-,11,21954,A,N,-,B,D,A,H,-,C,D,0,Y,NA,NA,NA,Y,NA,N,60,0,1,0,0,1,0,0,0,0,-,-,NA,NA,LOS ANGELES,LOS ANGELES,-118.21499217,34.02519083
6676679,2014,2014-12-16,1942,2014-10-05,1650,39889,0233,7,5,7,1942,0,0,0,B,0,1TL24,TEMPLE ST,BENTON WY,0,NA,Y,A,-,N,NA,NA,NA,NA,NA,NA,NA,NA,NA,NA,3,0,2,2,A,-,12,21453,A,N,D,C,A,A,H,-,A,A,0,NA,NA,NA,NA,Y,NA,A,01,0,1,1,0,0,0,0,0,0,-,-,NA,NA,LOS ANGELES,LOS ANGELES,-118.27573001,34.07290001
6676681,2014,2014-12-16,1942,2014-10-11,1620,36238,0235,6,5,7,1942,0,0,0,B,0,4TL6,ALVARADO ST,3RD ST,0,NA,Y,A,-,N,NA,NA,NA,NA,NA,NA,NA,NA,NA,Y,4,0,1,2,A,-,09,21801,A,N,D,C,A,A,H,-,A,A,0,NA,NA,NA,NA,Y,NA,A,01,0,0,1,0,0,0,0,0,0,-,-,NA,NA,LOS ANGELES,LOS ANGELES,-118.27271,34.06296
6676682,2014,2014-12-16,1942,2014-10-06,2150,36698,1141,1,5,7,1942,0,0,0,K,0,11TL21,VERMONT AV,MELBOURNE AV,45,N,N,A,-,N,NA,NA,NA,NA,NA,NA,NA,NA,NA,Y,4,0,1,2,A,-,01,23152,A,N,C,C,A,A,H,-,C,D,0,NA,NA,NA,NA,Y,Y,A,01,0,0,1,0,0,0,0,0,0,-,-,NA,NA,LOS ANGELES,LOS ANGELES,-118.29177441,34.10370336
6676683,2014,2016-02-18,1942,2014-10-05,1745,39889,0239,7,5,7,1942,0,0,0,B,0,1TL24,2ND ST,BEAUDRY AV,0,NA,Y,A,-,N,NA,NA,NA,NA,NA,NA,NA,NA,NA,Y,3,0,1,2,A,-,12,21453,A,N,D,C,A,A,H,-,A,A,0,NA,NA,NA,NA,Y,NA,A,01,0,1,0,0,0,0,0,0,0,-,-,NA,NA,LOS ANGELES,LOS ANGELES,-118.25531004,34.05794011
6676685,2014,2014-12-17,1942,2014-10-04,1045,38124,0212,6,5,7,1942,0,0,0,B,0,4T43,VIRGIL AV,MELROSE AV,86,N,N,A,-,N,NA,NA,NA,NA,NA,NA,NA,NA,NA,Y,4,0,4,3,A,-,03,22350,NA,N,C,C,A,A,H,-,A,D,0,NA,NA,NA,NA,Y,NA,A,07,0,0,4,0,0,0,0,0,0,-,-,NA,NA,LOS ANGELES,LOS ANGELES,-118.28683693,34.08382579
6676686,2014,2014-12-16,1942,2014-10-02,1620,40388,1132,4,5,7,1942,0,0,0,K,0,11X73,ROWENA AV,ROKEBY ST,120,E,N,A,-,N,NA,NA,NA,NA,NA,NA,NA,NA,NA,N,3,0,1,2,A,-,07,21658,A,N,B,C,A,A,H,-,A,D,0,NA,NA,NA,NA,Y,NA,-,NA,0,1,0,0,0,0,0,0,0,-,-,NA,NA,LOS ANGELES,LOS ANGELES,-118.26422301,34.10748167
6676689,2014,2014-12-16,1942,2014-10-11,1405,39349,0201,6,5,7,1942,0,0,0,B,0,13TL53,N VERMONT AV,WILLOW BROOK AV,0,NA,Y,A,-,N,NA,NA,NA,NA,NA,NA,NA,NA,NA,N,3,0,1,2,A,-,09,21801,A,N,D,G,A,A,H,-,A,D,0,NA,Y,NA,NA,Y,NA,A,07,0,1,0,0,0,0,1,0,0,-,-,NA,NA,LOS ANGELES,LOS ANGELES,-118.29174011,34.08978003
6676690,2014,2014-12-16,1942,2014-10-02,0740,30380,1144,4,5,7,1942,0,0,0,K,0,4TL43,HYPERION AV,ROWENA AV,0,NA,Y,A,-,N,NA,NA,NA,NA,NA,NA,NA,NA,NA,N,4,0,1,2,A,-,09,21801,A,N,D,C,A,A,H,-,A,A,0,NA,NA,NA,NA,Y,NA,A,01,0,0,1,0,0,0,0,0,0,-,-,NA,NA,LOS ANGELES,LOS ANGELES,-118.27133006,34.10922009
6676693,2014,2014-12-16,1942,2014-10-10,1530,41019,0269,5,5,7,1942,0,0,0,B,0,11T25,8TH ST,GREEN AV,8,W,N,A,-,N,NA,NA,NA,NA,NA,NA,NA,NA,NA,N,3,0,1,2,A,-,10,21950,A,N,G,B,B,A,H,-,A,A,0,Y,NA,NA,NA,Y,NA,A,01,0,1,0,0,1,0,0,0,0,-,-,NA,NA,LOS ANGELES,LOS ANGELES,-118.27105686,34.05175686
6676694,2014,2014-12-16,1942,2014-10-08,0912,38399,1179,3,5,7,1942,0,0,0,K,0,1T11,AVE 43,FIGUEROA ST,6,E,N,A,-,N,NA,NA,NA,NA,NA,NA,NA,NA,NA,N,3,0,1,2,A,-,10,21950,A,N,G,B,B,A,H,-,A,A,0,Y,NA,NA,NA,Y,NA,A,01,0,1,0,0,1,0,0,0,0,-,-,NA,NA,LOS ANGELES,LOS ANGELES,-118.20865,34.09434
6676697,2014,2014-12-17,1942,2014-10-14,1610,40099,0221,2,5,7,1942,0,0,0,B,0,4TL4,HAMPSHIRE AV,BEVERLY BL,20,N,N,A,-,N,NA,NA,NA,NA,NA,NA,NA,NA,NA,NA,4,0,1,2,A,-,03,22350,NA,N,C,C,A,A,H,-,A,D,0,NA,NA,NA,NA,Y,NA,A,01,0,0,1,0,0,0,0,0,0,-,-,NA,NA,LOS ANGELES,LOS ANGELES,-118.293215,34.076377
6676698,2014,2014-12-16,1942,2014-10-10,2105,39876,1158,5,5,7,1942,0,0,0,K,0,11T21,FIGUEROA ST,MARIMON WY,0,NA,Y,A,-,N,NA,NA,NA,NA,NA,NA,NA,NA,NA,Y,4,0,1,2,A,-,09,21801,A,N,D,C,A,A,H,-,C,D,0,NA,NA,NA,NA,Y,NA,A,01,0,0,1,0,0,0,0,0,0,-,-,NA,NA,LOS ANGELES,LOS ANGELES,-118.21140002,34.09118011
6676701,2014,2016-02-18,1942,2014-10-14,0755,31152,0217,2,5,7,1942,0,0,0,B,0,11TL5,ROSS LOOS PL,BONNIE BRAE ST,0,NA,Y,B,-,N,NA,NA,NA,NA,NA,NA,NA,NA,NA,Y,4,0,4,2,A,-,09,21802,A,N,-,C,A,A,H,-,A,A,0,NA,NA,NA,NA,Y,NA,A,01,0,0,4,0,0,0,0,0,0,-,-,NA,NA,LOS ANGELES,LOS ANGELES,-118.26477007,34.07065006
6676702,2014,2014-12-16,1942,2014-10-10,1850,31324,1181,5,5,7,1942,0,0,0,K,0,11721,SCOTT AV,ALVARADO ST,0,NA,N,A,-,N,NA,NA,NA,NA,NA,NA,NA,NA,NA,N,4,0,1,2,A,-,09,21802,A,N,D,C,A,A,H,-,C,A,0,NA,NA,NA,NA,Y,NA,A,01,0,0,1,0,0,0,0,0,0,-,-,NA,NA,LOS ANGELES,LOS ANGELES,-118.26093,34.08176012
6676704,2014,2014-12-16,1942,2014-10-11,1800,36238,0438,6,5,7,1942,0,0,0,D,0,4TL6,VALLEY BL,ALHAMBRA AV,210,E,N,A,-,N,NA,NA,NA,NA,NA,NA,NA,NA,NA,Y,4,0,2,3,A,-,03,22350,NA,N,C,C,A,A,H,-,A,D,0,NA,NA,NA,NA,Y,NA,A,01,0,0,2,0,0,0,0,0,0,-,-,NA,NA,LOS ANGELES,LOS ANGELES,-118.17830215,34.06681255
6676705,2014,2014-12-16,1942,2014-10-08,1500,33260,0216,3,5,7,1942,0,0,0,B,0,2T14,ALVARADO ST,SUNSET BL,15,N,N,A,-,N,NA,NA,NA,NA,NA,NA,NA,NA,NA,N,4,0,1,2,A,-,10,21950,A,N,G,B,B,A,H,-,A,A,0,Y,NA,NA,NA,Y,NA,A,01,0,0,1,0,1,0,0,0,0,-,-,NA,NA,LOS ANGELES,LOS ANGELES,-118.26345656,34.07765622
6676706,2014,2016-02-18,1942,2014-10-04,1120,38335,1128,6,5,7,1942,0,0,0,K,0,11XL25,YORK BL,AVE 53,30,E,N,A,-,N,NA,NA,NA,NA,NA,NA,NA,NA,NA,N,4,0,1,2,A,-,04,21703,NA,N,C,C,A,A,H,-,A,D,0,NA,NA,NA,NA,Y,NA,-,NA,0,0,1,0,0,0,0,0,0,-,-,NA,NA,LOS ANGELES,LOS ANGELES,-118.20038382,34.12023076
6676708,2014,2014-12-16,1942,2014-10-02,1030,39761,0463,4,5,7,1942,0,0,0,D,0,11TL32,4TH ST,STATE ST,235,E,N,A,-,N,NA,NA,NA,NA,NA,NA,NA,NA,NA,N,3,0,1,2,A,-,08,22107,NA,N,A,C,A,A,H,-,A,D,0,NA,NA,NA,NA,Y,NA,A,01,0,1,0,0,0,0,0,0,0,-,-,NA,NA,LOS ANGELES,LOS ANGELES,-118.21771769,34.04314656
6676710,2014,2014-12-16,1942,2014-10-01,2145,31517,1183,3,5,7,1942,0,0,0,K,0,11A71,ALVARADO ST,EFFIE ST,17,N,N,A,-,N,NA,NA,NA,NA,NA,NA,NA,NA,NA,Y,3,0,1,3,C,-,18,NA,NA,N,B,E,A,A,E,-,D,D,0,NA,NA,NA,NA,Y,NA,-,-,0,1,0,0,0,0,0,0,0,-,-,NA,NA,LOS ANGELES,LOS ANGELES,NA,NA
6676712,2014,2014-12-16,1942,2014-10-07,1730,34458,0412,2,5,7,1942,0,0,0,D,0,4TL4,AVENUE 26,LACY ST,70,E,N,A,-,N,NA,NA,NA,NA,NA,NA,NA,NA,NA,N,4,0,3,3,A,-,08,22107,NA,N,B,C,A,A,H,-,A,A,0,NA,NA,NA,NA,Y,NA,A,07,0,0,3,0,0,0,0,0,0,-,-,NA,NA,LOS ANGELES,LOS ANGELES,-118.2202376,34.08168897
6676714,2014,2014-12-16,1942,2014-10-09,0930,40388,1132,4,5,7,1942,0,0,0,K,0,11A51,LOS FELIZ BL,HUXLEY ST,40,W,N,A,-,N,NA,NA,NA,NA,NA,NA,NA,NA,NA,N,3,0,1,2,A,-,08,22107,NA,N,B,G,A,A,H,-,A,D,0,NA,Y,NA,NA,Y,NA,-,NA,0,1,0,0,0,0,1,0,0,-,-,NA,NA,LOS ANGELES,LOS ANGELES,-118.27346578,34.11559746
6676716,2014,2014-12-17,1942,2014-10-03,2000,39876,0439,5,5,7,1942,0,0,0,D,0,13TL53,VALLEY BL,BEATIE PL,359,W,N,A,-,N,NA,NA,NA,NA,NA,NA,NA,NA,NA,Y,3,0,2,2,A,-,03,22350,NA,N,C,C,A,A,H,-,C,D,0,NA,NA,NA,NA,Y,Y,A,07,0,1,1,0,0,0,0,0,0,-,-,NA,NA,LOS ANGELES,LOS ANGELES,-118.17354934,34.0709049