CASE_ID,ACCIDENT_YEAR,PROC_DATE,JURIS,COLLISION_DATE,COLLISION_TIME,OFFICER_ID,REPORTING_DISTRICT,DAY_OF_WEEK,CHP_SHIFT,POPULATION,CNTY_CITY_LOC,SPECIAL_COND,BEAT_TYPE,CHP_BEAT_TYPE,CITY_DIVISION_LAPD,CHP_BEAT_CLASS,BEAT_NUMBER,PRIMARY_RD,SECONDARY_RD,DISTANCE,DIRECTION,INTERSECTION,WEATHER_1,WEATHER_2,STATE_HWY_IND,CALTRANS_COUNTY,CALTRANS_DISTRICT,STATE_ROUTE,ROUTE_SUFFIX,POSTMILE_PREFIX,POSTMILE,LOCATION_TYPE,RAMP_INTERSECTION,SIDE_OF_HWY,TOW_AWAY,COLLISION_SEVERITY,NUMBER_KILLED,NUMBER_INJURED,PARTY_COUNT,PRIMARY_COLL_FACTOR,PCF_CODE_OF_VIOL,PCF_VIOL_CATEGORY,PCF_VIOLATION,PCF_VIOL_SUBSECTION,HIT_AND_RUN,TYPE_OF_COLLISION,MVIW,PED_ACTION,ROAD_SURFACE,ROAD_COND_1,ROAD_COND_2,LIGHTING,CONTROL_DEVICE,CHP_ROAD_TYPE,PEDESTRIAN_ACCIDENT,BICYCLE_ACCIDENT,MOTORCYCLE_ACCIDENT,TRUCK_ACCIDENT,NOT_PRIVATE_PROPERTY,ALCOHOL_INVOLVED,STWD_VEHTYPE_AT_FAULT,CHP_VEHTYPE_AT_FAULT,COUNT_SEVERE_INJ,COUNT_VISIBLE_INJ,COUNT_COMPLAINT_PAIN,COUNT_PED_KILLED,COUNT_PED_INJURED,COUNT_BICYCLIST_KILLED,COUNT_BICYCLIST_INJURED,COUNT_MC_KILLED,COUNT_MC_INJURED,PRIMARY_RAMP,SECONDARY_RAMP,LATITUDE,LONGITUDE,COUNTY,CITY,POINT_X,POINT_Y
6678393,2017,2019-04-05,1976,2017-10-27,1854,378,NA,5,5,5,1976,0,0,0,NA,0,002,WHITTIER BL,PENN ST,173,E,N,A,-,Y,LA,7,72,-,-,4.83,H,-,S,Y,1,1,0,2,A,-,11,21954,A,N,G,B,D,A,H,-,D,D,0,Y,NA,NA,NA,Y,Y,N,60,0,0,0,1,0,0,0,0,0,-,-,NA,NA,LOS ANGELES,WHITTIER,-118.04662815,33.97515402
6678395,2017,2018-01-23,1913,2017-10-03,1645,3835,70,2,5,4,1913,0,0,0,NA,0,004,MOUNT BALDY RD,6.30 MPM,123,N,N,A,-,N,NA,NA,NA,NA,NA,NA,NA,NA,NA,Y,1,1,0,2,A,-,09,21804,A,N,D,C,A,A,H,-,A,D,0,NA,NA,Y,NA,Y,NA,A,01,0,0,0,0,0,0,0,1,0,-,-,NA,NA,LOS ANGELES,CLAREMONT,NA,NA
6678400,2017,2018-02-28,1900,2017-11-04,1705,601786,0417,6,5,6,1985,0,0,0,NA,0,61T1,GOLDEN VALLEY RD,SIERRA HWY,0,NA,Y,A,-,N,NA,NA,NA,NA,NA,NA,NA,NA,NA,Y,1,1,5,3,A,-,03,22350,NA,N,C,C,A,A,H,-,A,A,0,NA,NA,NA,NA,Y,NA,E,22,0,4,1,0,0,0,0,0,0,-,-,NA,NA,LOS ANGELES,SANTA CLARITA,-118.48515007,34.39550007
6678401,2014,2014-12-17,1942,2014-10-02,1940,35419,1342,4,5,7,1942,0,0,0,M,0,13X42,MLK BL,MAIN ST,0,NA,Y,A,-,N,NA,NA,NA,NA,NA,NA,NA,NA,NA,Y,3,0,1,2,A,-,09,21801,A,N,A,C,A,A,H,-,C,A,0,NA,NA,NA,NA,Y,NA,-,NA,0,1,0,0,0,0,0,0,0,-,-,NA,NA,LOS ANGELES,LOS ANGELES,-118.27402008,34.01115003
6678402,2014,2014-12-18,1942,2014-10-09,1235,38124,1153,4,5,7,1942,0,0,0,K,0,13TS3,FRANKLIN AV,HOBART BL,20,W,N,A,-,N,NA,NA,NA,NA,NA,NA,NA,NA,NA,Y,3,0,2,3,A,-,07,21658,A,N,D,A,A,A,H,-,A,A,0,NA,NA,NA,NA,Y,NA,A,07,0,2,0,0,0,0,0,0,0,-,-,NA,NA,LOS ANGELES,LOS ANGELES,-118.30611594,34.10535
6678405,2014,2014-12-17,1942,2014-10-02,1310,32178,NA,4,5,7,1942,0,0,0,NA,0,NA,7TH ST,SANTA FE ST,0,NA,Y,A,-,N,NA,NA,NA,NA,NA,NA,NA,NA,NA,N,4,0,1,2,A,-,17,21203,NA,N,C,C,A,A,H,-,A,A,0,NA,NA,NA,NA,Y,NA,-,NA,0,0,1,0,0,0,0,0,0,-,-,NA,NA,LOS ANGELES,LOS ANGELES,-118.23007013,34.03457011
6678406,2014,2014-12-18,1942,2014-10-06,1655,39640,1149,1,5,7,1942,0,0,0,K,0,A89,FIGUEROA ST,AVE 51,20,S,N,A,-,N,NA,NA,NA,NA,NA,NA,NA,NA,NA,N,4,0,1,2,A,-,04,21703,NA,N,C,C,A,A,-,-,A,D,0,NA,NA,NA,NA,Y,NA,A,01,0,0,1,0,0,0,0,0,0,-,-,NA,NA,LOS ANGELES,LOS ANGELES,-118.20091716,34.10559266
6678408,2014,2014-12-17,1902,2014-10-14,1322,694,11,2,5,5,1902,0,0,0,NA,0,002,SANTA ANITA AV,ALICE ST,0,NA,Y,A,-,N,NA,NA,NA,NA,NA,NA,NA,NA,NA,N,4,0,2,2,A,-,03,22350,NA,N,C,C,A,A,H,-,A,D,0,NA,NA,NA,NA,Y,NA,-,NA,0,0,2,0,0,0,0,0,0,-,-,NA,NA,LOS ANGELES,ARCADIA,-118.03135001,34.13136012
6678409,2014,2014-12-17,1942,2014-10-04,2020,39876,1377,6,5,7,1942,0,0,0,M,0,2T15,HOLMES AV,55TH ST,169,N,N,A,-,N,NA,NA,NA,NA,NA,NA,NA,NA,NA,N,3,0,1,2,A,-,11,21954,A,N,G,B,D,A,H,-,C,D,0,Y,NA,NA,NA,Y,NA,N,60,0,1,0,0,1,0,0,0,0,-,-,NA,NA,LOS ANGELES,LOS ANGELES,-118.24116,33.99342347
6678410,2014,2015-01-12,1942,2014-10-10,2145,38050,1347,5,5,7,1942,0,0,0,M,0,13T53,LONG BEACH AV,41ST ST,0,NA,Y,A,-,N,NA,NA,NA,NA,NA,NA,NA,NA,NA,N,3,0,1,2,A,-,12,21453,A,F,D,G,A,A,H,-,C,D,0,NA,Y,NA,NA,Y,NA,-,-,0,1,0,0,0,0,1,0,0,-,-,NA,NA,LOS ANGELES,LOS ANGELES,-118.24323002,34.00809011
6678412,2014,2015-01-07,1902,2014-10-14,1542,732,11,2,5,5,1902,0,0,0,NA,0,001,SANTA ANITA AV,NEWMAN AV,0,NA,Y,A,-,N,NA,NA,NA,NA,NA,NA,NA,NA,NA,Y,4,0,1,2,A,-,09,21801,A,N,E,I,A,A,H,-,A,D,0,NA,NA,NA,NA,Y,NA,-,NA,0,0,1,0,0,0,0,0,0,-,-,NA,NA,LOS ANGELES,ARCADIA,-118.03164008,34.14642009
6678413,2014,2014-12-18,1942,2014-10-09,2240,31324,0455,4,5,7,1942,0,0,0,D,0,11T21,SOTO ST,WABASH AV,0,NA,Y,A,-,N,NA,NA,NA,NA,NA,NA,NA,NA,NA,N,4,0,3,3,A,-,12,21453,A,N,D,C,-,A,H,-,C,A,0,Y,NA,NA,NA,Y,NA,A,01,0,0,3,0,0,0,0,0,0,-,-,NA,NA,LOS ANGELES,LOS ANGELES,-118.20389001,34.05301002
6678417,2014,2015-01-09,1942,2014-10-10,0940,37225,1321,5,5,7,1942,0,0,0,M,0,13TL53,23RD ST,FLOWER,0,NA,Y,A,-,N,NA,NA,NA,NA,NA,NA,NA,NA,NA,N,4,0,1,2,A,-,10,21950,A,F,G,B,B,A,H,-,A,A,0,Y,NA,NA,NA,Y,NA,-,99,0,0,1,0,1,0,0,0,0,-,-,NA,NA,LOS ANGELES,LOS ANGELES,-118.27300005,34.03015006
6678421,2014,2014-12-18,1942,2014-10-06,1330,37638,1317,1,5,7,1942,0,0,0,M,0,13A9,WASHINGTON,ALAMEDA,10,E,N,A,-,N,NA,NA,NA,NA,NA,NA,NA,NA,NA,N,4,0,1,3,A,-,03,22350,NA,N,C,C,A,A,H,-,A,A,0,NA,NA,NA,NA,Y,NA,A,01,0,0,1,0,0,0,0,0,0,-,-,NA,NA,LOS ANGELES,LOS ANGELES,-118.239525,34.019968
6678422,2014,2014-12-18,1942,2014-10-03,2245,25115,1178,5,5,7,1942,0,0,0,K,0,11121,FIGUEROA ST,LORETO ST,0,NA,Y,A,-,N,NA,NA,NA,NA,NA,NA,NA,NA,NA,Y,4,0,1,2,A,-,09,21802,A,N,D,C,A,A,H,-,C,D,0,NA,NA,NA,NA,Y,NA,A,07,0,0,1,0,0,0,0,0,0,-,-,NA,NA,LOS ANGELES,LOS ANGELES,-118.21772001,34.08742007
6678425,2014,2014-12-17,1942,2014-10-10,1600,36238,1303,5,5,7,1942,0,0,0,M,0,4TL6,12TH ST,CENTRAL AV,250,W,N,A,-,N,NA,NA,NA,NA,NA,NA,NA,NA,NA,N,4,0,1,2,A,-,03,22350,NA,N,C,C,A,A,H,-,A,D,0,NA,NA,NA,NA,Y,NA,A,01,0,0,1,0,0,0,0,0,0,-,-,NA,NA,LOS ANGELES,LOS ANGELES,-118.24599528,34.03049084
6678426,2014,2014-12-18,1942,2014-10-13,1730,37611,1162,1,5,7,1942,0,0,0,K,0,13TL22,SUNSET BL,VIRGIL AV,46,W,N,A,-,N,NA,NA,NA,NA,NA,NA,NA,NA,NA,N,4,0,2,2,A,-,03,22350,NA,N,C,C,A,A,H,-,A,A,0,NA,NA,NA,NA,Y,NA,A,01,0,0,2,0,0,0,0,0,0,-,-,NA,NA,LOS ANGELES,LOS ANGELES,-118.28756156,34.09813417
6678428,2014,2014-12-17,1900,2014-10-15,1120,484628,2115,3,5,5,1943,0,0,0,NA,0,212T4,ATLANTIC AV,BEECHWOOD AV,36,S,N,A,-,N,NA,NA,NA,NA,NA,NA,NA,NA,NA,N,4,0,1,3,A,-,12,21453,A,N,D,C,A,A,H,-,A,A,0,NA,NA,NA,NA,Y,NA,A,01,0,0,1,0,0,0,0,0,0,-,-,NA,NA,LOS ANGELES,LYNWOOD,-118.18576835,33.9254466
6678429,2014,2014-12-17,1942,2014-10-08,1640,31152,1364,3,5,7,1942,0,0,0,M,0,11T21,HOOPER AV,51ST ST,25,N,N,A,-,N,NA,NA,NA,NA,NA,NA,NA,NA,NA,Y,4,0,1,2,A,-,03,22350,NA,N,C,C,A,A,H,-,A,D,0,NA,NA,NA,NA,Y,NA,A,01,0,0,1,0,0,0,0,0,0,-,-,NA,NA,LOS ANGELES,LOS ANGELES,-118.25211,33.99714856
6678430,2014,2014-12-17,1942,2014-10-09,0700,41019,1183,4,5,7,1942,0,0,0,K,0,11T21,SUNSET BL,LOGAN CT,35,E,N,A,-,N,NA,NA,NA,NA,NA,NA,NA,NA,NA,Y,3,0,1,2,A,-,08,22107,NA,N,C,E,A,A,H,-,A,D,0,NA,NA,NA,NA,Y,NA,A,01,0,1,0,0,0,0,0,0,0,-,-,NA,NA,LOS ANGELES,LOS ANGELES,-118.25835776,34.07719555
6678432,2014,2015-01-12,1900,2014-10-01,1600,525044,2111,3,5,5,1943,0,0,0,NA,0,212T3,STATE ST,MARTIN LUTHER KING JR BL,0,NA,Y,A,-,N,NA,NA,NA,NA,NA,NA,NA,NA,NA,Y,4,0,1,2,A,-,09,21801,A,N,A,C,A,A,H,-,A,A,0,NA,NA,NA,NA,Y,NA,A,07,0,0,1,0,0,0,0,0,0,-,-,NA,NA,LOS ANGELES,LYNWOOD,-118.2156,33.93705
6678433,2014,2016-02-18,1942,2014-10-12,1540,37611,1383,7,5,7,1942,0,0,0,M,0,13TL22,SLAUSON AV,BROADWAY,65,W,N,A,-,N,NA,NA,NA,NA,NA,NA,NA,NA,NA,N,3,0,1,2,A,-,03,22350,NA,N,G,B,-,A,H,-,A,D,0,Y,Y,NA,NA,Y,NA,L,04,0,1,0,0,1,0,0,0,0,-,-,NA,NA,LOS ANGELES,LOS ANGELES,-118.27851395,33.98917604
6678434,2014,2014-12-17,1942,2014-10-06,0735,38399,1184,1,5,7,1942,0,0,0,K,0,2T15,SARGENT PL,SCOTT AV,52,N,N,A,-,N,NA,NA,NA,NA,NA,NA,NA,NA,NA,Y,3,0,2,1,A,-,21,22106,NA,N,E,I,A,A,G,-,A,D,0,NA,NA,NA,NA,Y,NA,A,01,0,2,0,0,0,0,0,0,0,-,-,NA,NA,LOS ANGELES,LOS ANGELES,-118.25319079,34.07907646
6678435,2014,2014-12-17,1902,2014-10-17,1531,696,24,5,5,5,1902,0,0,0,NA,0,004,DUARTE RD,EL MONTE AV,280,E,N,B,-,N,NA,NA,NA,NA,NA,NA,NA,NA,NA,N,3,0,2,3,A,-,-,NA,NA,N,C,C,A,A,H,-,A,D,0,NA,NA,NA,NA,Y,NA,A,01,0,2,0,0,0,0,0,0,0,-,-,NA,NA,LOS ANGELES,ARCADIA,-118.03905248,34.12838076
6678437,2014,2014-12-18,1942,2014-10-08,1055,39349,1331,3,5,7,1942,0,0,0,M,0,13T55,23RD ST,SAN PEDRO ST,133,E,N,A,-,N,NA,NA,NA,NA,NA,NA,NA,NA,NA,Y,3,0,3,2,A,-,09,21801,A,N,D,C,A,A,H,-,A,D,0,NA,NA,NA,NA,Y,NA,A,01,0,1,2,0,0,0,0,0,0,-,-,NA,NA,LOS ANGELES,LOS ANGELES,-118.25935079,34.02389262
6678439,2014,2014-12-17,1902,2014-10-18,0019,710,11,6,5,5,1902,0,0,0,NA,0,001,SANTA ANITA AV,SANTA CLARA ST,76,S,N,B,-,N,NA,NA,NA,NA,NA,NA,NA,NA,NA,N,4,0,1,2,A,-,03,22350,NA,N,C,C,A,A,H,-,C,A,0,NA,NA,NA,NA,Y,Y,-,NA,0,0,1,0,0,0,0,0,0,-,-,NA,NA,LOS ANGELES,ARCADIA,-118.03156,34.14201182
6678441,2014,2014-12-18,1942,2014-10-08,1220,40726,1321,3,5,7,1942,0,0,0,M,0,1T11,BROADWAY,25TH,13,N,N,A,-,N,NA,NA,NA,NA,NA,NA,NA,NA,NA,Y,4,0,1,2,A,-,09,21802,A,N,D,C,A,A,H,-,A,A,0,NA,NA,NA,NA,Y,NA,A,01,0,0,1,0,0,0,0,0,0,-,-,NA,NA,LOS ANGELES,LOS ANGELES,-118.26913957,34.02632133
6678443,2014,2014-12-17,1928,2014-10-06,1210,352,506,1,5,5,1928,0,0,0,NA,0,0H1,INGLEWOOD AV,120TH ST,0,NA,Y,A,-,N,NA,NA,NA,NA,NA,NA,NA,NA,NA,N,3,0,1,3,A,-,10,21950,A,N,G,B,B,A,H,-,A,A,0,Y,NA,NA,NA,Y,NA,A,01,0,1,0,0,1,0,0,0,0,-,-,NA,NA,LOS ANGELES,HAWTHORNE,-118.36131013,33.92365012
6678445,2014,2014-12-17,1942,2014-10-07,1720,31476,1373,2,5,7,1942,0,0,0,M,0,2T14,AVALON BL,52ND ST,20,S,N,A,-,N,NA,NA,NA,NA,NA,NA,NA,NA,NA,N,4,0,1,2,A,-,09,21801,A,N,D,G,A,A,H,-,A,D,0,NA,Y,NA,NA,Y,NA,A,01,0,0,1,0,0,0,1,0,0,-,-,NA,NA,LOS ANGELES,LOS ANGELES,-118.26523,33.99568515
6678447,2014,2014-12-17,1928,2014-10-09,1811,384,518,4,5,5,1928,0,0,0,NA,0,0H4,PRAIRIE AV,133RD ST,50,S,N,A,-,N,NA,NA,NA,NA,NA,NA,NA,NA,NA,Y,4,0,1,2,A,-,04,21703,NA,N,C,C,A,A,H,-,A,A,0,NA,NA,NA,NA,Y,NA,A,01,0,0,1,0,0,0,0,0,0,-,-,NA,NA,LOS ANGELES,HAWTHORNE,-118.34388,33.91184286
6678449,2014,2014-12-17,1942,2014-10-03,1205,40726,1373,5,5,7,1942,0,0,0,M,0,1TL11,SLAUSON AV,CENTRAL AV,261,W,N,A,-,N,NA,NA,NA,NA,NA,NA,NA,NA,NA,Y,4,0,1,2,A,-,03,22350,NA,N,C,C,A,A,H,-,A,A,0,NA,NA,NA,NA,Y,NA,A,07,0,0,1,0,0,0,0,0,0,-,-,NA,NA,LOS ANGELES,LOS ANGELES,-118.25731918,33.98932793
6678451,2014,2014-12-17,1928,2014-10-19,1426,324,509,7,5,5,1928,0,0,0,NA,0,502,PRAIRIE AV,BROADWAY,0,NA,Y,A,-,N,NA,NA,NA,NA,NA,NA,NA,NA,NA,N,4,0,1,2,A,-,03,22350,NA,N,C,C,A,A,H,-,A,A,0,NA,NA,NA,NA,Y,NA,A,08,0,0,1,0,0,0,0,0,0,-,-,NA,NA,LOS ANGELES,HAWTHORNE,-118.3438801,33.92008004
6678453,2014,2014-12-18,1942,2014-10-05,1515,39889,1307,7,5,7,1942,0,0,0,M,0,1TL24,OLYMPIC BL,KOHLER ST,25,W,N,A,-,N,NA,NA,NA,NA,NA,NA,NA,NA,NA,Y,3,0,2,3,A,-,09,21801,A,N,D,C,A,A,H,-,A,D,0,NA,NA,NA,NA,Y,NA,A,07,0,1,1,0,0,0,0,0,0,-,-,NA,NA,LOS ANGELES,LOS ANGELES,-118.24601118,34.03358589
6678457,2014,2014-12-18,1942,2014-10-02,1830,39359,1345,4,5,7,1942,0,0,0,M,0,13T53,HOOPER AV,34TH ST,34,S,N,A,-,N,NA,NA,NA,NA,NA,NA,NA,NA,NA,N,4,0,3,4,A,-,03,22350,NA,N,C,C,A,A,H,-,C,D,0,NA,NA,NA,NA,Y,NA,A,01,0,0,3,0,0,0,0,0,0,-,-,NA,NA,LOS ANGELES,LOS ANGELES,-118.25215778,34.01273677
6678461,2014,2014-12-17,1942,2014-10-07,1006,38357,0285,2,5,7,1942,0,0,0,B,0,11TL21,12TH ST,UNION AV,6,E,N,A,-,N,NA,NA,NA,NA,NA,NA,NA,NA,NA,N,2,0,1,2,A,-,05,21650,1,N,D,G,A,A,H,-,A,D,0,NA,Y,NA,NA,Y,NA,L,04,1,0,0,0,0,0,1,0,0,-,-,NA,NA,LOS ANGELES,LOS ANGELES,-118.27602258,34.04620222
6678465,2014,2014-12-17,1942,2014-10-06,1535,40099,1363,1,5,7,1942,0,0,0,M,0,4TL4,CENTRAL,51ST ST,40,S,N,A,-,N,NA,NA,NA,NA,NA,NA,NA,NA,NA,Y,3,0,3,2,A,-,09,21802,NA,N,D,C,A,A,H,-,A,D,0,NA,NA,NA,NA,Y,NA,A,01,0,1,2,0,0,0,0,0,0,-,-,NA,NA,LOS ANGELES,LOS ANGELES,-118.25647,33.9970003
6678469,2014,2014-12-17,1942,2014-10-10,1200,37225,1351,5,5,7,1942,0,0,0,M,0,13TL53,MLK BL,BROADWAY,0,NA,Y,A,-,N,NA,NA,NA,NA,NA,NA,NA,NA,NA,N,4,0,1,2,A,-,08,22107,NA,N,G,G,A,A,H,-,A,A,0,NA,Y,NA,NA,Y,NA,A,08,0,0,1,0,0,0,1,0,0,-,-,NA,NA,LOS ANGELES,LOS ANGELES,-118.27886,34.01111006
6678473,2014,2014-12-18,1942,2014-10-11,1155,39349,1372,6,5,7,1942,0,0,0,M,0,13TL53,SLAUSON AV,METTLER ST,0,NA,Y,A,-,N,NA,NA,NA,NA,NA,NA,NA,NA,NA,N,4,0,2,2,A,-,09,21801,A,N,D,C,A,A,H,-,A,D,0,NA,NA,NA,NA,Y,NA,A,01,0,0,2,0,0,0,0,0,0,-,-,NA,NA,LOS ANGELES,LOS ANGELES,-118.26640012,33.98924004
6678477,2014,2014-12-18,1942,2014-10-10,1740,39889,1372,5,5,7,1942,0,0,0,M,0,1T24,SLAUSON AV,CROCKER ST,0,NA,Y,A,-,N,NA,NA,NA,NA,NA,NA,NA,NA,NA,N,3,0,1,2,A,-,09,21801,A,N,D,C,A,A,H,-,A,A,0,NA,NA,NA,NA,Y,NA,A,01,0,1,0,0,0,0,0,0,0,-,-,NA,NA,LOS ANGELES,LOS ANGELES,-118.26854004,33.98924011
6678648,2014,2014-12-30,1942,2014-10-19,1240,39037,0182,7,5,7,1942,0,0,0,A,0,1AG1,FIGUEROA,12TH ST,60,W,N,A,-,N,NA,NA,NA,NA,NA,NA,NA,NA,NA,N,4,0,2,2,A,-,08,22107,NA,N,D,C,A,A,H,-,A,D,0,NA,NA,NA,NA,Y,NA,D,22,0,0,2,0,0,0,0,0,0,-,-,NA,NA,LOS ANGELES,LOS ANGELES,-118.26698917,34.04176544
6678668,2014,2015-01-06,1942,2014-10-20,0550,37225,0152,1,5,7,1942,0,0,0,A,0,1TL11,6TH ST,FLOWER ST,0,NA,Y,A,-,N,NA,NA,NA,NA,NA,NA,NA,NA,NA,Y,3,0,2,2,A,-,12,21453,A,N,D,C,A,A,H,-,B,A,0,NA,NA,NA,NA,Y,NA,A,08,0,2,0,0,0,0,0,0,0,-,-,NA,NA,LOS ANGELES,LOS ANGELES,-118.25746002,34.05016012
6678675,2014,2014-12-23,1942,2014-10-18,0040,39062,1352,6,5,7,1942,0,0,0,M,0,11T21,MAIN ST,47TH ST,30,S,N,A,-,N,NA,NA,NA,NA,NA,NA,NA,NA,NA,Y,4,0,1,2,A,-,01,23152,E,N,C,C,A,A,H,-,A,D,0,NA,NA,NA,NA,Y,NA,A,01,0,0,1,0,0,0,0,0,0,-,-,NA,NA,LOS ANGELES,LOS ANGELES,-118.27398,34.00095772
6678676,2014,2014-12-30,1942,2014-10-21,2105,40730,0185,2,5,7,1942,0,0,0,A,0,2T15,BROADWAY,OLYMPIC BL,0,NA,Y,A,-,N,NA,NA,NA,NA,NA,NA,NA,NA,NA,N,3,0,1,2,A,-,10,21950,A,N,B,B,B,A,H,-,C,A,0,Y,NA,NA,NA,Y,Y,D,22,0,1,0,0,1,0,0,0,0,-,-,NA,NA,LOS ANGELES,LOS ANGELES,-118.25740014,34.04093002
6678680,2014,2014-12-30,1942,2014-10-18,2115,39876,0251,6,5,7,1942,0,0,0,B,0,2T15,3RD ST,RAMPART BL,0,NA,Y,A,-,N,NA,NA,NA,NA,NA,NA,NA,NA,NA,Y,3,0,1,3,A,-,09,21801,A,F,A,C,A,A,H,-,C,A,0,NA,NA,NA,NA,Y,NA,-,99,0,1,0,0,0,0,0,0,0,-,-,NA,NA,LOS ANGELES,LOS ANGELES,-118.27888013,34.06625007
6678684,2014,2015-01-15,1942,2014-10-20,1800,38357,0218,1,5,7,1942,0,0,0,B,0,2T15,ECHO PARK AV,LAGUNA AV,85,S,N,A,-,N,NA,NA,NA,NA,NA,NA,NA,NA,NA,Y,3,0,3,4,A,-,01,23152,A,N,C,E,A,A,H,-,A,D,0,NA,NA,NA,NA,Y,Y,D,22,0,1,2,0,0,0,0,0,0,-,-,NA,NA,LOS ANGELES,LOS ANGELES,-118.25975848,34.0724891
6678688,2014,2014-12-30,1942,2014-10-13,0930,25635,0466,1,5,7,1942,0,0,0,D,0,4A15,FICKETT ST,CESAR CHAVEZ,300,S,N,A,-,N,NA,NA,NA,NA,NA,NA,NA,NA,NA,N,3,0,1,3,A,-,06,21750,NA,N,C,C,A,A,H,-,A,D,0,NA,NA,Y,NA,Y,NA,D,82,0,1,0,0,0,0,0,0,1,-,-,NA,NA,LOS ANGELES,LOS ANGELES,-118.20497,34.045568
6678695,2014,2014-12-29,1942,2014-10-20,1749,31324,1184,1,5,7,1942,0,0,0,K,0,2T15,SUNSET BL,LA VETA TER,0,NA,Y,A,-,N,NA,NA,NA,NA,NA,NA,NA,NA,NA,N,4,0,1,3,A,-,01,23152,A,F,C,C,A,A,H,-,B,A,0,NA,NA,NA,NA,Y,Y,D,22,0,0,1,0,0,0,0,0,0,-,-,NA,NA,LOS ANGELES,LOS ANGELES,-118.25628003,34.07629005
6678699,2014,2014-12-30,1942,2014-10-20,1755,31324,1181,1,5,7,1942,0,0,0,K,0,2T15,ALVARADO ST,RESERVOIR ST,43,S,N,A,-,N,NA,NA,NA,NA,NA,NA,NA,NA,NA,Y,4,0,1,5,A,-,01,23152,A,F,C,C,A,A,H,-,B,A,0,NA,NA,NA,NA,Y,Y,D,22,0,0,1,0,0,0,0,0,0,-,-,NA,NA,LOS ANGELES,LOS ANGELES,-118.26266368,34.07894465
6678700,2014,2016-03-01,1942,2014-10-17,1755,36238,1375,5,5,7,1942,0,0,0,M,0,4TL6,58TH ST,HOOPER AV,0,NA,Y,A,-,N,NA,NA,NA,NA,NA,NA,NA,NA,NA,Y,4,0,1,3,A,-,09,21802,A,F,D,C,A,A,H,-,A,A,0,NA,NA,NA,Y,Y,NA,A,01,0,0,1,0,0,0,0,0,0,-,-,NA,NA,LOS ANGELES,LOS ANGELES,-118.2521201,33.99016005
6678706,2014,2014-12-23,1942,2014-10-21,1420,33260,1346,2,5,7,1942,0,0,0,M,0,2T14,43RD ST,HOOPER AV,0,NA,Y,A,-,N,NA,NA,NA,NA,NA,NA,NA,NA,NA,Y,4,0,2,4,A,-,01,23152,A,N,D,C,A,A,H,-,A,A,0,NA,NA,NA,NA,Y,Y,A,07,0,0,2,0,0,0,0,0,0,-,-,NA,NA,LOS ANGELES,LOS ANGELES,-118.25213013,34.00573007
6678707,2014,2014-12-24,1942,2014-10-20,1450,40099,1189,1,5,7,1942,0,0,0,K,0,4TL4,FIGUEROA ST,AVE 28,20,N,N,A,-,N,NA,NA,NA,NA,NA,NA,NA,NA,NA,N,4,0,1,2,C,-,18,NA,NA,N,H,G,A,A,H,-,A,A,0,NA,Y,NA,NA,Y,NA,-,-,0,0,1,0,0,0,1,0,0,-,-,NA,NA,LOS ANGELES,LOS ANGELES,-118.22114198,34.08482758
6678710,2014,2014-12-03,1942,2014-10-12,0810,40726,02498,7,5,7,1942,0,0,0,B,0,1TL11,6TH ST,LUCAS AV,0,NA,Y,A,-,N,NA,NA,NA,NA,NA,NA,NA,NA,NA,Y,4,0,2,2,A,-,12,21453,A,N,D,C,A,A,H,-,A,A,0,NA,NA,NA,NA,Y,NA,-,-,0,0,2,0,0,0,0,0,0,-,-,NA,NA,LOS ANGELES,LOS ANGELES,-118.26377004,34.05475003
6678711,2014,2014-12-24,1942,2014-06-18,0415,39876,1127,3,5,7,1942,0,0,0,K,0,2T15,FIGUEROA ST,HAMLET ST,27,N,N,A,-,N,NA,NA,NA,NA,NA,NA,NA,NA,NA,N,4,0,1,2,A,-,08,22102,NA,F,D,C,A,A,H,-,C,D,0,NA,NA,NA,NA,Y,NA,-,99,0,0,1,0,0,0,0,0,0,-,-,NA,NA,LOS ANGELES,LOS ANGELES,-118.18352694,34.11799381
6678714,2014,2014-12-23,1942,2014-10-22,1220,38171,0408,3,5,7,1942,0,0,0,D,0,11TL32,HUNTINGTON DR,PUEBLO AV,96,W,N,A,-,N,NA,NA,NA,NA,NA,NA,NA,NA,NA,Y,4,0,2,3,A,-,03,22350,NA,F,C,C,A,A,H,-,A,D,0,NA,NA,NA,NA,Y,NA,-,99,0,0,2,0,0,0,0,0,0,-,-,NA,NA,LOS ANGELES,LOS ANGELES,-118.17519938,34.08755643
6678719,2014,2015-01-06,1942,2014-10-14,0435,32973,1391,2,5,7,1942,0,0,0,M,0,11TL32,BROADWAY,62ND ST,60,N,N,A,-,N,NA,NA,NA,NA,NA,NA,NA,NA,NA,Y,4,0,1,2,A,-,08,22107,NA,N,D,E,A,A,H,-,C,D,0,NA,NA,NA,Y,Y,NA,A,01,0,0,1,0,0,0,0,0,0,-,-,NA,NA,LOS ANGELES,LOS ANGELES,-118.278296,33.983443
6678777,2014,2014-12-29,1901,2014-10-05,1426,799,1,7,5,5,1901,0,0,0,NA,0,001,ALHAMBRA RD,NOVELDA RD,0,NA,Y,A,-,N,NA,NA,NA,NA,NA,NA,NA,NA,NA,N,4,0,2,2,A,-,03,22350,NA,N,C,C,A,A,H,-,A,D,0,NA,NA,NA,NA,Y,NA,A,01,0,0,2,0,0,0,0,0,0,-,-,NA,NA,LOS ANGELES,ALHAMBRA,-118.12665003,34.10259008
6678786,2014,2015-01-28,1901,2014-09-26,1607,799,15,5,5,5,1901,0,0,0,NA,0,002,NEW AV,VALLEY BL,30,S,N,A,-,N,NA,NA,NA,NA,NA,NA,NA,NA,NA,N,4,0,1,2,A,-,03,22350,NA,N,C,A,A,A,H,-,A,A,0,NA,NA,NA,NA,Y,NA,A,01,0,0,1,0,0,0,0,0,0,-,-,NA,NA,LOS ANGELES,ALHAMBRA,-118.1083,34.07923774