CASE_ID,ACCIDENT_YEAR,PROC_DATE,JURIS,COLLISION_DATE,COLLISION_TIME,OFFICER_ID,REPORTING_DISTRICT,DAY_OF_WEEK,CHP_SHIFT,POPULATION,CNTY_CITY_LOC,SPECIAL_COND,BEAT_TYPE,CHP_BEAT_TYPE,CITY_DIVISION_LAPD,CHP_BEAT_CLASS,BEAT_NUMBER,PRIMARY_RD,SECONDARY_RD,DISTANCE,DIRECTION,INTERSECTION,WEATHER_1,WEATHER_2,STATE_HWY_IND,CALTRANS_COUNTY,CALTRANS_DISTRICT,STATE_ROUTE,ROUTE_SUFFIX,POSTMILE_PREFIX,POSTMILE,LOCATION_TYPE,RAMP_INTERSECTION,SIDE_OF_HWY,TOW_AWAY,COLLISION_SEVERITY,NUMBER_KILLED,NUMBER_INJURED,PARTY_COUNT,PRIMARY_COLL_FACTOR,PCF_CODE_OF_VIOL,PCF_VIOL_CATEGORY,PCF_VIOLATION,PCF_VIOL_SUBSECTION,HIT_AND_RUN,TYPE_OF_COLLISION,MVIW,PED_ACTION,ROAD_SURFACE,ROAD_COND_1,ROAD_COND_2,LIGHTING,CONTROL_DEVICE,CHP_ROAD_TYPE,PEDESTRIAN_ACCIDENT,BICYCLE_ACCIDENT,MOTORCYCLE_ACCIDENT,TRUCK_ACCIDENT,NOT_PRIVATE_PROPERTY,ALCOHOL_INVOLVED,STWD_VEHTYPE_AT_FAULT,CHP_VEHTYPE_AT_FAULT,COUNT_SEVERE_INJ,COUNT_VISIBLE_INJ,COUNT_COMPLAINT_PAIN,COUNT_PED_KILLED,COUNT_PED_INJURED,COUNT_BICYCLIST_KILLED,COUNT_BICYCLIST_INJURED,COUNT_MC_KILLED,COUNT_MC_INJURED,PRIMARY_RAMP,SECONDARY_RAMP,LATITUDE,LONGITUDE,COUNTY,CITY,POINT_X,POINT_Y
6681310,2014,2014-12-11,1942,2014-10-06,1525,39701,0929,1,5,7,1942,0,0,0,I,0,9TL52,KITTRIDGE ST,VARNA AV,0,NA,Y,A,-,N,NA,NA,NA,NA,NA,NA,NA,NA,NA,Y,3,0,1,2,A,-,12,22450,A,N,D,C,A,A,H,-,A,A,0,NA,NA,NA,NA,Y,NA,A,01,0,1,0,0,0,0,0,0,0,-,-,NA,NA,LOS ANGELES,LOS ANGELES,-118.42472005,34.19030007
6681311,2014,2014-12-11,1942,2014-10-15,1850,34332,1541,3,5,7,1942,0,0,0,O,0,16T25,MAGNOLIA BL,BELLAIRE AV,60,W,N,A,-,N,NA,NA,NA,NA,NA,NA,NA,NA,NA,Y,4,0,2,3,A,-,03,22350,NA,N,C,C,A,A,H,-,A,A,0,NA,NA,NA,NA,Y,NA,A,08,0,0,2,0,0,0,0,0,0,-,-,NA,NA,LOS ANGELES,LOS ANGELES,-118.40963797,34.16487182
6681312,2014,2014-12-12,1942,2014-10-06,0900,38947,1046,1,5,7,1942,0,0,0,J,0,10A17,WHITE OAK AV,BURBANK BL,0,NA,Y,A,-,N,NA,NA,NA,NA,NA,NA,NA,NA,NA,Y,4,0,1,2,A,-,04,21703,NA,N,C,C,A,A,H,-,A,A,0,NA,NA,NA,NA,Y,NA,A,01,0,0,1,0,0,0,0,0,0,-,-,NA,NA,LOS ANGELES,LOS ANGELES,-118.51854005,34.17224012
6681314,2014,2014-12-11,1942,2014-10-06,1625,38033,0923,1,5,7,1942,0,0,0,I,0,19TL72,VANOWEN ST,COLUMBUS AV,30,W,N,A,-,N,NA,NA,NA,NA,NA,NA,NA,NA,NA,Y,4,0,1,2,A,-,07,21658,A,N,B,C,A,A,H,-,A,A,0,NA,NA,NA,NA,Y,NA,A,07,0,0,1,0,0,0,0,0,0,-,-,NA,NA,LOS ANGELES,LOS ANGELES,-118.46412901,34.19392854
6681315,2014,2014-12-11,1942,2014-10-16,1915,40207,1569,4,5,7,1942,0,0,0,O,0,16T25,SPRING LN,CAHUENGA BL,0,NA,Y,A,-,N,NA,NA,NA,NA,NA,NA,NA,NA,NA,Y,4,0,1,2,A,-,09,21802,A,N,D,C,A,A,H,-,C,A,0,NA,NA,NA,NA,Y,NA,A,01,0,0,1,0,0,0,0,0,0,-,-,NA,NA,LOS ANGELES,LOS ANGELES,NA,NA
6681316,2014,2014-12-11,1942,2014-10-01,1320,39192,1559,3,5,7,1942,0,0,0,O,0,10TL36,CAHUENGA BL,OTSEGO ST,50,S,N,A,-,N,NA,NA,NA,NA,NA,NA,NA,NA,NA,N,4,0,1,2,D,-,00,NA,NA,N,C,C,A,A,H,-,A,D,0,NA,NA,NA,NA,Y,NA,-,-,0,0,1,0,0,0,0,0,0,-,-,NA,NA,LOS ANGELES,LOS ANGELES,-118.36154775,34.16297288
6681318,2014,2014-12-11,1942,2014-10-05,1620,38996,0933,7,5,7,1942,0,0,0,I,0,9TL56,VAN NUYS BL,VICTORY BL,0,NA,Y,A,-,N,NA,NA,NA,NA,NA,NA,NA,NA,NA,Y,4,0,2,2,A,-,12,21453,A,N,D,B,A,A,H,-,A,A,0,NA,NA,NA,NA,Y,NA,A,07,0,0,2,0,0,0,0,0,0,-,-,NA,NA,LOS ANGELES,LOS ANGELES,-118.4487401,34.18667005
6681319,2014,2015-01-08,1942,2014-10-15,1015,38181,1591,3,5,7,1942,0,0,0,O,0,21TL61,LAUREL CANYON BL,VENTURA PL,0,NA,Y,B,-,N,NA,NA,NA,NA,NA,NA,NA,NA,NA,Y,4,0,3,2,A,-,12,21453,A,N,D,C,A,A,H,-,A,A,0,NA,NA,NA,NA,Y,NA,-,-,0,0,3,0,0,0,0,0,0,-,-,NA,NA,LOS ANGELES,LOS ANGELES,-118.39579001,34.14500001
6681320,2014,2014-12-11,1942,2014-10-03,0745,37353,1523,5,5,7,1942,0,0,0,O,0,19T73,WHITSETT AV,ERWIN ST,0,NA,Y,A,-,N,NA,NA,NA,NA,NA,NA,NA,NA,NA,N,4,0,3,4,A,-,10,21950,A,N,G,B,B,A,H,-,A,A,0,Y,NA,NA,NA,Y,NA,A,01,0,0,3,0,3,0,0,0,0,-,-,NA,NA,LOS ANGELES,LOS ANGELES,-118.4052601,34.18306004
6681322,2014,2014-12-11,1942,2014-10-08,1015,38850,0984,3,5,7,1942,0,0,0,I,0,15TL45,VENTURA BL,CEDROS AV,400,W,N,A,-,N,NA,NA,NA,NA,NA,NA,NA,NA,NA,N,4,0,1,2,A,-,09,21801,A,N,A,C,A,A,H,-,A,D,0,NA,NA,NA,NA,Y,NA,A,01,0,0,1,0,0,0,0,0,0,-,-,NA,NA,LOS ANGELES,LOS ANGELES,-118.45434625,34.15184585
6681323,2014,2014-12-11,1942,2014-10-15,1700,33294,1596,3,5,7,1942,0,0,0,O,0,35M74,TUJUNGA AV,VENTURA BL,0,NA,Y,A,-,N,NA,NA,NA,NA,NA,NA,NA,NA,NA,Y,3,0,1,2,A,-,09,21801,A,N,D,C,A,A,H,-,A,A,0,NA,NA,NA,NA,Y,NA,A,01,0,1,0,0,0,0,0,0,0,-,-,NA,NA,LOS ANGELES,LOS ANGELES,-118.3789801,34.13989002
6681324,2014,2014-12-11,1942,2014-10-15,0755,39085,1532,3,5,7,1942,0,0,0,O,0,15TL47,WHITSETT AV,CALIFA ST,161,N,N,A,-,N,NA,NA,NA,NA,NA,NA,NA,NA,NA,N,3,0,1,2,A,-,03,22350,NA,N,D,G,A,B,G,-,A,D,0,NA,Y,NA,NA,Y,NA,L,04,0,1,0,0,0,0,1,0,0,-,-,NA,NA,LOS ANGELES,LOS ANGELES,-118.40526,34.17798159
6681326,2014,2014-12-11,1942,2014-10-04,0910,30830,0932,6,5,7,1942,0,0,0,I,0,16TL23,VICTORY BL,SEPULVEDA BL,0,NA,Y,A,-,N,NA,NA,NA,NA,NA,NA,NA,NA,NA,Y,3,0,4,2,A,-,12,21453,A,N,D,C,A,A,H,-,A,A,0,NA,NA,NA,NA,Y,NA,A,01,0,1,3,0,0,0,0,0,0,-,-,NA,NA,LOS ANGELES,LOS ANGELES,-118.46617011,34.18666009
6681327,2014,2014-12-11,1942,2014-10-08,1600,39971,1596,3,5,7,1942,0,0,0,O,0,16TL24,VINELAND AV,AQUA VISTA ST,500,N,N,A,-,Y,NA,NA,NA,NA,NA,NA,NA,NA,NA,Y,3,0,4,2,A,-,09,21453,B,N,A,C,A,A,H,-,A,A,0,NA,NA,NA,NA,Y,NA,A,01,0,3,1,0,0,0,0,0,0,-,-,NA,NA,LOS ANGELES,LOS ANGELES,-118.3707693,34.14618514
6681328,2014,2014-12-11,1942,2014-10-04,1555,39217,1551,6,5,7,1942,0,0,0,O,0,17TL12,RIVERSIDE DR,LAUREL GROVE AV,25,W,N,A,-,N,NA,NA,NA,NA,NA,NA,NA,NA,NA,Y,4,0,1,2,A,-,04,21703,NA,N,C,C,A,A,H,-,A,D,0,NA,NA,NA,NA,Y,NA,A,01,0,0,1,0,0,0,0,0,0,-,-,NA,NA,LOS ANGELES,LOS ANGELES,-118.40095248,34.15761
6681330,2014,2014-12-11,1942,2014-10-01,0800,39085,0971,3,5,7,1942,0,0,0,I,0,15TL47,MOORPARK ST,KESTER AV,6,E,N,A,-,N,NA,NA,NA,NA,NA,NA,NA,NA,NA,N,3,0,2,3,A,-,10,21950,A,N,G,B,C,A,H,-,A,A,0,Y,NA,NA,NA,Y,NA,A,01,0,1,1,0,2,0,0,0,0,-,-,NA,NA,LOS ANGELES,LOS ANGELES,-118.45743055,34.15380696
6681331,2014,2014-12-11,1942,2014-10-08,1200,33829,1547,3,5,7,1942,0,0,0,O,0,16TL25,LANKERSHIM BL,BURBANK BL,0,NA,Y,A,-,N,NA,NA,NA,NA,NA,NA,NA,NA,NA,N,4,0,2,3,A,-,03,22350,NA,N,C,C,A,A,H,-,A,D,0,NA,NA,NA,NA,Y,NA,A,07,0,0,2,0,0,0,0,0,0,-,-,NA,NA,LOS ANGELES,LOS ANGELES,-118.37904,34.17215007
6681332,2014,2014-12-11,1942,2014-10-04,2105,32820,1515,6,5,7,1942,0,0,0,O,0,15A67,VANOWEN ST,HINDS AV,73,W,N,A,-,N,NA,NA,NA,NA,NA,NA,NA,NA,NA,N,4,0,1,2,A,-,09,21801,A,N,D,C,A,A,H,-,C,D,0,NA,NA,NA,NA,Y,NA,A,01,0,0,1,0,0,0,0,0,0,-,-,NA,NA,LOS ANGELES,LOS ANGELES,-118.39133095,34.19394
6681334,2014,2014-12-11,1942,2014-10-01,1415,40863,0904,3,5,7,1942,0,0,0,I,0,19A43,SEPULVEDA BL,RAYMER ST,0,NA,Y,A,-,N,NA,NA,NA,NA,NA,NA,NA,NA,NA,Y,3,0,4,2,A,-,09,21801,A,N,D,C,A,A,H,-,A,A,0,NA,NA,NA,NA,Y,NA,A,01,0,3,1,0,0,0,0,0,0,-,-,NA,NA,LOS ANGELES,LOS ANGELES,-118.46617004,34.21419
6681335,2014,2014-12-26,1942,2014-10-06,1500,32242,931,1,5,7,1942,0,0,0,NA,0,9A5,OXNARD ST,SEPULVEDA BL,0,NA,Y,A,-,N,NA,NA,NA,NA,NA,NA,NA,NA,NA,N,4,0,1,2,A,-,-,NA,NA,F,C,C,A,A,H,-,A,A,0,NA,NA,NA,NA,Y,Y,-,99,0,0,1,0,0,0,0,0,0,-,-,NA,NA,LOS ANGELES,LOS ANGELES,-118.46616005,34.17937003
6681336,2014,2014-12-11,1942,2014-10-01,2100,34561,1523,3,5,7,1942,0,0,0,O,0,16T23,VICTORY BL,WILKINSON AV,800,E,N,A,-,Y,NA,NA,NA,NA,NA,NA,NA,NA,NA,Y,4,0,3,2,A,-,03,22350,NA,N,C,C,A,A,H,-,C,D,0,NA,NA,NA,NA,Y,NA,A,01,0,0,3,0,0,0,0,0,0,-,-,NA,NA,LOS ANGELES,LOS ANGELES,-118.40153031,34.18668916
6681338,2014,2014-12-11,1942,2014-10-01,1735,39192,0935,3,5,7,1942,0,0,0,I,0,10TL36,VAN NUYS BL,FRIAR ST,0,NA,Y,A,-,N,NA,NA,NA,NA,NA,NA,NA,NA,NA,N,3,0,1,2,A,-,09,21801,A,N,D,C,A,A,H,-,A,A,0,NA,NA,NA,NA,Y,NA,A,01,0,1,0,0,0,0,0,0,0,-,-,NA,NA,LOS ANGELES,LOS ANGELES,-118.44873006,34.18568005
6681339,2014,2014-12-11,1942,2014-10-20,2330,40567,0911,1,5,7,1942,0,0,0,I,0,9T53,PEACH AV,HART ST,347,S,N,A,-,N,NA,NA,NA,NA,NA,NA,NA,NA,NA,Y,4,0,1,2,A,-,01,23152,A,N,A,E,A,A,H,-,C,D,0,NA,NA,NA,NA,Y,Y,A,01,0,0,1,0,0,0,0,0,0,-,-,NA,NA,LOS ANGELES,LOS ANGELES,-118.46838991,34.19655822
6681340,2014,2014-12-11,1942,2014-10-18,1810,38471,1522,6,5,7,1942,0,0,0,O,0,16TL26,SHERMAN WAY,ETHEL AV,15,W,N,A,-,N,NA,NA,NA,NA,NA,NA,NA,NA,NA,N,4,0,1,2,A,-,09,21801,A,N,D,C,A,A,H,-,B,A,0,NA,NA,NA,NA,Y,NA,A,01,0,0,1,0,0,0,0,0,0,-,-,NA,NA,LOS ANGELES,LOS ANGELES,-118.41819952,34.2012
6681342,2014,2014-12-11,1942,2014-10-04,1115,26319,0904,6,5,7,1942,0,0,0,I,0,19TL73,WYANDOTTE ST,NOBLE AV,125,W,N,A,-,N,NA,NA,NA,NA,NA,NA,NA,NA,NA,N,4,0,1,2,A,-,08,22107,NA,N,B,C,A,A,H,-,A,D,0,NA,NA,NA,NA,Y,NA,A,01,0,0,1,0,0,0,0,0,0,-,-,NA,NA,LOS ANGELES,LOS ANGELES,-118.46227267,34.20299
6681343,2014,2014-12-11,1942,2014-10-19,1015,38956,1563,7,5,7,1942,0,0,0,O,0,21T65,KRAFT AV,WOODBRIDGE ST,47,N,N,A,-,N,NA,NA,NA,NA,NA,NA,NA,NA,NA,N,3,0,1,2,A,-,17,22517,NA,N,A,G,A,A,H,-,A,D,0,NA,Y,NA,NA,Y,NA,A,01,0,1,0,0,0,0,1,0,0,-,-,NA,NA,LOS ANGELES,LOS ANGELES,-118.38008902,34.14868891
6681344,2014,2014-12-11,1942,2014-10-03,0750,25194,1557,5,5,7,1942,0,0,0,O,0,15A6,MAGNOLIA BL,CARTWRIGHT AV,3,W,N,A,-,N,NA,NA,NA,NA,NA,NA,NA,NA,NA,N,4,0,1,2,A,-,08,21460,5,N,A,C,A,A,H,-,A,D,0,NA,NA,NA,NA,Y,NA,A,01,0,0,1,0,0,0,0,0,0,-,-,NA,NA,LOS ANGELES,LOS ANGELES,-118.3637199,34.1649
6681346,2014,2015-01-12,1942,2014-10-04,1200,38850,0926,6,5,7,1942,0,0,0,I,0,15TL45,VICTORY BL,RANCHITO AV,300,E,N,A,-,N,NA,NA,NA,NA,NA,NA,NA,NA,NA,N,4,0,1,3,A,-,08,21460,5,N,D,C,A,A,H,-,A,D,0,NA,NA,NA,NA,Y,NA,J,41,0,0,1,0,0,0,0,0,0,-,-,NA,NA,LOS ANGELES,LOS ANGELES,-118.43463982,34.18667
6681347,2014,2014-12-11,1942,2014-10-12,1105,37080,1581,7,5,7,1942,0,0,0,O,0,21TL63,WHITSETT AV,MOORPARK ST,124,N,N,A,-,N,NA,NA,NA,NA,NA,NA,NA,NA,NA,N,3,0,2,3,A,-,-,NA,NA,N,B,G,A,A,H,-,A,A,0,NA,Y,NA,NA,Y,NA,A,01,0,2,0,0,0,0,2,0,0,-,-,NA,NA,LOS ANGELES,LOS ANGELES,-118.40525,34.15071011
6681348,2014,2014-12-11,1942,2014-10-06,2255,40207,1555,1,5,7,1942,0,0,0,O,0,16T23,VINELAND AV,KLING ST,0,NA,Y,A,-,N,NA,NA,NA,NA,NA,NA,NA,NA,NA,Y,4,0,1,2,A,-,03,22350,NA,N,C,C,A,A,H,-,C,A,0,NA,NA,NA,NA,Y,NA,A,07,0,0,1,0,0,0,0,0,0,-,-,NA,NA,LOS ANGELES,LOS ANGELES,-118.37065007,34.15555002
6681350,2014,2014-12-11,1942,2014-10-09,2020,41461,0904,4,5,7,1942,0,0,0,I,0,9A5,KESTER,VALERIO ST,5,S,N,A,-,N,NA,NA,NA,NA,NA,NA,NA,NA,NA,N,4,0,1,2,A,-,10,21950,A,N,G,B,B,A,H,-,C,A,0,Y,NA,NA,NA,Y,NA,A,01,0,0,1,0,1,0,0,0,0,-,-,NA,NA,LOS ANGELES,LOS ANGELES,-118.45746989,34.20481629
6681351,2014,2016-02-18,1942,2014-10-10,1045,38956,1545,5,5,7,1942,0,0,0,O,0,10T37,MAGNOLIA BL,LEMP AV,10,W,N,A,-,N,NA,NA,NA,NA,NA,NA,NA,NA,NA,N,4,0,2,2,A,-,04,21703,NA,N,C,C,A,A,H,-,A,D,0,NA,NA,NA,NA,Y,NA,A,01,0,0,2,0,0,0,0,0,0,-,-,NA,NA,LOS ANGELES,LOS ANGELES,-118.384543,34.16491
6681352,2014,2014-12-11,1942,2014-10-07,1800,40574,1545,2,5,7,1942,0,0,0,O,0,9TL52,LAUREL CANYON BL,HARTSOOK ST,0,NA,Y,A,-,N,NA,NA,NA,NA,NA,NA,NA,NA,NA,N,4,0,2,2,A,-,09,21802,A,N,D,C,A,A,H,-,A,A,0,NA,NA,NA,NA,Y,NA,A,01,0,0,2,0,0,0,0,0,0,-,-,NA,NA,LOS ANGELES,LOS ANGELES,-118.3965001,34.16397007
6681354,2014,2014-12-12,1942,2014-10-04,1300,38181,0919,6,5,7,1942,0,0,0,I,0,10TL34,SHERMAN WY,WOODMAN AV,400,E,N,A,-,N,NA,NA,NA,NA,NA,NA,NA,NA,NA,N,4,0,3,2,A,-,09,21804,A,N,D,C,A,A,H,-,A,D,0,NA,NA,NA,NA,Y,NA,A,01,0,0,3,0,0,0,0,0,0,-,-,NA,NA,LOS ANGELES,LOS ANGELES,-118.42991954,34.20119
6681355,2014,2014-12-11,1942,2014-10-19,1040,31931,1525,7,5,7,1942,0,0,0,O,0,35M56,LAUREL CANYON BL,KITTRIDGE ST,200,N,N,A,-,N,NA,NA,NA,NA,NA,NA,NA,NA,NA,Y,4,0,2,2,A,-,09,21804,A,N,A,C,A,A,H,-,A,D,0,NA,NA,NA,NA,Y,NA,A,01,0,0,2,0,0,0,0,0,0,-,-,NA,NA,LOS ANGELES,LOS ANGELES,-118.39651738,34.19085854
6681356,2014,2014-12-11,1942,2014-10-05,1925,40820,1525,7,5,7,1942,0,0,0,O,0,16T23,LANKERSHIM BL,VICTORY BL,50,S,N,A,-,N,NA,NA,NA,NA,NA,NA,NA,NA,NA,N,4,0,1,2,A,-,21,22106,NA,N,C,C,A,A,H,-,C,D,0,NA,NA,NA,NA,Y,NA,A,01,0,0,1,0,0,0,0,0,0,-,-,NA,NA,LOS ANGELES,LOS ANGELES,-118.38773463,34.18655081
6681358,2014,2014-12-11,1942,2014-10-03,1500,33779,0933,5,5,7,1942,0,0,0,I,0,15TL44,BESSEMER ST,VESPER AV,0,NA,Y,A,-,N,NA,NA,NA,NA,NA,NA,NA,NA,NA,Y,3,0,3,2,A,-,09,21802,A,N,D,C,A,A,H,-,A,A,0,NA,NA,NA,NA,Y,NA,A,01,0,1,2,0,0,0,0,0,0,-,-,NA,NA,LOS ANGELES,LOS ANGELES,-118.45089011,34.18094002
6681359,2014,2014-12-11,1942,2014-10-18,2025,39281,1525,6,5,7,1942,0,0,0,O,0,9T55,VICTORY BL,RADFORD AV,159,E,N,A,-,N,NA,NA,NA,NA,NA,NA,NA,NA,NA,Y,4,0,3,2,A,-,03,22350,NA,N,C,C,A,A,H,-,C,D,0,NA,NA,Y,NA,Y,NA,C,02,0,0,3,0,0,0,0,0,1,-,-,NA,NA,LOS ANGELES,LOS ANGELES,-118.39165522,34.18667
6681360,2014,2014-12-11,1942,2014-10-02,0745,25194,1512,4,5,7,1942,0,0,0,O,0,15A67,VANOWEN ST,COLDWATER CANYON AV,10,E,N,A,-,N,NA,NA,NA,NA,NA,NA,NA,NA,NA,N,3,0,1,2,A,-,10,21952,NA,N,G,B,B,A,H,-,A,A,0,Y,NA,NA,NA,Y,NA,A,07,0,1,0,0,1,0,0,0,0,-,-,NA,NA,LOS ANGELES,LOS ANGELES,-118.41376699,34.19394
6681366,2014,2016-06-04,9575,2014-09-27,1445,20542,NA,6,2,9,1900,0,1,3,NA,2,303,RT 2,CALTRANS SAND SHED,1848,E,N,A,-,Y,LA,7,2,-,-,51.04,H,-,W,Y,3,0,1,1,A,-,03,22350,NA,N,F,A,A,A,H,-,A,D,0,NA,NA,Y,NA,Y,NA,C,02,0,1,0,0,0,0,0,0,1,-,-,34.3307,-117.99999,LOS ANGELES,UNINCORPORATED,-117.99891924,34.33045259
6681370,2014,2014-11-14,1900,2014-09-25,1145,475023,2228,4,5,3,1994,0,0,0,NA,0,222T2,KANAN RD,EAGLETON ST,0,NA,Y,A,-,N,NA,NA,NA,NA,NA,NA,NA,NA,NA,Y,3,0,1,2,A,-,11,21950,B,N,A,B,B,A,H,-,A,A,0,Y,NA,NA,NA,Y,NA,N,60,0,1,0,0,1,0,0,0,0,-,-,NA,NA,LOS ANGELES,AGOURA HILLS,-118.75730014,34.16212003
6681374,2014,2016-06-11,1900,2014-09-27,1540,507736,1014,6,5,3,1995,0,0,0,NA,0,101A,RT 1,MALIBU CANYON RD,0,NA,Y,A,-,Y,LA,7,1,-,-,48.171,I,5,S,N,3,0,1,2,A,-,03,22350,NA,N,D,G,A,A,H,-,A,A,0,NA,Y,NA,NA,Y,Y,L,04,0,1,0,0,0,0,1,0,0,-,-,NA,NA,LOS ANGELES,MALIBU,-118.70371058,34.03464658
6681394,2014,2016-06-04,9575,2014-09-28,1450,20530,NA,7,2,9,1900,0,1,3,NA,2,304,RT 2,RT 39,4488,W,N,A,-,Y,LA,7,2,-,-,63.27,H,-,E,Y,3,0,1,1,A,-,03,22350,NA,N,F,A,A,A,H,-,A,D,0,NA,NA,Y,NA,Y,NA,C,02,0,1,0,0,0,0,0,0,1,-,-,34.35954,-118.85876,LOS ANGELES,UNINCORPORATED,-117.85916905,34.35988075
6681402,2014,2016-06-04,9575,2014-09-22,1305,19920,NA,1,1,9,1900,0,1,3,NA,2,302,RT 2,ANGELES FOREST HWY,6,E,N,A,-,Y,LA,7,2,-,-,40.44,H,-,E,Y,2,0,1,1,A,-,08,22107,NA,N,F,A,A,A,H,-,A,D,0,NA,NA,Y,NA,Y,NA,C,02,1,0,0,0,0,0,0,0,1,-,-,34.34594,-118.10024,LOS ANGELES,UNINCORPORATED,-118.07729197,34.26832141
6681406,2014,2016-06-04,9575,2014-09-28,1400,20530,NA,7,2,9,1900,0,1,3,NA,2,301,RT 2,MOUNT WILSON RD,2112,E,N,A,-,Y,LA,7,2,-,-,39.54,H,-,E,Y,2,0,1,1,A,-,08,22107,NA,N,F,A,A,A,H,-,A,D,0,NA,NA,Y,NA,Y,NA,C,02,1,0,0,0,0,0,0,0,1,-,-,34.2662,-118.08352,LOS ANGELES,UNINCORPORATED,-118.09051059,34.26433806
6681410,2014,2014-11-13,9575,2014-09-25,1225,016731,NA,4,1,9,1900,0,3,5,NA,2,003,LITTLE TUJUNGA CANYON RD,FOOTHILL BL,36960,N,N,A,-,N,NA,NA,NA,NA,NA,NA,NA,NA,NA,Y,4,0,1,1,A,-,08,22107,NA,N,E,I,A,A,H,-,A,D,0,NA,NA,NA,NA,Y,NA,A,01,0,0,1,0,0,0,0,0,0,-,-,34.34223,-118.34892,LOS ANGELES,UNINCORPORATED,NA,NA
6681414,2014,2016-05-27,9575,2014-09-30,1905,20711,NA,2,2,6,1925,0,1,3,NA,2,042,RT 134,PACIFIC AV,300,W,N,A,-,Y,LA,7,134,-,R,0.52,H,-,W,Y,4,0,1,2,A,-,03,22350,NA,N,C,C,A,A,H,-,A,D,1,NA,NA,NA,NA,Y,NA,A,01,0,0,1,0,0,0,0,0,0,-,-,34.15564,-118.26844,LOS ANGELES,GLENDALE,-118.3701972,34.15307317
6681418,2014,2016-06-07,9575,2014-09-30,1800,20711,NA,2,2,6,1925,0,1,3,NA,2,042,RT 134,SAN FERNANDO RD,200,W,N,A,-,Y,LA,7,134,-,R,5.91,H,-,W,Y,2,0,1,3,A,-,03,22350,NA,N,C,C,A,A,H,-,A,D,1,NA,NA,NA,NA,Y,NA,A,01,1,0,0,0,0,0,0,0,0,-,-,34.15374,-118.27774,LOS ANGELES,GLENDALE,-118.2757287,34.15386086
6681441,2014,2014-12-23,1900,2014-10-20,0900,516691,2834,1,5,5,1915,0,0,0,NA,0,282T1,ARTESIA BL,CENTRAL AV,332,E,N,A,-,N,NA,NA,NA,NA,NA,NA,NA,NA,NA,N,4,0,1,2,A,-,08,22107,NA,N,B,C,A,A,H,-,A,D,0,NA,NA,NA,Y,Y,NA,G,27,0,0,1,0,0,0,0,0,0,-,-,NA,NA,LOS ANGELES,COMPTON,-118.24755551,33.87383403
6681453,2014,2014-12-23,1900,2014-10-21,1000,516691,2820,2,5,5,1915,0,0,0,NA,0,282T1,SANTA FE AV,EUCLID AV,0,NA,Y,A,-,N,NA,NA,NA,NA,NA,NA,NA,NA,NA,Y,4,0,1,2,A,-,09,21802,A,N,A,C,A,A,H,-,A,A,0,NA,NA,NA,NA,Y,Y,-,NA,0,0,1,0,0,0,0,0,0,-,-,NA,NA,LOS ANGELES,COMPTON,-118.21696013,33.91318005
6681461,2014,2014-12-23,1900,2014-10-22,0005,524006,NA,3,5,5,1915,0,0,0,NA,0,28M1,CALIFORNIA AV,BENNETT ST,182,N,N,A,-,N,NA,NA,NA,NA,NA,NA,NA,NA,NA,Y,3,0,1,3,A,-,08,22107,NA,N,C,E,A,A,H,-,C,D,0,NA,NA,NA,NA,Y,NA,D,22,0,1,0,0,0,0,0,0,0,-,-,NA,NA,LOS ANGELES,COMPTON,-118.21112279,33.88345836
6681551,2014,2014-12-26,1900,2014-10-11,1749,526912,2813,6,5,5,1915,0,0,0,NA,0,285T1,ARANBE AV,PLUM ST,30,N,N,A,-,N,NA,NA,NA,NA,NA,NA,NA,NA,NA,N,4,0,1,3,A,-,08,22107,NA,F,A,C,A,A,H,-,B,D,0,NA,NA,NA,NA,Y,NA,A,01,0,0,1,0,0,0,0,0,0,-,-,NA,NA,LOS ANGELES,COMPTON,-118.23242514,33.90472216
6681555,2014,2014-12-26,1900,2014-10-18,1847,529393,2872,6,5,5,1915,0,0,0,NA,0,281B,CENTRAL AV,ROSECRANS AV,0,NA,Y,A,-,N,NA,NA,NA,NA,NA,NA,NA,NA,NA,N,4,0,1,2,A,-,05,21650,1,N,D,G,A,A,H,-,C,A,0,NA,Y,NA,NA,Y,NA,L,04,0,0,1,0,0,0,1,0,0,-,-,NA,NA,LOS ANGELES,COMPTON,-118.25356002,33.90281001
6681579,2014,2014-12-26,1900,2014-10-19,1118,516691,2843,7,5,5,1915,0,0,0,NA,0,282T1,MYRRH ST,LONG BEACH BL,0,NA,Y,A,-,N,NA,NA,NA,NA,NA,NA,NA,NA,NA,Y,4,0,2,2,A,-,09,21801,A,N,A,C,A,A,H,-,A,A,0,NA,NA,NA,NA,Y,NA,A,01,0,0,2,0,0,0,0,0,0,-,-,NA,NA,LOS ANGELES,COMPTON,-118.20772009,33.8923801
6681583,2014,2014-12-26,1900,2014-10-20,1220,516691,2823,1,5,5,1915,0,0,0,NA,0,282T1,SANTA FE AV,ROSECRANS AV,384,N,N,A,-,N,NA,NA,NA,NA,NA,NA,NA,NA,NA,Y,4,0,1,2,A,-,03,22350,NA,N,C,C,A,A,H,-,A,D,0,NA,NA,NA,NA,Y,NA,A,01,0,0,1,0,0,0,0,0,0,-,-,NA,NA,LOS ANGELES,COMPTON,-118.21632,33.90449302