CASE_ID,ACCIDENT_YEAR,PROC_DATE,JURIS,COLLISION_DATE,COLLISION_TIME,OFFICER_ID,REPORTING_DISTRICT,DAY_OF_WEEK,CHP_SHIFT,POPULATION,CNTY_CITY_LOC,SPECIAL_COND,BEAT_TYPE,CHP_BEAT_TYPE,CITY_DIVISION_LAPD,CHP_BEAT_CLASS,BEAT_NUMBER,PRIMARY_RD,SECONDARY_RD,DISTANCE,DIRECTION,INTERSECTION,WEATHER_1,WEATHER_2,STATE_HWY_IND,CALTRANS_COUNTY,CALTRANS_DISTRICT,STATE_ROUTE,ROUTE_SUFFIX,POSTMILE_PREFIX,POSTMILE,LOCATION_TYPE,RAMP_INTERSECTION,SIDE_OF_HWY,TOW_AWAY,COLLISION_SEVERITY,NUMBER_KILLED,NUMBER_INJURED,PARTY_COUNT,PRIMARY_COLL_FACTOR,PCF_CODE_OF_VIOL,PCF_VIOL_CATEGORY,PCF_VIOLATION,PCF_VIOL_SUBSECTION,HIT_AND_RUN,TYPE_OF_COLLISION,MVIW,PED_ACTION,ROAD_SURFACE,ROAD_COND_1,ROAD_COND_2,LIGHTING,CONTROL_DEVICE,CHP_ROAD_TYPE,PEDESTRIAN_ACCIDENT,BICYCLE_ACCIDENT,MOTORCYCLE_ACCIDENT,TRUCK_ACCIDENT,NOT_PRIVATE_PROPERTY,ALCOHOL_INVOLVED,STWD_VEHTYPE_AT_FAULT,CHP_VEHTYPE_AT_FAULT,COUNT_SEVERE_INJ,COUNT_VISIBLE_INJ,COUNT_COMPLAINT_PAIN,COUNT_PED_KILLED,COUNT_PED_INJURED,COUNT_BICYCLIST_KILLED,COUNT_BICYCLIST_INJURED,COUNT_MC_KILLED,COUNT_MC_INJURED,PRIMARY_RAMP,SECONDARY_RAMP,LATITUDE,LONGITUDE,COUNTY,CITY,POINT_X,POINT_Y
6681587,2014,2016-02-18,1900,2014-10-17,1801,526912,2810,5,5,5,1915,0,0,0,NA,0,283T1,CORLETT ST,SAM LITTLETON ST,4,N,N,A,-,N,NA,NA,NA,NA,NA,NA,NA,NA,NA,N,3,0,1,2,A,-,08,22107,NA,N,-,-,A,A,H,-,A,D,0,NA,NA,Y,NA,Y,NA,C,03,0,1,0,0,0,0,0,0,1,-,-,NA,NA,LOS ANGELES,COMPTON,-118.258059,33.909237
6681595,2014,2015-01-08,1900,2014-10-04,1322,526912,2812,6,5,5,1915,0,0,0,NA,0,283T1,WILMINGTON AV,EL SEGUNDO BL,0,NA,Y,A,-,N,NA,NA,NA,NA,NA,NA,NA,NA,NA,Y,4,0,1,3,D,-,00,NA,NA,N,D,C,A,A,-,-,A,A,0,NA,NA,NA,NA,Y,NA,-,-,0,0,1,0,0,0,0,0,0,-,-,NA,NA,LOS ANGELES,COMPTON,-118.23915,33.91619011
6681599,2014,2014-12-26,1900,2014-10-14,0548,525109,NA,2,5,5,1915,0,0,0,NA,0,282E,ALONDRA BL,WARD AV,3,E,N,A,-,N,NA,NA,NA,NA,NA,NA,NA,NA,NA,N,3,0,1,2,A,-,10,21950,A,N,G,B,B,A,H,-,C,D,0,Y,NA,NA,NA,Y,Y,A,01,0,1,0,0,1,0,0,0,0,-,-,NA,NA,LOS ANGELES,COMPTON,-118.20510013,33.8887
6681860,2014,2014-12-26,1975,2014-10-03,1627,395,NA,5,5,6,1975,0,0,0,NA,0,TRAFFI,LARK ELLEN AV,BADILLO ST,0,NA,Y,A,-,N,NA,NA,NA,NA,NA,NA,NA,NA,NA,N,4,0,1,2,A,-,10,21950,A,N,G,G,A,A,H,-,A,A,0,NA,Y,NA,NA,Y,NA,D,22,0,0,1,0,0,0,1,0,0,-,-,NA,NA,LOS ANGELES,WEST COVINA,-117.9166001,34.08652008
6681864,2014,2014-11-20,1975,2014-09-23,0655,395,NA,2,5,6,1975,0,0,0,NA,0,TRAFFI,GLENDORA AV,SERVICE AV,129,N,N,A,-,N,NA,NA,NA,NA,NA,NA,NA,NA,NA,Y,4,0,1,3,A,-,08,22107,NA,N,A,E,A,A,H,-,A,D,0,NA,NA,NA,NA,Y,NA,A,01,0,0,1,0,0,0,0,0,0,-,-,NA,NA,LOS ANGELES,WEST COVINA,-117.92997258,34.06328048
6681899,2014,2014-12-02,1962,2014-10-23,1854,126,1962,4,5,4,1962,0,0,0,NA,0,025,CALIFORNIA ST,CHESTNUT AV,0,NA,Y,A,-,N,NA,NA,NA,NA,NA,NA,NA,NA,NA,Y,3,0,1,3,A,-,11,21954,A,N,G,B,E,A,H,-,C,D,0,Y,NA,NA,NA,Y,NA,N,60,0,1,0,0,1,0,0,0,0,-,-,NA,NA,LOS ANGELES,SAN GABRIEL,-118.09324002,34.08619001
6681927,2014,2014-11-07,1942,2014-09-29,1430,36754,1233,1,5,7,1942,0,0,0,L,0,3T57,WESTERN AV,59TH PL,0,NA,Y,A,-,N,NA,NA,NA,NA,NA,NA,NA,NA,NA,Y,4,0,3,2,A,-,09,21801,A,N,-,C,A,A,H,-,A,D,0,NA,NA,NA,NA,Y,NA,D,22,0,0,3,0,0,0,0,0,0,-,-,NA,NA,LOS ANGELES,LOS ANGELES,-118.30894009,33.98671005
6681951,2014,2015-06-03,9530,2014-10-18,1330,20744,NA,6,1,7,1942,0,1,1,NA,2,110,RT 110,IMPERIAL HWY,1500,S,N,A,-,Y,NA,NA,NA,NA,NA,NA,NA,NA,NA,N,4,0,1,2,A,-,03,22350,NA,N,C,C,A,A,H,-,A,D,0,NA,NA,NA,NA,Y,NA,D,22,0,0,1,0,0,0,0,0,0,-,-,33.5532,-118.1652,LOS ANGELES,LOS ANGELES,-118.28141,33.92893
6681958,2014,2016-06-08,9530,2014-09-13,0400,20678,NA,6,3,7,1942,0,1,1,NA,2,110,RT 110,108TH ST,100,N,N,A,-,Y,LA,7,110,-,-,14.5,H,-,S,Y,3,0,1,2,A,-,03,22350,NA,F,C,C,A,A,H,-,C,D,1,NA,NA,NA,NA,Y,NA,A,07,0,1,0,0,0,0,0,0,0,-,-,NA,NA,LOS ANGELES,LOS ANGELES,-118.28004318,33.93873984
6681959,2014,2014-11-21,1942,2014-09-24,1200,40463,1266,3,5,7,1942,0,0,0,L,0,12T41W,HOOVER ST,81ST ST,0,NA,Y,A,-,N,NA,NA,NA,NA,NA,NA,NA,NA,NA,Y,4,0,1,3,A,-,09,21802,A,N,D,C,A,A,H,-,A,D,0,NA,NA,NA,Y,Y,NA,F,21,0,0,1,0,0,0,0,0,0,-,-,NA,NA,LOS ANGELES,LOS ANGELES,-118.28712005,33.96549005
6681975,2014,2014-11-07,1942,2014-09-24,1700,34675,1269,3,5,7,1942,0,0,0,L,0,12A49,AVALON BL,MANCHESTER AV,0,NA,Y,A,-,N,NA,NA,NA,NA,NA,NA,NA,NA,NA,Y,4,0,2,2,A,-,08,22107,NA,N,B,C,A,A,-,-,A,A,0,NA,NA,NA,NA,Y,NA,D,22,0,0,2,0,0,0,0,0,0,-,-,NA,NA,LOS ANGELES,LOS ANGELES,-118.26513003,33.96013012
6681991,2014,2015-01-07,9530,2014-10-19,0756,020732,NA,7,1,7,1942,0,1,1,NA,2,120,RT 110,GAFFEY ST,350,N,N,A,-,Y,NA,NA,110,NA,NA,NA,NA,NA,NA,Y,4,0,1,2,A,-,01,23152,A,N,D,C,A,-,H,-,A,D,0,NA,NA,NA,NA,Y,Y,A,01,0,0,1,0,0,0,0,0,0,-,-,33.74713,-118.29186,LOS ANGELES,LOS ANGELES,-118.29186343,33.74713426
6682009,2014,2015-02-12,1975,2014-09-19,1151,353,NA,5,5,6,1975,0,0,0,NA,0,001,LARK ELLEN AV,WORKMAN AV,0,NA,Y,A,-,N,NA,NA,NA,NA,NA,NA,NA,NA,NA,Y,4,0,1,2,A,-,12,21453,A,N,-,C,A,A,H,-,A,A,0,NA,NA,NA,NA,Y,NA,-,NA,0,0,1,0,0,0,0,0,0,-,-,NA,NA,LOS ANGELES,WEST COVINA,-117.91656014,34.07556004
6682010,2014,2014-11-14,1942,2014-09-27,0120,36646,1218,6,5,7,1942,0,0,0,L,0,18T23,SLAUSON AV,HOOVER ST,25,W,N,A,-,N,NA,NA,NA,NA,NA,NA,NA,NA,NA,N,2,0,2,2,D,-,00,NA,NA,N,D,C,A,A,H,-,C,A,0,NA,Y,NA,NA,Y,NA,-,-,1,0,1,0,0,0,1,0,0,-,-,NA,NA,LOS ANGELES,LOS ANGELES,-118.28722231,33.98914
6682013,2014,2014-11-06,1900,2014-08-20,1820,536339,0976,3,5,4,1979,0,0,0,NA,0,92T3,LA CIENEGA BL,HOLLOWAY DR,50,N,N,A,-,N,NA,NA,NA,NA,NA,NA,NA,NA,NA,Y,3,0,2,2,A,-,09,21804,A,N,D,C,A,A,H,-,A,A,0,NA,NA,NA,NA,Y,NA,A,07,0,1,1,0,0,0,0,0,0,-,-,NA,NA,LOS ANGELES,WEST HOLLYWOOD,-118.3763,34.09078714
6682014,2014,2014-11-14,1942,2014-09-23,0015,40700,1239,2,5,7,1942,0,0,0,L,0,3T5,SLAUSON AV,FIGUEROA ST,40,W,N,A,-,N,NA,NA,NA,NA,NA,NA,NA,NA,NA,Y,3,0,2,3,A,-,12,21453,A,N,D,C,A,A,H,-,C,A,0,NA,NA,NA,NA,Y,NA,A,07,0,2,0,0,0,0,0,0,0,-,-,NA,NA,LOS ANGELES,LOS ANGELES,-118.28281168,33.98915178
6682018,2014,2016-01-13,1942,2014-09-27,2025,40869,1245,6,5,7,1942,0,0,0,L,0,3TL57,NORMANDIE,71ST ST,0,NA,Y,A,-,N,NA,NA,NA,NA,NA,NA,NA,NA,NA,N,4,0,1,2,A,-,07,21658,A,N,D,C,A,A,H,-,C,A,0,NA,NA,NA,NA,Y,NA,A,07,0,0,1,0,0,0,0,0,0,-,-,NA,NA,LOS ANGELES,LOS ANGELES,-118.30029012,33.97538009
6682021,2014,2014-11-06,1942,2014-08-15,2245,31652,1747,5,5,7,1942,0,0,0,Q,0,19T73,BALBOA BL,CHATSWORTH ST,15,S,N,A,-,N,NA,NA,NA,NA,NA,NA,NA,NA,NA,Y,4,0,2,2,A,-,08,22107,NA,N,C,C,A,A,H,-,C,A,0,NA,NA,NA,NA,Y,NA,A,01,0,0,2,0,0,0,0,0,0,-,-,NA,NA,LOS ANGELES,LOS ANGELES,-118.502261,34.26474886
6682022,2014,2014-11-14,1942,2014-09-30,2015,40696,1259,2,5,7,1942,0,0,0,L,0,3T5,FLORENCE AV,CENTRAL AV,200,E,N,A,-,N,NA,NA,NA,NA,NA,NA,NA,NA,NA,N,4,0,1,2,A,-,08,22107,NA,F,B,C,A,A,H,-,C,D,0,NA,NA,NA,NA,Y,NA,-,99,0,0,1,0,0,0,0,0,0,-,-,NA,NA,LOS ANGELES,LOS ANGELES,-118.25580164,33.97476
6682026,2014,2014-11-14,1942,2014-09-27,1800,40620,1211,6,5,7,1942,0,0,0,L,0,3A18,54TH ST,7TH AV,0,NA,Y,A,-,N,NA,NA,NA,NA,NA,NA,NA,NA,NA,Y,4,0,1,2,A,-,-,NA,NA,F,D,C,A,A,H,-,A,A,0,NA,NA,NA,NA,Y,NA,-,99,0,0,1,0,0,0,0,0,0,-,-,NA,NA,LOS ANGELES,LOS ANGELES,-118.32471009,33.99317011
6682030,2014,2014-11-26,1942,2014-09-28,1120,40971,1256,7,5,7,1942,0,0,0,L,0,12T41,FLORENCE AV,HOOVER ST,0,NA,Y,A,-,N,NA,NA,NA,NA,NA,NA,NA,NA,NA,Y,4,0,2,2,A,-,12,21453,A,N,D,C,A,A,H,-,A,A,0,NA,NA,NA,NA,Y,NA,-,-,0,0,2,0,0,0,0,0,0,-,-,NA,NA,LOS ANGELES,LOS ANGELES,-118.28711011,33.97464011
6682034,2014,2015-01-15,1900,2014-09-03,1655,516519,0977,3,5,4,1979,0,0,0,NA,0,92T1,SANTA MONICA BL,SAN VICENTE BL,10,W,N,A,-,N,NA,NA,NA,NA,NA,NA,NA,NA,NA,N,3,0,1,2,A,-,10,21950,A,N,G,B,B,A,H,-,A,A,0,Y,NA,NA,NA,Y,NA,A,01,0,1,0,0,1,0,0,0,0,-,-,NA,NA,LOS ANGELES,WEST HOLLYWOOD,-118.38413564,34.08491276
6682038,2014,2014-11-14,1942,2014-09-22,1830,37495,1258,1,5,7,1942,0,0,0,L,0,12X4,76TH ST,BROADWAY,50,W,N,A,-,N,NA,NA,NA,NA,NA,NA,NA,NA,NA,N,4,0,1,2,A,-,11,21954,A,N,G,B,D,A,A,-,B,A,0,Y,NA,NA,NA,Y,NA,N,60,0,0,1,0,1,0,0,0,0,-,-,NA,NA,LOS ANGELES,LOS ANGELES,-118.27847455,33.97080726
6682042,2014,2015-01-15,1942,2014-09-22,1530,37110,1233,1,5,7,1942,0,0,0,L,0,12A49,WESTERN AV,59TH ST,30,S,N,A,-,N,NA,NA,NA,NA,NA,NA,NA,NA,NA,Y,4,0,1,4,A,-,03,22350,NA,M,C,C,A,A,H,-,A,D,0,NA,NA,NA,NA,Y,NA,-,99,0,0,1,0,0,0,0,0,0,-,-,NA,NA,LOS ANGELES,LOS ANGELES,-118.308949,33.987451
6682046,2014,2014-11-14,1942,2014-09-25,1150,33599,1249,4,5,7,1942,0,0,0,L,0,3TL5,HOOVER ST,GAGE AV,75,N,N,A,-,N,NA,NA,NA,NA,NA,NA,NA,NA,NA,Y,4,0,1,2,A,-,03,22350,NA,N,A,E,A,A,H,-,A,D,0,NA,NA,NA,NA,Y,NA,A,01,0,0,1,0,0,0,0,0,0,-,-,NA,NA,LOS ANGELES,LOS ANGELES,-118.28708,33.98271569
6682050,2014,2014-11-14,1942,2014-09-25,1110,41059,1203,4,5,7,1942,0,0,0,L,0,18T23,VERNON AV,DENKER AV,60,E,N,A,-,N,NA,NA,NA,NA,NA,NA,NA,NA,NA,Y,4,0,3,2,A,-,-,NA,NA,N,C,C,A,A,H,-,A,D,0,NA,NA,NA,NA,Y,NA,A,01,0,0,3,0,0,0,0,0,0,-,-,NA,NA,LOS ANGELES,LOS ANGELES,-118.30437242000001,34.00371
6682051,2014,2016-01-13,1900,2014-09-06,2215,532236,0973,6,5,4,1979,0,0,0,NA,0,93T4,SANTA MONICA BL,FORMOSA AV,15,E,N,A,-,N,NA,NA,NA,NA,NA,NA,NA,NA,NA,N,4,0,1,2,A,-,12,21453,A,N,D,G,A,A,H,-,C,A,0,NA,Y,NA,NA,Y,Y,L,04,0,0,1,0,0,0,1,0,0,-,-,NA,NA,LOS ANGELES,WEST HOLLYWOOD,-118.34620056,34.09070916
6682054,2014,2014-11-14,1942,2014-09-24,1800,40869,1208,3,5,7,1942,0,0,0,L,0,3T57,51ST ST,HOOVER AV,600,E,N,A,-,N,NA,NA,NA,NA,NA,NA,NA,NA,NA,Y,4,0,1,3,A,-,09,21801,A,N,D,C,A,A,H,-,A,A,0,NA,NA,NA,NA,Y,NA,A,01,0,0,1,0,0,0,0,0,0,-,-,NA,NA,LOS ANGELES,LOS ANGELES,-118.25211,33.99708
6682058,2014,2014-11-14,1942,2014-09-26,0710,35393,1253,5,5,7,1942,0,0,0,L,0,12T41,FLORENCE AV,VAN NESS AV,60,E,N,A,-,N,NA,NA,NA,NA,NA,NA,NA,NA,NA,N,4,0,1,2,A,-,07,21658,A,F,B,A,A,A,H,-,A,D,0,NA,NA,NA,NA,Y,NA,-,99,0,0,1,0,0,0,0,0,0,-,-,NA,NA,LOS ANGELES,LOS ANGELES,-118.31753248,33.9746
6682062,2014,2014-11-14,1942,2014-09-24,0720,40059,1235,3,5,7,1942,0,0,0,L,0,0720,BUDLONG AV,60TH PL,0,NA,Y,A,-,N,NA,NA,NA,NA,NA,NA,NA,NA,NA,Y,4,0,1,2,A,-,03,22350,NA,N,D,C,A,A,H,-,A,D,0,NA,NA,NA,NA,Y,NA,A,01,0,0,1,0,0,0,0,0,0,-,-,NA,NA,LOS ANGELES,LOS ANGELES,-118.29587002,33.98502007
6682066,2014,2014-11-14,1942,2014-09-03,0800,36871,1248,3,5,7,1942,0,0,0,L,0,12A3,VERMONT,66TH ST,0,NA,Y,A,-,N,NA,NA,NA,NA,NA,NA,NA,NA,NA,N,4,0,1,2,A,-,03,22350,NA,F,C,C,A,A,H,-,A,A,0,NA,NA,NA,NA,Y,NA,A,01,0,0,1,0,0,0,0,0,0,-,-,NA,NA,LOS ANGELES,LOS ANGELES,-118.29157,33.97916
6682070,2014,2016-01-13,1942,2014-09-02,0550,37332,12A73,2,5,7,1942,0,0,0,L,0,12A69,WESTERN,MANCHESTER AV,0,NA,Y,A,-,N,NA,NA,NA,NA,NA,NA,NA,NA,NA,N,2,0,1,2,A,-,-,NA,NA,N,G,B,D,A,H,-,B,A,0,Y,NA,NA,NA,Y,NA,N,60,1,0,0,0,1,0,0,0,0,-,-,NA,NA,LOS ANGELES,LOS ANGELES,-118.30901005,33.95997012
6682074,2014,2014-11-14,1942,2014-09-16,0705,38296,1233,2,5,7,1942,0,0,0,L,0,12A69,WESTERN AV,60TH ST,0,NA,Y,A,-,N,NA,NA,NA,NA,NA,NA,NA,NA,NA,Y,4,0,1,2,A,-,09,21801,A,N,D,C,A,A,H,-,A,D,0,NA,NA,NA,NA,Y,NA,A,07,0,0,1,0,0,0,0,0,0,-,-,NA,NA,LOS ANGELES,LOS ANGELES,-118.30896,33.98524
6682078,2014,2014-11-14,1942,2014-09-04,0500,38279,1268,4,5,7,1942,0,0,0,L,0,12A45,84TH PL,MAIN ST,200,E,N,-,-,N,NA,NA,NA,NA,NA,NA,NA,NA,NA,N,3,0,1,2,A,-,-,NA,NA,F,G,B,E,A,H,-,C,D,0,Y,NA,NA,NA,Y,Y,-,99,0,1,0,0,1,0,0,0,0,-,-,NA,NA,LOS ANGELES,LOS ANGELES,-118.27388,33.96236
6682129,2014,2015-06-04,1941,2014-10-21,1919,6042,NA,2,5,7,1941,0,0,0,NA,0,NA,PACIFIC COAST HWY,CEDAR AV,0,NA,Y,A,-,Y,NA,NA,NA,NA,NA,NA,NA,NA,NA,Y,4,0,1,2,A,-,09,21801,A,N,D,C,A,A,H,-,C,A,0,NA,NA,NA,NA,Y,NA,A,NA,0,0,1,0,0,0,0,0,0,-,-,NA,NA,LOS ANGELES,LONG BEACH,-118.19507005,33.78987004
6682330,2014,2016-06-11,9530,2014-09-27,1333,020732,NA,6,1,9,1900,0,1,1,NA,2,210,RT 105,WILMINGTON AV,900,W,N,A,-,Y,LA,7,105,-,R,9.61,H,-,E,Y,2,0,3,3,A,-,07,21658,A,N,C,C,A,A,H,-,A,D,0,NA,NA,Y,NA,Y,NA,A,01,1,2,0,0,0,0,0,0,2,-,-,NA,NA,LOS ANGELES,UNINCORPORATED,-118.24217095,33.92834437
6682334,2014,2016-06-04,9530,2014-09-28,0935,20678,NA,7,1,7,1942,0,1,1,NA,2,110,RT 110,CENTURY BL,58,S,N,A,-,Y,LA,7,110,-,-,14.96,H,-,N,Y,2,0,3,2,A,-,08,22107,NA,N,E,I,A,A,H,-,A,D,1,NA,NA,NA,NA,Y,NA,A,01,1,1,1,0,0,0,0,0,0,-,-,33.9451,-118.2794,LOS ANGELES,LOS ANGELES,-118.27958179,33.94544609
6682338,2014,2016-05-14,9530,2014-09-25,0715,18745,NA,4,1,5,1977,0,1,1,NA,2,410,RT 405,WILMINGTON AV,500,W,N,A,-,Y,LA,7,405,-,-,9.715,R,1,S,N,4,0,1,2,A,-,03,22350,NA,N,C,C,A,A,H,-,A,D,1,NA,NA,NA,NA,Y,NA,-,99,0,0,1,0,0,0,0,0,0,-,-,NA,NA,LOS ANGELES,CARSON,-118.24405893,33.82575073
6682342,2014,2016-05-31,9530,2014-09-27,0740,19412,NA,6,1,7,1941,0,1,1,NA,2,071,RT 710,RT 405,2000,N,N,B,-,Y,LA,7,710,-,-,9.79,H,-,S,Y,4,0,2,3,A,-,07,21658,A,N,C,C,A,A,H,-,A,D,1,NA,NA,NA,NA,Y,NA,A,01,0,0,2,0,0,0,0,0,0,-,-,33.83529,-118.20872,LOS ANGELES,LONG BEACH,-118.20893417,33.83188999
6682346,2014,2014-11-21,1975,2014-09-23,0739,395,NA,2,5,6,1975,0,0,0,NA,0,TRAFFI,ROWLAND AV,NEIL ST,8,E,N,A,-,N,NA,NA,NA,NA,NA,NA,NA,NA,NA,N,4,0,1,2,A,-,10,21950,A,N,G,B,C,A,H,-,A,D,0,Y,NA,NA,NA,Y,NA,A,01,0,0,1,0,1,0,0,0,0,-,-,NA,NA,LOS ANGELES,WEST COVINA,-117.90406365,34.07901963
6682348,2014,2015-05-22,1975,2014-09-28,0528,350,NA,7,5,6,1975,0,0,0,NA,0,001,WILLOW AV,LELAND AV,195,S,N,A,-,N,NA,NA,NA,NA,NA,NA,NA,NA,NA,Y,4,0,1,3,A,-,05,21650,NA,N,A,E,A,A,H,-,A,D,0,NA,NA,NA,NA,Y,NA,-,NA,0,0,1,0,0,0,0,0,0,-,-,NA,NA,LOS ANGELES,WEST COVINA,-117.94679408,34.07831665
6682350,2014,2016-01-12,1975,2014-09-21,1357,423,NA,7,5,6,1975,0,0,0,NA,0,002,AZUSA AV,CAMERON AV,0,NA,Y,A,-,N,NA,NA,NA,NA,NA,NA,NA,NA,NA,Y,4,0,4,2,A,-,12,21453,A,N,D,D,A,A,H,-,A,A,0,NA,NA,NA,NA,Y,NA,-,NA,0,0,4,0,0,0,0,0,0,-,-,NA,NA,LOS ANGELES,WEST COVINA,-117.90795007,34.06109007
6682354,2014,2014-11-20,1975,2014-09-23,0823,395,NA,2,5,6,1975,0,0,0,NA,0,TRAFFI,SUNSET AV,ROWLAND AV,0,NA,Y,A,-,N,NA,NA,NA,NA,NA,NA,NA,NA,NA,N,4,0,1,2,A,-,10,21950,A,N,D,G,A,A,H,-,A,D,0,NA,Y,NA,NA,Y,NA,A,01,0,0,1,0,0,0,1,0,0,-,-,NA,NA,LOS ANGELES,WEST COVINA,-117.93502001,34.07906004
6682366,2014,2016-05-31,9530,2014-09-23,0600,018278,NA,2,1,7,1941,0,1,1,NA,2,073,RT 710,PCH,83,N,N,A,-,Y,LA,7,710,-,-,6.88,H,-,N,Y,3,0,1,1,A,-,08,22107,NA,N,E,I,A,A,H,-,C,D,1,NA,NA,NA,NA,Y,NA,A,01,0,1,0,0,0,0,0,0,0,-,-,NA,NA,LOS ANGELES,LONG BEACH,-118.20778324,33.78988621
6682374,2014,2014-11-21,1942,2014-09-24,0810,39497,1235,3,5,7,1942,0,0,0,L,0,12A15,NORMANDIE AV,60TH ST,50,S,N,A,-,N,NA,NA,NA,NA,NA,NA,NA,NA,NA,N,4,0,2,3,A,-,04,21703,NA,F,C,C,A,A,H,-,A,A,0,NA,NA,NA,NA,Y,NA,-,99,0,0,2,0,0,0,0,0,0,-,-,NA,NA,LOS ANGELES,LOS ANGELES,-118.30022334,33.9857229
6682382,2014,2014-11-21,1942,2014-09-14,2200,38694,1241,7,5,7,1942,0,0,0,L,0,12T41,WEST BL,61ST ST,175,N,N,A,-,N,NA,NA,NA,NA,NA,NA,NA,NA,NA,N,4,0,1,4,A,-,03,22350,NA,N,C,C,A,A,H,-,C,D,0,NA,NA,NA,NA,Y,NA,-,99,0,0,1,0,0,0,0,0,0,-,-,NA,NA,LOS ANGELES,LOS ANGELES,-118.33518,33.98494989
6682383,2014,2015-05-21,1942,2014-09-13,1820,40119,1975,6,5,7,1942,0,0,0,NA,0,19T72,NORDHOFF ST,SYLMAR AV,272,W,N,A,-,N,NA,NA,NA,NA,NA,NA,NA,NA,NA,N,4,0,1,2,A,-,09,21804,A,N,D,C,A,A,H,-,A,D,0,NA,NA,NA,NA,Y,NA,A,07,0,0,1,0,0,0,0,0,0,-,-,NA,NA,LOS ANGELES,LOS ANGELES,-118.44679828,34.23539268
6682390,2014,2014-11-21,1942,2014-09-16,1300,33599,1283,2,5,7,1942,0,0,0,L,0,3TL5,CENTURY BL,DENKER AV,0,NA,Y,A,-,N,NA,NA,NA,NA,NA,NA,NA,NA,NA,N,4,0,1,2,A,-,03,22350,NA,F,C,A,A,A,H,-,A,B,0,NA,NA,NA,NA,Y,NA,-,99,0,0,1,0,0,0,0,0,0,-,-,NA,NA,LOS ANGELES,LOS ANGELES,-118.30467007,33.94547009
6682394,2014,2014-12-09,1965,2014-09-30,1900,3270,NA,2,5,5,1965,0,0,0,NA,0,002,4TH ST,STRAND ST,0,NA,Y,A,-,N,NA,NA,NA,NA,NA,NA,NA,NA,NA,N,4,0,1,2,D,-,00,NA,NA,F,G,B,B,A,H,-,C,D,0,Y,NA,NA,NA,Y,NA,-,-,0,0,1,0,1,0,0,0,0,-,-,NA,NA,LOS ANGELES,SANTA MONICA,-118.484165,34.00667
6682409,2014,2014-11-05,1900,2014-02-27,1230,472742,0977,4,5,4,1979,0,0,0,NA,0,91T4,LA CIENEGA BL,HOLLOWAY DR,45,N,N,A,-,N,NA,NA,NA,NA,NA,NA,NA,NA,NA,Y,3,0,1,2,A,-,09,21804,A,N,D,C,A,A,H,-,A,A,0,NA,NA,NA,NA,Y,NA,A,01,0,1,0,0,0,0,0,0,0,-,-,NA,NA,LOS ANGELES,WEST HOLLYWOOD,-118.3763,34.09077342
6682413,2014,2014-11-05,1900,2014-07-24,2021,519547,0972,4,5,4,1979,0,0,0,NA,0,93T3,ROBERTSON BL,MELROSE AV,0,NA,Y,A,-,N,NA,NA,NA,NA,NA,NA,NA,NA,NA,Y,4,0,2,2,D,-,00,NA,NA,N,A,C,A,A,H,-,C,A,0,NA,NA,NA,NA,Y,Y,-,-,0,0,2,0,0,0,0,0,0,-,-,NA,NA,LOS ANGELES,WEST HOLLYWOOD,-118.38547007,34.08081008
6682415,2014,2014-11-12,1942,2014-08-31,1340,41351,1241,7,5,7,1942,0,0,0,L,0,12A51,63RD ST,CRENSHAW BL,10,E,N,A,-,N,NA,NA,NA,NA,NA,NA,NA,NA,NA,N,4,0,1,2,A,-,03,22350,NA,N,C,C,A,A,H,-,A,D,0,NA,NA,NA,NA,Y,Y,A,01,0,0,1,0,0,0,0,0,0,-,-,NA,NA,LOS ANGELES,LOS ANGELES,-118.33084708,33.98292
6682421,2014,2014-11-05,9530,2014-07-30,1925,020584,NA,3,2,9,1900,0,3,5,NA,2,002,119TH ST,MONA BL,630,W,N,A,-,N,NA,NA,NA,NA,NA,NA,NA,NA,NA,Y,4,0,1,2,A,-,09,21804,A,F,D,C,A,A,H,-,A,D,0,NA,NA,NA,NA,Y,NA,A,07,0,0,1,0,0,0,0,0,0,-,-,33.92464,-118.23152,LOS ANGELES,UNINCORPORATED,-118.23143254,33.924606
6682438,2014,2015-01-07,1942,2014-10-10,1250,40157,0898,5,5,7,1942,0,0,0,H,0,8T26,ROBERTSON BL,BEVERLYWOOD ST,75,S,N,A,-,N,NA,NA,NA,NA,NA,NA,NA,NA,NA,N,4,0,1,4,A,-,03,22350,NA,F,C,C,A,A,H,-,A,D,0,NA,NA,NA,NA,Y,Y,-,99,0,0,1,0,0,0,0,0,0,-,-,NA,NA,LOS ANGELES,LOS ANGELES,-118.38847223,34.03810894
6682450,2014,2016-06-02,9535,2014-09-20,1700,20673,NA,6,2,5,1948,0,1,3,NA,2,600,RT 60,ATLANTIC AV,800,W,N,B,-,Y,LA,7,60,-,R,4.04,H,-,E,Y,3,0,1,2,A,-,01,23152,A,N,C,C,A,A,H,-,A,D,1,NA,NA,NA,NA,Y,Y,A,01,0,1,0,0,0,0,0,0,0,-,-,34.03685,-119.15885,LOS ANGELES,MONTEREY PARK,-118.15670898,34.03650681
6682451,2014,2014-11-05,1900,2014-08-19,0145,510594,2812,2,5,5,1915,0,0,0,NA,0,281T1,EL SEGUNDO BL,PARMALEE AV,50,E,N,A,-,N,NA,NA,NA,NA,NA,NA,NA,NA,NA,N,4,0,3,2,A,-,03,22350,NA,F,C,C,A,A,H,-,C,A,0,NA,NA,NA,NA,Y,NA,-,99,0,0,3,0,0,0,0,0,0,-,-,NA,NA,LOS ANGELES,COMPTON,-118.24967561,33.91628567