CASE_ID,ACCIDENT_YEAR,PROC_DATE,JURIS,COLLISION_DATE,COLLISION_TIME,OFFICER_ID,REPORTING_DISTRICT,DAY_OF_WEEK,CHP_SHIFT,POPULATION,CNTY_CITY_LOC,SPECIAL_COND,BEAT_TYPE,CHP_BEAT_TYPE,CITY_DIVISION_LAPD,CHP_BEAT_CLASS,BEAT_NUMBER,PRIMARY_RD,SECONDARY_RD,DISTANCE,DIRECTION,INTERSECTION,WEATHER_1,WEATHER_2,STATE_HWY_IND,CALTRANS_COUNTY,CALTRANS_DISTRICT,STATE_ROUTE,ROUTE_SUFFIX,POSTMILE_PREFIX,POSTMILE,LOCATION_TYPE,RAMP_INTERSECTION,SIDE_OF_HWY,TOW_AWAY,COLLISION_SEVERITY,NUMBER_KILLED,NUMBER_INJURED,PARTY_COUNT,PRIMARY_COLL_FACTOR,PCF_CODE_OF_VIOL,PCF_VIOL_CATEGORY,PCF_VIOLATION,PCF_VIOL_SUBSECTION,HIT_AND_RUN,TYPE_OF_COLLISION,MVIW,PED_ACTION,ROAD_SURFACE,ROAD_COND_1,ROAD_COND_2,LIGHTING,CONTROL_DEVICE,CHP_ROAD_TYPE,PEDESTRIAN_ACCIDENT,BICYCLE_ACCIDENT,MOTORCYCLE_ACCIDENT,TRUCK_ACCIDENT,NOT_PRIVATE_PROPERTY,ALCOHOL_INVOLVED,STWD_VEHTYPE_AT_FAULT,CHP_VEHTYPE_AT_FAULT,COUNT_SEVERE_INJ,COUNT_VISIBLE_INJ,COUNT_COMPLAINT_PAIN,COUNT_PED_KILLED,COUNT_PED_INJURED,COUNT_BICYCLIST_KILLED,COUNT_BICYCLIST_INJURED,COUNT_MC_KILLED,COUNT_MC_INJURED,PRIMARY_RAMP,SECONDARY_RAMP,LATITUDE,LONGITUDE,COUNTY,CITY,POINT_X,POINT_Y
6686862,2014,2015-01-06,1976,2014-10-17,1020,894,NA,5,5,3,1964,0,0,0,NA,0,001,NORWALK BL,SMITH AV,0,NA,Y,B,-,N,NA,NA,NA,NA,NA,NA,NA,NA,NA,Y,4,0,1,2,A,-,09,21801,A,N,D,C,A,A,H,-,A,A,0,NA,NA,NA,NA,Y,NA,D,22,0,0,1,0,0,0,0,0,0,-,-,NA,NA,LOS ANGELES,SANTA FE SPRINGS,-118.0727301,33.94886003
6686929,2014,2015-01-21,1916,2014-10-23,1641,2561,18A,4,5,4,1916,0,0,0,NA,0,004,AZUSA AV,CYPRESS ST,147,S,N,A,-,N,NA,NA,NA,NA,NA,NA,NA,NA,NA,Y,4,0,1,3,A,-,08,22107,NA,N,B,C,A,A,H,-,A,D,0,NA,NA,Y,NA,Y,NA,D,22,0,0,1,0,0,0,0,0,0,-,-,NA,NA,LOS ANGELES,COVINA,-117.90782552,34.09536703
6686930,2014,2015-01-07,1916,2014-10-14,1605,2044,73,2,5,4,1916,0,0,0,NA,0,007,WORKMAN,ALBERTSON,0,NA,Y,B,-,N,NA,NA,NA,NA,NA,NA,NA,NA,NA,Y,4,0,2,3,A,-,01,23152,A,N,C,C,A,A,H,-,A,A,0,NA,NA,NA,NA,Y,Y,D,22,0,0,2,0,0,0,0,0,0,-,-,NA,NA,LOS ANGELES,COVINA,-117.89618013,34.0754001
6687040,2014,2015-05-19,9535,2014-09-18,1930,20833,NA,4,2,9,1900,0,2,4,NA,2,011,EASTERN AV,LANSDOWNE AV,92,S,N,A,-,N,NA,NA,NA,NA,NA,NA,NA,NA,NA,N,3,0,1,2,A,-,01,23152,A,N,C,E,A,A,H,-,C,D,0,NA,NA,NA,NA,Y,Y,A,01,0,1,0,0,0,0,0,0,0,-,-,34.06045,-118.17558,LOS ANGELES,UNINCORPORATED,-118.17608,34.06136
6687041,2014,2014-12-22,1916,2014-10-23,1350,1853,23A,4,5,4,1916,0,0,0,NA,0,003,GLENDORA AV,CYPRESS ST,0,NA,Y,A,-,N,NA,NA,NA,NA,NA,NA,NA,NA,NA,N,4,0,1,2,A,-,09,21801,A,N,D,C,A,A,H,-,A,A,0,NA,NA,NA,NA,Y,NA,A,07,0,0,1,0,0,0,0,0,0,-,-,NA,NA,LOS ANGELES,COVINA,-117.86380006,34.09579004
6687042,2014,2014-12-22,1976,2014-10-18,2246,209,NA,6,5,5,1976,0,0,0,NA,0,003,LAUREL AV,LAMBERT RD,0,NA,Y,A,-,N,NA,NA,NA,NA,NA,NA,NA,NA,NA,N,3,0,1,2,A,-,01,23152,A,N,A,C,A,A,H,-,C,A,0,NA,NA,NA,NA,Y,Y,A,01,0,1,0,0,0,0,0,0,0,-,-,NA,NA,LOS ANGELES,WHITTIER,-118.03451011,33.95572009
6687055,2014,2015-01-07,1941,2014-10-25,1400,6263,NA,6,5,7,1941,0,0,0,NA,0,NA,4TH ST,REDONDO,0,NA,Y,A,-,N,NA,NA,NA,NA,NA,NA,NA,NA,NA,N,3,0,1,2,A,-,08,22107,NA,N,B,C,A,A,H,-,A,D,0,NA,NA,NA,NA,Y,NA,A,NA,0,1,0,0,0,0,0,0,0,-,-,NA,NA,LOS ANGELES,LONG BEACH,-118.15243006,33.771700010000004
6687056,2014,2014-12-22,1941,2014-10-24,1003,10034,NA,5,5,7,1941,0,0,0,NA,0,NA,OCEAN BL,E ALAMITOS,30,E,N,A,-,N,NA,NA,NA,NA,NA,NA,NA,NA,NA,N,4,0,1,2,A,-,17,21652,NA,M,G,B,A,A,H,-,A,A,0,NA,Y,NA,NA,Y,NA,A,NA,0,0,1,0,0,0,1,0,0,-,-,NA,NA,LOS ANGELES,LONG BEACH,-118.18301301,33.76638437
6687057,2014,2014-12-22,1941,2014-10-24,1835,6281,NA,5,5,7,1941,0,0,0,NA,0,NA,WILLOW ST,MAINE AV,0,NA,Y,A,-,N,NA,NA,NA,NA,NA,NA,NA,NA,NA,Y,4,0,4,2,A,-,08,22105,NA,M,C,C,A,A,H,-,C,D,0,NA,NA,NA,NA,Y,Y,A,NA,0,0,4,0,0,0,0,0,0,-,-,NA,NA,LOS ANGELES,LONG BEACH,-118.20030013,33.80445011
6687058,2014,2014-12-22,1941,2014-10-19,1738,10055,NA,7,5,7,1941,0,0,0,NA,0,NA,ANAHEIM ST,HOFFMAN AV,10,W,N,A,-,N,NA,NA,NA,NA,NA,NA,NA,NA,NA,N,4,0,2,3,A,-,03,22350,NA,M,C,C,A,A,H,-,A,A,0,NA,NA,NA,NA,Y,NA,A,NA,0,0,2,0,0,0,0,0,0,-,-,NA,NA,LOS ANGELES,LONG BEACH,-118.17366284,33.78261
6687059,2014,2014-12-22,1941,2014-10-22,2245,5868,NA,3,5,7,1941,0,0,0,NA,0,NA,LONG BEACH BL,LIGHT POLE #AC1145,32,N,N,A,-,N,NA,NA,NA,NA,NA,NA,NA,NA,NA,N,3,0,1,2,A,-,03,22350,NA,M,C,G,A,A,H,-,C,-,0,NA,Y,NA,NA,Y,NA,A,NA,0,1,0,0,0,0,1,0,0,-,-,NA,NA,LOS ANGELES,LONG BEACH,NA,NA
6687089,2014,2014-12-24,1976,2014-10-22,1606,488,NA,3,5,3,1964,0,0,0,NA,0,NA,SORENSON AV,WASHINGTON BL,400,S,N,A,-,N,NA,NA,NA,NA,NA,NA,NA,NA,NA,Y,4,0,1,2,A,-,09,21804,A,N,D,C,A,A,H,-,A,D,0,NA,NA,NA,NA,Y,NA,A,07,0,0,1,0,0,0,0,0,0,-,-,NA,NA,LOS ANGELES,SANTA FE SPRINGS,-118.06009507,33.96827505
6687090,2014,2014-12-24,1976,2014-10-22,0800,494,NA,3,5,3,1964,0,0,0,NA,0,001,SORENSEN AV,SLAUSON AV,0,NA,Y,A,-,N,NA,NA,NA,NA,NA,NA,NA,NA,NA,N,3,0,1,2,D,-,00,NA,NA,N,G,B,B,A,H,-,A,A,0,Y,NA,NA,NA,Y,NA,-,-,0,1,0,0,1,0,0,0,0,-,-,NA,NA,LOS ANGELES,SANTA FE SPRINGS,-118.06043007,33.96356002
6687091,2014,2014-12-24,1976,2014-10-21,0805,226,1976,2,5,3,1964,0,0,0,NA,0,003,ALONDRA BL,FREEWAY DR,496,W,N,A,-,N,NA,NA,NA,NA,NA,NA,NA,NA,NA,Y,4,0,1,2,A,-,04,21703,NA,N,C,C,A,A,H,-,A,D,0,NA,NA,NA,NA,Y,NA,A,01,0,0,1,0,0,0,0,0,0,-,-,NA,NA,LOS ANGELES,SANTA FE SPRINGS,-118.03539058,33.88794
6687092,2014,2014-12-24,1976,2014-10-20,1655,226,1976,1,5,3,1964,0,0,0,NA,0,002,FLORENCE AV,LAUREL AV,21,W,N,A,-,N,NA,NA,NA,NA,NA,NA,NA,NA,NA,N,3,0,1,2,A,-,05,21650,1,N,H,G,A,A,H,-,A,A,0,NA,Y,NA,NA,Y,NA,L,04,0,1,0,0,0,0,1,0,0,-,-,NA,NA,LOS ANGELES,SANTA FE SPRINGS,-118.04886826,33.93581115
6687093,2014,2015-01-07,1976,2014-10-15,1834,303,NA,3,5,3,1964,0,0,0,NA,0,NA,MARQUARDT AV,FIRESTONE BL,0,NA,Y,A,-,N,NA,NA,NA,NA,NA,NA,NA,NA,NA,Y,4,0,1,2,A,-,09,21802,A,N,D,C,A,A,H,-,C,A,0,NA,NA,NA,NA,Y,NA,A,08,0,0,1,0,0,0,0,0,0,-,-,NA,NA,LOS ANGELES,SANTA FE SPRINGS,-118.03801008,33.88861011
6687094,2014,2014-12-24,1976,2014-10-15,0543,854,NA,3,5,3,1964,0,0,0,NA,0,NA,DICE RD,LOS NIETOS RD,45,N,N,A,-,N,NA,NA,NA,NA,NA,NA,NA,NA,NA,Y,4,0,1,2,A,-,05,21460,A,N,D,C,A,A,H,-,C,D,0,NA,NA,NA,NA,Y,NA,A,01,0,0,1,0,0,0,0,0,0,-,-,NA,NA,LOS ANGELES,SANTA FE SPRINGS,-118.06719197,33.9547496
6687106,2014,2014-12-24,9535,2014-10-07,1650,20859,NA,2,2,9,1900,0,3,5,NA,2,002,GARFIELD AV,NORTHSIDE DR,100,S,N,A,-,N,NA,NA,NA,NA,NA,NA,NA,NA,NA,N,4,0,1,3,A,-,03,22350,NA,N,C,C,A,A,H,-,A,D,0,NA,NA,NA,NA,Y,NA,A,01,0,0,1,0,0,0,0,0,0,-,-,34.01253,-118.13061,LOS ANGELES,UNINCORPORATED,-118.13058399,34.01271102
6687107,2014,2014-12-24,9535,2014-10-17,1510,20859,NA,5,2,9,1900,0,2,4,NA,2,022,OLYMPIC BL,MCDONNELL AV,0,NA,Y,A,-,N,NA,NA,NA,NA,NA,NA,NA,NA,NA,Y,4,0,1,2,A,-,09,21802,A,N,D,C,A,A,H,-,A,A,0,NA,NA,NA,NA,Y,NA,A,01,0,0,1,0,0,0,0,0,0,-,-,34.01855,-118.16922,LOS ANGELES,UNINCORPORATED,-118.16926006,34.0185501
6687108,2014,2014-12-24,9535,2014-10-05,0010,20816,NA,7,3,9,1900,0,2,4,NA,2,024,WHITTIER BL,INDIANA ST,124,E,N,A,-,N,NA,NA,NA,NA,NA,NA,NA,NA,NA,Y,3,0,2,2,A,-,17,22517,NA,M,B,C,A,A,H,-,C,D,0,NA,NA,NA,NA,Y,Y,A,08,0,1,1,0,0,0,0,0,0,-,-,34.02387,-118.19188,LOS ANGELES,UNINCORPORATED,-118.19228598,34.02396618
6687109,2014,2016-06-20,9535,2014-10-12,1540,20862,NA,7,2,9,1900,0,1,1,NA,2,501,RT 5,DITMAN AV,180,N,N,A,-,Y,LA,7,5,-,-,14.83,H,-,S,Y,4,0,1,2,A,-,03,22350,NA,M,C,C,A,A,H,-,A,D,1,NA,NA,NA,NA,Y,NA,-,99,0,0,1,0,0,0,0,0,0,-,-,34.02003,-118.18962,LOS ANGELES,UNINCORPORATED,-118.19004912,34.02006186
6687110,2014,2014-12-24,9535,2014-10-01,1121,20828,NA,3,1,3,1914,0,1,1,NA,2,500,RT 5,SIMMONS RR,250,S,N,A,-,Y,NA,NA,5,NA,NA,NA,NA,NA,NA,N,4,0,1,2,A,-,03,22350,NA,N,C,C,A,A,H,-,A,D,0,NA,NA,NA,NA,Y,NA,A,01,0,0,1,0,0,0,0,0,0,-,-,33.98867,-118.13852,LOS ANGELES,COMMERCE,-118.13850503,33.98868466
6687111,2014,2014-12-24,9535,2014-10-11,1610,19550,NA,6,2,5,1947,0,1,3,NA,2,600,RT 60,GARFIELD AV,500,W,N,A,-,Y,NA,NA,NA,NA,NA,NA,NA,NA,NA,N,4,0,1,2,A,-,03,22350,NA,M,C,C,A,A,H,-,A,D,0,NA,NA,NA,NA,Y,NA,A,07,0,0,1,0,0,0,0,0,0,-,-,34.03477,-118.09068,LOS ANGELES,MONTEBELLO,-118.13171666,34.03324282
6687112,2014,2014-12-24,9535,2014-10-10,1020,15797,NA,5,1,5,1901,0,1,1,NA,2,421,RT 10,WARWICK AV,150,W,N,A,-,Y,NA,NA,NA,NA,NA,NA,NA,NA,NA,Y,4,0,1,2,A,-,03,22350,NA,N,C,C,A,A,H,-,A,D,0,NA,NA,NA,NA,Y,NA,A,01,0,0,1,0,0,0,0,0,0,-,-,34.0389,-118.09498,LOS ANGELES,ALHAMBRA,-118.159647,34.06431
6687113,2014,2014-12-24,9535,2014-10-13,1651,20851,NA,1,2,6,1922,0,1,1,NA,2,400,RT 10,PECK RD,1000,W,N,A,-,Y,NA,NA,10,NA,NA,NA,NA,NA,NA,Y,4,0,1,2,A,-,04,21703,NA,N,C,C,A,A,H,-,A,D,0,NA,NA,NA,NA,Y,NA,A,01,0,0,1,0,0,0,0,0,0,-,-,34.06808,-118.02453,LOS ANGELES,EL MONTE,-118.02453058,34.06801994
6687114,2014,2014-12-24,9535,2014-10-10,1655,20855,NA,5,2,9,1900,0,1,1,NA,2,420,RT 10,EASTERN AV,1320,W,N,A,-,Y,NA,NA,10,NA,NA,NA,NA,NA,NA,Y,4,0,1,4,A,-,03,22350,NA,N,C,C,A,A,H,-,A,D,0,NA,NA,NA,NA,Y,NA,A,07,0,0,1,0,0,0,0,0,0,-,-,34.05862,-118.17745,LOS ANGELES,UNINCORPORATED,-118.17746291,34.05864974
6687115,2014,2014-12-24,9535,2014-10-06,0010,20683,NA,1,3,6,1922,0,1,1,NA,2,400,RT 10,ROSEMEAD BL,134,E,N,A,-,Y,NA,NA,10,NA,NA,NA,NA,NA,NA,Y,3,0,1,2,A,-,01,23152,A,N,B,C,A,A,H,-,C,D,0,NA,NA,NA,NA,Y,Y,A,07,0,1,0,0,0,0,0,0,0,-,-,34.07201,-118.0726,LOS ANGELES,EL MONTE,-118.07260094,34.07207374
6687741,2014,2016-06-23,1976,2014-10-24,1022,550,NA,5,5,5,1976,0,0,0,NA,0,003,WHITTIER BL,CENTRAL AV,56,W,N,A,-,Y,LA,7,72,-,-,3.54,H,-,N,Y,4,0,1,4,A,-,03,22350,NA,N,C,C,A,A,H,-,A,A,0,NA,NA,NA,NA,Y,NA,A,07,0,0,1,0,0,0,0,0,0,-,-,NA,NA,LOS ANGELES,WHITTIER,-118.03106574,33.96225406
6687896,2014,2014-11-13,1953,2014-10-16,1643,8425,1953,4,5,6,1953,0,0,0,NA,0,001,CALIFORNIA BL,ST JOHN ST,25,E,N,A,-,N,NA,NA,NA,NA,NA,NA,NA,NA,NA,N,4,0,1,2,A,-,03,22350,NA,N,C,C,A,A,H,-,A,A,0,NA,NA,NA,NA,Y,NA,J,48,0,0,1,0,0,0,0,0,0,-,-,NA,NA,LOS ANGELES,PASADENA,-118.15547763,34.13576294
6688035,2014,2016-05-28,1900,2014-09-24,1434,524132,2610,3,5,6,1950,0,0,0,NA,0,262T1,RT 138,SIERRA HWY,0,NA,Y,A,-,Y,LA,7,138,-,-,44.424,I,5,E,Y,3,0,2,2,A,-,09,21806,A,N,D,C,A,A,H,-,A,A,0,NA,NA,NA,NA,Y,NA,A,01,0,1,1,0,0,0,0,0,0,-,-,NA,NA,LOS ANGELES,PALMDALE,-118.11655266,34.57951545
6688137,2014,2016-02-03,9550,2014-01-04,1300,15040,NA,6,1,4,1936,0,1,1,NA,2,501,RT 5,ARTESIA BL,600,N,N,A,-,Y,LA,7,5,-,-,0.06,H,-,S,Y,4,0,1,2,A,-,03,22350,NA,N,C,C,A,A,H,-,A,D,1,NA,NA,NA,NA,Y,NA,D,22,0,0,1,0,0,0,0,0,0,-,-,33.87467,-118.01178,LOS ANGELES,LA MIRADA,-118.01231248,33.87525541
6688138,2014,2016-02-03,9550,2014-01-03,1300,20365,NA,5,1,3,1964,0,1,1,NA,2,501,RT 5,CARMENITA RD,2640,N,N,A,-,Y,LA,7,5,-,-,2.91,H,-,N,N,4,0,2,2,A,-,03,22350,NA,N,C,C,A,A,H,-,A,D,1,NA,NA,NA,NA,Y,NA,D,22,0,0,2,0,0,0,0,0,0,-,-,33.89905,-118.05635,LOS ANGELES,SANTA FE SPRINGS,-118.05387065,33.89765891
6688139,2014,2016-02-03,9550,2014-01-02,2045,20696,NA,4,2,6,1920,0,1,1,NA,2,500,RT 5,PARAMOUNT BL,500,S,N,A,-,Y,LA,7,5,-,-,8.86,H,-,N,Y,3,0,2,2,A,-,07,21658,A,F,B,C,A,A,H,-,C,D,1,NA,NA,NA,NA,Y,NA,-,99,0,2,0,0,0,0,0,0,0,-,-,33.96393,-118.11972,LOS ANGELES,DOWNEY,-118.11894745,33.96319269
6688140,2014,2015-12-28,9550,2014-01-01,0213,019120,NA,3,3,9,1900,0,1,3,NA,2,602,RT 60,FULLERTON RD,370,W,N,A,-,Y,LA,7,60,-,-,19.297,R,2,E,Y,3,0,1,1,A,-,01,23152,A,M,E,I,A,A,H,-,C,D,1,NA,NA,NA,NA,Y,Y,A,01,0,1,0,0,0,0,0,0,0,TO,-,33.99337,-117.90648,LOS ANGELES,UNINCORPORATED,-117.90835042,33.99408727
6688141,2014,2014-11-12,9550,2014-01-04,1440,20392,NA,6,2,9,1900,0,3,5,NA,2,002,LEFFINGWELL RD,COTEAU DR,0,NA,Y,A,-,N,NA,NA,NA,NA,NA,NA,NA,NA,NA,Y,4,0,2,2,A,-,09,21801,A,F,A,C,A,A,H,-,A,D,0,NA,NA,NA,NA,Y,NA,A,01,0,0,2,0,0,0,0,0,0,-,-,33.92159,-118.03486,LOS ANGELES,UNINCORPORATED,-118.03498014,33.92155005
6688142,2014,2014-11-26,9550,2014-01-03,1255,20360,NA,5,1,9,1900,0,3,5,NA,2,004,AZUSA AV,RT 60,0,NA,Y,A,-,N,NA,NA,NA,NA,NA,NA,NA,NA,NA,Y,4,0,1,2,D,-,00,NA,NA,N,D,C,A,A,H,-,A,A,0,NA,NA,NA,NA,Y,NA,-,-,0,0,1,0,0,0,0,0,0,-,EF,33.99542,-117.93048,LOS ANGELES,UNINCORPORATED,-117.93123003,33.99687006
6688143,2014,2016-02-03,9550,2014-01-02,1240,20360,NA,4,1,6,1949,0,1,1,NA,2,501,RT 5,NORWALK BL,500,S,N,A,-,Y,LA,7,5,-,-,4.32,H,-,S,Y,4,0,1,3,A,-,03,22350,NA,N,C,C,A,A,H,-,A,D,1,NA,NA,NA,NA,Y,NA,D,22,0,0,1,0,0,0,0,0,0,-,-,33.91084,-118.07135,LOS ANGELES,NORWALK,-118.07208719,33.91133539
6688144,2014,2015-12-28,9550,2014-01-01,0420,019117,NA,3,3,9,1900,0,1,3,NA,2,600,RT 60,7TH AV,2000,E,N,A,-,Y,LA,7,60,-,-,14.68,H,-,W,Y,3,0,1,1,A,-,01,23152,A,N,E,I,A,A,H,-,D,D,1,NA,NA,NA,NA,Y,Y,A,01,0,1,0,0,0,0,0,0,0,-,-,34.01365,-117.98239,LOS ANGELES,UNINCORPORATED,-117.98365287,34.0149235
6688145,2014,2014-11-12,9550,2014-01-04,1830,20165,NA,6,2,9,1900,0,3,5,NA,2,003,GALE AV,VALENCIA AV,0,NA,Y,A,-,N,NA,NA,NA,NA,NA,NA,NA,NA,NA,Y,4,0,1,2,A,-,09,21802,A,N,D,C,A,A,H,-,C,D,0,NA,NA,NA,NA,Y,NA,A,07,0,0,1,0,0,0,0,0,0,-,-,34.01589,-117.97775,LOS ANGELES,UNINCORPORATED,-117.97777011,34.01576007
6688146,2014,2014-11-26,9550,2014-01-03,1745,020664,NA,5,2,6,1920,0,3,5,NA,2,002,LEFFINGWELL RD,BURGESS AV,15,W,N,A,-,N,NA,NA,NA,NA,NA,NA,NA,NA,NA,Y,4,0,2,2,A,-,03,22350,NA,N,C,C,A,A,H,-,C,D,0,NA,NA,NA,NA,Y,NA,A,07,0,0,2,0,0,0,0,0,0,-,-,33.92381,-118.02388,LOS ANGELES,DOWNEY,-118.02402765,33.92394934
6688147,2014,2016-01-21,9550,2014-01-03,0035,18664,NA,5,3,6,1920,0,1,1,NA,2,150,RT 105,LAKEWOOD BL,1400,E,N,A,E,Y,LA,7,105,-,R,16.03,H,-,W,Y,3,0,1,1,A,-,01,23152,A,N,E,I,A,A,H,-,C,D,1,NA,NA,NA,NA,Y,Y,A,01,0,1,0,0,0,0,0,0,0,-,-,33.9132,-118.13789,LOS ANGELES,DOWNEY,-118.13598723,33.91324374
6688148,2014,2015-12-28,9550,2014-01-01,0830,014312,NA,3,1,9,1900,0,1,3,NA,2,602,RT 60,FULLERTON RD,100,E,N,A,-,Y,LA,7,60,-,-,19.51,H,-,W,Y,3,0,1,1,A,-,01,23152,A,N,E,I,A,A,H,-,A,D,1,NA,NA,NA,NA,Y,Y,A,01,0,1,0,0,0,0,0,0,0,-,-,33.99424,-117.90213,LOS ANGELES,UNINCORPORATED,-117.90461554,33.99429588
6688149,2014,2014-11-12,9550,2014-01-04,2148,20700,NA,6,2,9,1900,0,2,4,NA,1,021,WASHINGTON BL,SORENSON AV,200,W,N,A,-,N,NA,NA,NA,NA,NA,NA,NA,NA,NA,N,3,0,1,2,A,-,17,21200,NA,N,C,E,A,A,H,-,C,D,0,NA,Y,NA,NA,Y,Y,L,04,0,1,0,0,0,0,1,0,0,-,-,33.96973,-118.06065,LOS ANGELES,UNINCORPORATED,-118.06065551,33.96951252
6688150,2014,2016-02-03,9550,2014-01-03,1915,20014,NA,5,2,6,1949,0,1,1,NA,2,501,RT 5,ROSECRANS AV,800,S,N,A,-,Y,LA,7,5,-,-,3.29,H,-,N,N,4,0,1,2,A,-,03,22350,NA,N,C,C,A,A,H,-,D,D,1,NA,NA,NA,NA,Y,NA,A,01,0,0,1,0,0,0,0,0,0,-,-,33.90048,-118.05889,LOS ANGELES,NORWALK,-118.05920856,33.90069693
6688151,2014,2016-02-04,9550,2014-01-03,0130,020705,NA,5,3,6,1920,0,1,1,NA,2,150,RT 105,COLUMBIA WY,10,W,N,E,-,Y,LA,7,105,-,R,16.14,H,-,W,Y,4,0,1,3,A,-,03,22350,NA,N,C,C,A,A,H,-,C,D,1,NA,NA,NA,NA,Y,Y,A,01,0,0,1,0,0,0,0,0,0,-,-,33.91335,-118.1346,LOS ANGELES,DOWNEY,-118.13407868,33.91324795
6688152,2014,2016-03-05,9550,2014-01-01,2101,19527,NA,3,2,5,1919,0,1,3,NA,2,091,RT 91,RT 605,30,E,N,A,-,Y,LA,7,91,-,R,10.98,H,-,E,N,4,0,1,2,D,-,00,NA,NA,N,C,C,A,A,H,-,C,D,0,NA,NA,NA,NA,Y,NA,-,-,0,0,1,0,0,0,0,0,0,-,-,33.8762,-118.10171,LOS ANGELES,CERRITOS,-118.20457513,33.87278057
6688153,2014,2016-02-12,9550,2014-01-05,0210,19518,NA,7,3,7,1941,0,1,3,NA,2,090,RT 91,PARAMOUNT BL,200,W,N,A,-,Y,LA,7,91,-,R,13.517,H,-,E,Y,3,0,1,1,A,-,01,23152,A,N,E,I,A,A,H,-,D,D,1,NA,NA,NA,NA,Y,Y,A,01,0,1,0,0,0,0,0,0,0,-,-,33.8758,-118.16117,LOS ANGELES,LONG BEACH,-118.16165247,33.87601634
6688154,2014,2014-11-26,9550,2014-01-04,0615,20392,NA,6,1,9,1900,0,3,5,NA,2,002,LEFFINGWELL RD,KIBBEE AV,0,NA,Y,A,-,N,NA,NA,NA,NA,NA,NA,NA,NA,NA,Y,2,0,1,2,A,-,12,22450,A,N,D,C,A,A,H,-,D,D,0,NA,NA,Y,NA,Y,NA,A,07,1,0,0,0,0,0,0,0,1,-,-,33.93036,-117.99684,LOS ANGELES,UNINCORPORATED,-117.99719006,33.93045009
6688155,2014,2016-01-21,9550,2014-01-03,0131,020705,NA,5,3,6,1920,0,1,1,NA,2,150,RT 105,COLUMBIA WY,100,W,N,E,-,Y,LA,7,105,-,R,16.12,H,-,W,Y,2,0,3,2,A,-,03,22350,NA,N,D,C,A,A,H,-,C,D,1,NA,NA,NA,NA,Y,NA,A,01,3,0,0,0,0,0,0,0,0,-,-,33.91335,-118.1346,LOS ANGELES,DOWNEY,-118.13442641,33.9132471
6688156,2014,2016-02-04,9550,2014-01-04,2352,16761,NA,6,3,9,1900,0,1,1,NA,2,650,RT 605,BRADWELL OVER-HEAD,75,N,N,A,-,Y,LA,7,605,-,R,11.44,H,-,S,Y,3,0,1,3,A,-,01,23152,A,N,D,C,A,A,H,-,D,D,1,NA,NA,NA,NA,Y,Y,A,01,0,1,0,0,0,0,0,0,0,-,-,33.96545,-118.08435,LOS ANGELES,UNINCORPORATED,-118.08417604,33.96554872
6688157,2014,2016-02-04,9550,2014-01-04,2340,18664,NA,6,3,3,1964,0,1,1,NA,2,650,RT 605,TELEGRAPH RD,1500,N,N,A,-,Y,LA,7,605,-,R,10.56,H,-,S,Y,4,0,2,3,A,-,03,22350,NA,N,C,C,A,A,H,-,C,D,1,NA,NA,NA,NA,Y,Y,A,07,0,0,2,0,0,0,0,0,0,-,-,33.97011,-118.08217,LOS ANGELES,SANTA FE SPRINGS,-118.0897986,33.95361903
6688158,2014,2015-11-10,9550,2014-01-04,1148,020131,NA,6,1,5,1919,0,1,3,NA,2,091,RT 91,GRIDLEY RD,20,E,N,A,-,Y,LA,7,91,-,R,17.57,H,-,W,Y,4,0,1,3,A,-,03,22350,NA,N,C,C,A,A,H,-,A,D,1,NA,NA,NA,NA,Y,NA,A,08,0,0,1,0,0,0,0,0,0,-,-,33.87658,-118.0914,LOS ANGELES,CERRITOS,-118.09154712,33.87641849
6688159,2014,2016-02-03,9550,2014-01-03,1240,15449,NA,5,1,6,1920,0,1,1,NA,2,500,RT 5,LAKEWOOD BL,300,N,N,A,-,Y,LA,7,5,-,-,8.39,H,-,N,Y,4,0,1,2,A,-,03,22350,NA,N,C,C,A,A,H,-,A,D,1,NA,NA,NA,NA,Y,NA,A,01,0,0,1,0,0,0,0,0,0,-,-,33.9585,-118.11253,LOS ANGELES,DOWNEY,-118.11282757,33.9587301
6688160,2014,2014-11-12,9550,2014-01-01,2200,20705,NA,3,3,9,1900,0,3,5,NA,2,001,RINCON DR,KEITH DR,160,E,N,A,-,N,NA,NA,NA,NA,NA,NA,NA,NA,NA,Y,3,0,1,2,A,-,08,22107,NA,N,C,E,A,A,H,-,C,D,0,NA,NA,NA,NA,Y,NA,A,01,0,1,0,0,0,0,0,0,0,-,-,33.98553,-118.06102,LOS ANGELES,UNINCORPORATED,-118.06068777,33.98532697
6688179,2014,2016-04-23,9550,2014-04-08,1800,20553,NA,2,2,7,1941,0,1,1,NA,2,652,RT 605,CARSON ST,1575,S,N,A,-,Y,LA,7,605,-,R,1.44,H,-,N,Y,4,0,1,3,A,-,03,22350,NA,N,C,C,A,A,H,-,A,D,1,NA,NA,NA,NA,Y,NA,A,01,0,0,1,0,0,0,0,0,0,-,-,33.82773,-118.08229,LOS ANGELES,LONG BEACH,-118.08216141,33.82706811