CASE_ID,ACCIDENT_YEAR,PROC_DATE,JURIS,COLLISION_DATE,COLLISION_TIME,OFFICER_ID,REPORTING_DISTRICT,DAY_OF_WEEK,CHP_SHIFT,POPULATION,CNTY_CITY_LOC,SPECIAL_COND,BEAT_TYPE,CHP_BEAT_TYPE,CITY_DIVISION_LAPD,CHP_BEAT_CLASS,BEAT_NUMBER,PRIMARY_RD,SECONDARY_RD,DISTANCE,DIRECTION,INTERSECTION,WEATHER_1,WEATHER_2,STATE_HWY_IND,CALTRANS_COUNTY,CALTRANS_DISTRICT,STATE_ROUTE,ROUTE_SUFFIX,POSTMILE_PREFIX,POSTMILE,LOCATION_TYPE,RAMP_INTERSECTION,SIDE_OF_HWY,TOW_AWAY,COLLISION_SEVERITY,NUMBER_KILLED,NUMBER_INJURED,PARTY_COUNT,PRIMARY_COLL_FACTOR,PCF_CODE_OF_VIOL,PCF_VIOL_CATEGORY,PCF_VIOLATION,PCF_VIOL_SUBSECTION,HIT_AND_RUN,TYPE_OF_COLLISION,MVIW,PED_ACTION,ROAD_SURFACE,ROAD_COND_1,ROAD_COND_2,LIGHTING,CONTROL_DEVICE,CHP_ROAD_TYPE,PEDESTRIAN_ACCIDENT,BICYCLE_ACCIDENT,MOTORCYCLE_ACCIDENT,TRUCK_ACCIDENT,NOT_PRIVATE_PROPERTY,ALCOHOL_INVOLVED,STWD_VEHTYPE_AT_FAULT,CHP_VEHTYPE_AT_FAULT,COUNT_SEVERE_INJ,COUNT_VISIBLE_INJ,COUNT_COMPLAINT_PAIN,COUNT_PED_KILLED,COUNT_PED_INJURED,COUNT_BICYCLIST_KILLED,COUNT_BICYCLIST_INJURED,COUNT_MC_KILLED,COUNT_MC_INJURED,PRIMARY_RAMP,SECONDARY_RAMP,LATITUDE,LONGITUDE,COUNTY,CITY,POINT_X,POINT_Y
6688824,2014,2014-12-24,9590,2014-10-09,0355,19805,NA,4,3,7,1942,0,1,1,NA,2,013,RT 110,SAN FERNANDO RD,540,N,N,A,-,Y,NA,NA,110,NA,NA,NA,NA,NA,NA,Y,3,0,1,1,A,-,01,23152,A,N,E,I,A,A,H,-,C,D,0,NA,NA,NA,NA,Y,Y,A,01,0,1,0,0,0,0,0,0,0,-,-,34.08211,-118.22383,LOS ANGELES,LOS ANGELES,-118.2238305,34.08211081
6688828,2014,2014-12-24,9590,2014-10-01,1030,13435,NA,3,1,7,1942,0,1,1,NA,2,052,RT 110,PICO BL,150,N,N,A,-,Y,NA,NA,110,NA,NA,NA,NA,NA,NA,N,4,0,1,2,A,-,03,22350,NA,N,C,C,A,A,H,-,A,D,0,NA,NA,Y,NA,Y,NA,C,02,0,0,1,0,0,0,0,0,1,-,-,34.04308,-118.27266,LOS ANGELES,LOS ANGELES,-118.27260361,34.04304859
6688832,2014,2014-12-24,9590,2014-10-04,0755,020342,NA,6,1,7,1942,0,1,1,NA,2,085,RT 5,GRIFFITH PARK,100,N,N,A,-,Y,NA,NA,5,NA,NA,NA,NA,NA,NA,Y,3,0,1,1,A,-,08,22107,NA,N,E,I,A,A,H,-,A,D,0,NA,NA,NA,NA,Y,NA,A,01,0,1,0,0,0,0,0,0,0,-,SF,34.12484,-118.2732,LOS ANGELES,LOS ANGELES,-118.27296022,34.12490657
6688836,2014,2014-12-24,9590,2014-10-21,0755,16243,NA,2,1,7,1942,0,1,3,NA,2,095,RT 2,COLORADO BL,500,W,N,B,-,Y,NA,NA,2,NA,NA,NA,NA,NA,NA,Y,3,0,1,2,A,-,07,21658,A,N,B,C,A,A,H,-,A,D,0,NA,NA,Y,NA,Y,NA,A,01,0,1,0,0,0,0,0,0,0,-,-,34.14025,-118.22816,LOS ANGELES,LOS ANGELES,-118.22802647,34.14021128
6688840,2014,2014-12-24,9590,2014-10-21,0945,15982,NA,2,1,7,1942,0,1,2,NA,2,071,RT 101,ALVARADO ST,100,N,N,A,-,Y,NA,NA,101,NA,NA,NA,NA,NA,NA,N,4,0,1,2,A,-,03,22350,NA,N,C,C,A,A,H,-,A,D,0,NA,NA,NA,NA,Y,NA,A,07,0,0,1,0,0,0,0,0,0,-,-,34.07204,-118.26714,LOS ANGELES,LOS ANGELES,-118.26714028,34.07203936
6688844,2014,2014-12-24,9590,2014-10-09,0020,020838,NA,4,3,7,1942,0,1,1,NA,2,062,RT 10,VERMONT AV,200,E,N,A,-,Y,NA,NA,10,NA,NA,NA,NA,NA,NA,Y,3,0,1,2,A,-,07,21658,A,F,E,I,A,A,H,-,C,D,0,NA,NA,Y,NA,Y,NA,C,02,0,1,0,0,0,0,0,0,0,-,-,34.03651,-118.29007,LOS ANGELES,LOS ANGELES,-118.29006629,34.03682171
6688848,2014,2014-12-24,9590,2014-10-11,0908,20244,NA,6,1,7,1942,0,1,1,NA,2,051,RT 110,MANCHESTER AV,400,N,N,A,-,Y,NA,NA,NA,NA,NA,NA,NA,NA,NA,Y,3,0,2,3,A,-,07,21658,A,N,B,C,A,A,E,-,A,D,0,NA,NA,NA,NA,Y,NA,A,01,0,2,0,0,0,0,0,0,0,-,-,33.96061,-118.28221,LOS ANGELES,LOS ANGELES,-118.28109438,33.96118692
6688852,2014,2014-12-24,9590,2014-10-03,0305,019110,NA,5,3,7,1942,0,1,1,NA,2,061,RT 10,WESTERN AV,75,E,N,A,-,Y,NA,NA,10,NA,NA,NA,NA,NA,NA,Y,3,0,2,2,A,-,01,23152,A,N,C,C,A,A,H,-,C,D,0,NA,NA,NA,NA,Y,Y,A,01,0,2,0,0,0,0,0,0,0,-,-,34.0372,-118.30788,LOS ANGELES,LOS ANGELES,-118.3078794,34.03725147
6688856,2014,2014-12-24,9590,2014-10-04,0235,20748,NA,6,3,7,1942,0,1,1,NA,2,013,RT 110,MARMION WY,200,S,N,A,-,Y,NA,NA,110,NA,NA,NA,NA,NA,NA,Y,3,0,1,1,A,-,01,23152,A,N,E,I,A,A,H,-,C,D,0,NA,NA,NA,NA,Y,Y,A,01,0,1,0,0,0,0,0,0,0,-,-,34.1112,-118.18126,LOS ANGELES,LOS ANGELES,-118.18125407,34.11123964
6688860,2014,2014-12-24,9590,2014-10-04,0329,20697,NA,6,3,7,1942,0,1,1,NA,2,013,RT 110,AVENUE 64,150,N,N,A,-,Y,NA,NA,110,NA,NA,NA,NA,NA,NA,Y,3,0,1,1,A,-,01,23152,A,N,E,I,A,A,H,-,C,D,0,NA,NA,NA,NA,Y,Y,A,01,0,1,0,0,0,0,0,0,0,-,-,34.10404,-118.19149,LOS ANGELES,LOS ANGELES,-118.19137187,34.10387178
6688864,2014,2014-12-24,9590,2014-10-19,2100,20352,NA,7,2,7,1942,0,1,1,NA,2,052,RT 110,1ST ST,25,S,N,A,-,Y,NA,NA,NA,NA,NA,NA,NA,NA,NA,Y,4,0,1,4,A,-,03,22350,NA,N,C,C,A,A,H,-,C,D,0,NA,NA,NA,NA,Y,NA,A,01,0,0,1,0,0,0,0,0,0,-,-,34.03586,-118.25448,LOS ANGELES,LOS ANGELES,NA,NA
6688868,2014,2014-12-23,9590,2014-10-20,1020,16642,NA,1,1,7,1942,0,1,1,NA,2,061,RT 10,VIRGINIA RD,200,E,N,B,-,Y,NA,NA,10,NA,NA,NA,NA,NA,NA,Y,4,0,3,3,A,-,03,22350,NA,N,C,C,A,A,H,-,A,D,0,NA,NA,NA,NA,Y,NA,A,01,0,0,3,0,0,0,0,0,0,-,-,34.03506,-118.33687,LOS ANGELES,LOS ANGELES,-118.33686769,34.03501108
6688872,2014,2014-12-24,9590,2014-10-09,0044,20095,NA,4,3,7,1942,0,1,1,NA,2,051,RT 110,83RD ST,300,N,N,A,-,Y,NA,NA,NA,NA,NA,NA,NA,NA,NA,Y,4,0,1,2,A,-,08,22107,NA,N,-,C,A,A,H,-,C,D,0,NA,NA,NA,NA,Y,NA,A,07,0,0,1,0,0,0,0,0,0,-,-,34.96302,-118.28092,LOS ANGELES,LOS ANGELES,NA,NA
6688876,2014,2014-12-24,9590,2014-10-09,0850,020788,NA,4,1,7,1942,0,1,2,NA,2,070,RT 101,SPRING ST,150,N,N,A,-,Y,NA,NA,101,NA,NA,NA,NA,NA,NA,Y,4,0,1,3,A,-,03,22350,NA,N,C,C,A,A,H,-,A,D,0,NA,NA,NA,NA,Y,NA,A,01,0,0,1,0,0,0,0,0,0,-,-,34.05858,-118.24449,LOS ANGELES,LOS ANGELES,-118.24455896,34.05848751
6688880,2014,2014-12-24,9590,2014-10-05,1620,20708,NA,7,2,7,1942,0,1,1,NA,2,040,RT 5,GRANDE VISTA AV,200,N,N,A,-,Y,NA,NA,5,NA,NA,NA,NA,NA,NA,N,4,0,1,2,A,-,07,21658,A,N,B,C,A,A,H,-,A,D,0,NA,NA,Y,NA,Y,NA,A,01,0,0,1,0,0,0,0,0,1,-,-,34.02634,-118.20754,LOS ANGELES,LOS ANGELES,-118.20763003,34.02613134
6688881,2014,2015-01-07,1942,2014-10-13,1445,37541,1788,1,5,7,1942,0,0,0,Q,0,17A1,NORDHOFF ST,AMESTOY AV,0,NA,Y,A,-,N,NA,NA,NA,NA,NA,NA,NA,NA,NA,N,4,0,2,2,A,-,12,21453,A,N,D,C,A,A,H,-,A,A,0,NA,NA,NA,NA,Y,NA,A,01,0,0,2,0,0,0,0,0,0,-,-,NA,NA,LOS ANGELES,LOS ANGELES,-118.50693,34.2357601
6688882,2014,2016-02-17,1942,2014-10-07,1310,38672,1966,2,5,7,1942,0,0,0,NA,0,19EL2,NORDHOFF,WOODMAN,0,NA,Y,A,-,N,NA,NA,NA,NA,NA,NA,NA,NA,NA,Y,4,0,2,2,A,-,09,21801,A,N,A,C,A,A,H,-,A,A,0,NA,NA,NA,NA,Y,NA,A,07,0,0,2,0,0,0,0,0,0,-,-,NA,NA,LOS ANGELES,LOS ANGELES,-118.44044002,34.23534008
6688883,2014,2015-01-06,1942,2014-10-02,1950,40241,1909,4,5,7,1942,0,0,0,NA,0,19EL1,GAVINA AV,RAJAH ST,0,NA,Y,A,-,N,NA,NA,NA,NA,NA,NA,NA,NA,NA,NA,4,0,1,2,A,-,09,21453,B,N,D,C,A,A,-,-,C,-,0,NA,NA,NA,NA,Y,NA,A,01,0,0,1,0,0,0,0,0,0,-,-,NA,NA,LOS ANGELES,LOS ANGELES,-118.40843006,34.32293009
6688885,2014,2014-12-26,1942,2014-10-03,0001,36336,1752,5,5,7,1942,0,0,0,Q,0,21T61,LASSEN ST,DE SOTO AV,0,NA,Y,A,-,N,NA,NA,NA,NA,NA,NA,NA,NA,NA,Y,4,0,2,3,A,-,12,21453,A,N,D,C,A,A,H,-,C,A,0,NA,NA,NA,NA,Y,NA,A,01,0,0,2,0,0,0,0,0,0,-,-,NA,NA,LOS ANGELES,LOS ANGELES,-118.58857005,34.24998004
6688886,2014,2014-12-26,1942,2014-10-17,1825,34832,1963,5,5,7,1942,0,0,0,NA,0,19X66,WOODMAN AV,VAN NUYS BL,0,NA,Y,A,-,N,NA,NA,NA,NA,NA,NA,NA,NA,NA,N,2,0,2,2,A,-,09,21801,A,N,D,C,A,A,H,-,B,A,0,NA,NA,Y,NA,Y,NA,A,01,2,0,0,0,0,0,0,0,2,-,-,NA,NA,LOS ANGELES,LOS ANGELES,-118.44818005,34.24708002
6688887,2014,2014-12-29,1942,2014-10-10,1235,30983,2133,5,5,7,1942,0,0,0,NA,0,10TL32,SATICOY ST,WOODLAKE AV,0,NA,Y,A,-,N,NA,NA,NA,NA,NA,NA,NA,NA,NA,Y,4,0,1,2,A,-,12,21453,A,N,D,C,A,A,H,-,A,A,0,NA,NA,NA,NA,Y,NA,A,07,0,0,1,0,0,0,0,0,0,-,-,NA,NA,LOS ANGELES,LOS ANGELES,-118.63221012,34.20824004
6688888,2014,2014-12-29,1942,2014-10-01,1200,37093,2187,3,5,7,1942,0,0,0,NA,0,21A97,VENTURA BL,DE SOTO AV,0,NA,Y,A,-,N,NA,NA,NA,NA,NA,NA,NA,NA,NA,Y,3,0,3,2,A,-,09,21801,A,N,A,C,A,A,H,-,A,A,0,NA,NA,NA,NA,Y,NA,A,07,0,1,2,0,0,0,0,0,0,-,-,NA,NA,LOS ANGELES,LOS ANGELES,-118.58825009,34.16640006
6688889,2014,2016-02-18,1942,2014-10-06,2300,41317,1602,1,5,7,1942,0,0,0,P,0,16A23,KISMET AV,KELOWNA ST,0,NA,Y,A,-,N,NA,NA,NA,NA,NA,NA,NA,NA,NA,N,3,0,1,4,A,-,05,21460,NA,N,B,E,A,A,H,-,C,D,0,NA,NA,NA,NA,Y,NA,A,01,0,1,0,0,0,0,0,0,0,-,-,NA,NA,LOS ANGELES,LOS ANGELES,-118.38339009,34.27715011
6688890,2014,2014-12-26,1942,2014-10-10,1455,30983,1743,5,5,7,1942,0,0,0,Q,0,10TL32,CHATSWORTH ST,RESEDA BL,0,NA,Y,A,-,N,NA,NA,NA,NA,NA,NA,NA,NA,NA,Y,4,0,2,2,A,-,09,21801,A,N,A,C,A,A,H,-,A,A,0,NA,NA,NA,NA,Y,NA,A,01,0,0,2,0,0,0,0,0,0,-,-,NA,NA,LOS ANGELES,LOS ANGELES,-118.53611002,34.26454011
6688891,2014,2014-12-29,1942,2014-10-04,1340,32319,2105,6,5,7,1942,0,0,0,NA,0,35M77,SCHOENBORN ST,NORTHGATE AV,0,NA,Y,A,-,N,NA,NA,NA,NA,NA,NA,NA,NA,NA,Y,3,0,2,2,A,-,03,22350,NA,N,C,C,A,A,H,-,A,D,0,NA,NA,NA,NA,Y,NA,A,01,0,1,1,0,0,0,0,0,0,-,-,NA,NA,LOS ANGELES,LOS ANGELES,-118.60402003,34.22093001
6688892,2014,2014-12-29,1942,2014-10-03,0840,41478,2141,5,5,7,1942,0,0,0,NA,0,21A57,DE SOTO AV,KITTRIDGE ST,0,NA,Y,A,-,N,NA,NA,NA,NA,NA,NA,NA,NA,NA,Y,4,0,1,2,A,-,09,21801,A,N,A,C,A,A,H,-,A,A,0,NA,NA,NA,NA,Y,NA,A,01,0,0,1,0,0,0,0,0,0,-,-,NA,NA,LOS ANGELES,LOS ANGELES,-118.5884301,34.19116008
6688893,2014,2014-12-26,1942,2014-10-08,1320,40731,1617,3,5,7,1942,0,0,0,P,0,19T72,FOOTHILL BL,SHERMAN GROVE AV,0,NA,Y,A,-,N,NA,NA,NA,NA,NA,NA,NA,NA,NA,N,3,0,1,2,A,-,10,21950,A,N,G,B,B,A,H,-,A,A,0,Y,NA,NA,NA,Y,NA,A,01,0,1,0,0,1,0,0,0,0,-,-,NA,NA,LOS ANGELES,LOS ANGELES,-118.32012,34.25972008
6688894,2014,2014-12-26,1942,2014-10-10,0700,26326,1794,5,5,7,1942,0,0,0,Q,0,17A49,WILBUR AV,CHASE ST,0,NA,Y,B,-,N,NA,NA,NA,NA,NA,NA,NA,NA,NA,N,3,0,1,2,A,-,17,21968,NA,N,D,B,D,A,G,-,B,A,0,Y,NA,NA,NA,Y,NA,N,60,0,1,0,0,1,0,0,0,0,-,-,NA,NA,LOS ANGELES,LOS ANGELES,-118.54482012,34.2246001
6688895,2014,2014-12-29,1942,2014-10-07,0920,33829,2175,2,5,7,1942,0,0,0,NA,0,16TL25,VENTURA BL,SHOUP AV,0,NA,Y,A,-,N,NA,NA,NA,NA,NA,NA,NA,NA,NA,Y,4,0,1,2,A,-,12,21453,A,N,D,C,A,A,H,-,A,D,0,NA,NA,NA,NA,Y,NA,A,07,0,0,1,0,0,0,0,0,0,-,-,NA,NA,LOS ANGELES,LOS ANGELES,-118.61448004,34.16879009
6688896,2014,2014-12-29,1942,2014-10-10,0955,37737,2138,5,5,7,1942,0,0,0,NA,0,10TL35,SATICOY ST,OSO AV,0,NA,Y,A,-,N,NA,NA,NA,NA,NA,NA,NA,NA,NA,Y,4,0,2,2,A,-,12,21453,A,N,D,C,A,A,H,-,A,D,0,NA,NA,NA,NA,Y,NA,A,07,0,0,2,0,0,0,0,0,0,-,-,NA,NA,LOS ANGELES,LOS ANGELES,-118.57538014,34.20835001
6688897,2014,2015-01-07,1942,2014-10-18,0720,33829,1612,6,5,7,1942,0,0,0,P,0,16TL25,PAYTON ST,HERRICK AV,0,NA,Y,A,-,N,NA,NA,NA,NA,NA,NA,NA,NA,NA,N,4,0,2,2,D,-,00,NA,NA,N,D,C,A,A,H,-,A,A,0,NA,NA,NA,NA,Y,NA,-,-,0,0,2,0,0,0,0,0,0,-,-,NA,NA,LOS ANGELES,LOS ANGELES,-118.42128001,34.27724003
6688898,2014,2014-12-26,1942,2014-10-07,1628,40574,1745,2,5,7,1942,0,0,0,Q,0,9TL52,AMESTOY AV,GERMAIN ST,0,NA,Y,A,-,N,NA,NA,NA,NA,NA,NA,NA,NA,NA,N,3,0,1,2,A,-,09,21802,A,N,D,C,A,A,H,-,A,A,0,NA,NA,Y,NA,Y,NA,A,01,0,1,0,0,0,0,0,0,1,-,-,NA,NA,LOS ANGELES,LOS ANGELES,-118.50669002,34.2623601
6688899,2014,2014-12-29,1942,2014-10-14,1608,36565,1608,2,5,7,1942,0,0,0,P,0,16TL24,FOOTHILL BL,WHEATLAND AV,0,NA,Y,A,-,N,NA,NA,NA,NA,NA,NA,NA,NA,NA,N,4,0,1,2,A,-,03,22350,NA,F,D,C,A,A,H,-,A,A,0,NA,NA,NA,NA,Y,NA,A,01,0,0,1,0,0,0,0,0,0,-,-,NA,NA,LOS ANGELES,LOS ANGELES,-118.35279007,34.27332002
6688900,2014,2014-12-29,1942,2014-10-12,0600,37080,2172,7,5,7,1942,0,0,0,NA,0,21TL63,AVE SAN LUIS,MULHOLLAND DR,0,NA,Y,B,E,N,NA,NA,NA,NA,NA,NA,NA,NA,NA,Y,3,0,1,1,A,-,08,22107,NA,N,E,I,A,A,H,-,A,D,0,NA,NA,NA,NA,Y,NA,A,07,0,1,0,0,0,0,0,0,0,-,-,NA,NA,LOS ANGELES,LOS ANGELES,-118.63643007,34.15870008
6688901,2014,2014-12-26,1942,2014-10-05,2255,38356,1621,7,5,7,1942,0,0,0,P,0,10T35,LAUREL CYN BL,PAXTON ST,0,NA,Y,A,-,N,NA,NA,NA,NA,NA,NA,NA,NA,NA,Y,4,0,2,2,A,-,12,21453,A,N,D,C,A,A,H,-,C,A,0,NA,NA,NA,NA,Y,Y,A,01,0,0,2,0,0,0,0,0,0,-,-,NA,NA,LOS ANGELES,LOS ANGELES,-118.4384501,34.26474008
6688902,2014,2015-01-08,1942,2014-10-02,0620,37353,1716,4,5,7,1942,0,0,0,Q,0,17T15,BRADFORD PL,SUNDERLAND DR,0,NA,Y,A,-,N,NA,NA,NA,NA,NA,NA,NA,NA,NA,N,3,0,1,2,A,-,10,21950,A,N,G,B,B,A,H,-,B,A,0,Y,NA,NA,NA,Y,NA,A,01,0,1,0,0,1,0,0,0,0,-,-,NA,NA,LOS ANGELES,LOS ANGELES,-118.50777003,34.2923601
6688903,2014,2014-12-29,1942,2014-10-14,1315,38033,1917,2,5,7,1942,0,0,0,NA,0,19TL72,FOOTHILL BL,SAYRE ST,0,NA,Y,A,-,N,NA,NA,NA,NA,NA,NA,NA,NA,NA,Y,4,0,4,2,A,-,12,21453,A,N,D,C,A,A,H,-,A,A,0,NA,NA,NA,NA,Y,NA,A,01,0,0,4,0,0,0,0,0,0,-,-,NA,NA,LOS ANGELES,LOS ANGELES,-118.43378012,34.31013004
6688904,2014,2014-12-29,1942,2014-10-06,2135,38995,2133,1,5,7,1942,0,0,0,NA,0,9T55,SHERMAN WY,FALLBROOK AV,0,NA,Y,A,-,N,NA,NA,NA,NA,NA,NA,NA,NA,NA,Y,4,0,1,2,A,-,09,21801,NA,N,D,C,A,A,H,-,C,A,0,NA,NA,NA,NA,Y,NA,A,01,0,0,1,0,0,0,0,0,0,-,-,NA,NA,LOS ANGELES,LOS ANGELES,-118.62342008,34.2009901
6688906,2014,2014-12-24,1942,2014-10-05,0700,36257,1764,7,5,7,1942,0,0,0,Q,0,19TL73,LASSEN ST,TAMPA AV,0,NA,Y,A,-,N,NA,NA,NA,NA,NA,NA,NA,NA,NA,Y,3,0,3,2,A,-,09,21801,A,N,D,C,A,A,H,-,A,A,0,NA,NA,NA,NA,Y,NA,A,01,0,2,1,0,0,0,0,0,0,-,-,NA,NA,LOS ANGELES,LOS ANGELES,-118.55360006,34.25000007
6688907,2014,2014-12-29,1942,2014-10-14,1700,38033,1994,2,5,7,1942,0,0,0,NA,0,19TL72,TITUS ST,VAN NUYS BL,0,NA,Y,A,-,N,NA,NA,NA,NA,NA,NA,NA,NA,NA,N,4,0,1,2,A,-,09,21801,A,N,D,C,A,A,H,-,A,A,0,NA,NA,NA,NA,Y,NA,A,01,0,0,1,0,0,0,0,0,0,-,-,NA,NA,LOS ANGELES,LOS ANGELES,-118.44877007,34.2197301
6688908,2014,2014-12-29,1942,2014-10-10,1650,39217,2136,5,5,7,1942,0,0,0,NA,0,17TL12,DEERING AV,SATICOY ST,0,NA,Y,A,-,N,NA,NA,NA,NA,NA,NA,NA,NA,NA,N,3,0,2,2,A,-,09,21802,A,N,A,C,A,A,H,-,A,A,0,NA,NA,NA,NA,Y,NA,A,07,0,1,1,0,0,0,0,0,0,-,-,NA,NA,LOS ANGELES,LOS ANGELES,-118.59666002,34.20831001
6688910,2014,2014-12-24,1942,2014-10-20,1145,40398,1791,1,5,7,1942,0,0,0,Q,0,10TL36,ROSCOE BL,LURLINE,0,NA,Y,A,-,N,NA,NA,NA,NA,NA,NA,NA,NA,NA,N,3,0,2,2,A,-,12,21453,A,N,D,C,A,A,H,-,A,A,0,NA,NA,NA,NA,Y,NA,A,01,0,1,1,0,0,0,0,0,0,-,-,NA,NA,LOS ANGELES,LOS ANGELES,-118.58419004,34.22004011
6688911,2014,2014-12-29,1942,2014-10-09,2230,36599,1971,4,5,7,1942,0,0,0,NA,0,19T73,NORDHOFF ST,SEPULVEDA BL,0,NA,Y,A,-,N,NA,NA,NA,NA,NA,NA,NA,NA,NA,Y,3,0,2,2,A,-,09,21801,A,N,A,C,A,A,H,-,C,A,0,NA,NA,NA,NA,Y,Y,A,01,0,1,1,0,0,0,0,0,0,-,-,NA,NA,LOS ANGELES,LOS ANGELES,-118.46771002,34.23553009
6688912,2014,2014-12-29,1942,2014-10-13,1635,33514,2149,1,5,7,1942,0,0,0,NA,0,21A57,CORBIN AV,KITTRIDGE ST,0,NA,Y,A,-,N,NA,NA,NA,NA,NA,NA,NA,NA,NA,Y,3,0,2,2,A,-,09,21802,A,N,D,C,A,A,H,-,A,A,0,NA,NA,NA,NA,Y,NA,A,08,0,1,1,0,0,0,0,0,0,-,-,NA,NA,LOS ANGELES,LOS ANGELES,-118.56222005,34.19102001
6688914,2014,2014-12-24,1942,2014-10-21,1425,38273,1775,2,5,7,1942,0,0,0,Q,0,16TL28,WHITE OAK AV,PRAIRIE ST,0,NA,Y,A,-,N,NA,NA,NA,NA,NA,NA,NA,NA,NA,Y,3,0,3,2,A,-,12,22450,A,N,D,C,A,A,H,-,A,A,0,NA,NA,NA,NA,Y,NA,A,07,0,1,2,0,0,0,0,0,0,-,-,NA,NA,LOS ANGELES,LOS ANGELES,-118.52000013,34.2394701
6688915,2014,2014-12-29,1942,2014-10-08,0746,40972,1907,3,5,7,1942,0,0,0,NA,0,16T23,HUBBARD ST,FOOTHILL FWY,0,NA,Y,A,-,Y,NA,NA,NA,NA,NA,NA,NA,NA,NA,Y,4,0,2,2,A,-,09,21801,A,N,D,C,A,A,H,-,A,A,0,NA,NA,NA,NA,Y,NA,A,01,0,0,2,0,0,0,0,0,0,-,WO,NA,NA,LOS ANGELES,LOS ANGELES,-118.43028007,34.3074501
6688916,2014,2014-12-29,1942,2014-10-21,1635,38273,2136,2,5,7,1942,0,0,0,NA,0,16TL28,SATICOY ST,OWENSMOUTH AV,0,NA,Y,A,-,N,NA,NA,NA,NA,NA,NA,NA,NA,NA,Y,3,0,1,2,A,-,09,21801,A,N,D,C,A,A,H,-,A,A,0,NA,NA,NA,NA,Y,NA,A,01,0,1,0,0,0,0,0,0,0,-,-,NA,NA,LOS ANGELES,LOS ANGELES,-118.60157999,34.20832011
6688918,2014,2014-12-24,1942,2014-10-11,1930,40643,1762,6,5,7,1942,0,0,0,Q,0,9T53,LASSEN ST,WINNETKA AV,0,NA,Y,A,-,N,NA,NA,NA,NA,NA,NA,NA,NA,NA,Y,3,0,2,2,A,-,09,21801,A,N,D,C,A,A,H,-,C,A,0,NA,NA,NA,NA,Y,NA,A,01,0,1,1,0,0,0,0,0,0,-,-,NA,NA,LOS ANGELES,LOS ANGELES,-118.57122003,34.24999012
6688919,2014,2014-12-29,1942,2014-10-07,1515,36565,1956,2,5,7,1942,0,0,0,NA,0,16TL4,KESTER AV,MAYALL ST,0,NA,Y,A,-,N,NA,NA,NA,NA,NA,NA,NA,NA,NA,NA,3,0,2,2,A,-,09,21802,A,N,D,C,A,A,H,-,A,D,0,NA,NA,NA,NA,Y,NA,A,01,0,1,1,0,0,0,0,0,0,-,-,NA,NA,LOS ANGELES,LOS ANGELES,-118.45645,34.25358008
6688920,2014,2014-12-29,1942,2014-10-14,1245,37704,2172,2,5,7,1942,0,0,0,NA,0,21A1,VALLEY CIRCLE BL,MARIANO AV,0,NA,Y,A,-,N,NA,NA,NA,NA,NA,NA,NA,NA,NA,NA,4,0,1,2,A,-,09,21801,A,N,D,C,A,A,H,-,A,A,0,NA,NA,NA,NA,Y,NA,A,01,0,0,1,0,0,0,0,0,0,-,-,NA,NA,LOS ANGELES,LOS ANGELES,-118.64262014,34.16839005
6688922,2014,2015-03-12,1942,2014-10-08,1620,38996,1751,3,5,7,1942,0,0,0,Q,0,9TL54,TOPANGA CANYON BLTOPANGA CYN BL,DUPONT ST,325,N,N,A,-,Y,NA,NA,NA,NA,NA,NA,NA,NA,NA,Y,3,0,3,2,A,-,09,21801,A,N,D,C,A,A,H,-,A,D,0,NA,NA,NA,NA,Y,NA,A,07,0,2,1,0,0,0,0,0,0,-,-,NA,NA,LOS ANGELES,LOS ANGELES,NA,NA
6688923,2014,2014-12-29,1942,2014-10-01,1910,34332,1916,3,5,7,1942,0,0,0,NA,0,16T25,GLENOAKS BL,BEAVER ST,0,NA,Y,A,-,N,NA,NA,NA,NA,NA,NA,NA,NA,NA,Y,4,0,1,2,A,-,21,22106,NA,N,D,C,A,A,H,-,C,A,0,NA,NA,Y,NA,Y,NA,A,01,0,0,1,0,0,0,0,0,1,-,-,NA,NA,LOS ANGELES,LOS ANGELES,-118.44099001,34.30085011
6688924,2014,2014-12-29,1942,2014-10-09,0605,41501,2102,4,5,7,1942,0,0,0,NA,0,21A29,ROSCOE BL,FALLBROOK AV,0,NA,Y,A,-,N,NA,NA,NA,NA,NA,NA,NA,NA,NA,Y,4,0,1,2,A,-,09,21801,A,N,A,C,A,A,H,-,C,A,0,NA,NA,NA,NA,Y,NA,A,01,0,0,1,0,0,0,0,0,0,-,-,NA,NA,LOS ANGELES,LOS ANGELES,-118.62350013,34.21939009
6688926,2014,2014-12-24,1942,2014-10-10,1755,38273,1794,5,5,7,1942,0,0,0,Q,0,16TL28,ROSCOE BL,LINDLEY AV,0,NA,Y,A,-,N,NA,NA,NA,NA,NA,NA,NA,NA,NA,N,4,0,4,2,A,-,09,21801,A,N,D,C,A,A,H,-,A,A,0,NA,NA,NA,NA,Y,NA,A,01,0,0,4,0,0,0,0,0,0,-,-,NA,NA,LOS ANGELES,LOS ANGELES,-118.52736008,34.22085011
6688927,2014,2014-12-29,1942,2014-10-01,1315,39724,1959,3,5,7,1942,0,0,0,NA,0,19T74,VAN NUYS BL,BARTEE AV,0,NA,Y,A,-,N,NA,NA,NA,NA,NA,NA,NA,NA,NA,Y,3,0,2,2,A,-,12,21453,A,N,F,C,A,A,H,-,A,A,0,NA,NA,NA,NA,Y,NA,A,01,0,1,1,0,0,0,0,0,0,-,-,NA,NA,LOS ANGELES,LOS ANGELES,-118.43706001,34.2551801