CASE_ID,ACCIDENT_YEAR,PROC_DATE,JURIS,COLLISION_DATE,COLLISION_TIME,OFFICER_ID,REPORTING_DISTRICT,DAY_OF_WEEK,CHP_SHIFT,POPULATION,CNTY_CITY_LOC,SPECIAL_COND,BEAT_TYPE,CHP_BEAT_TYPE,CITY_DIVISION_LAPD,CHP_BEAT_CLASS,BEAT_NUMBER,PRIMARY_RD,SECONDARY_RD,DISTANCE,DIRECTION,INTERSECTION,WEATHER_1,WEATHER_2,STATE_HWY_IND,CALTRANS_COUNTY,CALTRANS_DISTRICT,STATE_ROUTE,ROUTE_SUFFIX,POSTMILE_PREFIX,POSTMILE,LOCATION_TYPE,RAMP_INTERSECTION,SIDE_OF_HWY,TOW_AWAY,COLLISION_SEVERITY,NUMBER_KILLED,NUMBER_INJURED,PARTY_COUNT,PRIMARY_COLL_FACTOR,PCF_CODE_OF_VIOL,PCF_VIOL_CATEGORY,PCF_VIOLATION,PCF_VIOL_SUBSECTION,HIT_AND_RUN,TYPE_OF_COLLISION,MVIW,PED_ACTION,ROAD_SURFACE,ROAD_COND_1,ROAD_COND_2,LIGHTING,CONTROL_DEVICE,CHP_ROAD_TYPE,PEDESTRIAN_ACCIDENT,BICYCLE_ACCIDENT,MOTORCYCLE_ACCIDENT,TRUCK_ACCIDENT,NOT_PRIVATE_PROPERTY,ALCOHOL_INVOLVED,STWD_VEHTYPE_AT_FAULT,CHP_VEHTYPE_AT_FAULT,COUNT_SEVERE_INJ,COUNT_VISIBLE_INJ,COUNT_COMPLAINT_PAIN,COUNT_PED_KILLED,COUNT_PED_INJURED,COUNT_BICYCLIST_KILLED,COUNT_BICYCLIST_INJURED,COUNT_MC_KILLED,COUNT_MC_INJURED,PRIMARY_RAMP,SECONDARY_RAMP,LATITUDE,LONGITUDE,COUNTY,CITY,POINT_X,POINT_Y
6688928,2014,2014-12-24,1942,2014-10-20,0800,38181,2144,1,5,7,1942,0,0,0,NA,0,21TL61,VAN OWEN ST,SALE AV,0,NA,Y,B,-,N,NA,NA,NA,NA,NA,NA,NA,NA,NA,Y,4,0,1,2,A,-,12,21453,A,N,D,C,A,A,H,-,A,A,0,NA,NA,NA,NA,Y,NA,A,01,0,0,1,0,0,0,0,0,0,-,-,NA,NA,LOS ANGELES,LOS ANGELES,-118.61855009,34.19372005
6688930,2014,2014-12-24,1942,2014-10-14,2045,32774,1795,2,5,7,1942,0,0,0,Q,0,9T55,LINDLEY AV,CHASE ST,0,NA,Y,A,-,N,NA,NA,NA,NA,NA,NA,NA,NA,NA,Y,3,0,2,2,A,-,09,21801,A,N,A,C,A,A,H,-,C,D,0,NA,NA,NA,NA,Y,NA,A,07,0,1,1,0,0,0,0,0,0,-,-,NA,NA,LOS ANGELES,LOS ANGELES,-118.52735008,34.22459006
6688931,2014,2014-12-29,1942,2014-10-04,1235,3565,1969,6,5,7,1942,0,0,0,NA,0,16TL24,TERRA BELLA,SHARP AV,0,NA,Y,A,-,N,NA,NA,NA,NA,NA,NA,NA,NA,NA,Y,4,0,2,2,A,-,09,21802,A,N,D,C,A,A,H,-,A,A,0,NA,NA,NA,NA,Y,NA,A,01,0,0,2,0,0,0,0,0,0,-,-,NA,NA,LOS ANGELES,LOS ANGELES,-118.42912004,34.25040009
6688932,2014,2014-12-29,1942,2014-10-12,1745,38996,2105,7,5,7,1942,0,0,0,NA,0,9TL56,PARTHENIA ST,INTERNATIONAL AV,0,NA,Y,A,-,N,NA,NA,NA,NA,NA,NA,NA,NA,NA,Y,3,0,4,3,A,-,09,21801,A,N,D,C,A,A,H,-,A,D,0,NA,NA,NA,NA,Y,NA,A,01,0,1,3,0,0,0,0,0,0,-,-,NA,NA,LOS ANGELES,LOS ANGELES,-118.59944002,34.22819008
6688934,2014,2014-12-24,1942,2014-10-15,2200,39444,1764,3,5,7,1942,0,0,0,Q,0,15T43,TAMPA AV,BUSINESS CENTER DR,0,NA,Y,A,-,N,NA,NA,NA,NA,NA,NA,NA,NA,NA,N,4,0,2,2,A,-,12,21453,A,N,D,C,A,A,H,-,C,A,0,NA,NA,NA,NA,Y,NA,A,01,0,0,2,0,0,0,0,0,0,-,-,NA,NA,LOS ANGELES,LOS ANGELES,-118.55355007,34.23096003
6688935,2014,2014-12-29,1942,2014-10-13,1930,39473,1934,1,5,7,1942,0,0,0,NA,0,15T45,RINALDI ST,SEPULVEDA BL,0,NA,Y,A,-,N,NA,NA,NA,NA,NA,NA,NA,NA,NA,Y,4,0,1,2,A,-,09,21801,A,N,A,C,A,A,H,-,C,A,0,NA,NA,NA,NA,Y,NA,A,01,0,0,1,0,0,0,0,0,0,-,-,NA,NA,LOS ANGELES,LOS ANGELES,-118.46879001,34.27909011
6688936,2014,2014-12-24,1942,2014-10-16,0940,35329,2173,4,5,7,1942,0,0,0,NA,0,35ZL20,VENTURA BL,FALLBROOK AV,0,NA,Y,A,-,N,NA,NA,NA,NA,NA,NA,NA,NA,NA,N,4,0,3,2,D,-,00,NA,NA,N,D,C,A,A,H,-,A,A,0,NA,NA,NA,NA,Y,NA,-,-,0,0,3,0,0,0,0,0,0,-,-,NA,NA,LOS ANGELES,LOS ANGELES,-118.62330003,34.16602006
6688938,2014,2014-12-24,1942,2014-10-15,0650,38181,1781,3,5,7,1942,0,0,0,Q,0,21TL61,DE SOTO AV,NORDHOFF ST,0,NA,Y,B,-,N,NA,NA,NA,NA,NA,NA,NA,NA,NA,Y,3,0,2,2,A,-,09,21801,A,N,D,C,A,A,H,-,A,A,0,NA,NA,NA,NA,Y,NA,A,01,0,1,1,0,0,0,0,0,0,-,-,NA,NA,LOS ANGELES,LOS ANGELES,-118.58855001,34.23548003
6688939,2014,2015-01-08,1942,2014-10-11,1240,30983,1954,6,5,7,1942,0,0,0,NA,0,10TL32,CHATSWORTH ST,SEPULVEDA BL,0,NA,Y,A,-,N,NA,NA,NA,NA,NA,NA,NA,NA,NA,Y,4,0,2,2,D,-,00,NA,NA,N,A,C,A,A,H,-,A,A,0,NA,NA,NA,NA,Y,NA,-,-,0,0,2,0,0,0,0,0,0,-,-,NA,NA,LOS ANGELES,LOS ANGELES,-118.46740007,34.26456009
6688942,2014,2014-12-24,1942,2014-10-12,1450,39217,1727,7,5,7,1942,0,0,0,Q,0,17TL12,TAMPA AV,RT 118,0,NA,Y,A,-,Y,NA,NA,NA,NA,NA,NA,NA,NA,NA,Y,3,0,2,2,A,-,09,21801,A,N,D,C,A,A,H,-,A,A,0,NA,NA,NA,NA,Y,NA,A,07,0,1,1,0,0,0,0,0,0,-,-,NA,NA,LOS ANGELES,LOS ANGELES,-118.55623008,34.27245005
6688943,2014,2014-12-29,1942,2014-10-16,1710,33779,1955,4,5,7,1942,0,0,0,NA,0,15T44,WOODMAN AV,SAN JOSE ST,0,NA,Y,A,-,N,NA,NA,NA,NA,NA,NA,NA,NA,NA,N,4,0,4,2,A,-,09,21802,A,N,D,C,A,A,H,-,A,A,0,NA,NA,NA,NA,Y,NA,A,07,0,0,4,0,0,0,0,0,0,-,-,NA,NA,LOS ANGELES,LOS ANGELES,-118.45434003,34.26082007
6688946,2014,2014-12-24,1942,2014-10-16,0010,33340,1781,4,5,7,1942,0,0,0,Q,0,16T23,NORDHOFF ST,OSO AV,311,W,N,A,-,N,NA,NA,NA,NA,NA,NA,NA,NA,NA,N,3,0,1,1,A,-,03,22350,NA,N,E,-,A,A,H,-,C,D,0,NA,NA,NA,NA,Y,NA,A,01,0,1,0,0,0,0,0,0,0,-,-,NA,NA,LOS ANGELES,LOS ANGELES,-118.57648686,34.2318093
6688947,2014,2015-01-09,1942,2014-10-17,1900,35471,1982,5,5,7,1942,0,0,0,NA,0,19T75,RAYEN ST,LEMONA AV,9,W,N,A,-,N,NA,NA,NA,NA,NA,NA,NA,NA,NA,N,3,0,1,2,A,-,09,21801,A,N,D,G,A,A,H,-,B,A,0,NA,Y,NA,NA,Y,NA,A,01,0,1,0,0,0,0,1,0,0,-,-,NA,NA,LOS ANGELES,LOS ANGELES,-118.45965972,34.23181042
6688950,2014,2014-12-24,1942,2014-10-11,1545,39217,1756,6,5,7,1942,0,0,0,Q,0,17TL12,DEVONSHIRE ST,ZELZAH AV,0,NA,Y,A,-,N,NA,NA,NA,NA,NA,NA,NA,NA,NA,Y,2,0,1,3,A,-,12,21453,A,N,A,C,A,A,H,-,A,A,0,NA,NA,Y,NA,Y,NA,C,02,1,0,0,0,0,0,0,0,1,-,-,NA,NA,LOS ANGELES,LOS ANGELES,-118.52333002,34.25761007
6688951,2014,2014-12-29,1942,2014-10-12,1840,37361,1916,7,5,7,1942,0,0,0,NA,0,19X2,HUBBARD ST,GLENOAKS BL,0,NA,Y,A,-,N,NA,NA,NA,NA,NA,NA,NA,NA,NA,Y,3,0,2,2,A,-,09,21801,A,N,D,C,A,A,H,-,B,A,0,NA,NA,NA,NA,Y,NA,A,01,0,1,1,0,0,0,0,0,0,-,-,NA,NA,LOS ANGELES,LOS ANGELES,-118.43923012,34.29949001
6688954,2014,2014-12-24,1942,2014-10-20,1240,39217,1762,1,5,7,1942,0,0,0,Q,0,17TL12,PLUMMER ST,OSO AV,0,NA,Y,A,-,N,NA,NA,NA,NA,NA,NA,NA,NA,NA,Y,4,0,2,2,A,-,09,21801,A,N,D,C,A,A,H,-,A,D,0,NA,NA,NA,NA,Y,NA,A,01,0,0,2,0,0,0,0,0,0,-,-,NA,NA,LOS ANGELES,LOS ANGELES,-118.5754301,34.24273006
6688955,2014,2014-12-29,1942,2014-10-13,1705,35662,1981,1,5,7,1942,0,0,0,NA,0,17EL4,ROSCOE BL,RT 405,0,NA,Y,A,-,Y,NA,NA,NA,NA,NA,NA,NA,NA,NA,Y,3,0,1,2,A,-,12,21453,A,N,D,C,A,A,H,-,B,A,0,NA,NA,NA,NA,Y,NA,A,01,0,1,0,0,0,0,0,0,0,-,NO,NA,NA,LOS ANGELES,LOS ANGELES,-118.47331011,34.22137001
6688958,2014,2014-12-24,1942,2014-10-17,1319,39217,1722,5,5,7,1942,0,0,0,Q,0,17TL12,TOPANGA CANYON BL,DEVONSHIRE ST,0,NA,Y,A,-,Y,NA,NA,NA,NA,NA,NA,NA,NA,NA,Y,3,0,2,2,A,-,12,21453,A,N,D,C,A,A,H,-,A,A,0,NA,NA,NA,NA,Y,NA,A,01,0,2,0,0,0,0,0,0,0,-,-,NA,NA,LOS ANGELES,LOS ANGELES,-118.60605007,34.25720011
6688959,2014,2014-12-29,1942,2014-10-17,1525,39752,1987,5,5,7,1942,0,0,0,NA,0,19A7,OSBORNE ST,RANCHITO AV,0,NA,Y,A,-,N,NA,NA,NA,NA,NA,NA,NA,NA,NA,N,2,0,1,2,A,-,09,21804,NA,N,H,G,A,A,H,-,A,A,0,NA,Y,NA,NA,Y,NA,L,04,1,0,0,0,0,0,1,0,0,-,-,NA,NA,LOS ANGELES,LOS ANGELES,-118.43946004,34.23248006
6688961,2014,2014-12-22,1942,2014-10-07,1350,37841,1974,2,5,7,1942,0,0,0,NA,0,19A79,RAYEN ST,KESTER AV,105,E,N,A,-,N,NA,NA,NA,NA,NA,NA,NA,NA,NA,N,4,0,2,3,C,-,18,NA,NA,N,G,-,E,A,H,-,A,A,0,Y,NA,NA,NA,Y,NA,-,-,0,0,2,0,2,0,0,0,0,-,-,NA,NA,LOS ANGELES,LOS ANGELES,-118.45715326,34.23182688
6688962,2014,2014-12-22,1942,2014-10-06,1800,38471,2115,1,5,7,1942,0,0,0,NA,0,16TL26,ROSCOE BL,TOPANGA CANYON BL,606,E,N,A,-,N,NA,NA,NA,NA,NA,NA,NA,NA,NA,Y,4,0,7,2,A,-,03,22350,NA,N,C,C,A,A,H,-,A,A,0,NA,NA,NA,NA,Y,NA,A,01,0,0,7,0,0,0,0,0,0,-,-,NA,NA,LOS ANGELES,LOS ANGELES,-118.60399961,34.21967708
6688965,2014,2014-12-22,1942,2014-10-03,1005,41436,1966,5,5,7,1942,0,0,0,NA,0,19A79,WOODMAN AV,TERRA BELLA ST,216,S,N,A,-,N,NA,NA,NA,NA,NA,NA,NA,NA,NA,Y,4,0,1,3,A,-,03,22350,NA,N,C,C,A,A,H,-,A,A,0,NA,NA,NA,NA,Y,NA,A,01,0,0,1,0,0,0,0,0,0,-,-,NA,NA,LOS ANGELES,LOS ANGELES,-118.44318823,34.23940995
6688966,2014,2015-02-12,1942,2014-10-08,1525,39217,2156,3,5,7,1942,0,0,0,NA,0,17TL12,CANOGA AV,VICTORY BL,15,N,N,A,-,N,NA,NA,NA,NA,NA,NA,NA,NA,NA,N,4,0,1,2,A,-,07,21658,A,N,B,C,A,A,H,-,A,A,0,NA,NA,Y,NA,Y,NA,A,01,0,0,1,0,0,0,0,0,1,-,-,NA,NA,LOS ANGELES,LOS ANGELES,-118.59748,34.18841115
6688967,2014,2015-01-07,1941,2014-10-21,1725,5996,NA,2,5,7,1941,0,0,0,NA,0,901T,OCEAN,CORONADO,33,E,N,A,-,N,NA,NA,NA,NA,NA,NA,NA,NA,NA,Y,3,0,1,3,A,-,04,21703,NA,N,C,C,A,A,H,-,A,A,0,NA,NA,NA,NA,Y,NA,A,NA,0,1,0,0,0,0,0,0,0,-,-,NA,NA,LOS ANGELES,LONG BEACH,-118.15428476,33.76132848
6688969,2014,2015-01-23,1942,2014-10-11,1345,39217,1987,6,5,7,1942,0,0,0,NA,0,17TL12,PARTHENIA ST,KATHERINE AV,55,W,N,A,-,N,NA,NA,NA,NA,NA,NA,NA,NA,NA,N,3,0,1,2,-,-,-,NA,NA,N,G,B,B,A,H,-,A,D,0,Y,NA,NA,NA,Y,NA,-,-,0,1,0,0,1,0,0,0,0,-,-,NA,NA,LOS ANGELES,LOS ANGELES,-118.4463756,34.22916145
6688970,2014,2014-12-22,1942,2014-10-03,1645,30983,2139,5,5,7,1942,0,0,0,NA,0,10TL32,SHERMAN WY,WINNETKA AV,521,W,N,A,-,N,NA,NA,NA,NA,NA,NA,NA,NA,NA,N,2,0,1,2,A,-,11,21954,A,N,G,B,D,A,H,-,A,D,0,Y,NA,NA,NA,Y,NA,N,60,1,0,0,0,1,0,0,0,0,-,-,NA,NA,LOS ANGELES,LOS ANGELES,-118.57271007,34.20113136
6688971,2014,2015-01-09,1941,2014-10-16,0518,6251,NA,4,5,7,1941,0,0,0,NA,0,901T,7TH ST,WALNUT AV,9,E,N,A,-,N,NA,NA,NA,NA,NA,NA,NA,NA,NA,Y,3,0,1,2,A,-,10,21950,A,N,G,B,B,A,H,-,C,A,0,Y,NA,NA,NA,Y,NA,A,NA,0,1,0,0,1,0,0,0,0,-,-,NA,NA,LOS ANGELES,LONG BEACH,-118.17200045,33.77535
6688973,2014,2014-12-22,1942,2014-10-12,0110,36084,1974,7,5,7,1942,0,0,0,NA,0,19T75,NORDHOFF ST,WILLIS AV,236,W,N,A,-,N,NA,NA,NA,NA,NA,NA,NA,NA,NA,N,3,0,1,2,A,-,11,21955,NA,N,D,B,D,A,H,-,C,A,0,Y,NA,NA,NA,Y,NA,N,60,0,1,0,0,1,0,0,0,0,-,-,NA,NA,LOS ANGELES,LOS ANGELES,-118.45606941,34.23545
6688975,2014,2014-12-23,1941,2014-10-26,0130,10163,NA,7,5,7,1941,0,0,0,NA,0,901T,LONG BEACH BL,WILLOW ST,300,N,N,A,-,N,NA,NA,NA,NA,NA,NA,NA,NA,NA,Y,4,0,2,2,A,-,04,21703,NA,N,C,C,A,A,H,-,C,D,0,NA,NA,NA,NA,Y,Y,A,NA,0,0,2,0,0,0,0,0,0,-,-,NA,NA,LOS ANGELES,LONG BEACH,-118.18936959,33.80525893
6688977,2014,2014-12-22,1942,2014-10-18,1905,39021,1791,6,5,7,1942,0,0,0,Q,0,17T13,ROSCOE BL,OSO AV,543,E,N,A,-,N,NA,NA,NA,NA,NA,NA,NA,NA,NA,Y,3,0,2,2,A,-,08,22107,NA,N,B,C,A,A,H,-,C,A,0,NA,NA,NA,NA,Y,NA,A,01,0,1,1,0,0,0,0,0,0,-,-,NA,NA,LOS ANGELES,LOS ANGELES,-118.57363722,34.2202162
6688979,2014,2014-12-23,1941,2014-10-18,1627,6265,NA,6,5,7,1941,0,0,0,NA,0,901T,4TH ST,TERMINO AV,150,E,N,A,-,N,NA,NA,NA,NA,NA,NA,NA,NA,NA,Y,4,0,2,2,A,-,08,22107,NA,N,D,C,A,A,H,-,A,D,0,NA,NA,NA,NA,Y,NA,A,NA,0,0,2,0,0,0,0,0,0,-,-,NA,NA,LOS ANGELES,LONG BEACH,-118.14543749,33.77168544
6688980,2014,2014-12-22,1941,2014-10-25,1824,10244,NA,6,5,7,1941,0,0,0,NA,0,901T,2ND ST,GLENDORA AV,0,NA,Y,A,-,N,NA,NA,NA,NA,NA,NA,NA,NA,NA,N,3,0,1,2,A,-,09,21801,A,N,D,G,A,A,H,-,C,A,0,NA,Y,NA,NA,Y,NA,A,NA,0,1,0,0,0,0,1,0,0,-,-,NA,NA,LOS ANGELES,LONG BEACH,-118.13270006,33.7593001
6688981,2014,2015-01-23,1942,2014-10-11,1230,40155,1729,6,5,7,1942,0,0,0,Q,0,17A35,BALBOA BL,SAN FERNANDO MISSION,80,N,N,A,-,N,NA,NA,NA,NA,NA,NA,NA,NA,NA,Y,4,0,1,2,A,-,09,21804,A,N,A,C,A,A,H,-,A,D,0,NA,NA,NA,NA,Y,NA,A,01,0,0,1,0,0,0,0,0,0,-,-,NA,NA,LOS ANGELES,LOS ANGELES,-118.5022,34.27226944
6688982,2014,2014-12-22,1942,2014-10-16,1500,38471,2149,4,5,7,1942,0,0,0,NA,0,16TL26,SHERMAN WY,WINNETKA AV,6,E,N,A,-,N,NA,NA,NA,NA,NA,NA,NA,NA,NA,N,4,0,1,2,A,-,11,21950,B,N,A,B,B,A,H,-,A,A,0,Y,NA,NA,NA,Y,NA,N,60,0,0,1,0,1,0,0,0,0,-,-,NA,NA,LOS ANGELES,LOS ANGELES,-118.57097019,34.20114
6688983,2014,2014-12-23,1965,2014-10-11,1540,2606,OB1B,6,5,5,1965,0,0,0,NA,0,001,RT 1,PALISADES PED CROSSING,816,N,N,A,-,Y,NA,NA,NA,NA,NA,NA,NA,NA,NA,N,3,0,1,2,A,-,09,21801,A,N,E,C,A,A,H,-,A,D,0,NA,NA,Y,NA,Y,NA,A,07,0,1,0,0,0,0,0,0,1,-,-,NA,NA,LOS ANGELES,SANTA MONICA,NA,NA
6688984,2014,2014-12-22,1941,2014-10-19,1512,10031,NA,7,5,7,1941,0,0,0,NA,0,NA,15TH ST,CERRITOS,0,NA,Y,A,-,N,NA,NA,NA,NA,NA,NA,NA,NA,NA,Y,4,0,1,2,A,-,09,21801,A,N,B,C,A,A,H,-,A,D,0,NA,NA,NA,NA,Y,NA,A,NA,0,0,1,0,0,0,0,0,0,-,-,NA,NA,LOS ANGELES,LONG BEACH,-118.17800004,33.78625006
6688985,2014,2016-02-17,1942,2014-10-14,1100,36169,1745,2,5,7,1942,0,0,0,Q,0,17A49,LOUISE AV,CHATSWORTH,150,S,N,A,-,N,NA,NA,NA,NA,NA,NA,NA,NA,NA,N,3,0,1,2,B,-,22,NA,NA,N,H,G,A,A,-,-,A,D,0,NA,Y,NA,NA,Y,NA,L,04,0,1,0,0,0,0,1,0,0,-,-,NA,NA,LOS ANGELES,LOS ANGELES,-118.51101,34.26442864
6688986,2014,2014-12-22,1942,2014-10-20,1105,37737,2189,1,5,7,1942,0,0,0,NA,0,10T35,VENTURA BL,PENFIELD AV,145,W,N,A,-,N,NA,NA,NA,NA,NA,NA,NA,NA,NA,Y,4,0,2,2,A,-,21,22106,NA,N,D,D,A,A,H,-,A,D,0,NA,NA,NA,NA,Y,NA,A,01,0,0,2,0,0,0,0,0,0,-,-,NA,NA,LOS ANGELES,LOS ANGELES,-118.56940419,34.17152275
6688987,2014,2014-12-23,1965,2014-10-17,1902,3812,0B1I,5,5,5,1965,0,0,0,NA,0,A001,BROADWAY,5TH ST,25,E,N,A,-,N,NA,NA,NA,NA,NA,NA,NA,NA,NA,N,4,0,1,2,A,-,08,22107,NA,M,A,C,A,A,H,-,C,A,0,NA,NA,NA,NA,Y,NA,A,01,0,0,1,0,0,0,0,0,0,-,-,NA,NA,LOS ANGELES,SANTA MONICA,-118.49259963,34.01591665
6688988,2014,2014-12-22,1941,2014-10-10,1501,6179,NA,5,5,7,1941,0,0,0,NA,0,901T,RT 1,ROSE AV,0,NA,Y,A,-,Y,NA,NA,NA,NA,NA,NA,NA,NA,NA,Y,4,0,2,2,A,-,09,21801,A,N,D,C,A,A,H,-,A,D,0,NA,NA,NA,NA,Y,NA,A,NA,0,0,2,0,0,0,0,0,0,-,-,NA,NA,LOS ANGELES,LONG BEACH,NA,NA
6688989,2014,2015-01-23,1942,2014-10-18,1610,39667,1723,6,5,7,1942,0,0,0,Q,0,17X7,WINNETKA AV,DEVONSHIRE ST,75,S,N,A,-,N,NA,NA,NA,NA,NA,NA,NA,NA,NA,N,4,0,1,2,A,-,05,21650,NA,N,B,C,A,A,H,-,A,D,0,NA,NA,NA,NA,Y,NA,A,01,0,0,1,0,0,0,0,0,0,-,-,NA,NA,LOS ANGELES,LOS ANGELES,-118.57098682,34.25702547
6688990,2014,2014-12-22,1942,2014-10-05,1730,39964,2144,7,5,7,1942,0,0,0,NA,0,2128,VICTORY BL,FALLBROOK AV,15,E,N,A,-,N,NA,NA,NA,NA,NA,NA,NA,NA,NA,N,4,0,1,2,A,-,07,21658,A,N,B,C,A,A,H,-,A,D,0,NA,NA,NA,NA,Y,NA,A,01,0,0,1,0,0,0,0,0,0,-,-,NA,NA,LOS ANGELES,LOS ANGELES,-118.62334049,34.18645946
6688992,2014,2015-01-07,1941,2014-10-25,0253,10242,NA,6,5,7,1941,0,0,0,NA,0,901T,LONG BEACH BL,ANAHEIM ST,0,NA,Y,A,-,N,NA,NA,NA,NA,NA,NA,NA,NA,NA,Y,3,0,2,3,A,-,12,21453,A,N,A,C,A,A,H,-,C,A,0,NA,Y,NA,NA,Y,NA,A,NA,0,1,1,0,0,0,1,0,0,-,-,NA,NA,LOS ANGELES,LONG BEACH,-118.18949011,33.78261004
6688993,2014,2014-12-22,1942,2014-10-21,1045,39192,1774,2,5,7,1942,0,0,0,Q,0,9TL53,LINDLEY AV,KINZIE ST,70,S,N,A,-,N,NA,NA,NA,NA,NA,NA,NA,NA,NA,Y,4,0,2,2,A,-,03,22350,NA,N,C,C,A,A,H,-,A,D,0,NA,NA,NA,NA,Y,NA,A,01,0,0,2,0,0,0,0,0,0,-,-,NA,NA,LOS ANGELES,LOS ANGELES,-118.5273432,34.247998
6688994,2014,2014-12-22,1942,2014-10-19,1900,40643,2169,7,5,7,1942,0,0,0,NA,0,9T53,WINNETKA AV,HATTERAS ST,200,N,N,A,-,N,NA,NA,NA,NA,NA,NA,NA,NA,NA,Y,4,0,3,3,A,-,03,22350,NA,N,C,C,A,A,H,-,C,D,0,NA,NA,NA,NA,Y,NA,A,01,0,0,3,0,0,0,0,0,0,-,-,NA,NA,LOS ANGELES,LOS ANGELES,-118.57107498,34.17631895
6688996,2014,2015-01-23,1941,2014-10-18,1947,6088,NA,6,5,7,1941,0,0,0,NA,0,901T,CARSON ST,PALO VERDE AV,0,NA,Y,A,-,N,NA,NA,NA,NA,NA,NA,NA,NA,NA,Y,2,0,2,2,A,-,09,21453,C,N,D,C,A,A,H,-,C,A,0,NA,NA,NA,NA,Y,NA,A,NA,2,0,0,0,0,0,0,0,0,-,-,NA,NA,LOS ANGELES,LONG BEACH,-118.10779006,33.83231003
6688997,2014,2014-12-22,1942,2014-10-14,0805,38181,1798,2,5,7,1942,0,0,0,Q,0,21TL61,AQUEDUCT AV,NORDHOFF ST,20,S,N,B,-,N,NA,NA,NA,NA,NA,NA,NA,NA,NA,N,3,0,1,2,D,-,00,NA,NA,N,G,B,D,A,H,-,A,A,0,Y,NA,NA,NA,Y,NA,-,-,0,1,0,0,1,0,0,0,0,-,-,NA,NA,LOS ANGELES,LOS ANGELES,-118.4741503,34.23551514
6688998,2014,2014-12-22,1942,2014-10-10,1530,38603,2105,5,5,7,1942,0,0,0,NA,0,9TL52,OWENSMOUTH AV,PARTHENIA ST,30,S,N,A,-,N,NA,NA,NA,NA,NA,NA,NA,NA,NA,N,3,0,1,1,A,-,08,22107,NA,N,E,I,A,A,H,-,A,A,0,NA,NA,NA,NA,Y,NA,A,01,0,1,0,0,0,0,0,0,0,-,-,NA,NA,LOS ANGELES,LOS ANGELES,-118.60166922,34.22809926
6689000,2014,2016-02-17,1941,2014-10-22,0809,5048,NA,3,5,7,1941,0,0,0,NA,0,901T,MARTIN LUTHER KING,ANAHEIM ST,0,NA,Y,A,-,N,NA,NA,NA,NA,NA,NA,NA,NA,NA,N,4,0,1,2,A,-,10,21950,A,N,G,B,B,A,H,-,A,A,0,Y,NA,NA,NA,Y,Y,A,NA,0,0,1,0,1,0,0,0,0,-,-,NA,NA,LOS ANGELES,LONG BEACH,-118.1806801,33.78261003
6689001,2014,2014-12-22,1942,2014-10-04,1735,30983,1761,6,5,7,1942,0,0,0,Q,0,10TL32,TOPANGA CANYON,NORDHOFF,320,N,N,A,-,N,NA,NA,NA,NA,NA,NA,NA,NA,NA,Y,4,0,2,2,A,-,03,22350,NA,N,C,C,A,A,H,-,A,D,0,NA,NA,NA,NA,Y,NA,A,01,0,0,2,0,0,0,0,0,0,-,-,NA,NA,LOS ANGELES,LOS ANGELES,-118.60550141,34.23620689
6689002,2014,2014-12-22,1942,2014-10-13,1835,40574,2175,1,5,7,1942,0,0,0,NA,0,9TL56,TOPANGA CANYON BL,BURBANK BL,245,S,N,A,-,N,NA,NA,NA,NA,NA,NA,NA,NA,NA,N,4,0,1,2,A,-,09,21804,A,N,D,G,A,A,H,-,C,A,0,NA,Y,NA,NA,Y,NA,L,04,0,0,1,0,0,0,1,0,0,-,-,NA,NA,LOS ANGELES,LOS ANGELES,-118.60590569,34.17128702
6689004,2014,2014-12-22,1965,2014-10-14,1613,3693,0B3A,2,5,5,1965,0,0,0,NA,0,B003,ARIZONA AV,23RD ST,0,NA,Y,A,-,N,NA,NA,NA,NA,NA,NA,NA,NA,NA,N,4,0,1,2,A,-,09,21800,NA,N,D,C,A,A,H,-,A,D,0,NA,NA,NA,NA,Y,NA,A,07,0,0,1,0,0,0,0,0,0,-,-,NA,NA,LOS ANGELES,SANTA MONICA,-118.47913006,34.03204002
6689005,2014,2014-12-22,1942,2014-10-16,0805,30825,1747,4,5,7,1942,0,0,0,Q,0,17TL15,DEVONSHIRE ST,BALBOA BL,454,E,N,A,-,N,NA,NA,NA,NA,NA,NA,NA,NA,NA,Y,4,0,1,2,A,-,17,21209,A,N,D,C,A,A,H,-,A,A,0,NA,NA,NA,NA,Y,NA,A,01,0,0,1,0,0,0,0,0,0,-,-,NA,NA,LOS ANGELES,LOS ANGELES,-118.50083056,34.25752544
6689006,2014,2014-12-22,1942,2014-10-12,1850,39473,2103,7,5,7,1942,0,0,0,NA,0,16T23,FALLBROOK AV,ECCLES ST,500,N,N,A,-,N,NA,NA,NA,NA,NA,NA,NA,NA,NA,Y,3,0,1,1,A,-,01,23152,A,N,E,I,A,A,H,-,C,D,0,NA,NA,NA,NA,Y,Y,A,01,0,1,0,0,0,0,0,0,0,-,-,NA,NA,LOS ANGELES,LOS ANGELES,-118.62354585,34.22420994
6689009,2014,2015-01-23,1942,2014-10-06,1615,39249,RD179,1,5,7,1942,0,0,0,NA,0,17A49,LURLINE AV,PARTHENIA ST,74,S,N,A,-,N,NA,NA,NA,NA,NA,NA,NA,NA,NA,Y,4,0,1,2,A,-,03,22350,NA,N,D,C,A,A,H,-,A,D,0,NA,NA,NA,NA,Y,NA,A,07,0,0,1,0,0,0,0,0,0,-,-,NA,NA,LOS ANGELES,LOS ANGELES,-118.58414423,34.22799703
6689010,2014,2015-01-23,1942,2014-10-14,0750,33829,2189,2,5,7,1942,0,0,0,NA,0,16TL25,VENTURA BL,DEL MORENO DR,0,NA,Y,B,-,N,NA,NA,NA,NA,NA,NA,NA,NA,NA,Y,4,0,2,2,A,-,12,21453,A,N,D,C,A,A,H,-,A,A,0,NA,NA,NA,NA,Y,NA,-,-,0,0,2,0,0,0,0,0,0,-,-,NA,NA,LOS ANGELES,LOS ANGELES,-118.57492007,34.16953007