CASE_ID,ACCIDENT_YEAR,PROC_DATE,JURIS,COLLISION_DATE,COLLISION_TIME,OFFICER_ID,REPORTING_DISTRICT,DAY_OF_WEEK,CHP_SHIFT,POPULATION,CNTY_CITY_LOC,SPECIAL_COND,BEAT_TYPE,CHP_BEAT_TYPE,CITY_DIVISION_LAPD,CHP_BEAT_CLASS,BEAT_NUMBER,PRIMARY_RD,SECONDARY_RD,DISTANCE,DIRECTION,INTERSECTION,WEATHER_1,WEATHER_2,STATE_HWY_IND,CALTRANS_COUNTY,CALTRANS_DISTRICT,STATE_ROUTE,ROUTE_SUFFIX,POSTMILE_PREFIX,POSTMILE,LOCATION_TYPE,RAMP_INTERSECTION,SIDE_OF_HWY,TOW_AWAY,COLLISION_SEVERITY,NUMBER_KILLED,NUMBER_INJURED,PARTY_COUNT,PRIMARY_COLL_FACTOR,PCF_CODE_OF_VIOL,PCF_VIOL_CATEGORY,PCF_VIOLATION,PCF_VIOL_SUBSECTION,HIT_AND_RUN,TYPE_OF_COLLISION,MVIW,PED_ACTION,ROAD_SURFACE,ROAD_COND_1,ROAD_COND_2,LIGHTING,CONTROL_DEVICE,CHP_ROAD_TYPE,PEDESTRIAN_ACCIDENT,BICYCLE_ACCIDENT,MOTORCYCLE_ACCIDENT,TRUCK_ACCIDENT,NOT_PRIVATE_PROPERTY,ALCOHOL_INVOLVED,STWD_VEHTYPE_AT_FAULT,CHP_VEHTYPE_AT_FAULT,COUNT_SEVERE_INJ,COUNT_VISIBLE_INJ,COUNT_COMPLAINT_PAIN,COUNT_PED_KILLED,COUNT_PED_INJURED,COUNT_BICYCLIST_KILLED,COUNT_BICYCLIST_INJURED,COUNT_MC_KILLED,COUNT_MC_INJURED,PRIMARY_RAMP,SECONDARY_RAMP,LATITUDE,LONGITUDE,COUNTY,CITY,POINT_X,POINT_Y
6691981,2014,2014-11-20,1900,2014-03-12,1420,472742,0977,3,5,4,1979,0,0,0,NA,0,91T4,SANTA MONICA BL,LA CIENEGA BL,173,W,N,A,-,N,NA,NA,NA,NA,NA,NA,NA,NA,NA,N,2,0,1,2,A,-,08,22107,NA,N,B,G,A,A,H,-,A,D,0,NA,Y,NA,NA,Y,NA,A,01,1,0,0,0,0,0,1,0,0,-,-,NA,NA,LOS ANGELES,WEST HOLLYWOOD,-118.37680093,34.08913496
6691983,2014,2014-11-19,1942,2014-01-22,0330,35330,0657,3,5,7,1942,0,0,0,F,0,6A79,VAN NESS AV,SANTA MONICA BL,300,S,N,A,-,N,NA,NA,NA,NA,NA,NA,NA,NA,NA,Y,3,0,1,7,A,-,01,23152,A,M,B,E,A,A,H,-,C,D,0,NA,NA,NA,NA,Y,Y,A,07,0,1,0,0,0,0,0,0,0,-,-,NA,NA,LOS ANGELES,LOS ANGELES,-118.31574581,34.08991723
6691985,2014,2014-11-20,1900,2014-03-24,2315,432023,0987,1,5,4,1979,0,0,0,NA,0,92T2,SUNSET BL,KINGS RD,160,W,N,B,-,N,NA,NA,NA,NA,NA,NA,NA,NA,NA,N,4,0,1,2,A,-,04,21703,NA,N,C,C,A,A,H,-,C,D,0,NA,NA,NA,NA,Y,NA,A,01,0,0,1,0,0,0,0,0,0,-,-,NA,NA,LOS ANGELES,WEST HOLLYWOOD,-118.37324146,34.09510266
6691991,2014,2014-12-04,1942,2014-10-23,1640,31255,2054,4,5,7,1942,0,0,0,NA,0,7TL38,OLYMPIC BL,IROLO ST,0,NA,Y,A,-,N,NA,NA,NA,NA,NA,NA,NA,NA,NA,Y,4,0,1,4,A,-,09,21801,A,N,D,C,A,A,H,-,A,D,0,NA,NA,NA,NA,Y,NA,A,07,0,0,1,0,0,0,0,0,0,-,-,NA,NA,LOS ANGELES,LOS ANGELES,-118.30103012,34.05264002
6691994,2014,2014-11-19,1942,2014-01-25,1400,32766,0329,6,5,7,1942,0,0,0,C,0,3A62,JEFFERSON BL,FIGUEROA ST,5,E,N,A,-,Y,NA,NA,NA,NA,NA,NA,NA,NA,NA,N,3,0,1,2,A,-,09,21801,A,N,H,G,A,A,H,-,A,A,0,NA,Y,NA,NA,Y,NA,-,99,0,1,0,0,0,0,1,0,0,-,-,NA,NA,LOS ANGELES,LOS ANGELES,-118.27998549,34.02194352
6691995,2014,2014-12-03,1942,2014-10-24,1145,36083,2027,5,5,7,1942,0,0,0,NA,0,7T23,67TH ST,ALEXANDRIA AV,0,NA,Y,A,-,N,NA,NA,NA,NA,NA,NA,NA,NA,NA,N,3,0,1,3,A,-,04,21703,NA,N,C,C,A,A,H,-,A,D,0,NA,NA,NA,NA,Y,NA,D,22,0,1,0,0,0,0,0,0,0,-,-,NA,NA,LOS ANGELES,LOS ANGELES,NA,NA
6691999,2014,2014-12-03,1942,2014-10-17,1910,39022,2093,5,5,7,1942,0,0,0,NA,0,14T47,NORMANDIE AV,20TH ST,65,N,N,A,-,N,NA,NA,NA,NA,NA,NA,NA,NA,NA,N,4,0,1,2,A,-,07,21658,A,N,B,C,A,A,H,-,C,D,0,NA,NA,NA,NA,Y,NA,D,22,0,0,1,0,0,0,0,0,0,-,-,NA,NA,LOS ANGELES,LOS ANGELES,-118.30029414,34.03835823
6692105,2014,2015-06-05,1900,2014-10-12,1440,526024,2115,7,5,5,1943,0,0,0,NA,0,212T3,LOUISE AV,ELMWOOD AV,200,S,N,A,-,N,NA,NA,NA,NA,NA,NA,NA,NA,NA,N,4,0,1,2,A,-,06,21755,NA,N,B,J,A,A,H,-,A,D,0,NA,NA,NA,NA,Y,NA,-,NA,0,0,1,0,0,0,0,0,0,-,-,NA,NA,LOS ANGELES,LYNWOOD,-118.18033198,33.92582079
6692598,2014,2015-05-28,1941,2014-09-23,1322,5098,NA,2,5,7,1941,0,0,0,NA,0,NA,21ST,LONG BEACH BL,0,NA,Y,A,-,N,NA,NA,NA,NA,NA,NA,NA,NA,NA,N,4,0,1,2,A,-,12,22450,NA,N,G,B,B,A,H,-,A,A,0,Y,NA,NA,NA,Y,NA,A,NA,0,0,1,0,1,0,0,0,0,-,-,NA,NA,LOS ANGELES,LONG BEACH,-118.18947011,33.79530003
6692710,2014,2015-05-29,1941,2014-09-20,1542,6170,NA,6,5,7,1941,0,0,0,NA,0,NA,ATLANTIC AV,NEW YORK ST,12,S,N,A,-,N,NA,NA,NA,NA,NA,NA,NA,NA,NA,N,4,0,1,2,D,-,00,NA,NA,N,-,G,A,A,H,-,A,A,0,NA,Y,NA,NA,Y,NA,-,-,0,0,1,0,0,0,1,0,0,-,-,NA,NA,LOS ANGELES,LONG BEACH,-118.18504,33.78482709
6692714,2014,2015-05-29,1941,2014-09-23,2034,5183,NA,2,5,7,1941,0,0,0,NA,0,NA,BELLFLOWER,WARDLOW RD,0,NA,Y,A,-,N,NA,NA,NA,NA,NA,NA,NA,NA,NA,Y,4,0,2,2,A,-,09,21801,A,N,D,C,A,A,H,-,C,A,0,NA,NA,NA,NA,Y,NA,D,NA,0,0,2,0,0,0,0,0,0,-,-,NA,NA,LOS ANGELES,LONG BEACH,-118.12548012,33.81888008
6692974,2014,2014-12-01,1900,2014-09-12,2145,519546,2310,5,5,5,1919,0,0,0,NA,0,2301,ARTESIA BL,ALORA AV,530,W,N,A,-,N,NA,NA,NA,NA,NA,NA,NA,NA,NA,N,3,0,1,2,D,-,00,NA,NA,N,G,B,E,A,H,-,C,D,0,Y,NA,NA,NA,Y,NA,-,-,0,1,0,0,1,0,0,0,0,-,-,NA,NA,LOS ANGELES,CERRITOS,-118.09592221,33.87308
6692978,2014,2014-12-02,1900,2014-09-27,1140,238943,2316,6,5,5,1919,0,0,0,NA,0,230T,BLOOMFIELD AV,183RD ST,515,N,N,A,-,N,NA,NA,NA,NA,NA,NA,NA,NA,NA,Y,3,0,2,2,A,-,12,21453,A,N,D,C,A,A,H,-,A,A,0,NA,NA,NA,NA,Y,NA,A,07,0,1,1,0,0,0,0,0,0,-,-,NA,NA,LOS ANGELES,CERRITOS,-118.06382973,33.86734184
6692982,2014,2014-12-03,1900,2014-09-30,0730,510585,2318,2,5,5,1919,0,0,0,NA,0,230,CARMENITA RD,166TH ST,0,NA,Y,A,-,N,NA,NA,NA,NA,NA,NA,NA,NA,NA,N,3,0,1,2,A,-,05,21650,1,N,D,G,A,A,H,-,A,A,0,NA,Y,NA,NA,Y,NA,L,04,0,1,0,0,0,0,1,0,0,-,-,NA,NA,LOS ANGELES,CERRITOS,-118.04658004,33.88063007
6692986,2014,2016-06-11,1900,2014-09-28,1550,525141,2316,7,5,5,1919,0,0,0,NA,0,230T,BLOOMFIELD AV,RT 91,0,NA,Y,A,-,Y,LA,7,91,-,R,19.057,R,4,E,Y,4,0,1,2,A,-,12,21453,A,N,D,C,A,A,H,-,A,A,0,NA,NA,NA,NA,Y,NA,A,01,0,0,1,0,0,0,0,0,0,-,EF,NA,NA,LOS ANGELES,CERRITOS,-118.06584514,33.87605772
6692990,2014,2014-12-02,1942,2014-09-30,2110,35925,1259,2,5,7,1942,0,0,0,L,0,3T5,FLORENCE AV,CENTRAL AV,0,NA,Y,A,-,N,NA,NA,NA,NA,NA,NA,NA,NA,NA,Y,3,0,3,2,A,-,12,21453,A,N,A,C,A,A,H,-,C,A,0,NA,NA,NA,NA,Y,NA,A,01,0,2,1,0,0,0,0,0,0,-,-,NA,NA,LOS ANGELES,LOS ANGELES,-118.25646003,33.97476003
6692994,2014,2014-12-02,1942,2014-09-20,2125,37928,1243,6,5,7,1942,0,0,0,L,0,12A51,FLORENCE AV,CIMARRON ST,175,E,N,A,-,N,NA,NA,NA,NA,NA,NA,NA,NA,NA,N,4,0,1,2,A,-,09,21804,A,N,D,C,A,A,H,-,C,D,0,NA,NA,NA,NA,Y,NA,-,NA,0,0,1,0,0,0,0,0,0,-,-,NA,NA,LOS ANGELES,LOS ANGELES,-118.31532411,33.97459
6692998,2014,2014-12-01,1973,2014-09-15,1738,581,1973,1,5,1,1973,0,0,0,NA,0,001,PACIFIC BL,46TH ST,0,NA,Y,A,-,N,NA,NA,NA,NA,NA,NA,NA,NA,NA,N,3,0,1,1,A,-,03,22350,NA,N,H,A,A,A,H,-,A,D,0,NA,NA,NA,NA,Y,NA,-,NA,0,1,0,0,0,0,0,0,0,-,-,NA,NA,LOS ANGELES,VERNON,-118.22532003,34.00179004
6693002,2014,2014-12-01,1973,2014-09-19,0520,607,1773,5,5,1,1973,0,0,0,NA,0,001,FRUITLAND AV,HAMPTON ST,128,E,N,A,-,N,NA,NA,NA,NA,NA,NA,NA,NA,NA,Y,4,0,1,1,A,-,07,21658,A,N,E,I,A,A,H,-,C,D,0,NA,NA,NA,NA,Y,NA,A,01,0,0,1,0,0,0,0,0,0,-,-,NA,NA,LOS ANGELES,VERNON,-118.2265786,33.99630487
6693006,2014,2014-12-02,1973,2014-09-24,1900,607,1973,3,5,1,1973,0,0,0,NA,0,003,ATLANTIC BL,POWER POLE 1109506E,311,N,N,A,-,N,NA,NA,NA,NA,NA,NA,NA,NA,NA,N,4,0,1,4,A,-,03,22350,NA,F,C,C,E,A,H,-,C,D,0,Y,NA,NA,NA,Y,NA,A,01,0,0,1,0,1,0,0,0,0,-,-,NA,NA,LOS ANGELES,VERNON,NA,NA
6693010,2014,2014-12-02,1973,2014-09-09,0830,469,1973,2,5,1,1973,0,0,0,NA,0,002,SOTO ST,26TH ST,550,S,N,A,-,N,NA,NA,NA,NA,NA,NA,NA,NA,NA,Y,4,0,3,2,A,-,09,21804,A,N,D,C,A,A,H,-,A,A,0,NA,NA,NA,NA,Y,NA,-,NA,0,0,3,0,0,0,0,0,0,-,-,NA,NA,LOS ANGELES,VERNON,-118.2198473,34.01290262
6693011,2014,2014-12-02,1900,2014-09-14,1900,536369,1327,7,5,5,1935,0,0,0,NA,0,132D,CARSON ST,NECTAR AV,0,NA,Y,A,-,N,NA,NA,NA,NA,NA,NA,NA,NA,NA,Y,4,0,1,2,A,-,09,21453,C,N,D,C,A,A,H,-,C,A,0,NA,NA,NA,NA,Y,NA,-,NA,0,0,1,0,0,0,0,0,0,-,-,NA,NA,LOS ANGELES,LAKEWOOD,-118.08797013,33.83151001
6693015,2014,2014-12-02,1900,2014-09-10,0800,437384,1361,3,5,5,1952,0,0,0,NA,0,136MD,ALONDRA BL,ORANGE AV,0,NA,Y,A,-,N,NA,NA,NA,NA,NA,NA,NA,NA,NA,N,4,0,3,2,A,-,09,21453,C,M,D,C,A,A,H,-,A,A,0,NA,NA,NA,NA,Y,NA,A,01,0,0,3,0,0,0,0,0,0,-,-,NA,NA,LOS ANGELES,PARAMOUNT,-118.17754008,33.88917012
6693019,2014,2014-12-01,1900,2014-09-08,0845,S22015,1329,1,5,5,1935,0,0,0,NA,0,132T1,CENTRALIA RD,WOODRUFF AV,0,NA,Y,B,-,N,NA,NA,NA,NA,NA,NA,NA,NA,NA,Y,4,0,1,2,A,-,09,21801,A,N,A,C,A,B,H,-,A,A,0,NA,NA,NA,NA,Y,NA,-,NA,0,0,1,0,0,0,0,0,0,-,-,NA,NA,LOS ANGELES,LAKEWOOD,-118.11668011,33.83953001
6693023,2014,2014-12-01,1900,2014-09-19,1155,436136,1328,5,5,5,1935,0,0,0,NA,0,132T2,205TH ST,SEINE AV,100,E,N,A,-,N,NA,NA,NA,NA,NA,NA,NA,NA,NA,Y,4,0,2,2,A,-,08,22107,NA,N,F,E,A,A,H,-,A,D,0,NA,NA,NA,NA,Y,NA,A,01,0,0,2,0,0,0,0,0,0,-,-,NA,NA,LOS ANGELES,LAKEWOOD,-118.07803142,33.84418618
6693026,2014,2014-12-01,1942,2014-09-24,1545,35259,1265,3,5,7,1942,0,0,0,L,0,12A45,VERMONT AV,79TH ST,0,NA,Y,A,-,N,NA,NA,NA,NA,NA,NA,NA,NA,NA,N,3,0,1,2,A,-,10,21950,A,N,G,B,B,A,H,-,A,A,0,Y,NA,NA,NA,Y,NA,A,08,0,1,0,0,1,0,0,0,0,-,-,NA,NA,LOS ANGELES,LOS ANGELES,-118.291576,33.967806
6693027,2014,2014-12-02,1900,2014-09-16,1700,475320,1331,2,5,5,1908,0,0,0,NA,0,133T2P,BELLFLOWER BL,ROSECRANS AV,300,N,N,A,-,N,NA,NA,NA,NA,NA,NA,NA,NA,NA,Y,4,0,1,3,A,-,04,21703,NA,N,C,C,A,A,H,-,A,D,0,NA,NA,NA,NA,Y,NA,-,NA,0,0,1,0,0,0,0,0,0,-,-,NA,NA,LOS ANGELES,BELLFLOWER,-118.12533609,33.90279257
6693030,2014,2014-12-09,1942,2014-09-06,0330,41489,1824,6,5,7,1942,0,0,0,R,0,18A17,CENTRAL AV,103RD ST,10,S,N,A,-,N,NA,NA,NA,NA,NA,NA,NA,NA,NA,Y,4,0,1,2,A,-,03,22350,NA,F,C,C,A,A,H,-,C,A,0,NA,NA,NA,NA,Y,NA,-,99,0,0,1,0,0,0,0,0,0,-,-,NA,NA,LOS ANGELES,LOS ANGELES,-118.25411133,33.9432426
6693034,2014,2014-12-09,1942,2014-09-24,1430,37614,1232,3,5,7,1942,0,0,0,L,0,12XL1,58TH PL,CRENSHAW BL,100,W,N,A,-,N,NA,NA,NA,NA,NA,NA,NA,NA,NA,N,4,0,1,2,A,-,10,21952,NA,N,G,B,F,A,H,-,A,D,0,Y,NA,NA,NA,Y,NA,A,01,0,0,1,0,1,0,0,0,0,-,-,NA,NA,LOS ANGELES,LOS ANGELES,-118.33123926,33.98812
6693038,2014,2014-12-02,1942,2014-09-24,1415,41342,1241,3,5,7,1942,0,0,0,L,0,12X58,63RD ST,CRENSHAW BL,27,E,N,A,-,N,NA,NA,NA,NA,NA,NA,NA,NA,NA,Y,4,0,2,2,A,-,08,22107,NA,N,A,C,A,A,H,-,A,A,0,NA,NA,NA,NA,Y,NA,A,01,0,0,2,0,0,0,0,0,0,-,-,NA,NA,LOS ANGELES,LOS ANGELES,-118.33079111,33.98292
6693043,2014,2014-11-18,1900,2014-09-08,0720,437384,1366,1,5,5,1952,0,0,0,NA,0,136MD,JACKSON ST,TEXACO AV,30,E,N,C,-,N,NA,NA,NA,NA,NA,NA,NA,NA,NA,N,4,0,1,3,A,-,05,21650,NA,N,D,C,A,B,H,-,A,D,0,NA,NA,NA,NA,Y,NA,A,01,0,0,1,0,0,0,0,0,0,-,-,NA,NA,LOS ANGELES,PARAMOUNT,-118.17298136,33.8855
6693047,2014,2014-11-18,1900,2014-09-07,1337,296962,1337,7,5,5,1908,0,0,0,NA,0,133B,WOODRUFF AV,ALONDRA BL,200,N,N,A,-,N,NA,NA,NA,NA,NA,NA,NA,NA,NA,NA,4,0,1,2,A,-,09,21804,A,N,D,C,A,A,H,-,A,D,0,NA,NA,NA,NA,Y,NA,D,NA,0,0,1,0,0,0,0,0,0,-,-,NA,NA,LOS ANGELES,BELLFLOWER,-118.11739,33.88990842
6693075,2014,2014-12-03,1969,2014-10-13,0756,10106,PATRL,1,5,5,1969,0,0,0,NA,0,003,OTIS ST,SOUTHERN AV,118,N,N,A,-,N,NA,NA,NA,NA,NA,NA,NA,NA,NA,N,3,0,1,2,A,-,06,21750,NA,N,B,G,A,A,H,-,A,D,0,NA,Y,NA,NA,Y,NA,I,19,0,1,0,0,0,0,1,0,0,-,-,NA,NA,LOS ANGELES,SOUTH GATE,-118.19694,33.95037598
6693076,2014,2014-11-20,1900,2014-09-11,1700,475320,1331,4,5,5,1908,0,0,0,NA,0,133AP,CLARK AV,GARDENDALE ST,0,NA,Y,A,-,N,NA,NA,NA,NA,NA,NA,NA,NA,NA,N,4,0,1,2,A,-,08,22103,NA,N,D,C,A,A,H,-,A,D,0,NA,NA,NA,NA,Y,NA,I,NA,0,0,1,0,0,0,0,0,0,-,-,NA,NA,LOS ANGELES,BELLFLOWER,-118.13410001,33.90658008
6693079,2014,2015-01-05,1969,2014-10-17,1717,10100,PATRO,5,5,5,1969,0,0,0,NA,0,003,TWEEDY BL,SAN MIGUEL AV,0,NA,Y,A,-,N,NA,NA,NA,NA,NA,NA,NA,NA,NA,Y,4,0,1,3,A,-,09,21801,A,N,D,C,A,A,H,-,A,A,0,NA,NA,NA,NA,Y,NA,A,01,0,0,1,0,0,0,0,0,0,-,-,NA,NA,LOS ANGELES,SOUTH GATE,-118.20091006,33.94368002
6693080,2014,2016-06-06,1900,2014-09-15,1815,442440,1327,1,5,5,1935,0,0,0,NA,0,132T1P,DEL AMO BL,RT 605,25,W,N,A,-,Y,LA,7,605,-,R,2.765,R,4,S,N,4,0,1,2,A,-,21,22106,NA,N,C,C,A,A,H,-,A,A,0,NA,NA,NA,NA,Y,NA,D,22,0,0,1,0,0,0,0,0,0,-,-,NA,NA,LOS ANGELES,LAKEWOOD,-118.09180191,33.8446239
6693089,2014,2014-12-03,1965,2014-10-24,1703,3776,0B2B,5,5,5,1965,0,0,0,NA,0,A002,14TH ST,GRANT ST,133,N,N,A,-,N,NA,NA,NA,NA,NA,NA,NA,NA,NA,N,2,0,1,2,A,-,17,22517,NA,N,B,G,A,A,H,-,A,D,0,NA,Y,NA,NA,Y,NA,D,22,1,0,0,0,0,0,1,0,0,-,-,NA,NA,LOS ANGELES,SANTA MONICA,-118.47493078,34.01500289
6693096,2014,2014-11-18,1900,2014-09-06,1326,512462,1321,6,5,5,1935,0,0,0,NA,0,132D,SOUTH ST,SUNFIELD AV,40,W,N,A,-,N,NA,NA,NA,NA,NA,NA,NA,NA,NA,Y,4,0,2,3,A,-,03,22350,NA,N,C,C,A,A,H,-,A,A,0,NA,NA,NA,NA,Y,NA,A,NA,0,0,2,0,0,0,0,0,0,-,-,NA,NA,LOS ANGELES,LAKEWOOD,-118.13496143,33.86044299
6693111,2014,2015-06-05,1942,2014-10-24,1535,40529,1249,5,5,7,1942,0,0,0,L,0,12TL73,65TH ST,FIGUEROA ST,50,W,N,A,-,N,NA,NA,NA,NA,NA,NA,NA,NA,NA,N,4,0,1,3,A,-,03,22350,NA,M,C,E,A,A,H,-,A,D,0,NA,NA,NA,NA,Y,Y,-,99,0,0,1,0,0,0,0,0,0,-,-,NA,NA,LOS ANGELES,LOS ANGELES,-118.2828646,33.9806
6693120,2014,2014-11-18,1900,2014-09-18,0842,296962,1336,4,5,5,1908,0,0,0,NA,0,133T2,ARTESIA BL,BELLFLOWER BL,60,E,N,A,-,N,NA,NA,NA,NA,NA,NA,NA,NA,NA,N,4,0,1,3,A,-,03,22350,NA,N,C,C,A,A,H,-,A,A,0,NA,NA,NA,NA,Y,NA,A,NA,0,0,1,0,0,0,0,0,0,-,-,NA,NA,LOS ANGELES,BELLFLOWER,-118.12502275,33.87484
6693140,2014,2016-05-31,9535,2014-08-29,1425,19135,NA,5,2,9,1900,0,1,1,NA,2,071,RT 710,1ST ST,200,S,N,A,-,Y,LA,7,710,-,-,24.68,H,-,S,Y,3,0,2,4,A,-,03,22350,NA,M,C,C,A,A,D,-,A,D,1,NA,NA,NA,NA,Y,NA,A,07,0,1,1,0,0,0,0,0,0,-,-,34.03641,-118.1701,LOS ANGELES,UNINCORPORATED,-118.1701935,34.03639493
6693147,2014,2014-12-23,1965,2014-10-24,1759,3776,0B1G,5,5,5,1965,0,0,0,NA,0,A001,OCEAN AV,COLORADO AV,44,N,N,A,-,N,NA,NA,NA,NA,NA,NA,NA,NA,NA,N,3,0,1,2,A,-,11,21950,B,N,G,B,D,A,H,-,A,D,0,Y,NA,NA,NA,Y,NA,N,60,0,1,0,0,1,0,0,0,0,-,-,NA,NA,LOS ANGELES,SANTA MONICA,-118.49501245,34.01148537
6693151,2014,2015-01-08,1965,2014-10-14,1855,2970,OB3E,2,5,5,1965,0,0,0,NA,0,003,PICO BL,URBAN ST,23,W,N,A,-,N,NA,NA,NA,NA,NA,NA,NA,NA,NA,N,3,0,1,1,A,-,03,22350,NA,N,E,I,A,A,H,-,C,A,0,NA,NA,Y,NA,Y,NA,C,02,0,1,0,0,0,0,0,0,1,-,-,NA,NA,LOS ANGELES,SANTA MONICA,-118.45568496,34.02669752
6693167,2014,2014-12-23,1965,2014-10-28,0913,3693,0B4E,2,5,5,1965,0,0,0,NA,0,I804,WILSHIRE BL,17TH ST,73,W,N,A,-,N,NA,NA,NA,NA,NA,NA,NA,NA,NA,N,3,0,1,3,A,-,01,23152,A,N,B,E,A,A,H,-,A,D,0,NA,NA,NA,NA,Y,NA,A,07,0,1,0,0,0,0,0,0,0,-,-,NA,NA,LOS ANGELES,SANTA MONICA,-118.48621073,34.02894896
6693195,2014,2014-12-23,1965,2014-10-15,1135,3272,0BIF,3,5,5,1965,0,0,0,NA,0,B001,PICO BL,MAIN ST,0,NA,Y,A,-,N,NA,NA,NA,NA,NA,NA,NA,NA,NA,Y,4,0,1,2,A,-,09,21801,A,N,A,C,A,A,H,-,A,A,0,NA,NA,NA,NA,Y,NA,A,08,0,0,1,0,0,0,0,0,0,-,-,NA,NA,LOS ANGELES,SANTA MONICA,-118.48971002,34.00794003
6693201,2014,2014-12-23,1965,2014-10-25,0759,3178,B3A,6,5,5,1965,0,0,0,NA,0,B003,WILSHIRE BL,20TH ST,0,NA,Y,A,-,N,NA,NA,NA,NA,NA,NA,NA,NA,NA,Y,4,0,1,2,D,-,00,NA,NA,N,D,C,A,A,H,-,A,A,0,NA,NA,NA,NA,Y,NA,-,-,0,0,1,0,0,0,0,0,0,-,-,NA,NA,LOS ANGELES,SANTA MONICA,-118.48321013,34.03139006
6693203,2014,2014-12-29,1942,2014-10-27,1945,40869,1218,1,5,7,1942,0,0,0,L,0,12T73,57TH ST,HOOVER ST,598,W,N,A,-,N,NA,NA,NA,NA,NA,NA,NA,NA,NA,Y,3,0,2,4,A,-,05,21650,NA,F,D,C,A,A,H,-,C,D,0,NA,NA,NA,NA,Y,NA,A,01,0,1,1,0,0,0,0,0,0,-,-,NA,NA,LOS ANGELES,LOS ANGELES,-118.28909882,33.99050435
6693205,2014,2014-12-22,1965,2014-10-23,0844,3178,B2B,4,5,5,1965,0,0,0,NA,0,B002,11TH ST,HILL ST,0,NA,Y,A,-,N,NA,NA,NA,NA,NA,NA,NA,NA,NA,N,3,0,1,2,A,-,09,21801,A,N,D,G,A,A,H,-,A,A,0,NA,Y,NA,NA,Y,NA,A,01,0,1,0,0,0,0,1,0,0,-,-,NA,NA,LOS ANGELES,SANTA MONICA,-118.47247006,34.00706002
6693207,2014,2016-01-14,1942,2014-10-26,2320,41056,1273,7,5,7,1942,0,0,0,L,0,3T5,MANCHESTER BL,DENKER AV,272,E,N,A,-,N,NA,NA,NA,NA,NA,NA,NA,NA,NA,Y,1,1,0,2,A,-,11,21956,NA,N,G,B,D,A,H,-,C,A,0,Y,NA,NA,NA,Y,NA,N,60,0,0,0,1,0,0,0,0,0,-,-,NA,NA,LOS ANGELES,LOS ANGELES,-118.30375476,33.9599927
6693208,2014,2016-02-18,1900,2014-10-23,1400,466331,1327,4,5,5,1935,0,0,0,NA,0,132T1,CARSON ST,LONG BEACH TOWN CENTER,100,W,N,A,-,N,NA,NA,NA,NA,NA,NA,NA,NA,NA,N,4,0,1,2,A,-,07,21658,A,N,B,C,A,A,A,-,A,A,0,NA,NA,NA,NA,Y,NA,A,01,0,0,1,0,0,0,0,0,0,-,-,NA,NA,LOS ANGELES,LAKEWOOD,NA,NA
6693211,2014,2014-12-23,1969,2014-10-13,1856,10059,PATRO,1,5,5,1969,0,0,0,NA,0,005,SOUTHERN AV,KARMONT AV,0,NA,Y,A,-,N,NA,NA,NA,NA,NA,NA,NA,NA,NA,Y,3,0,1,1,A,-,08,22107,NA,N,E,I,A,A,H,-,C,D,0,NA,NA,NA,NA,Y,NA,A,01,0,1,0,0,0,0,0,0,0,-,-,NA,NA,LOS ANGELES,SOUTH GATE,-118.16236007,33.94409001
6693215,2014,2014-12-23,1969,2014-10-05,1935,10186,PATRO,7,5,5,1969,0,0,0,NA,0,0A2,SEVILLE AV,PALM PL,0,NA,Y,A,-,N,NA,NA,NA,NA,NA,NA,NA,NA,NA,N,4,0,1,2,A,-,09,21804,A,N,A,G,A,A,H,-,B,D,0,NA,Y,NA,NA,Y,NA,L,04,0,0,1,0,0,0,1,0,0,-,-,NA,NA,LOS ANGELES,SOUTH GATE,-118.2225601,33.96377007
6693219,2014,2014-12-23,1969,2014-10-02,0744,10171,TRAFF,4,5,5,1969,0,0,0,NA,0,002,ARDMORE AV,GARDEN VIEW AV,0,NA,Y,A,-,N,NA,NA,NA,NA,NA,NA,NA,NA,NA,Y,4,0,3,2,A,-,09,21802,A,N,D,C,A,A,H,-,A,A,0,NA,NA,NA,NA,Y,NA,A,01,0,0,3,0,0,0,0,0,0,-,-,NA,NA,LOS ANGELES,SOUTH GATE,-118.21527012,33.95824005
6693223,2014,2014-12-23,1969,2014-10-10,1819,10146,PATRO,5,5,5,1969,0,0,0,NA,0,002,CALIFORNIA AV,MISSOURI AV,0,NA,Y,A,-,N,NA,NA,NA,NA,NA,NA,NA,NA,NA,Y,4,0,1,2,A,-,09,21802,A,N,D,C,A,A,H,-,A,D,0,NA,NA,NA,NA,Y,NA,A,01,0,0,1,0,0,0,0,0,0,-,-,NA,NA,LOS ANGELES,SOUTH GATE,-118.20723002,33.9465801
6693227,2014,2014-12-23,1969,2014-10-12,1306,10165,PATRO,7,5,5,1969,0,0,0,NA,0,004,HILDRETH AV,TWEEDY BL,150,S,N,A,-,N,NA,NA,NA,NA,NA,NA,NA,NA,NA,N,4,0,1,2,A,-,11,21954,A,N,G,B,D,A,H,-,A,D,0,Y,NA,NA,NA,Y,NA,N,60,0,0,1,0,1,0,0,0,0,-,-,NA,NA,LOS ANGELES,SOUTH GATE,-118.18884483,33.94195036
6693229,2014,2014-12-22,1955,2014-10-02,0005,30497,0026,4,5,6,1955,0,0,0,NA,0,002,N GAREY AV,LAVERNE AV,150,S,N,A,-,N,NA,NA,NA,NA,NA,NA,NA,NA,NA,Y,4,0,1,1,A,-,01,23152,A,N,A,J,A,A,H,-,C,-,0,NA,NA,NA,NA,Y,Y,A,07,0,0,1,0,0,0,0,0,0,-,-,NA,NA,LOS ANGELES,POMONA,-117.75169637,34.08523036