CASE_ID,ACCIDENT_YEAR,PROC_DATE,JURIS,COLLISION_DATE,COLLISION_TIME,OFFICER_ID,REPORTING_DISTRICT,DAY_OF_WEEK,CHP_SHIFT,POPULATION,CNTY_CITY_LOC,SPECIAL_COND,BEAT_TYPE,CHP_BEAT_TYPE,CITY_DIVISION_LAPD,CHP_BEAT_CLASS,BEAT_NUMBER,PRIMARY_RD,SECONDARY_RD,DISTANCE,DIRECTION,INTERSECTION,WEATHER_1,WEATHER_2,STATE_HWY_IND,CALTRANS_COUNTY,CALTRANS_DISTRICT,STATE_ROUTE,ROUTE_SUFFIX,POSTMILE_PREFIX,POSTMILE,LOCATION_TYPE,RAMP_INTERSECTION,SIDE_OF_HWY,TOW_AWAY,COLLISION_SEVERITY,NUMBER_KILLED,NUMBER_INJURED,PARTY_COUNT,PRIMARY_COLL_FACTOR,PCF_CODE_OF_VIOL,PCF_VIOL_CATEGORY,PCF_VIOLATION,PCF_VIOL_SUBSECTION,HIT_AND_RUN,TYPE_OF_COLLISION,MVIW,PED_ACTION,ROAD_SURFACE,ROAD_COND_1,ROAD_COND_2,LIGHTING,CONTROL_DEVICE,CHP_ROAD_TYPE,PEDESTRIAN_ACCIDENT,BICYCLE_ACCIDENT,MOTORCYCLE_ACCIDENT,TRUCK_ACCIDENT,NOT_PRIVATE_PROPERTY,ALCOHOL_INVOLVED,STWD_VEHTYPE_AT_FAULT,CHP_VEHTYPE_AT_FAULT,COUNT_SEVERE_INJ,COUNT_VISIBLE_INJ,COUNT_COMPLAINT_PAIN,COUNT_PED_KILLED,COUNT_PED_INJURED,COUNT_BICYCLIST_KILLED,COUNT_BICYCLIST_INJURED,COUNT_MC_KILLED,COUNT_MC_INJURED,PRIMARY_RAMP,SECONDARY_RAMP,LATITUDE,LONGITUDE,COUNTY,CITY,POINT_X,POINT_Y
6697189,2014,2015-01-05,1912,2014-10-24,1235,8188,NA,5,5,6,1912,0,0,0,NA,0,00H,HOLLYWOOD WY,CHANDLER BL,290,S,N,A,-,N,NA,NA,NA,NA,NA,NA,NA,NA,NA,Y,3,0,2,2,A,-,03,22350,NA,N,C,C,A,A,H,-,A,A,0,NA,NA,NA,NA,Y,NA,A,01,0,1,1,0,0,0,0,0,0,-,-,NA,NA,LOS ANGELES,BURBANK,-118.34836183,34.17065919
6697246,2014,2015-05-13,9565,2014-09-15,1320,020796,NA,1,1,9,1900,0,2,4,NA,2,031,LA CIENEGA BL,STOCKER ST,20,N,N,A,-,N,NA,NA,NA,NA,NA,NA,NA,NA,NA,Y,4,0,1,2,A,-,03,22350,NA,N,C,C,A,A,H,-,A,D,0,NA,NA,Y,NA,Y,NA,C,02,0,0,1,0,0,0,0,0,1,-,-,33.99833,-118.36984,LOS ANGELES,UNINCORPORATED,-118.36961606,33.99810038
6697281,2014,2015-01-09,1956,2014-11-02,1755,1292,24,7,5,5,1956,0,0,0,NA,0,002,N CATALINA AV,N GERTRUDA AV,230,N,N,A,-,N,NA,NA,NA,NA,NA,NA,NA,NA,NA,Y,4,0,1,2,A,-,09,21804,A,F,E,I,A,A,H,-,C,D,0,NA,NA,NA,NA,Y,NA,A,01,0,0,1,0,0,0,0,0,0,-,-,NA,NA,LOS ANGELES,REDONDO BEACH,-118.39100348,33.85162444
6697287,2014,2014-11-20,1907,2014-09-03,1810,202,1,3,5,4,1907,0,0,0,NA,0,NA,SAN LUIS AV,FLORENCE AV,115,N,N,A,-,N,NA,NA,NA,NA,NA,NA,NA,NA,NA,N,3,0,1,2,D,-,00,NA,NA,F,D,G,A,A,H,-,A,D,0,NA,Y,NA,NA,Y,NA,-,-,0,1,0,0,0,0,1,0,0,-,-,NA,NA,LOS ANGELES,BELL,-118.19784223,33.97166284
6697313,2014,2015-01-09,1900,2014-11-02,1730,531921,0532,7,5,5,1959,0,0,0,NA,0,54PM,GARVEY AV,SAN GABRIEL BL,300,W,N,A,-,N,NA,NA,NA,NA,NA,NA,NA,NA,NA,N,4,0,2,4,A,-,04,21703,NA,N,C,C,A,A,H,-,B,A,0,NA,NA,NA,NA,Y,NA,A,01,0,0,2,0,0,0,0,0,0,-,-,NA,NA,LOS ANGELES,ROSEMEAD,-118.09149829,34.06265
6697317,2014,2015-01-09,1900,2014-11-03,1234,223258,0524,1,5,4,1971,0,0,0,NA,0,052,LOWER AZUSA RD,TEMPLE CITY BL,200,W,N,A,-,N,NA,NA,NA,NA,NA,NA,NA,NA,NA,N,3,0,1,2,A,-,08,22107,NA,N,B,C,A,A,H,-,A,D,0,NA,NA,Y,NA,Y,NA,C,02,0,1,0,0,0,0,0,0,1,-,-,NA,NA,LOS ANGELES,TEMPLE CITY,-118.05797911,34.0893948
6697321,2014,2015-01-09,1900,2014-11-02,2045,502886,0521,7,5,4,1971,0,0,0,NA,0,52T1PM,LONGDEN AV,ENCINITA AV,128,E,N,A,-,N,NA,NA,NA,NA,NA,NA,NA,NA,NA,Y,3,0,1,2,A,-,08,22107,NA,N,B,E,A,A,H,-,C,D,0,NA,NA,NA,NA,Y,NA,A,01,0,1,0,0,0,0,0,0,0,-,-,NA,NA,LOS ANGELES,TEMPLE CITY,-118.06770955,34.1131545
6697337,2014,2016-02-17,1942,2014-11-01,0830,25904,0326,6,5,7,1942,0,0,0,C,0,5T21,ADAMS BL,NORMANDIE AV,0,NA,Y,B,-,N,NA,NA,NA,NA,NA,NA,NA,NA,NA,Y,3,0,1,4,A,-,09,21800,D,N,D,C,A,B,H,-,A,B,0,NA,NA,NA,NA,Y,NA,A,01,0,1,0,0,0,0,0,0,0,-,-,NA,NA,LOS ANGELES,LOS ANGELES,-118.30024003,34.03272011
6697345,2014,2015-01-09,1942,2014-11-01,0105,40476,0392,6,5,7,1942,0,0,0,C,0,18T23W,ARLINGTON AV,48TH ST,0,NA,Y,C,-,N,NA,NA,NA,NA,NA,NA,NA,NA,NA,Y,4,0,2,2,A,-,09,21804,B,N,D,C,A,B,G,-,E,B,0,NA,NA,NA,NA,Y,NA,A,01,0,0,2,0,0,0,0,0,0,-,-,NA,NA,LOS ANGELES,LOS ANGELES,-118.31816,34.00003
6697349,2014,2015-01-09,9540,2014-11-01,0720,017983,NA,6,1,9,1900,0,2,4,NA,1,204,BOUQUET CANYON RD,TEXAS CANYON RD,39600,N,N,B,C,N,NA,NA,NA,NA,NA,NA,NA,NA,NA,Y,4,0,1,2,A,-,05,21460,A,F,E,I,A,B,H,-,A,D,0,NA,NA,NA,NA,Y,NA,A,07,0,0,1,0,0,0,0,0,0,-,-,34.57016,-118.39327,LOS ANGELES,UNINCORPORATED,-118.39627756,34.56632171
6697353,2014,2015-01-09,1942,2014-11-01,1035,40697,0355,6,5,7,1942,0,0,0,C,0,3T5,ARLINGTON AV,36TH ST,70,S,N,B,-,N,NA,NA,NA,NA,NA,NA,NA,NA,NA,N,4,0,1,2,A,-,03,22350,NA,F,C,C,A,B,H,-,A,D,0,NA,NA,NA,NA,Y,NA,-,99,0,0,1,0,0,0,0,0,0,-,-,NA,NA,LOS ANGELES,LOS ANGELES,-118.317659,34.0227
6697357,2014,2015-01-09,1942,2014-11-03,1445,39436,0555,1,5,7,1942,0,0,0,E,0,5TL25,HARBOR BL,SWINFORD ST,67,S,N,A,-,N,NA,NA,NA,NA,NA,NA,NA,NA,NA,N,4,0,1,2,A,-,-,NA,NA,F,B,C,A,A,H,-,A,D,0,NA,NA,NA,NA,Y,NA,-,99,0,0,1,0,0,0,0,0,0,-,-,NA,NA,LOS ANGELES,LOS ANGELES,-118.28047468,33.74847063
6697374,2014,2014-11-21,1902,2014-09-29,1318,668,9,1,5,5,1902,0,0,0,NA,0,001,FOOTHILL BL,BALDWIN AV,150,E,N,A,-,N,NA,NA,NA,NA,NA,NA,NA,NA,NA,Y,3,0,1,2,A,-,08,22107,NA,N,D,C,A,A,H,-,A,A,0,NA,NA,NA,NA,Y,NA,-,NA,0,1,0,0,0,0,0,0,0,-,-,NA,NA,LOS ANGELES,ARCADIA,-118.05287542,34.15070868
6697377,2014,2014-11-21,1901,2014-09-10,1144,236,01,3,5,5,1901,0,0,0,NA,0,001,ATLANTIC BL,ALHAMBRA RD,0,NA,Y,A,-,N,NA,NA,NA,NA,NA,NA,NA,NA,NA,Y,4,0,2,2,A,-,09,21801,A,N,A,C,A,A,H,-,A,A,0,NA,NA,NA,NA,Y,NA,A,01,0,0,2,0,0,0,0,0,0,-,-,NA,NA,LOS ANGELES,ALHAMBRA,-118.13469009,34.09876007
6697378,2014,2014-11-21,1902,2014-09-25,0738,712,21,4,5,5,1902,0,0,0,NA,0,004,SUNSET BL,OKOBOJI DR,21,S,N,A,-,N,NA,NA,NA,NA,NA,NA,NA,NA,NA,Y,4,0,3,2,A,-,03,22350,NA,N,C,C,A,A,H,-,A,A,0,NA,NA,NA,NA,Y,NA,A,01,0,0,3,0,0,0,0,0,0,-,-,NA,NA,LOS ANGELES,ARCADIA,-118.06499393,34.12945264
6697381,2014,2014-11-21,1901,2014-09-11,1849,270,18,4,5,5,1901,0,0,0,NA,0,004,VALLEY BL,OLIVE AV,0,NA,Y,A,-,N,NA,NA,NA,NA,NA,NA,NA,NA,NA,N,4,0,1,4,A,-,03,22350,NA,N,C,C,A,A,H,-,B,D,0,NA,NA,NA,NA,Y,NA,A,01,0,0,1,0,0,0,0,0,0,-,-,NA,NA,LOS ANGELES,ALHAMBRA,-118.13601004,34.07788001
6697385,2014,2014-11-21,1901,2014-09-18,0911,249,23,4,5,5,1901,0,0,0,NA,0,003,FREMONT AV,ALHAMBRA RD,0,NA,Y,A,-,N,NA,NA,NA,NA,NA,NA,NA,NA,NA,Y,4,0,1,2,A,-,09,21801,A,N,D,C,A,A,H,-,A,A,0,NA,NA,NA,NA,Y,NA,A,01,0,0,1,0,0,0,0,0,0,-,-,NA,NA,LOS ANGELES,ALHAMBRA,-118.15214008,34.09858008
6697393,2014,2014-11-21,1901,2014-09-08,1150,180,17,1,5,5,1901,0,0,0,NA,0,004,ROSS AV,ETHEL AV,18,W,N,B,-,N,NA,NA,NA,NA,NA,NA,NA,NA,NA,Y,4,0,1,2,A,-,09,21802,A,M,E,I,A,A,H,-,A,A,0,NA,NA,NA,NA,Y,NA,A,01,0,0,1,0,0,0,0,0,0,-,-,NA,NA,LOS ANGELES,ALHAMBRA,-118.14440931,34.07202946
6697394,2014,2016-06-04,9575,2014-09-09,2210,020536,NA,2,3,6,1912,0,1,1,NA,2,051,RT 5,ALAMEDA AV,135,N,N,A,-,Y,LA,7,5,-,-,28.48,H,-,N,Y,4,0,2,3,A,-,07,21658,A,M,B,C,A,A,H,-,D,D,1,NA,NA,NA,NA,Y,Y,-,99,0,0,2,0,0,0,0,0,0,-,-,34.17046,-118.30441,LOS ANGELES,BURBANK,-118.30471498,34.17073552
6697397,2014,2014-11-21,1976,2014-09-18,1554,886,NA,4,5,5,1976,0,0,0,NA,0,NA,LAMBERT RD,PAINTER AV,204,E,N,A,-,N,NA,NA,NA,NA,NA,NA,NA,NA,NA,N,3,0,1,2,A,-,09,21804,A,N,H,G,A,A,H,-,A,D,0,NA,Y,NA,NA,Y,NA,A,01,0,1,0,0,0,0,1,0,0,-,-,NA,NA,LOS ANGELES,WHITTIER,-118.03743927,33.95789817
6697398,2014,2014-11-21,9575,2014-09-24,1742,15985,NA,3,2,9,1900,0,2,4,NA,2,022,LINCOLN AV,STONEHURST DR,75,S,N,A,-,N,NA,NA,NA,NA,NA,NA,NA,NA,NA,N,4,0,1,3,A,-,03,22350,NA,N,C,C,A,A,H,-,A,D,0,NA,NA,NA,NA,Y,NA,A,01,0,0,1,0,0,0,0,0,0,-,-,34.187,-118.16,LOS ANGELES,UNINCORPORATED,-118.15971251,34.18631435
6697410,2014,2016-01-12,1942,2014-09-11,0255,38844,1655,4,5,7,1942,0,0,0,P,0,16A11,WENTWORTH ST,WHEATLAND,500,E,N,A,-,N,NA,NA,NA,NA,NA,NA,NA,NA,NA,Y,3,0,1,1,A,-,03,22350,NA,N,-,I,A,A,H,-,D,D,0,NA,NA,NA,NA,Y,NA,A,01,0,1,0,0,0,0,0,0,0,-,-,NA,NA,LOS ANGELES,LOS ANGELES,-118.35254538,34.26580325
6697414,2014,2016-06-11,1942,2014-09-02,1200,41317,RD,2,5,7,1942,0,0,0,NA,0,16A59,LA TUNA CANYON RD,RT 210,0,NA,Y,A,-,Y,LA,7,210,-,R,13.955,R,4,E,N,3,0,2,2,A,-,09,21802,A,N,D,C,A,A,H,-,A,D,0,NA,NA,NA,NA,Y,NA,A,01,0,1,1,0,0,0,0,0,0,-,-,NA,NA,LOS ANGELES,LOS ANGELES,-118.29496447,34.23470786
6697417,2014,2014-11-21,1942,2014-09-05,1825,36737,1453,5,5,7,1942,0,0,0,N,0,14A12,DEL REY AV,BEACH AV,216,S,N,A,-,N,NA,NA,NA,NA,NA,NA,NA,NA,NA,N,4,0,1,2,A,-,03,22350,NA,F,C,C,A,A,H,-,A,D,0,NA,NA,Y,NA,Y,NA,-,99,0,0,1,0,0,0,0,0,1,-,-,NA,NA,LOS ANGELES,LOS ANGELES,-118.44625853,33.98966217
6697418,2014,2014-11-21,1942,2014-09-14,1820,39477,1653,7,5,7,1942,0,0,0,P,0,35Z201,OSBORN ST,TELFAIR AV,16,W,N,A,-,N,NA,NA,NA,NA,NA,NA,NA,NA,NA,N,3,0,1,2,A,-,10,21950,A,N,G,B,B,A,H,-,A,A,0,Y,NA,NA,NA,Y,NA,A,07,0,1,0,0,1,0,0,0,0,-,-,NA,NA,LOS ANGELES,LOS ANGELES,-118.413029,34.251585
6697422,2014,2014-11-21,1942,2014-09-25,2210,37637,1918,4,5,7,1942,0,0,0,NA,0,16Y25,HUBBARD ST,FOOTHILL BL,210,S,N,A,-,N,NA,NA,NA,NA,NA,NA,NA,NA,NA,Y,4,0,2,2,A,-,03,22350,NA,F,C,C,A,A,H,-,C,D,0,NA,NA,NA,NA,Y,NA,-,99,0,0,2,0,0,0,0,0,0,-,-,NA,NA,LOS ANGELES,LOS ANGELES,-118.43075867,34.30703289
6697426,2014,2014-11-21,1942,2014-09-23,1725,36169,1972,2,5,7,1942,0,0,0,NA,0,17A95,COLUMBUS ST,SUNBURST,0,NA,Y,-,-,N,NA,NA,NA,NA,NA,NA,NA,NA,NA,Y,3,0,1,2,A,-,09,21804,A,F,B,C,A,-,-,-,-,D,0,NA,NA,Y,NA,Y,NA,-,99,0,1,0,0,0,0,0,0,0,-,-,NA,NA,LOS ANGELES,LOS ANGELES,-118.46537011,34.23454007
6697430,2014,2014-11-21,1942,2014-09-26,1155,38181,1513,5,5,7,1942,0,0,0,O,0,10TL34,SHERMAN WY,WHITSETT AV,300,E,N,A,-,N,NA,NA,NA,NA,NA,NA,NA,NA,NA,N,4,0,2,2,A,-,07,21658,A,F,B,C,A,A,H,-,A,D,0,NA,NA,NA,NA,Y,NA,A,07,0,0,2,0,0,0,0,0,0,-,-,NA,NA,LOS ANGELES,LOS ANGELES,-118.4042107,34.20113214
6697434,2014,2014-12-12,1942,2014-09-22,1145,39085,1611,1,5,7,1942,0,0,0,P,0,15TL49,PAXTON ST,BRADLEY AV,0,NA,Y,A,-,N,NA,NA,NA,NA,NA,NA,NA,NA,NA,N,4,0,1,2,A,-,-,NA,NA,N,D,C,A,A,H,-,A,A,0,NA,NA,NA,NA,Y,NA,-,-,0,0,1,0,0,0,0,0,0,-,-,NA,NA,LOS ANGELES,LOS ANGELES,-118.42458003,34.27486
6697437,2014,2014-11-21,1902,2014-09-24,1034,668,23,3,5,5,1902,0,0,0,NA,0,002,DUARTE RD,4TH AV,0,NA,Y,A,-,N,NA,NA,NA,NA,NA,NA,NA,NA,NA,N,3,0,1,1,A,-,05,21650,NA,N,E,I,A,A,H,-,A,D,0,NA,Y,NA,NA,Y,NA,L,04,0,1,0,0,0,0,1,0,0,-,-,NA,NA,LOS ANGELES,ARCADIA,-118.02191,34.13086002
6697438,2014,2016-03-01,1942,2014-09-24,1705,36733,1723,3,5,7,1942,0,0,0,Q,0,35QL45,DEVONSHIRE ST,MASON AV,40,E,N,-,-,N,NA,NA,NA,NA,NA,NA,NA,NA,NA,N,4,0,1,2,A,-,04,21703,NA,F,C,A,A,-,A,-,-,C,0,NA,NA,NA,NA,Y,NA,-,NA,0,0,1,0,0,0,0,0,0,-,-,NA,NA,LOS ANGELES,LOS ANGELES,-118.57970785,34.25726
6697485,2014,2014-12-11,1942,2014-11-01,0605,40697,0361,6,5,7,1942,0,0,0,C,0,3T5,LA BREA,COLISEUM ST,0,NA,Y,C,-,N,NA,NA,NA,NA,NA,NA,NA,NA,NA,N,4,0,1,2,A,-,10,21950,A,F,G,B,B,B,H,-,B,A,0,Y,NA,NA,NA,Y,NA,-,99,0,0,1,0,1,0,0,0,0,-,-,NA,NA,LOS ANGELES,LOS ANGELES,-118.35559007,34.01831006
6697489,2014,2014-12-11,1928,2014-11-03,1450,352,517,1,5,5,1928,0,0,0,NA,0,0H3,EL SEGUNDO BL,SIMMS AV,120,W,N,A,-,N,NA,NA,NA,NA,NA,NA,NA,NA,NA,Y,4,0,1,3,A,-,03,22350,NA,N,C,C,A,A,H,-,A,A,0,NA,NA,NA,NA,Y,NA,A,01,0,0,1,0,0,0,0,0,0,-,-,NA,NA,LOS ANGELES,HAWTHORNE,-118.32845474,33.91643609
6697490,2014,2016-06-24,1976,2014-10-28,1339,334,WHITT,2,5,5,1976,0,0,0,NA,0,002,WHITTIER BL,S WHITTIER BL FR RD,0,NA,Y,A,-,Y,LA,7,72,-,-,4.961,I,5,S,Y,4,0,2,2,A,-,09,21802,A,N,D,C,A,A,H,-,A,A,0,NA,NA,NA,NA,Y,NA,-,-,0,0,2,0,0,0,0,0,0,-,-,NA,NA,LOS ANGELES,WHITTIER,-118.04779821,33.97688324
6697492,2014,2015-06-05,1941,2014-10-27,0800,5048,NA,1,5,7,1941,0,0,0,NA,0,NA,PINE AV,10TH ST,300,N,N,A,-,N,NA,NA,NA,NA,NA,NA,NA,NA,NA,N,3,0,1,2,A,-,10,21950,A,N,G,B,C,A,H,-,A,D,0,Y,NA,NA,NA,Y,NA,A,NA,0,1,0,0,1,0,0,0,0,-,-,NA,NA,LOS ANGELES,LONG BEACH,-118.19237,33.77980271
6697493,2014,2014-12-11,1928,2014-11-02,0300,388,501,7,5,5,1928,0,0,0,NA,0,0H1,EL SEGUNDO BL,HAWTHORNE BL,0,NA,Y,A,-,N,NA,NA,NA,NA,NA,NA,NA,NA,NA,Y,4,0,3,2,A,-,03,22350,NA,N,C,C,A,A,H,-,C,A,0,NA,NA,NA,NA,Y,NA,-,-,0,0,3,0,0,0,0,0,0,-,-,NA,NA,LOS ANGELES,HAWTHORNE,-118.35270009,33.91642002
6697500,2014,2015-06-05,1941,2014-10-26,1304,10537,NA,7,5,7,1941,0,0,0,NA,0,NA,E 8TH ST,ATLANTIC AV,0,NA,Y,A,-,N,NA,NA,NA,NA,NA,NA,NA,NA,NA,Y,3,0,1,2,A,-,12,21453,A,N,A,C,A,A,-,-,A,A,0,NA,NA,NA,NA,Y,NA,A,NA,0,1,0,0,0,0,0,0,0,-,-,NA,NA,LOS ANGELES,LONG BEACH,-118.18505009,33.77658012
6697502,2014,2014-11-19,9575,2014-10-02,1825,20762,NA,4,2,9,1900,0,1,1,NA,2,065,RT 210,SIERRA MADRE VILLA AV,500,E,N,A,-,Y,NA,NA,210,NA,NA,NA,NA,NA,NA,Y,3,0,1,4,A,-,07,21658,A,F,B,C,A,A,H,-,B,D,0,NA,NA,Y,NA,Y,NA,-,99,0,1,0,0,0,0,0,0,1,-,-,34.14769,-118.08033,LOS ANGELES,UNINCORPORATED,-118.08033015,34.14758053
6697504,2014,2015-06-05,1941,2014-10-27,1900,10056,NA,1,5,7,1941,0,0,0,NA,0,NA,2ND ST,MARINA AV,500,W,N,A,-,N,NA,NA,NA,NA,NA,NA,NA,NA,NA,N,4,0,1,2,A,-,07,21658,A,N,B,G,A,A,H,-,C,D,0,NA,Y,NA,NA,Y,NA,L,04,0,0,1,0,0,0,1,0,0,-,-,NA,NA,LOS ANGELES,LONG BEACH,-118.11477417,33.75715499
6697509,2014,2014-11-18,1942,2014-10-29,0710,40065,1519,3,5,7,1942,0,0,0,O,0,10TL37,KITTRIDGE ST,VINELAND AV,0,NA,Y,A,-,N,NA,NA,NA,NA,NA,NA,NA,NA,NA,N,4,0,1,2,A,-,09,21801,A,N,D,C,A,A,H,-,A,A,0,NA,NA,NA,NA,Y,NA,A,01,0,0,1,0,0,0,0,0,0,-,-,NA,NA,LOS ANGELES,LOS ANGELES,-118.37033009,34.19029003
6697510,2014,2015-06-06,1900,2014-10-09,2030,524692,2924,4,5,5,1990,0,0,0,NA,0,292K4,DIAMOND BAR BL,PATHFINDER RD,45,S,N,A,-,N,NA,NA,NA,NA,NA,NA,NA,NA,NA,N,4,0,1,2,A,-,03,22350,NA,M,C,C,A,A,H,-,C,A,0,NA,NA,NA,NA,Y,NA,A,01,0,0,1,0,0,0,0,0,0,-,-,NA,NA,LOS ANGELES,DIAMOND BAR,-117.83092295,33.98134782
6697689,2014,2015-06-15,1941,2014-10-27,1548,10542,NA,1,5,7,1941,0,0,0,NA,0,NA,PARAMOUNT BL,70TH ST,0,NA,Y,A,-,N,NA,NA,NA,NA,NA,NA,NA,NA,NA,Y,4,0,2,2,A,-,09,21801,A,N,B,C,A,A,H,-,A,D,0,NA,NA,NA,NA,Y,NA,A,NA,0,0,2,0,0,0,0,0,0,-,-,NA,NA,LOS ANGELES,LONG BEACH,-118.16007005,33.88195005
6697735,2014,2015-06-17,1942,2014-10-25,0850,24543,0514,6,5,7,1942,0,0,0,E,0,25MQ23,PACIFIC COAST HWY,FRIGATE AV,0,NA,Y,A,-,Y,NA,NA,NA,NA,NA,NA,NA,NA,NA,Y,4,0,1,1,C,-,18,NA,NA,N,E,I,A,A,H,-,A,D,0,NA,NA,NA,NA,Y,NA,-,-,0,0,1,0,0,0,0,0,0,-,-,NA,NA,LOS ANGELES,LOS ANGELES,-118.27770007,33.79039002
6697749,2014,2015-06-15,1941,2014-10-25,0034,10571,NA,6,5,7,1941,0,0,0,NA,0,NA,STUDEBAKER RD,WILLOW ST,38,S,N,A,-,N,NA,NA,NA,NA,NA,NA,NA,NA,NA,Y,4,0,1,2,A,-,08,22107,NA,N,A,C,A,A,H,-,C,A,0,NA,NA,Y,NA,Y,NA,A,NA,0,0,1,0,0,0,0,0,1,-,-,NA,NA,LOS ANGELES,LONG BEACH,-118.09947,33.80341
6697753,2014,2015-06-15,1941,2014-10-22,0726,10147,NA,3,5,7,1941,0,0,0,NA,0,NA,6TH ST,LIME AV,0,NA,Y,A,-,N,NA,NA,NA,NA,NA,NA,NA,NA,NA,Y,4,0,2,3,D,-,00,NA,NA,N,D,C,A,A,H,-,A,A,0,NA,NA,NA,NA,Y,NA,-,-,0,0,2,0,0,0,0,0,0,-,-,NA,NA,LOS ANGELES,LONG BEACH,-118.18368001,33.77415011
6697921,2014,2014-12-09,1920,2014-10-18,1304,11992,NA,6,5,6,1920,0,0,0,NA,0,005,FLORENCE AV,WESTERN AV,0,NA,Y,A,-,N,NA,NA,NA,NA,NA,NA,NA,NA,NA,Y,4,0,2,2,A,-,09,21802,A,N,D,C,A,A,H,-,A,A,0,NA,NA,NA,NA,Y,NA,A,01,0,0,2,0,0,0,0,0,0,-,-,NA,NA,LOS ANGELES,DOWNEY,-118.12784005,33.95247002
6697925,2014,2016-02-18,1920,2014-10-10,1453,11992,NA,5,5,6,1920,0,0,0,NA,0,006,IMPERIAL HWY,PARAMOUNT BL,60,E,N,A,-,N,NA,NA,NA,NA,NA,NA,NA,NA,NA,N,4,0,1,2,A,-,03,22350,NA,N,C,C,A,A,H,-,A,A,0,NA,NA,NA,NA,Y,NA,D,22,0,0,1,0,0,0,0,0,0,-,-,NA,NA,LOS ANGELES,DOWNEY,-118.15183074,33.92397537
6697929,2014,2014-12-09,1920,2014-10-09,1008,11992,NA,4,5,6,1920,0,0,0,NA,0,003,FLORENCE AV,HORLEY AV,60,E,N,A,-,N,NA,NA,NA,NA,NA,NA,NA,NA,NA,Y,4,0,1,2,A,-,03,22350,NA,N,C,C,A,A,H,-,A,A,0,NA,NA,NA,NA,Y,NA,A,08,0,0,1,0,0,0,0,0,0,-,-,NA,NA,LOS ANGELES,DOWNEY,-118.1359907,33.95632535
6697933,2014,2014-12-09,1920,2014-10-08,1628,12035,NA,3,5,6,1920,0,0,0,NA,0,NA,BROOKSHIRE AV,BOYSON ST,155,S,N,A,-,N,NA,NA,NA,NA,NA,NA,NA,NA,NA,N,4,0,1,2,A,-,08,22107,NA,N,C,C,A,A,H,-,A,D,0,NA,NA,NA,NA,Y,NA,D,22,0,0,1,0,0,0,0,0,0,-,-,NA,NA,LOS ANGELES,DOWNEY,-118.13956859,33.92499402
6697937,2014,2014-12-09,1920,2014-10-10,1255,11992,NA,5,5,6,1920,0,0,0,NA,0,006,BENEDICT AV,EVEREST ST,250,S,N,A,-,N,NA,NA,NA,NA,NA,NA,NA,NA,NA,N,4,0,1,4,A,-,08,22107,NA,N,B,C,A,A,H,-,A,D,0,NA,NA,NA,Y,Y,NA,F,27,0,0,1,0,0,0,0,0,0,-,-,NA,NA,LOS ANGELES,DOWNEY,-118.1188589,33.91882451
6697940,2014,2014-12-05,9565,2014-10-07,1935,20752,NA,2,2,6,1933,0,1,1,NA,2,060,RT 405,CENTURY BL,600,N,N,A,-,Y,NA,NA,405,NA,NA,NA,NA,NA,NA,N,4,0,1,2,A,-,08,22107,NA,N,D,C,A,A,H,-,D,D,0,NA,NA,Y,NA,Y,NA,D,22,0,0,1,0,0,0,0,0,1,-,-,33.94765,-118.36876,LOS ANGELES,INGLEWOOD,-118.36848942,33.94765183
6697941,2014,2014-12-09,1920,2014-10-11,1948,12323,NA,6,5,6,1920,0,0,0,NA,0,005,DOWNEY AV,FIRESTONE BL,10,N,N,A,-,N,NA,NA,NA,NA,NA,NA,NA,NA,NA,N,4,0,2,2,A,-,03,22350,NA,N,C,C,A,A,H,-,C,A,0,NA,NA,NA,NA,Y,NA,D,22,0,0,2,0,0,0,0,0,0,-,-,NA,NA,LOS ANGELES,DOWNEY,-118.1331621,33.94009301
6697945,2014,2014-11-21,1920,2014-09-27,0209,11859,1920,6,5,6,1920,0,0,0,NA,0,002,RIVES AV,ARNETT ST,0,NA,Y,A,-,N,NA,NA,NA,NA,NA,NA,NA,NA,NA,Y,3,0,3,2,A,-,03,22350,NA,N,D,C,A,A,H,-,C,D,0,NA,NA,NA,NA,Y,Y,A,01,0,2,1,0,0,0,0,0,0,-,-,NA,NA,LOS ANGELES,DOWNEY,-118.14444008,33.94189007
6697948,2014,2014-12-05,9565,2014-10-07,1515,13744,NA,2,2,7,1942,1,2,4,NA,2,023,WESTERN AV,82ND ST,94,S,N,A,-,N,NA,NA,NA,NA,NA,NA,NA,NA,NA,N,4,0,1,2,C,-,18,NA,NA,N,B,E,A,A,H,-,A,D,0,NA,NA,NA,NA,Y,NA,-,-,0,0,1,0,0,0,0,0,0,-,-,33.96428,-118.30902,LOS ANGELES,LOS ANGELES,-118.30901,33.964303
6697949,2014,2014-12-09,1920,2014-10-11,1810,12323,NA,6,5,6,1920,0,0,0,NA,0,001,LAKEWOOD BL,DONOVAN ST,33,N,N,A,-,N,NA,NA,NA,NA,NA,NA,NA,NA,NA,Y,3,0,6,2,A,-,12,21453,A,N,D,C,A,A,H,-,B,A,0,NA,NA,NA,NA,Y,NA,A,01,0,2,4,0,0,0,0,0,0,-,-,NA,NA,LOS ANGELES,DOWNEY,-118.13532261,33.92054681
6697953,2014,2014-11-21,1920,2014-09-24,2138,12035,NA,3,5,6,1920,0,0,0,NA,0,003,FIRESTONE BL,PARAMOUNT BL,40,W,N,A,-,N,NA,NA,NA,NA,NA,NA,NA,NA,NA,Y,4,0,1,3,A,-,03,22350,NA,M,D,-,A,A,H,-,C,A,0,NA,NA,NA,NA,Y,NA,D,22,0,0,1,0,0,0,0,0,0,-,-,NA,NA,LOS ANGELES,DOWNEY,-118.13808068,33.94278935