CASE_ID,ACCIDENT_YEAR,PROC_DATE,JURIS,COLLISION_DATE,COLLISION_TIME,OFFICER_ID,REPORTING_DISTRICT,DAY_OF_WEEK,CHP_SHIFT,POPULATION,CNTY_CITY_LOC,SPECIAL_COND,BEAT_TYPE,CHP_BEAT_TYPE,CITY_DIVISION_LAPD,CHP_BEAT_CLASS,BEAT_NUMBER,PRIMARY_RD,SECONDARY_RD,DISTANCE,DIRECTION,INTERSECTION,WEATHER_1,WEATHER_2,STATE_HWY_IND,CALTRANS_COUNTY,CALTRANS_DISTRICT,STATE_ROUTE,ROUTE_SUFFIX,POSTMILE_PREFIX,POSTMILE,LOCATION_TYPE,RAMP_INTERSECTION,SIDE_OF_HWY,TOW_AWAY,COLLISION_SEVERITY,NUMBER_KILLED,NUMBER_INJURED,PARTY_COUNT,PRIMARY_COLL_FACTOR,PCF_CODE_OF_VIOL,PCF_VIOL_CATEGORY,PCF_VIOLATION,PCF_VIOL_SUBSECTION,HIT_AND_RUN,TYPE_OF_COLLISION,MVIW,PED_ACTION,ROAD_SURFACE,ROAD_COND_1,ROAD_COND_2,LIGHTING,CONTROL_DEVICE,CHP_ROAD_TYPE,PEDESTRIAN_ACCIDENT,BICYCLE_ACCIDENT,MOTORCYCLE_ACCIDENT,TRUCK_ACCIDENT,NOT_PRIVATE_PROPERTY,ALCOHOL_INVOLVED,STWD_VEHTYPE_AT_FAULT,CHP_VEHTYPE_AT_FAULT,COUNT_SEVERE_INJ,COUNT_VISIBLE_INJ,COUNT_COMPLAINT_PAIN,COUNT_PED_KILLED,COUNT_PED_INJURED,COUNT_BICYCLIST_KILLED,COUNT_BICYCLIST_INJURED,COUNT_MC_KILLED,COUNT_MC_INJURED,PRIMARY_RAMP,SECONDARY_RAMP,LATITUDE,LONGITUDE,COUNTY,CITY,POINT_X,POINT_Y
6699301,2014,2014-12-30,1942,2014-10-25,0725,32896,2015,6,5,7,1942,0,0,0,NA,0,14T47,BERENDO ST,COUNCIL ST,150,S,N,A,-,N,NA,NA,NA,NA,NA,NA,NA,NA,NA,N,4,0,1,2,A,-,09,21804,A,N,D,C,A,A,H,-,A,D,0,NA,NA,NA,NA,Y,NA,A,01,0,0,1,0,0,0,0,0,0,-,-,NA,NA,LOS ANGELES,LOS ANGELES,-118.29417535,34.07407864
6699302,2014,2014-11-21,1942,2014-10-23,2030,33191,645,4,5,7,1942,0,0,0,NA,0,20T59,LA BREA AV,FOUNTAIN AV,0,NA,Y,A,-,N,NA,NA,NA,NA,NA,NA,NA,NA,NA,Y,4,0,2,2,A,-,09,21801,A,N,D,C,A,A,H,-,C,A,0,NA,NA,NA,NA,Y,NA,A,01,0,0,2,0,0,0,0,0,0,-,-,NA,NA,LOS ANGELES,LOS ANGELES,-118.34410005,34.09437004
6699303,2014,2014-11-18,1942,2014-10-16,1655,40157,0735,4,5,7,1942,0,0,0,G,0,8T26,WILSHIRE BL,LA BREA AV,45,E,N,A,-,N,NA,NA,NA,NA,NA,NA,NA,NA,NA,Y,4,0,3,2,A,-,03,22350,NA,N,C,C,A,A,H,-,A,D,0,NA,NA,NA,NA,Y,NA,A,01,0,0,3,0,0,0,0,0,0,-,-,NA,NA,LOS ANGELES,LOS ANGELES,-118.3439017,34.06219
6699304,2014,2014-11-18,1942,2014-10-11,0010,37005,774,6,5,7,1942,0,0,0,NA,0,7A22,LA BREA,VENICE,105,S,N,A,-,N,NA,NA,NA,NA,NA,NA,NA,NA,NA,N,4,0,2,2,A,-,09,21804,A,N,D,C,A,A,H,-,C,D,0,NA,NA,NA,NA,Y,NA,A,01,0,0,2,0,0,0,0,0,0,-,-,NA,NA,LOS ANGELES,LOS ANGELES,-118.34553989,34.04559429
6699305,2014,2014-11-21,1942,2014-10-25,1250,34959,2088,6,5,7,1942,0,0,0,NA,0,20T56,VENICE BL,WESTMORELAND AV,0,NA,Y,A,-,N,NA,NA,NA,NA,NA,NA,NA,NA,NA,Y,3,0,2,3,A,-,12,21453,A,N,D,C,A,A,H,-,A,A,0,NA,NA,NA,NA,Y,NA,A,01,0,1,1,0,0,0,0,0,0,-,-,NA,NA,LOS ANGELES,LOS ANGELES,-118.28924002,34.04426004
6699306,2014,2014-11-21,1942,2014-10-21,1220,40157,0615,2,5,7,1942,0,0,0,F,0,8T26,MULHOLLAND DR,SUNNYCOVE,375,E,N,A,-,N,NA,NA,NA,NA,NA,NA,NA,NA,NA,Y,3,0,1,1,A,-,03,22350,NA,N,H,D,A,A,H,-,A,D,0,NA,NA,Y,NA,Y,NA,C,02,0,1,0,0,0,0,0,0,1,-,-,NA,NA,LOS ANGELES,LOS ANGELES,-118.342119,34.120281
6699307,2014,2014-11-18,1942,2014-10-17,1310,35945,0766,5,5,7,1942,0,0,0,G,0,8T35,PICO BL,VICTORIA AV,0,NA,Y,A,-,N,NA,NA,NA,NA,NA,NA,NA,NA,NA,Y,4,0,1,2,A,-,09,21801,A,N,D,C,A,A,H,-,A,D,0,NA,NA,NA,NA,Y,NA,A,01,0,0,1,0,0,0,0,0,0,-,-,NA,NA,LOS ANGELES,LOS ANGELES,-118.32806012,34.0479501
6699308,2014,2014-11-26,1942,2014-10-15,0210,40460,0785,3,5,7,1942,0,0,0,G,0,14T47,BUCKINGHAM RD,WASHINGTON BL,440,S,N,A,-,N,NA,NA,NA,NA,NA,NA,NA,NA,NA,Y,3,0,1,4,A,-,03,22350,NA,N,C,E,A,A,H,-,C,D,0,NA,NA,NA,NA,Y,NA,A,01,0,1,0,0,0,0,0,0,0,-,-,NA,NA,LOS ANGELES,LOS ANGELES,-118.33705551,34.03871
6699309,2014,2014-11-21,1942,2014-10-14,1015,38282,2081,2,5,7,1942,0,0,0,NA,0,8T35,ARLINGTON AV,16TH PL,25,S,N,A,-,N,NA,NA,NA,NA,NA,NA,NA,NA,NA,N,4,0,1,2,A,-,09,21804,A,N,D,C,A,A,H,-,A,D,0,NA,NA,NA,NA,Y,NA,A,01,0,0,1,0,0,0,0,0,0,-,-,NA,NA,LOS ANGELES,LOS ANGELES,-118.31773,34.04260143
6699310,2014,2014-11-21,1942,2014-10-23,2215,37613,0676,4,5,7,1942,0,0,0,F,0,20T59,MELROSE AV,GOWER ST,0,NA,Y,A,-,N,NA,NA,NA,NA,NA,NA,NA,NA,NA,N,3,0,1,2,A,-,09,21801,A,N,H,G,A,A,H,-,C,D,0,NA,Y,NA,NA,Y,NA,A,01,0,1,0,0,0,0,1,0,0,-,-,NA,NA,LOS ANGELES,LOS ANGELES,-118.32272001,34.08349004
6699311,2014,2014-11-18,1942,2014-10-19,1415,38013,782,7,5,7,1942,0,0,0,NA,0,8T26,LA CIENEGA BL,SAWYER ST,370,S,N,A,-,N,NA,NA,NA,NA,NA,NA,NA,NA,NA,N,3,0,1,2,A,-,03,22350,NA,N,C,C,A,A,H,-,A,B,0,NA,NA,Y,NA,Y,NA,C,02,0,1,0,0,0,0,0,0,1,-,-,NA,NA,LOS ANGELES,LOS ANGELES,-118.37666332,34.04155672
6699312,2014,2014-11-18,1942,2014-10-07,0705,32896,0732,2,5,7,1942,0,0,0,G,0,14T47,WILSHIRE BL,LA JOLLA AV,300,E,N,A,-,N,NA,NA,NA,NA,NA,NA,NA,NA,NA,Y,4,0,2,2,A,-,07,21658,A,N,B,C,A,A,H,-,A,A,0,NA,NA,NA,NA,Y,NA,A,01,0,0,2,0,0,0,0,0,0,-,-,NA,NA,LOS ANGELES,LOS ANGELES,-118.36732024,34.06362989
6699313,2014,2014-11-21,1942,2014-10-05,1700,R2138,2002,7,5,7,1942,0,0,0,NA,0,14T52W,SAINT ANDREWS PL,CLINTON ST,0,NA,Y,A,-,N,NA,NA,NA,NA,NA,NA,NA,NA,NA,N,4,0,1,2,A,-,12,22450,NA,N,H,G,A,A,H,-,A,A,0,NA,Y,NA,NA,Y,NA,L,04,0,0,1,0,0,0,1,0,0,-,-,NA,NA,LOS ANGELES,LOS ANGELES,-118.31119001,34.08165
6699314,2014,2014-11-21,1942,2014-10-22,2227,37575,NA,3,5,7,1942,0,0,0,NA,0,14T47,FRANKLIN AV,LAS PALMAS,310,E,N,A,-,N,NA,NA,NA,NA,NA,NA,NA,NA,NA,N,3,0,1,2,A,-,11,21954,A,N,G,C,D,A,H,-,C,D,0,Y,NA,NA,NA,Y,NA,N,60,0,1,0,0,1,0,0,0,0,-,-,NA,NA,LOS ANGELES,LOS ANGELES,-118.33536841,34.10518
6699315,2014,2014-11-18,1942,2014-10-07,0900,36406,0722,2,5,7,1942,0,0,0,G,0,7MQ56,3RD,BEVERLY CONNECTION WY,150,W,N,A,-,N,NA,NA,NA,NA,NA,NA,NA,NA,NA,Y,4,0,3,3,A,-,-,NA,NA,N,B,E,A,A,H,-,A,D,0,NA,NA,NA,NA,Y,NA,A,01,0,0,3,0,0,0,0,0,0,-,-,NA,NA,LOS ANGELES,LOS ANGELES,-118.156247,34.033351
6699316,2014,2014-11-18,1942,2014-10-13,1950,24475,0782,1,5,7,1942,0,0,0,G,0,6TL7,LA CIENEGA BL,18TH ST,118,S,N,A,-,N,NA,NA,NA,NA,NA,NA,NA,NA,NA,N,3,0,1,2,A,-,11,21954,A,N,G,B,D,A,H,-,C,D,0,Y,NA,NA,NA,Y,NA,N,60,0,1,0,0,1,0,0,0,0,-,-,NA,NA,LOS ANGELES,LOS ANGELES,-118.37681353,34.04418763
6699317,2014,2014-11-21,1942,2014-10-18,1045,41089,2011,6,5,7,1942,0,0,0,NA,0,6T7,BEVERLY BL,VAN NESS AV,0,NA,Y,A,-,N,NA,NA,NA,NA,NA,NA,NA,NA,NA,Y,4,0,2,2,A,-,09,21801,A,N,A,C,A,A,H,-,A,D,0,NA,NA,NA,NA,Y,NA,A,01,0,0,2,0,0,0,0,0,0,-,-,NA,NA,LOS ANGELES,LOS ANGELES,-118.3157001,34.0762301
6699318,2014,2014-11-21,1942,2014-10-08,1915,24475,0628,3,5,7,1942,0,0,0,F,0,6T7,FRANKLIN AV,BRONSON AV,10,E,N,A,-,N,NA,NA,NA,NA,NA,NA,NA,NA,NA,N,4,0,1,2,A,-,10,21950,A,N,G,B,B,A,H,-,C,A,0,Y,NA,NA,NA,Y,NA,A,01,0,0,1,0,1,0,0,0,0,-,-,NA,NA,LOS ANGELES,LOS ANGELES,-118.31794703,34.10525
6699319,2014,2014-11-18,1942,2014-10-20,1405,32896,0762,1,5,7,1942,0,0,0,G,0,14T47,LA CIENEGA BL,ALCOTT ST,70,S,N,A,-,N,NA,NA,NA,NA,NA,NA,NA,NA,NA,N,4,0,2,2,A,-,21,22106,NA,N,D,C,A,A,H,-,A,A,0,NA,NA,NA,NA,Y,NA,A,01,0,0,2,0,0,0,0,0,0,-,-,NA,NA,LOS ANGELES,LOS ANGELES,-118.37616,34.05219801
6699320,2014,2014-11-18,1942,2014-10-16,1615,37966,0752,4,5,7,1942,0,0,0,G,0,6TL4,OLYMPIC BL,LA JOLLA AV,0,NA,Y,A,-,N,NA,NA,NA,NA,NA,NA,NA,NA,NA,Y,4,0,2,2,A,-,09,21801,A,N,D,C,A,A,H,-,A,A,0,NA,NA,NA,NA,Y,NA,A,07,0,0,2,0,0,0,0,0,0,-,-,NA,NA,LOS ANGELES,LOS ANGELES,-118.37179008,34.0591001
6699321,2014,2014-11-21,1942,2014-10-12,1605,37438,2069,7,5,7,1942,0,0,0,NA,0,20T56,ELDEN AV,12TH ST,119,N,N,A,-,N,NA,NA,NA,NA,NA,NA,NA,NA,NA,N,4,0,1,3,A,-,03,22350,NA,N,B,E,A,A,H,-,A,D,0,NA,NA,NA,NA,Y,NA,A,01,0,0,1,0,0,0,0,0,0,-,-,NA,NA,LOS ANGELES,LOS ANGELES,-118.28772297,34.04944635
6699322,2014,2014-11-21,1942,2014-10-27,1505,34959,0656,1,5,7,1942,0,0,0,F,0,20T56,VINE ST,SANTA MONICA BL,0,NA,Y,A,-,N,NA,NA,NA,NA,NA,NA,NA,NA,NA,Y,4,0,1,2,A,-,12,21453,A,N,D,C,A,A,H,-,A,A,0,NA,NA,NA,NA,Y,NA,A,01,0,0,1,0,0,0,0,0,0,-,-,NA,NA,LOS ANGELES,LOS ANGELES,-118.32661005,34.09074003
6699323,2014,2014-11-18,1942,2014-10-15,1830,31255,0788,3,5,7,1942,0,0,0,G,0,7TL72,10TH AV,22ND PL,150,N,N,A,-,N,NA,NA,NA,NA,NA,NA,NA,NA,NA,N,3,0,1,2,A,-,-,NA,NA,N,D,C,A,A,H,-,A,D,0,NA,NA,Y,NA,Y,NA,O,05,0,1,0,0,0,0,0,0,1,-,-,NA,NA,LOS ANGELES,LOS ANGELES,-118.32804795,34.03696906
6699324,2014,2014-11-18,1942,2014-10-16,1630,40164,752,4,5,7,1942,0,0,0,NA,0,20T56,OLYMPIC BL,LA CIENEGA BL,0,NA,Y,A,-,N,NA,NA,NA,NA,NA,NA,NA,NA,NA,N,4,0,2,2,A,-,09,21801,A,N,D,C,A,A,H,-,A,A,0,NA,NA,NA,NA,Y,NA,A,01,0,0,2,0,0,0,0,0,0,-,-,NA,NA,LOS ANGELES,LOS ANGELES,-118.37620007,34.05944008
6699325,2014,2014-11-21,1942,2014-10-14,0640,36027,2024,2,5,7,1942,0,0,0,NA,0,20TL59,6TH ST,HOBART BL,0,NA,Y,A,-,N,NA,NA,NA,NA,NA,NA,NA,NA,NA,Y,3,0,3,2,A,-,12,21453,A,N,D,C,A,A,H,-,A,A,0,NA,NA,NA,NA,Y,NA,A,01,0,1,2,0,0,0,0,0,0,-,-,NA,NA,LOS ANGELES,LOS ANGELES,-118.30535004,34.06355
6699326,2014,2014-11-21,1942,2014-10-14,1200,39546,0659,2,5,7,1942,0,0,0,F,0,20TL56,SUNSET BL,SERRANO AV,0,NA,Y,A,-,N,NA,NA,NA,NA,NA,NA,NA,NA,NA,Y,3,0,1,2,A,-,12,21453,A,N,D,C,A,A,H,-,A,A,0,NA,NA,NA,NA,Y,NA,A,01,0,1,0,0,0,0,0,0,0,-,-,NA,NA,LOS ANGELES,LOS ANGELES,-118.30708003,34.09813009
6699327,2014,2014-11-18,1942,2014-10-21,1030,34959,0738,2,5,7,1942,0,0,0,G,0,20T56,6TH ST,HIGHLAND AV,0,NA,Y,A,-,N,NA,NA,NA,NA,NA,NA,NA,NA,NA,Y,3,0,3,2,A,-,09,21801,A,N,D,C,A,A,H,-,A,D,0,NA,NA,NA,NA,Y,NA,A,01,0,1,2,0,0,0,0,0,0,-,-,NA,NA,LOS ANGELES,LOS ANGELES,-118.33863004,34.06491011
6699328,2014,2014-12-30,1942,2014-10-15,1020,31387,721,3,5,7,1942,0,0,0,NA,0,6T7,DOHENY DR,3RD ST,0,NA,Y,A,-,N,NA,NA,NA,NA,NA,NA,NA,NA,NA,Y,3,0,1,4,A,-,12,21453,A,N,D,C,A,A,H,-,A,A,0,NA,NA,NA,NA,Y,NA,A,01,0,1,0,0,0,0,0,0,0,-,-,NA,NA,LOS ANGELES,LOS ANGELES,-118.38972005,34.07363011
6699329,2014,2014-11-21,1942,2014-10-11,1930,36553,2045,6,5,7,1942,0,0,0,NA,0,14T52,NORMANDIE AV,3RD ST,100,S,N,A,-,N,NA,NA,NA,NA,NA,NA,NA,NA,NA,N,4,0,1,2,A,-,03,22350,NA,N,C,C,A,A,H,-,C,D,0,NA,NA,NA,NA,Y,NA,A,07,0,0,1,0,0,0,0,0,0,-,-,NA,NA,LOS ANGELES,LOS ANGELES,-118.30036,34.06873574
6699330,2014,2014-11-21,1942,2014-10-07,1420,37966,0667,2,5,7,1942,0,0,0,F,0,8T28,GORDON ST,SANTA MONICA,280,N,N,A,-,N,NA,NA,NA,NA,NA,NA,NA,NA,NA,N,3,0,1,2,A,-,11,21954,A,N,G,B,D,A,H,-,A,D,0,Y,NA,NA,NA,Y,NA,N,60,0,1,0,0,1,0,0,0,0,-,-,NA,NA,LOS ANGELES,LOS ANGELES,-118.32009,34.09151793
6699331,2014,2014-11-18,1942,2014-10-26,1245,34959,0763,7,5,7,1942,0,0,0,G,0,34EL2,ELLSMERE AV,PICO BL,0,NA,Y,A,-,N,NA,NA,NA,NA,NA,NA,NA,NA,NA,N,3,0,1,2,A,-,09,21804,A,N,H,G,A,A,H,-,A,A,0,NA,Y,NA,NA,Y,NA,L,04,0,1,0,0,0,0,1,0,0,-,-,NA,NA,LOS ANGELES,LOS ANGELES,-118.36043003,34.04996003
6699332,2014,2014-11-18,1942,2014-10-12,1340,37438,0743,7,5,7,1942,0,0,0,G,0,20T56,OLYMPIC BL,HAUSER BL,0,NA,Y,A,-,N,NA,NA,NA,NA,NA,NA,NA,NA,NA,Y,3,0,2,2,A,-,09,21801,A,N,A,C,A,A,H,-,A,D,0,NA,NA,NA,NA,Y,NA,A,01,0,1,1,0,0,0,0,0,0,-,-,NA,NA,LOS ANGELES,LOS ANGELES,-118.35356005,34.05741003
6699333,2014,2014-11-21,1942,2014-10-08,0840,38282,2021,3,5,7,1942,0,0,0,NA,0,20T55,6TH ST,VAN NESS,38,E,N,A,-,N,NA,NA,NA,NA,NA,NA,NA,NA,NA,N,4,0,1,2,A,-,04,21703,NA,N,C,C,A,A,H,-,A,D,0,NA,NA,NA,NA,Y,NA,A,08,0,0,1,0,0,0,0,0,0,-,-,NA,NA,LOS ANGELES,LOS ANGELES,-118.31532594,34.06314582
6699334,2014,2014-11-21,1942,2014-10-16,1415,31255,0666,4,5,7,1942,0,0,0,F,0,7TL72,HOMEWOOD AV,WILCOX AV,0,NA,Y,A,-,N,NA,NA,NA,NA,NA,NA,NA,NA,NA,N,4,0,1,2,A,-,09,21802,A,N,D,C,A,A,H,-,A,A,0,NA,NA,NA,NA,Y,NA,A,01,0,0,1,0,0,0,0,0,0,-,-,NA,NA,LOS ANGELES,LOS ANGELES,-118.33099007,34.09523001
6699335,2014,2014-11-18,1942,2014-10-02,1555,39854,2029,4,5,7,1942,0,0,0,NA,0,20A39,6TH ST,VIRGIL AV,0,NA,Y,A,-,N,NA,NA,NA,NA,NA,NA,NA,NA,NA,N,3,0,1,2,A,-,05,21650,1,N,G,G,A,A,-,-,A,A,0,NA,Y,NA,NA,Y,NA,L,04,0,1,0,0,0,0,1,0,0,-,-,NA,NA,LOS ANGELES,LOS ANGELES,-118.28705,34.06373005
6699336,2014,2014-11-18,1942,2014-10-10,1040,31387,782,5,5,7,1942,0,0,0,NA,0,6T7,VENICE BL,THURMAN AV,0,NA,Y,A,-,N,NA,NA,NA,NA,NA,NA,NA,NA,NA,Y,4,0,1,2,A,-,09,21801,A,N,D,C,A,A,H,-,A,A,0,NA,NA,NA,NA,Y,NA,A,07,0,0,1,0,0,0,0,0,0,-,-,NA,NA,LOS ANGELES,LOS ANGELES,-118.36476002,34.04254006
6699337,2014,2014-11-21,1942,2014-10-10,2030,37511,2011,5,5,7,1942,0,0,0,NA,0,7T23,WESTERN,BEVERLY,0,NA,Y,A,-,N,NA,NA,NA,NA,NA,NA,NA,NA,NA,Y,3,0,2,2,A,-,09,21801,A,N,A,C,A,A,H,-,C,A,0,NA,NA,NA,NA,Y,NA,A,07,0,1,1,0,0,0,0,0,0,-,-,NA,NA,LOS ANGELES,LOS ANGELES,-118.30915006,34.07626008
6699338,2014,2014-11-21,1942,2014-10-03,1750,36493,2074,5,5,7,1942,0,0,0,NA,0,20A74,NORMANDIE AV,15TH ST,4,S,N,A,-,N,NA,NA,NA,NA,NA,NA,NA,NA,NA,N,4,0,1,2,A,-,08,22107,NA,N,-,G,A,A,C,-,A,A,0,NA,Y,NA,NA,Y,NA,A,01,0,0,1,0,0,0,1,0,0,-,-,NA,NA,LOS ANGELES,LOS ANGELES,-118.30028,34.04544903
6699339,2014,2014-11-18,1942,2014-10-09,2210,39978,2049,4,5,7,1942,0,0,0,NA,0,20A33,JAMES M WOOD BL,VERMONT AV,3,E,N,A,-,N,NA,NA,NA,NA,NA,NA,NA,NA,NA,N,4,0,1,2,A,-,09,21804,A,N,D,G,A,A,H,-,C,A,0,NA,Y,NA,NA,Y,NA,L,04,0,0,1,0,0,0,1,0,0,-,-,NA,NA,LOS ANGELES,LOS ANGELES,-118.29163,34.05594
6699340,2014,2014-11-18,1942,2014-10-01,2000,39299,0701,3,5,7,1942,0,0,0,G,0,7TL23,WILLOUGHBY AV,LA CIENEGA BL,10,E,N,A,-,N,NA,NA,NA,NA,NA,NA,NA,NA,NA,N,4,0,1,2,A,-,21,22106,NA,N,G,B,D,A,H,-,C,D,0,Y,NA,NA,NA,Y,NA,A,07,0,0,1,0,1,0,0,0,0,-,-,NA,NA,LOS ANGELES,LOS ANGELES,-118.37641704,34.08700944
6699341,2014,2014-11-21,1942,2014-10-10,1940,25495,2029,5,5,7,1942,0,0,0,NA,0,7T23,COMMONWEALTH AV,3RD ST,3,N,N,A,-,N,NA,NA,NA,NA,NA,NA,NA,NA,NA,N,4,0,1,2,A,-,05,21650,1,N,E,G,A,A,H,-,C,D,0,NA,Y,NA,NA,Y,NA,L,04,0,0,1,0,0,0,1,0,0,-,-,NA,NA,LOS ANGELES,LOS ANGELES,-118.28571978,34.06896823
6699342,2014,2014-11-21,1942,2014-10-21,1540,34959,2019,2,5,7,1942,0,0,0,NA,0,20T56,VERMONT AV,2ND ST,201,N,N,A,-,N,NA,NA,NA,NA,NA,NA,NA,NA,NA,N,4,0,4,2,A,-,09,21801,A,N,D,C,A,A,H,-,A,D,0,NA,NA,NA,NA,Y,NA,A,01,0,0,4,0,0,0,0,0,0,-,-,NA,NA,LOS ANGELES,LOS ANGELES,-118.291667,34.070929
6699343,2014,2014-11-18,1942,2014-10-13,0105,40545,2099,1,5,7,1942,0,0,0,NA,0,2T15,20TH ST,ARAPAHOE ST,22,W,N,A,-,N,NA,NA,NA,NA,NA,NA,NA,NA,NA,Y,3,0,1,3,A,-,01,23152,A,N,B,E,A,A,H,-,C,D,0,NA,NA,NA,NA,Y,Y,A,01,0,1,0,0,0,0,0,0,0,-,-,NA,NA,LOS ANGELES,LOS ANGELES,-118.28490248,34.03818
6699344,2014,2014-11-18,1942,2014-10-06,1635,40315,0722,1,5,7,1942,0,0,0,G,0,8TL26,SWEETZER AV,1ST ST,14,E,N,A,-,N,NA,NA,NA,NA,NA,NA,NA,NA,NA,Y,4,0,1,2,A,-,12,22450,A,N,D,C,A,A,H,-,A,A,0,NA,NA,NA,NA,Y,NA,A,01,0,0,1,0,0,0,0,0,0,-,-,NA,NA,LOS ANGELES,LOS ANGELES,-118.37005,34.07431
6699345,2014,2014-11-21,1942,2014-10-15,1825,37966,2021,3,5,7,1942,0,0,0,NA,0,8TL26,6TH ST,PLYMOUTH BL,0,NA,Y,B,-,N,NA,NA,NA,NA,NA,NA,NA,NA,NA,N,4,0,1,2,A,-,09,21801,A,N,D,C,A,A,H,-,A,A,0,NA,NA,NA,NA,Y,NA,A,01,0,0,1,0,0,0,0,0,0,-,-,NA,NA,LOS ANGELES,LOS ANGELES,-118.32289009,34.06362002
6699346,2014,2014-11-21,1942,2014-10-07,0800,40382,2035,2,5,7,1942,0,0,0,NA,0,20A1,7TH ST,MARIPOSA AV,0,NA,Y,A,-,N,NA,NA,NA,NA,NA,NA,NA,NA,NA,N,4,0,1,2,A,-,10,21950,A,N,A,B,B,A,H,-,A,A,0,Y,NA,NA,NA,Y,NA,A,01,0,0,1,0,1,0,0,0,0,-,-,NA,NA,LOS ANGELES,LOS ANGELES,-118.29872005,34.05975009
6699347,2014,2014-11-18,1942,2014-10-21,1945,39978,2039,2,5,7,1942,0,0,0,NA,0,20A1,7TH ST,MAGNOLIA AV,20,E,N,A,-,N,NA,NA,NA,NA,NA,NA,NA,NA,NA,N,3,0,1,2,A,-,21,22106,NA,N,H,G,A,A,H,-,C,D,0,NA,Y,NA,NA,Y,NA,A,01,0,1,0,0,0,0,1,0,0,-,-,NA,NA,LOS ANGELES,LOS ANGELES,-118.2861541,34.05981
6699348,2014,2014-11-18,1942,2014-10-23,0750,36083,758,4,5,7,1942,0,0,0,NA,0,7T23,COUNTRY CLUB DR,VICTORIA AV,8,E,N,A,-,N,NA,NA,NA,NA,NA,NA,NA,NA,NA,N,3,0,1,2,A,-,05,21650,1,N,A,G,A,A,H,-,A,A,0,NA,Y,NA,NA,Y,NA,L,04,0,1,0,0,0,0,1,0,0,-,-,NA,NA,LOS ANGELES,LOS ANGELES,-118.32502567,34.05348155
6699349,2014,2014-11-21,1942,2014-10-10,2025,37473,2079,5,5,7,1942,0,0,0,NA,0,20A69,VERMONT AV,PICO BL,0,NA,Y,A,-,N,NA,NA,NA,NA,NA,NA,NA,NA,NA,NA,4,0,1,2,A,-,09,21801,A,N,H,G,A,A,H,-,C,A,0,NA,Y,NA,NA,Y,NA,A,01,0,0,1,0,0,0,1,0,0,-,-,NA,NA,LOS ANGELES,LOS ANGELES,-118.29160005,34.04726001
6699350,2014,2014-12-30,1942,2014-10-02,1520,37749,2027,4,5,7,1942,0,0,0,NA,0,20A16,NORMANDIE AV,6TH ST,200,N,N,A,-,N,NA,NA,NA,NA,NA,NA,NA,NA,NA,N,4,0,1,3,A,-,03,22350,NA,N,C,C,A,A,H,-,A,A,0,NA,NA,NA,NA,Y,NA,A,01,0,0,1,0,0,0,0,0,0,-,-,NA,NA,LOS ANGELES,LOS ANGELES,-118.30037,34.06414851
6699351,2014,2014-11-18,1942,2014-10-01,1210,37468,2014,3,5,7,1942,0,0,0,NA,0,20A16,HOBART BL,3RD ST,170,N,N,A,-,N,NA,NA,NA,NA,NA,NA,NA,NA,NA,N,4,0,1,2,A,-,-,NA,NA,N,D,C,A,A,H,-,A,D,0,NA,NA,NA,NA,Y,NA,A,01,0,0,1,0,0,0,0,0,0,-,-,NA,NA,LOS ANGELES,LOS ANGELES,-118.30548409,34.06945302
6699352,2014,2014-11-18,1942,2014-10-21,1205,38013,714,2,5,7,1942,0,0,0,NA,0,7T38,BEVERLY BL,MARTEL AV,120,W,N,A,-,N,NA,NA,NA,NA,NA,NA,NA,NA,NA,Y,4,0,1,3,A,-,03,22350,NA,N,C,C,A,A,H,-,A,D,0,NA,NA,NA,NA,Y,NA,A,01,0,0,1,0,0,0,0,0,0,-,-,NA,NA,LOS ANGELES,LOS ANGELES,-118.35152552,34.07615
6699353,2014,2014-11-21,1942,2014-10-31,0515,36083,2049,5,5,7,1942,0,0,0,NA,0,7T23,8TH ST,HOOVER ST,28,W,N,A,-,N,NA,NA,NA,NA,NA,NA,NA,NA,NA,Y,4,0,1,2,A,-,01,23152,A,N,C,C,A,A,H,-,C,D,0,NA,NA,NA,NA,Y,Y,A,01,0,0,1,0,0,0,0,0,0,-,-,NA,NA,LOS ANGELES,LOS ANGELES,-118.28430224,34.05771177
6699354,2014,2014-11-21,1942,2014-10-02,1130,37424,2083,4,5,7,1942,0,0,0,NA,0,20A45,VENICE BL,HOBART BL,0,NA,Y,A,-,N,NA,NA,NA,NA,NA,NA,NA,NA,NA,N,4,0,1,2,A,-,09,21802,A,N,B,C,A,A,H,-,A,D,0,NA,NA,NA,NA,Y,NA,A,01,0,0,1,0,0,0,0,0,0,-,-,NA,NA,LOS ANGELES,LOS ANGELES,-118.30529008,34.04361009
6699355,2014,2014-11-18,1942,2014-10-21,0815,39710,2053,2,5,7,1942,0,0,0,NA,0,20A39,OLYMPIC BL,OXFORD AV,0,NA,Y,A,-,N,NA,NA,NA,NA,NA,NA,NA,NA,NA,N,4,0,1,2,A,-,09,21801,A,N,D,C,A,A,H,-,A,A,0,NA,NA,NA,NA,Y,NA,A,01,0,0,1,0,0,0,0,0,0,-,-,NA,NA,LOS ANGELES,LOS ANGELES,-118.30742003,34.05266004
6699356,2014,2014-11-18,1942,2014-10-07,1520,40452,0711,2,5,7,1942,0,0,0,G,0,3T38,BEVERLY BL,CRESCENT HEIGHTS,0,NA,Y,A,-,N,NA,NA,NA,NA,NA,NA,NA,NA,NA,Y,3,0,2,2,A,-,09,21801,A,N,D,C,A,A,H,-,A,A,0,NA,NA,NA,NA,Y,NA,A,01,0,1,1,0,0,0,0,0,0,-,-,NA,NA,LOS ANGELES,LOS ANGELES,-118.36587005,34.07609008