CASE_ID,ACCIDENT_YEAR,PROC_DATE,JURIS,COLLISION_DATE,COLLISION_TIME,OFFICER_ID,REPORTING_DISTRICT,DAY_OF_WEEK,CHP_SHIFT,POPULATION,CNTY_CITY_LOC,SPECIAL_COND,BEAT_TYPE,CHP_BEAT_TYPE,CITY_DIVISION_LAPD,CHP_BEAT_CLASS,BEAT_NUMBER,PRIMARY_RD,SECONDARY_RD,DISTANCE,DIRECTION,INTERSECTION,WEATHER_1,WEATHER_2,STATE_HWY_IND,CALTRANS_COUNTY,CALTRANS_DISTRICT,STATE_ROUTE,ROUTE_SUFFIX,POSTMILE_PREFIX,POSTMILE,LOCATION_TYPE,RAMP_INTERSECTION,SIDE_OF_HWY,TOW_AWAY,COLLISION_SEVERITY,NUMBER_KILLED,NUMBER_INJURED,PARTY_COUNT,PRIMARY_COLL_FACTOR,PCF_CODE_OF_VIOL,PCF_VIOL_CATEGORY,PCF_VIOLATION,PCF_VIOL_SUBSECTION,HIT_AND_RUN,TYPE_OF_COLLISION,MVIW,PED_ACTION,ROAD_SURFACE,ROAD_COND_1,ROAD_COND_2,LIGHTING,CONTROL_DEVICE,CHP_ROAD_TYPE,PEDESTRIAN_ACCIDENT,BICYCLE_ACCIDENT,MOTORCYCLE_ACCIDENT,TRUCK_ACCIDENT,NOT_PRIVATE_PROPERTY,ALCOHOL_INVOLVED,STWD_VEHTYPE_AT_FAULT,CHP_VEHTYPE_AT_FAULT,COUNT_SEVERE_INJ,COUNT_VISIBLE_INJ,COUNT_COMPLAINT_PAIN,COUNT_PED_KILLED,COUNT_PED_INJURED,COUNT_BICYCLIST_KILLED,COUNT_BICYCLIST_INJURED,COUNT_MC_KILLED,COUNT_MC_INJURED,PRIMARY_RAMP,SECONDARY_RAMP,LATITUDE,LONGITUDE,COUNTY,CITY,POINT_X,POINT_Y
6703905,2014,2015-01-05,1955,2014-10-04,0848,40000,67,6,5,6,1955,0,0,0,NA,0,001,TEMPLE AV,UNIVERSITY DR,35,S,N,A,-,N,NA,NA,NA,NA,NA,NA,NA,NA,NA,Y,3,0,3,2,A,-,03,22350,NA,N,C,C,A,A,H,-,A,A,0,NA,NA,NA,NA,Y,NA,A,01,0,1,2,0,0,0,0,0,0,-,-,NA,NA,LOS ANGELES,POMONA,-117.82067,34.05056
6703918,2014,2015-01-05,1955,2014-10-19,1845,41897,0088,7,5,6,1955,0,0,0,NA,0,004,S TOWNE AV,MARKET ST,0,NA,Y,A,-,N,NA,NA,NA,NA,NA,NA,NA,NA,NA,Y,2,0,2,2,A,-,09,21801,A,N,A,C,A,A,H,-,C,A,0,NA,NA,NA,NA,Y,NA,A,01,1,1,0,0,0,0,0,0,0,-,-,NA,NA,LOS ANGELES,POMONA,-117.74028007,34.02385004
6704030,2014,2015-06-08,1955,2014-10-03,2130,41235,36,5,5,6,1955,0,0,0,NA,0,002,WHITE AV,VAL VISTA ST,336,N,N,A,-,N,NA,NA,NA,NA,NA,NA,NA,NA,NA,N,3,0,1,1,A,-,01,23152,A,N,B,I,A,A,H,-,C,A,0,NA,NA,NA,NA,Y,Y,A,01,0,1,0,0,0,0,0,0,0,-,-,NA,NA,LOS ANGELES,POMONA,-117.75935532,34.07379601
6704081,2014,2015-03-20,1942,2014-05-27,1515,39302,1826,2,5,7,1942,0,0,0,R,0,18649,92ND ST,COMPTON,35,E,N,A,-,N,NA,NA,NA,NA,NA,NA,NA,NA,NA,N,2,0,1,2,C,-,18,NA,NA,M,B,C,A,A,H,-,A,D,0,NA,NA,NA,NA,Y,NA,-,-,1,0,0,0,0,0,0,0,0,-,-,NA,NA,LOS ANGELES,LOS ANGELES,-118.24739482,33.95334
6704084,2014,2015-01-06,1906,2014-10-24,1726,4401,1906,5,5,5,1906,0,0,0,NA,0,003,RAMONA BL,ELECTRIC POLE 2003088E,27,E,N,A,-,N,NA,NA,NA,NA,NA,NA,NA,NA,NA,N,4,0,1,2,A,-,05,21202,A,N,B,G,A,A,H,-,A,D,0,NA,Y,NA,NA,Y,NA,L,04,0,0,1,0,0,0,1,0,0,-,-,NA,NA,LOS ANGELES,BALDWIN PARK,NA,NA
6704087,2014,2015-01-06,1900,2014-10-02,1559,526056,2117,4,5,5,1943,0,0,0,NA,0,212T2,LONG BEACH BL,MAGNOLIA AV,87,N,N,A,-,N,NA,NA,NA,NA,NA,NA,NA,NA,NA,Y,3,0,1,2,A,-,08,22102,NA,M,D,C,A,A,H,-,A,A,0,NA,NA,NA,NA,Y,NA,D,22,0,1,0,0,0,0,0,0,0,-,-,NA,NA,LOS ANGELES,LYNWOOD,-118.20943438,33.91712828
6704092,2014,2016-06-18,1976,2014-10-29,1823,375,NA,3,5,5,1976,0,0,0,NA,0,NA,WHITTIER BL,VALLEY HOME AV,0,NA,Y,A,-,Y,ORA,12,72,-,-,11.917,I,5,S,Y,3,0,1,2,A,-,12,21453,A,N,D,C,A,A,H,-,B,A,0,NA,NA,NA,NA,Y,NA,A,08,0,1,0,0,0,0,0,0,0,-,-,NA,NA,LOS ANGELES,WHITTIER,-117.97652613,33.93992286
6704096,2014,2015-01-07,1909,2014-11-11,1920,560,1909,2,5,4,1909,0,0,0,NA,0,SOUTH,GARFIELD AV,QUINN ST,12,S,N,A,-,N,NA,NA,NA,NA,NA,NA,NA,NA,NA,N,2,0,2,3,A,-,10,21950,A,N,G,B,B,A,H,-,C,A,0,Y,NA,NA,NA,Y,NA,D,22,1,1,0,0,2,0,0,0,0,-,-,NA,NA,LOS ANGELES,BELL GARDENS,-118.15781771,33.95869655
6704140,2014,2015-01-06,1906,2014-10-31,1143,4401,1906,5,5,5,1906,0,0,0,NA,0,003,PACIFIC AV,VINELAND AV,0,NA,Y,A,-,N,NA,NA,NA,NA,NA,NA,NA,NA,NA,Y,3,0,1,2,A,-,12,21453,A,N,D,C,A,A,H,-,A,A,0,NA,NA,NA,NA,Y,NA,A,01,0,1,0,0,0,0,0,0,0,-,-,NA,NA,LOS ANGELES,BALDWIN PARK,-117.95711007,34.08276004
6704181,2014,2015-01-07,1942,2014-11-12,0835,38444,1253,3,5,7,1942,0,0,0,L,0,12T41,WESTERN AV,FLORENCE,70,N,N,B,-,N,NA,NA,NA,NA,NA,NA,NA,NA,NA,Y,4,0,1,2,A,-,21,22106,NA,F,C,C,A,A,H,-,A,D,0,NA,NA,NA,NA,Y,NA,D,22,0,0,1,0,0,0,0,0,0,-,-,NA,NA,LOS ANGELES,LOS ANGELES,-118.30898,33.97476198
6704189,2014,2015-01-07,1942,2014-11-12,0840,38444,1249,3,5,7,1942,0,0,0,L,0,12T41,69TH ST,HOOVER,200,W,N,B,-,N,NA,NA,NA,NA,NA,NA,NA,NA,NA,Y,4,0,1,2,A,-,03,22350,NA,F,B,C,A,A,H,-,A,D,0,NA,NA,NA,NA,Y,NA,D,22,0,0,1,0,0,0,0,0,0,-,-,NA,NA,LOS ANGELES,LOS ANGELES,-118.28775839,33.97725694
6704209,2014,2015-01-28,1931,2014-11-13,0740,5167,1931,4,5,5,1931,0,0,0,NA,0,001,PACIFIC BL,55TH ST,101,S,N,A,-,N,NA,NA,NA,NA,NA,NA,NA,NA,NA,N,4,0,1,2,A,-,06,21755,NA,N,C,C,A,A,H,-,A,D,0,NA,NA,NA,NA,Y,NA,I,20,0,0,1,0,0,0,0,0,0,-,-,NA,NA,LOS ANGELES,HUNTINGTON PARK,-118.22524,33.99265302
6704402,2014,2015-01-07,1942,2014-10-21,2020,39635,1966,2,5,7,1942,0,0,0,NA,0,21T65,VAN NUYS BL,TUPPER ST,0,NA,Y,A,-,N,NA,NA,NA,NA,NA,NA,NA,NA,NA,N,3,0,1,2,A,-,09,21801,A,F,D,C,A,A,H,-,C,A,0,NA,NA,Y,NA,Y,NA,-,99,0,1,0,0,0,0,0,0,1,-,-,NA,NA,LOS ANGELES,LOS ANGELES,-118.45024007,34.23902009
6704406,2014,2015-01-07,1942,2014-10-22,2150,34332,1685,3,5,7,1942,0,0,0,P,0,16T25,STRATHERN ST,GOLL AV,80,E,N,A,-,N,NA,NA,NA,NA,NA,NA,NA,NA,NA,N,4,0,3,2,A,-,21,22106,NA,F,D,C,A,-,H,-,C,A,0,NA,NA,NA,NA,Y,NA,-,99,0,0,3,0,0,0,0,0,0,-,-,NA,NA,LOS ANGELES,LOS ANGELES,-118.38154587,34.21572
6704409,2014,2015-01-08,1906,2014-11-13,2121,2897,NA,4,5,5,1906,0,0,0,NA,0,001,RAMONA BL,MERCED AV,0,NA,Y,A,-,N,NA,NA,NA,NA,NA,NA,NA,NA,NA,Y,4,0,1,2,D,-,00,NA,NA,N,B,C,A,A,H,-,C,A,0,NA,NA,Y,NA,Y,NA,-,-,0,0,1,0,0,0,0,0,1,-,-,NA,NA,LOS ANGELES,BALDWIN PARK,-117.97273011,34.08351001
6704410,2014,2015-01-07,1942,2014-10-19,1540,38033,1994,7,5,7,1942,0,0,0,NA,0,19TL72,VAN NUYS BL,TITUS ST,0,NA,Y,A,-,N,NA,NA,NA,NA,NA,NA,NA,NA,NA,N,4,0,1,2,A,-,12,21453,A,F,D,C,A,A,H,-,A,A,0,NA,NA,NA,NA,Y,NA,-,99,0,0,1,0,0,0,0,0,0,-,-,NA,NA,LOS ANGELES,LOS ANGELES,-118.44877007,34.2197301
6704414,2014,2015-01-07,1942,2014-10-23,1420,38017,1791,4,5,7,1942,0,0,0,Q,0,17TL14,CHASE ST,DELCO AV,17,W,N,A,-,N,NA,NA,NA,NA,NA,NA,NA,NA,NA,N,4,0,1,2,A,-,12,22450,A,F,B,G,A,A,H,-,A,A,0,NA,Y,NA,NA,Y,NA,-,99,0,0,1,0,0,0,1,0,0,-,-,NA,NA,LOS ANGELES,LOS ANGELES,-118.57856614,34.22457
6704415,2014,2015-01-08,1902,2014-11-12,1753,728,14,3,5,5,1902,0,0,0,NA,0,002,2ND AV,ALICE ST,6,N,N,A,-,N,NA,NA,NA,NA,NA,NA,NA,NA,NA,Y,3,0,1,3,A,-,09,21802,A,N,B,C,A,A,H,-,C,A,0,NA,NA,Y,NA,Y,NA,A,01,0,1,0,0,0,0,0,0,1,-,-,NA,NA,LOS ANGELES,ARCADIA,-118.02505017,34.13142645
6704418,2014,2015-01-07,1942,2014-10-26,1210,38273,1795,7,5,7,1942,0,0,0,Q,0,16T28,LINDLEY AV,NAPA ST,0,NA,Y,A,-,N,NA,NA,NA,NA,NA,NA,NA,NA,NA,Y,4,0,1,3,A,-,07,21658,A,F,C,C,A,A,H,-,A,D,0,NA,NA,NA,NA,Y,NA,-,99,0,0,1,0,0,0,0,0,0,-,-,NA,NA,LOS ANGELES,LOS ANGELES,-118.52735012,34.22637011
6704419,2014,2015-01-08,1902,2014-11-15,1053,708,19,6,5,5,1902,0,0,0,NA,0,004,SANTA ANITA AV,CAMPUS DR,0,NA,Y,A,-,N,NA,NA,NA,NA,NA,NA,NA,NA,NA,N,4,0,1,3,A,-,03,22350,NA,N,C,C,A,A,H,-,A,A,0,NA,NA,NA,NA,Y,NA,A,01,0,0,1,0,0,0,0,0,0,-,-,NA,NA,LOS ANGELES,ARCADIA,-118.03135005,34.13082011
6704423,2014,2015-01-08,1976,2014-11-03,1458,429,NA,1,5,5,1976,0,0,0,NA,0,004,COLIMA RD,YOUNGWOOD DR,0,NA,Y,A,-,N,NA,NA,NA,NA,NA,NA,NA,NA,NA,Y,4,0,2,3,A,-,03,22350,NA,N,C,C,A,A,H,-,A,A,0,NA,NA,NA,NA,Y,NA,A,01,0,0,2,0,0,0,0,0,0,-,-,NA,NA,LOS ANGELES,WHITTIER,-118.00248004,33.95503005
6704427,2014,2016-06-24,1976,2014-11-04,1657,392,NA,2,5,5,1976,0,0,0,NA,0,004,LA SERNA DR,WHITTIER BL,150,N,N,A,-,Y,LA,7,72,-,-,11.623,I,6,N,Y,4,0,1,2,A,-,09,21804,A,N,D,C,A,A,H,-,A,D,0,NA,NA,NA,NA,Y,NA,A,01,0,0,1,0,0,0,0,0,0,-,-,NA,NA,LOS ANGELES,WHITTIER,-118.00263676,33.94796648
6704431,2014,2015-01-08,1976,2014-11-13,0538,568,NA,4,5,5,1976,0,0,0,NA,0,001,HADLEY ST,COMSTOCK AV,0,NA,Y,A,-,N,NA,NA,NA,NA,NA,NA,NA,NA,NA,Y,4,0,1,2,A,-,09,21802,A,N,D,C,A,A,H,-,C,A,0,NA,NA,NA,NA,Y,NA,A,01,0,0,1,0,0,0,0,0,0,-,-,NA,NA,LOS ANGELES,WHITTIER,-118.03857008,33.98272008
6704437,2014,2015-01-08,1906,2014-11-01,1349,4401,1906,6,5,5,1906,0,0,0,NA,0,003,PUENTE AV,HOWELLHURST DR,0,NA,Y,A,-,N,NA,NA,NA,NA,NA,NA,NA,NA,NA,Y,4,0,1,2,A,-,03,22350,NA,N,C,C,A,A,H,-,A,D,0,NA,NA,NA,NA,Y,NA,A,01,0,0,1,0,0,0,0,0,0,-,-,NA,NA,LOS ANGELES,BALDWIN PARK,-117.95088003,34.08071011
6704439,2014,2015-01-08,1900,2014-11-08,2000,526693,2112,6,5,5,1943,0,0,0,NA,0,212T2,LONG BEACH BL,PLUMA ST,0,NA,Y,A,-,N,NA,NA,NA,NA,NA,NA,NA,NA,NA,Y,4,0,2,2,A,-,09,21801,A,N,D,C,A,A,H,-,C,A,0,NA,NA,NA,NA,Y,NA,A,01,0,0,2,0,0,0,0,0,0,-,-,NA,NA,LOS ANGELES,LYNWOOD,-118.21267008,33.93391002
6704443,2014,2015-01-08,1900,2014-11-07,1300,526024,2116,5,5,5,1943,0,0,0,NA,0,212T3,LONG BEACH BL,ORCHARD AV,70,N,N,A,-,N,NA,NA,NA,NA,NA,NA,NA,NA,NA,N,4,0,1,2,A,-,21,22106,NA,M,G,B,E,A,H,-,A,A,0,Y,NA,NA,NA,Y,NA,A,NA,0,0,1,0,1,0,0,0,0,-,-,NA,NA,LOS ANGELES,LYNWOOD,-118.20900984,33.91177179
6704446,2014,2015-01-07,1942,2014-10-25,2130,39473,1555,6,5,7,1942,0,0,0,O,0,15T43,VINELAND AV,MAGNOLIA BL,0,NA,Y,A,-,N,NA,NA,NA,NA,NA,NA,NA,NA,NA,Y,4,0,2,2,A,-,09,21801,A,F,D,C,A,A,H,-,C,A,0,NA,NA,NA,NA,Y,NA,-,99,0,0,2,0,0,0,0,0,0,-,-,NA,NA,LOS ANGELES,LOS ANGELES,-118.37046002,34.16487004
6704447,2014,2015-01-08,1900,2014-11-07,1350,526024,2116,5,5,5,1943,0,0,0,NA,0,212T3,STATE ST,VIRGINIA AV,0,NA,Y,A,-,N,NA,NA,NA,NA,NA,NA,NA,NA,NA,Y,4,0,1,3,A,-,12,22450,A,N,D,C,A,A,H,-,A,D,0,NA,NA,NA,NA,Y,NA,A,NA,0,0,1,0,0,0,0,0,0,-,-,NA,NA,LOS ANGELES,LYNWOOD,-118.21822005,33.92241008
6704450,2014,2015-01-22,1942,2014-10-13,2010,37800,1505,1,5,7,1942,0,0,0,O,0,35T90,SHERMAN WAY,LANKERSHIM,65,E,N,A,-,N,NA,NA,NA,NA,NA,NA,NA,NA,NA,N,4,0,2,2,A,-,-,NA,NA,F,C,C,A,A,H,-,C,D,0,NA,NA,NA,NA,Y,NA,-,-,0,0,2,0,0,0,0,0,0,-,-,NA,NA,LOS ANGELES,LOS ANGELES,-118.38756543,34.20119
6704451,2014,2015-01-08,1900,2014-11-06,1320,526024,2113,4,5,5,1943,0,0,0,NA,0,212T3,ABBOTT RD,JACKSON AV,0,NA,Y,A,-,N,NA,NA,NA,NA,NA,NA,NA,NA,NA,N,4,0,1,2,A,-,-,NA,NA,N,C,C,A,A,H,-,A,A,0,NA,NA,NA,NA,Y,NA,-,NA,0,0,1,0,0,0,0,0,0,-,-,NA,NA,LOS ANGELES,LYNWOOD,-118.18892014,33.93454003
6704454,2014,2015-01-07,1942,2014-10-31,1640,38119,1503,5,5,7,1942,0,0,0,O,0,15A3,LAUREL CANYON BL,HART ST,8,N,N,B,-,N,NA,NA,NA,NA,NA,NA,NA,NA,NA,N,3,0,1,2,A,-,10,21950,A,F,-,G,A,A,H,-,C,A,0,NA,Y,NA,NA,Y,NA,-,99,0,1,0,0,0,0,1,0,0,-,-,NA,NA,LOS ANGELES,LOS ANGELES,-118.39650942,34.19759194
6704458,2014,2015-01-22,1942,2014-10-30,0925,39917,1557,4,5,7,1942,0,0,0,O,0,15A27,MAGNOLIA BL,CARTWRIGHT AV,0,NA,Y,A,-,N,NA,NA,NA,NA,NA,NA,NA,NA,NA,N,4,0,1,2,A,-,-,NA,NA,N,G,B,B,A,H,-,A,D,0,Y,NA,NA,NA,Y,NA,-,99,0,0,1,0,1,0,0,0,0,-,-,NA,NA,LOS ANGELES,LOS ANGELES,-118.36371005,34.16490001
6704466,2014,2015-01-07,1931,2014-10-20,0730,5206,1031,1,5,5,1931,0,0,0,NA,0,004,ARBUTUS AV,ZOE AV,40,N,N,A,-,N,NA,NA,NA,NA,NA,NA,NA,NA,NA,N,3,0,1,2,A,-,-,NA,NA,F,B,G,A,A,H,-,A,D,0,NA,Y,NA,NA,Y,NA,A,07,0,1,0,0,0,0,1,0,0,-,-,NA,NA,LOS ANGELES,HUNTINGTON PARK,-118.21463233,33.97945968
6704470,2014,2015-01-07,1942,2014-10-02,1925,39177,1823,4,5,7,1942,0,0,0,R,0,18T39,SAN PEDRO,99TH ST,110,S,N,A,-,N,NA,NA,NA,NA,NA,NA,NA,NA,NA,Y,4,0,1,2,A,-,06,21750,NA,F,B,C,A,A,H,-,C,D,0,NA,NA,NA,NA,Y,Y,-,99,0,0,1,0,0,0,0,0,0,-,-,NA,NA,LOS ANGELES,LOS ANGELES,-118.26952335,33.94618834
6704474,2014,2015-01-07,1942,2014-10-02,1615,41047,NA,4,5,7,1942,0,0,0,NA,0,18A17,ANZAC AV,SANTA ANA BL NORTH,2,S,N,A,-,N,NA,NA,NA,NA,NA,NA,NA,NA,NA,N,3,0,1,1,A,-,03,22350,NA,N,E,I,A,A,H,-,A,D,0,NA,NA,NA,NA,Y,NA,-,NA,0,1,0,0,0,0,0,0,0,-,-,NA,NA,LOS ANGELES,LOS ANGELES,-118.23799,33.93778
6704478,2014,2015-05-15,1942,2014-10-06,0045,40696,1861,1,5,7,1942,0,0,0,R,0,18T23,IMPERIAL HWY,MENLO AV,90,E,N,A,-,N,NA,NA,NA,NA,NA,NA,NA,NA,NA,N,1,1,0,2,A,-,11,21953,NA,F,G,B,D,A,H,-,C,D,0,Y,NA,NA,NA,Y,NA,N,60,0,0,0,1,0,0,0,0,0,-,-,NA,NA,LOS ANGELES,LOS ANGELES,-118.28897389,33.93098202
6704490,2014,2015-01-12,1900,2014-11-01,0452,525409,2910,6,5,4,1974,0,0,0,NA,0,291K1,AMAR RD,COUNTRY HOLLOW DR,0,NA,Y,B,-,N,NA,NA,NA,NA,NA,NA,NA,NA,NA,Y,3,0,2,2,D,-,00,NA,NA,N,D,C,A,B,-,-,C,A,0,NA,NA,NA,NA,Y,NA,-,-,0,1,1,0,0,0,0,0,0,-,-,NA,NA,LOS ANGELES,WALNUT,-117.85965007,34.03807003
6704493,2014,2015-01-09,1931,2014-11-09,1906,5281,1931,7,5,5,1931,0,0,0,NA,0,002,GAGE AV,HOOD AV,12,W,N,A,-,N,NA,NA,NA,NA,NA,NA,NA,NA,NA,N,3,0,1,2,A,-,10,21950,A,N,G,B,B,A,H,-,C,A,0,Y,NA,NA,NA,Y,NA,A,01,0,1,0,0,1,0,0,0,0,-,-,NA,NA,LOS ANGELES,HUNTINGTON PARK,-118.20956926,33.98043364
6704497,2014,2015-01-13,1931,2014-11-08,1810,5277,1931,6,5,5,1931,0,0,0,NA,0,NA,WALNUT ST,STATE ST,170,W,N,A,-,N,NA,NA,NA,NA,NA,NA,NA,NA,NA,N,4,0,1,2,A,-,09,21804,A,F,G,G,A,A,H,-,C,D,0,NA,Y,NA,NA,Y,Y,L,04,0,0,1,0,0,0,1,0,0,-,-,NA,NA,LOS ANGELES,HUNTINGTON PARK,-118.21022571,33.97175458
6704501,2014,2015-01-09,1931,2014-11-12,0840,5167,1931,3,5,5,1931,0,0,0,NA,0,001,PACIFIC BL,BELGRAVE AV,0,NA,Y,B,-,N,NA,NA,NA,NA,NA,NA,NA,NA,NA,N,4,0,1,2,A,-,10,21950,A,N,G,B,B,A,H,-,A,A,0,Y,NA,NA,NA,Y,NA,A,01,0,0,1,0,1,0,0,0,0,-,-,NA,NA,LOS ANGELES,HUNTINGTON PARK,-118.22522005,33.98719001
6704509,2014,2015-01-09,1928,2014-11-14,0932,324,501,5,5,5,1928,0,0,0,NA,0,501,EL SEGUNDO BL,GREVILLEA AV,132,W,N,A,-,N,NA,NA,NA,NA,NA,NA,NA,NA,NA,Y,3,0,1,2,A,-,05,21650,NA,N,D,C,A,A,D,-,A,A,0,NA,NA,NA,NA,Y,NA,A,01,0,1,0,0,0,0,0,0,0,-,-,NA,NA,LOS ANGELES,HAWTHORNE,-118.35521426,33.91642
6704518,2014,2015-01-12,1902,2014-11-11,0826,728,21,2,5,5,1902,0,0,0,NA,0,004,SUNSET BL,DUARTE RD,23,N,N,A,-,N,NA,NA,NA,NA,NA,NA,NA,NA,NA,Y,4,0,2,2,A,-,12,21453,A,N,D,C,A,A,H,-,A,A,0,NA,NA,NA,NA,Y,NA,A,07,0,0,2,0,0,0,0,0,0,-,-,NA,NA,LOS ANGELES,ARCADIA,-118.06450308,34.12474212
6704522,2014,2015-01-12,1900,2014-11-05,1120,281409,2912,3,5,4,1974,0,0,0,NA,0,291K2D,TEMPLE AV,BONITA DR,525,W,N,A,-,N,NA,NA,NA,NA,NA,NA,NA,NA,NA,Y,3,0,1,3,A,-,04,21703,NA,N,C,C,A,A,H,-,A,D,0,NA,NA,NA,NA,Y,NA,A,01,0,1,0,0,0,0,0,0,0,-,-,NA,NA,LOS ANGELES,WALNUT,-117.84174787,34.04601212
6704526,2014,2015-01-12,1902,2014-11-05,1416,640,13,3,5,5,1902,0,0,0,NA,0,003,MICHILLINDA AV,COLORADO BL,45,N,N,A,-,N,NA,NA,NA,NA,NA,NA,NA,NA,NA,N,4,0,1,2,A,-,03,22350,NA,N,C,C,A,A,H,-,A,A,0,NA,NA,NA,NA,Y,NA,-,NA,0,0,1,0,0,0,0,0,0,-,-,NA,NA,LOS ANGELES,ARCADIA,-118.06778713,34.14805336
6704538,2014,2015-01-12,1900,2014-11-05,1740,531916,0562,3,5,3,1968,0,0,0,NA,0,55T1PM,TYLER AV,WEAVER AV,0,NA,Y,A,-,N,NA,NA,NA,NA,NA,NA,NA,NA,NA,Y,3,0,2,3,D,-,00,NA,NA,N,G,G,A,A,H,-,C,D,0,NA,Y,NA,NA,Y,NA,-,-,0,2,0,0,0,0,2,0,0,-,-,NA,NA,LOS ANGELES,SOUTH EL MONTE,-118.03592003,34.05271001
6704542,2014,2015-01-12,1900,2014-11-05,1626,526693,2112,3,5,5,1943,0,0,0,NA,0,212T2,STATE ST,TWEEDY BL,0,NA,Y,A,-,N,NA,NA,NA,NA,NA,NA,NA,NA,NA,N,4,0,1,2,A,-,10,21950,A,N,G,B,B,A,H,-,A,A,0,Y,NA,NA,NA,Y,NA,A,01,0,0,1,0,1,0,0,0,0,-,-,NA,NA,LOS ANGELES,LYNWOOD,-118.21362011,33.94507007
6704563,2014,2015-01-16,1942,2014-11-15,1225,40726,0185,6,5,7,1942,0,0,0,A,0,1TL11,SANTEE,OLYMPIC BL,250,N,N,A,-,N,NA,NA,NA,NA,NA,NA,NA,NA,NA,N,4,0,1,2,A,-,04,21703,NA,N,C,C,A,A,H,-,A,D,0,NA,NA,NA,NA,Y,NA,D,22,0,0,1,0,0,0,0,0,0,-,-,NA,NA,LOS ANGELES,LOS ANGELES,-118.25436604,34.03933749
6704570,2014,2015-01-06,1920,2014-10-14,1717,12035,NA,2,5,6,1920,0,0,0,NA,0,004,FIRESTONE BL,PANGBORN AV,240,W,N,A,-,N,NA,NA,NA,NA,NA,NA,NA,NA,NA,Y,3,0,1,1,A,-,01,23152,E,N,E,I,A,A,H,-,A,D,0,NA,NA,NA,NA,Y,NA,D,22,0,1,0,0,0,0,0,0,0,-,-,NA,NA,LOS ANGELES,DOWNEY,-118.11463008,33.93084427
6704571,2014,2015-01-23,1942,2014-11-15,1430,32164,0129,6,5,7,1942,0,0,0,A,0,1X27,TEMPLE ST,GAREY ST,190,W,N,A,-,N,NA,NA,NA,NA,NA,NA,NA,NA,NA,Y,3,0,1,2,A,-,03,22350,NA,N,C,E,A,A,H,-,A,A,0,NA,NA,NA,NA,Y,NA,A,07,0,1,0,0,0,0,0,0,0,-,-,NA,NA,LOS ANGELES,LOS ANGELES,-118.23517756,34.05045518
6704575,2014,2015-01-16,1942,2014-11-12,1630,37908,0159,3,5,7,1942,0,0,0,A,0,4E4,ALAMEDA ST,6TH ST,0,NA,Y,A,-,N,NA,NA,NA,NA,NA,NA,NA,NA,NA,N,4,0,1,2,A,-,09,21801,A,N,D,C,A,A,H,-,B,A,0,NA,NA,NA,NA,Y,NA,A,01,0,0,1,0,0,0,0,0,0,-,-,NA,NA,LOS ANGELES,LOS ANGELES,-118.23842,34.03819
6704591,2014,2015-01-15,1942,2014-11-13,1145,40726,1317,4,5,7,1942,0,0,0,M,0,2TL15,CENTRAL AV,15TH ST,55,S,N,A,-,N,NA,NA,NA,NA,NA,NA,NA,NA,NA,N,4,0,2,2,A,-,07,21658,A,N,-,C,A,A,H,-,A,A,0,NA,NA,NA,Y,Y,NA,F,26,0,0,2,0,0,0,0,0,0,-,-,NA,NA,LOS ANGELES,LOS ANGELES,-118.24815882,34.02711941
6704595,2014,2015-01-15,1942,2014-11-05,0755,39833,1345,3,5,7,1942,0,0,0,M,0,13A9,41ST ST,COMPTON,0,NA,Y,A,-,N,NA,NA,NA,NA,NA,NA,NA,NA,NA,N,4,0,1,2,A,-,10,21950,A,N,A,B,B,A,H,-,A,D,0,Y,NA,NA,NA,Y,NA,D,22,0,0,1,0,1,0,0,0,0,-,-,NA,NA,LOS ANGELES,LOS ANGELES,-118.25065002,34.0090601
6704602,2014,2015-01-06,1900,2014-10-31,0915,517022,0452,5,5,6,1949,0,0,0,NA,0,43T1D,IMPERIAL HWY,KALNOR AV,23,W,N,A,-,N,NA,NA,NA,NA,NA,NA,NA,NA,NA,N,4,0,1,2,A,-,09,21804,A,N,D,C,A,A,H,-,A,A,0,NA,NA,NA,Y,Y,NA,A,01,0,0,1,0,0,0,0,0,0,-,-,NA,NA,LOS ANGELES,NORWALK,-118.07484564,33.91719909
6704603,2014,2015-01-16,1942,2014-11-12,1350,39876,1172,3,5,7,1942,0,0,0,K,0,13TL55,GLENDALE BL,AARON ST,0,NA,Y,A,-,N,NA,NA,NA,NA,NA,NA,NA,NA,NA,Y,3,0,1,2,A,-,12,21453,A,N,A,C,A,A,H,-,A,A,0,NA,NA,NA,NA,Y,NA,A,01,0,1,0,0,0,0,0,0,0,-,-,NA,NA,LOS ANGELES,LOS ANGELES,-118.25977013,34.08687011
6704607,2014,2015-01-16,1942,2014-11-15,0540,32973,1151,6,5,7,1942,0,0,0,K,0,11TL32,SUNSET BL,ALEXANDRIA AV,40,W,N,A,-,N,NA,NA,NA,NA,NA,NA,NA,NA,NA,Y,4,0,2,2,A,-,03,22350,NA,N,C,C,A,A,H,-,C,A,0,NA,NA,NA,NA,Y,NA,D,22,0,0,2,0,0,0,0,0,0,-,-,NA,NA,LOS ANGELES,LOS ANGELES,-118.29848184,34.0981376
6704613,2014,2014-12-04,1972,2014-11-02,1212,18874,NA,7,5,6,1972,0,0,0,NA,0,NA,SEPULVEDA BL,DELAMO CIR W / OCEAN AV,0,NA,Y,A,-,N,NA,NA,NA,NA,NA,NA,NA,NA,NA,Y,4,0,1,2,A,-,09,21806,A,N,D,C,A,A,H,-,A,A,0,NA,NA,NA,NA,Y,NA,A,NA,0,0,1,0,0,0,0,0,0,-,-,NA,NA,LOS ANGELES,TORRANCE,-118.35421,33.82579