CASE_ID,ACCIDENT_YEAR,PROC_DATE,JURIS,COLLISION_DATE,COLLISION_TIME,OFFICER_ID,REPORTING_DISTRICT,DAY_OF_WEEK,CHP_SHIFT,POPULATION,CNTY_CITY_LOC,SPECIAL_COND,BEAT_TYPE,CHP_BEAT_TYPE,CITY_DIVISION_LAPD,CHP_BEAT_CLASS,BEAT_NUMBER,PRIMARY_RD,SECONDARY_RD,DISTANCE,DIRECTION,INTERSECTION,WEATHER_1,WEATHER_2,STATE_HWY_IND,CALTRANS_COUNTY,CALTRANS_DISTRICT,STATE_ROUTE,ROUTE_SUFFIX,POSTMILE_PREFIX,POSTMILE,LOCATION_TYPE,RAMP_INTERSECTION,SIDE_OF_HWY,TOW_AWAY,COLLISION_SEVERITY,NUMBER_KILLED,NUMBER_INJURED,PARTY_COUNT,PRIMARY_COLL_FACTOR,PCF_CODE_OF_VIOL,PCF_VIOL_CATEGORY,PCF_VIOLATION,PCF_VIOL_SUBSECTION,HIT_AND_RUN,TYPE_OF_COLLISION,MVIW,PED_ACTION,ROAD_SURFACE,ROAD_COND_1,ROAD_COND_2,LIGHTING,CONTROL_DEVICE,CHP_ROAD_TYPE,PEDESTRIAN_ACCIDENT,BICYCLE_ACCIDENT,MOTORCYCLE_ACCIDENT,TRUCK_ACCIDENT,NOT_PRIVATE_PROPERTY,ALCOHOL_INVOLVED,STWD_VEHTYPE_AT_FAULT,CHP_VEHTYPE_AT_FAULT,COUNT_SEVERE_INJ,COUNT_VISIBLE_INJ,COUNT_COMPLAINT_PAIN,COUNT_PED_KILLED,COUNT_PED_INJURED,COUNT_BICYCLIST_KILLED,COUNT_BICYCLIST_INJURED,COUNT_MC_KILLED,COUNT_MC_INJURED,PRIMARY_RAMP,SECONDARY_RAMP,LATITUDE,LONGITUDE,COUNTY,CITY,POINT_X,POINT_Y
6709886,2014,2015-01-16,1946,2014-09-10,1449,A6,NA,3,5,4,1946,0,0,0,NA,0,001,HILLCREST,TODD LN,0,NA,Y,A,-,N,NA,NA,NA,NA,NA,NA,NA,NA,NA,Y,4,0,2,2,A,-,03,22350,NA,N,C,C,A,A,H,-,A,D,0,NA,NA,NA,NA,Y,NA,D,22,0,0,2,0,0,0,0,0,0,-,-,NA,NA,LOS ANGELES,MONROVIA,-117.99556012,34.16042007
6709940,2014,2014-12-16,9550,2014-08-01,0217,020605,NA,5,3,9,1900,0,3,5,NA,2,003,GALE AV,RIDERWOOD AV,160,W,N,A,-,N,NA,NA,NA,NA,NA,NA,NA,NA,NA,Y,4,0,3,3,A,-,01,23153,A,N,C,E,A,A,H,-,C,D,0,NA,NA,NA,NA,Y,Y,A,01,0,0,3,0,0,0,0,0,0,-,-,34.01783,-117.98294,LOS ANGELES,UNINCORPORATED,-117.98281365,34.01782202
6709941,2014,2016-05-16,9550,2014-08-01,1010,20025,NA,5,1,5,1919,0,1,1,NA,2,652,RT 605,SOUTH ST,600,S,N,A,-,Y,LA,7,605,-,R,3.58,H,-,S,Y,4,0,1,2,A,-,08,22107,NA,N,B,C,A,A,H,-,A,D,1,NA,NA,NA,NA,Y,NA,D,22,0,0,1,0,0,0,0,0,0,-,-,33.85597,-118.09582,LOS ANGELES,CERRITOS,-118.09577799,33.85590688
6709942,2014,2016-05-21,9550,2014-08-01,1110,20025,NA,5,1,5,1919,0,1,1,NA,2,652,RT 605,SOUTH ST,1800,N,N,A,-,Y,LA,7,605,-,R,4.09,H,-,S,Y,4,0,1,2,A,-,03,22350,NA,N,C,C,A,A,H,-,A,D,1,NA,NA,NA,NA,Y,NA,A,01,0,0,1,0,0,0,0,0,0,-,-,33.86332,-118.09781,LOS ANGELES,CERRITOS,-118.09784593,33.86310403
6709946,2014,2016-05-23,9550,2014-08-02,1850,20688,NA,6,2,6,1920,0,1,1,NA,2,500,RT 5,LAKEWOOD BL,1500,S,N,A,-,Y,LA,7,5,-,-,8.01,H,-,S,Y,3,0,4,5,A,-,03,22350,NA,N,C,C,A,A,H,-,A,D,1,NA,NA,NA,NA,Y,NA,I,12,0,1,3,0,0,0,0,0,0,-,-,33.94824,-118.10143,LOS ANGELES,DOWNEY,-118.10790041,33.95500342
6709958,2014,2016-06-11,9550,2014-08-04,0745,18412,NA,1,1,5,1908,0,1,3,NA,2,090,RT 91,RT 605,1000,N,N,B,-,Y,LA,7,91,-,R,16.77,H,-,W,Y,3,0,1,3,A,-,03,22350,NA,N,C,C,A,A,H,-,A,D,1,NA,NA,Y,Y,Y,NA,C,02,0,1,0,0,0,0,0,0,1,-,-,33.87657,-118.10552,LOS ANGELES,BELLFLOWER,-118.10558399,33.8764111
6710002,2014,2015-01-08,1942,2014-11-02,1550,39745,0216,7,5,7,1942,0,0,0,B,0,1T24,MELROSE AV,VERMONT AV,28,E,N,A,-,N,NA,NA,NA,NA,NA,NA,NA,NA,NA,N,3,0,1,2,A,-,12,21453,A,F,H,A,A,A,H,-,A,A,0,NA,NA,Y,NA,Y,NA,-,99,0,1,0,0,0,0,0,0,1,-,-,NA,NA,LOS ANGELES,LOS ANGELES,-118.29161771,34.08358077
6710003,2014,2015-01-07,1942,2014-11-01,0205,38409,0399,6,5,7,1942,0,0,0,C,0,18A3,VERNON AV,FIGUEROA ST,0,NA,Y,B,-,N,NA,NA,NA,NA,NA,NA,NA,NA,NA,Y,4,0,1,2,A,-,01,23152,A,F,D,C,A,B,H,-,C,A,0,NA,NA,NA,NA,Y,Y,A,01,0,0,1,0,0,0,0,0,0,-,-,NA,NA,LOS ANGELES,LOS ANGELES,-118.28274001,34.00375004
6710006,2014,2015-01-08,1942,2014-11-01,1925,25115,0257,6,5,7,1942,0,0,0,B,0,11T21,6TH ST,VALENCIA ST,0,NA,Y,A,-,N,NA,NA,NA,NA,NA,NA,NA,NA,NA,Y,2,0,2,2,A,-,09,21801,A,N,A,C,A,A,H,-,C,D,0,NA,NA,Y,NA,Y,NA,A,01,1,0,1,0,0,0,0,0,2,-,-,NA,NA,LOS ANGELES,LOS ANGELES,-118.26732009,34.05625007
6710007,2014,2015-01-07,1942,2014-11-01,0815,37437,0357,6,5,7,1942,0,0,0,C,0,12T41,EXPOSITION BL,VERMONT AV,0,NA,Y,B,-,N,NA,NA,NA,NA,NA,NA,NA,NA,NA,Y,4,0,2,2,A,-,09,21800,D,N,D,C,A,B,H,-,A,B,0,NA,NA,NA,NA,Y,NA,A,01,0,0,2,0,0,0,0,0,0,-,-,NA,NA,LOS ANGELES,LOS ANGELES,-118.29153003,34.01835005
6710010,2014,2015-03-09,1942,2014-11-08,2500,30380,0261,6,5,7,1942,0,0,0,B,0,4TL43,S HOOVER ST,W 8TH ST,80,N,N,A,-,N,NA,NA,NA,NA,NA,NA,NA,NA,NA,Y,3,0,1,1,A,-,03,22350,NA,M,E,I,A,A,H,-,-,A,0,NA,NA,NA,NA,Y,NA,A,01,0,1,0,0,0,0,0,0,0,-,-,NA,NA,LOS ANGELES,LOS ANGELES,-118.28421,34.0579294
6710013,2014,2015-01-08,1955,2014-11-08,0016,40605,14,6,5,6,1955,0,0,0,NA,0,003,HOLT AV,SAN ANTONIO AV,150,E,N,A,-,N,NA,NA,NA,NA,NA,NA,NA,NA,NA,N,4,0,1,2,A,-,09,21804,A,F,D,G,A,A,H,-,C,D,0,NA,Y,NA,NA,Y,NA,A,07,0,0,1,0,0,0,1,0,0,-,-,NA,NA,LOS ANGELES,POMONA,-117.73614634,34.06272543
6710014,2014,2015-01-08,1942,2014-11-09,1710,37611,0246,7,5,7,1942,0,0,0,B,0,13TL22,BONNIE BRAE ST,5TH ST,201,N,N,A,-,N,NA,NA,NA,NA,NA,NA,NA,NA,NA,Y,4,0,1,2,A,-,03,22350,NA,F,C,E,A,A,H,-,C,D,0,NA,NA,NA,NA,Y,NA,A,07,0,0,1,0,0,0,0,0,0,-,-,NA,NA,LOS ANGELES,LOS ANGELES,-118.2715688,34.0598366
6710018,2014,2015-01-08,1942,2014-11-08,2240,39876,0215,6,5,7,1942,0,0,0,B,0,2T15,TEMPLE ST,OCCIDENTAL BL,0,NA,Y,A,-,N,NA,NA,NA,NA,NA,NA,NA,NA,NA,N,4,0,2,2,A,-,09,21802,A,F,D,C,A,A,H,-,D,A,0,NA,NA,NA,NA,Y,NA,-,99,0,0,2,0,0,0,0,0,0,-,-,NA,NA,LOS ANGELES,LOS ANGELES,-118.27754009,34.07369012
6710022,2014,2015-01-08,1901,2014-11-03,1815,183,NA,1,5,5,1901,0,0,0,NA,0,122,NEW AV,ADAMS,235,S,N,A,-,N,NA,NA,NA,NA,NA,NA,NA,NA,NA,N,3,0,1,2,A,-,-,NA,NA,F,B,G,A,A,H,-,A,D,0,NA,Y,NA,NA,Y,NA,A,01,0,1,0,0,0,0,1,0,0,-,-,NA,NA,LOS ANGELES,ALHAMBRA,-118.10861346,34.08401357
6710025,2014,2015-01-08,1955,2014-11-11,0719,40386,0069,2,5,6,1955,0,0,0,NA,0,005,AVENIDA RANCHEROS,LOS FELIS DR,165,W,N,A,-,N,NA,NA,NA,NA,NA,NA,NA,NA,NA,Y,3,0,1,1,A,-,08,22107,NA,N,E,I,A,A,H,-,A,A,0,NA,NA,NA,NA,Y,NA,A,01,0,1,0,0,0,0,0,0,0,-,-,NA,NA,LOS ANGELES,POMONA,-117.78767386,34.03694753
6710031,2014,2015-01-07,1942,2014-11-04,1430,37307,D361,2,5,7,1942,0,0,0,NA,0,3A62,LA BREA AV,COLISEUM BL,400,S,N,A,-,N,NA,NA,NA,NA,NA,NA,NA,NA,NA,Y,4,0,1,3,A,-,08,22107,NA,F,B,C,A,A,H,-,A,D,0,NA,NA,NA,NA,Y,NA,A,01,0,0,1,0,0,0,0,0,0,-,-,NA,NA,LOS ANGELES,LOS ANGELES,-118.35567,34.01722046
6710035,2014,2015-01-07,1942,2014-11-11,1750,40529,0363,2,5,7,1942,0,0,0,C,0,3T57,MARTIN LUTHER KING BL,HILLCREST DR,80,E,N,A,-,N,NA,NA,NA,NA,NA,NA,NA,NA,NA,Y,4,0,2,2,A,-,08,22102,NA,F,D,C,A,A,H,-,C,D,0,NA,NA,NA,NA,Y,NA,-,99,0,0,2,0,0,0,0,0,0,-,-,NA,NA,LOS ANGELES,LOS ANGELES,-118.34386874,34.01615887
6710039,2014,2015-01-07,1942,2014-11-03,0645,36866,0397,1,5,7,1942,0,0,0,C,0,18A17,MARTIN LUTHER KING,NORMANDIE,0,NA,Y,A,-,N,NA,NA,NA,NA,NA,NA,NA,NA,NA,N,4,0,1,2,A,-,10,21950,A,F,G,B,B,A,H,-,A,A,0,Y,NA,NA,NA,Y,NA,-,99,0,0,1,0,1,0,0,0,0,-,-,NA,NA,LOS ANGELES,LOS ANGELES,-118.30018003,34.01087009
6710043,2014,2015-01-07,1942,2014-11-10,1730,40869,354,1,5,7,1942,0,0,0,NA,0,12YL73,ARLINGTON AV,37TH ST,0,NA,Y,A,-,N,NA,NA,NA,NA,NA,NA,NA,NA,NA,N,4,0,1,2,A,-,09,21802,A,F,D,C,A,A,H,-,C,A,0,NA,NA,NA,NA,Y,NA,A,01,0,0,1,0,0,0,0,0,0,-,-,NA,NA,LOS ANGELES,LOS ANGELES,-118.31766,34.02027
6710046,2014,2015-01-23,1942,2014-11-08,0145,36305,195,6,5,7,1942,0,0,0,NA,0,1A85,BROADWAY,17TH ST,0,NA,Y,A,-,N,NA,NA,NA,NA,NA,NA,NA,NA,NA,Y,4,0,1,2,A,-,12,21453,A,F,D,C,A,A,H,-,C,A,0,NA,NA,NA,NA,Y,NA,-,-,0,0,1,0,0,0,0,0,0,-,-,NA,NA,LOS ANGELES,LOS ANGELES,-118.26416,34.03343
6710047,2014,2015-01-07,1942,2014-11-03,0810,36845,0395,1,5,7,1942,0,0,0,C,0,3A73,MARTIN LUTHER KING JR,LA SALLE,0,NA,Y,A,-,N,NA,NA,NA,NA,NA,NA,NA,NA,NA,N,4,0,1,2,A,-,09,21801,A,N,D,C,A,A,H,-,A,D,0,NA,NA,NA,NA,Y,NA,A,08,0,0,1,0,0,0,0,0,0,-,-,NA,NA,LOS ANGELES,LOS ANGELES,-118.30569003,34.01085005
6710051,2014,2015-06-09,1942,2014-11-01,0345,36022,0341,6,5,7,1942,0,0,0,C,0,14A25,RODEO DR,LENAWEE AV,25,E,N,C,-,N,NA,NA,NA,NA,NA,NA,NA,NA,NA,Y,3,0,1,1,A,-,03,22350,NA,N,E,I,A,B,H,-,C,D,0,NA,NA,NA,NA,Y,NA,A,01,0,1,0,0,0,0,0,0,0,-,-,NA,NA,LOS ANGELES,LOS ANGELES,-118.37564765,34.02187
6710055,2014,2015-01-07,1953,2014-11-01,1928,0366,1953,6,5,6,1953,0,0,0,NA,0,002,LINCOLN AV,CANADA AV,15,S,N,B,-,N,NA,NA,NA,NA,NA,NA,NA,NA,NA,Y,4,0,1,2,A,-,03,22350,NA,N,C,C,A,A,H,-,B,A,0,NA,NA,NA,NA,Y,NA,A,01,0,0,1,0,0,0,0,0,0,-,-,NA,NA,LOS ANGELES,PASADENA,-118.15963121,34.17583888
6710063,2014,2015-01-07,1953,2014-11-02,1250,7671,1953,7,5,6,1953,0,0,0,NA,0,005,OAKLAND AV,CORDOVA ST,0,NA,Y,A,-,N,NA,NA,NA,NA,NA,NA,NA,NA,NA,Y,3,0,4,2,A,-,09,21804,A,N,D,C,A,A,-,-,A,D,0,NA,NA,NA,NA,Y,Y,A,01,0,2,2,0,0,0,0,0,0,-,-,NA,NA,LOS ANGELES,PASADENA,-118.13973009,34.14250006
6710066,2014,2015-01-08,1955,2014-11-02,1458,41871,17,7,5,6,1955,0,0,0,NA,0,003,SAN ANTONIO AV,SAN BERNARDINO AV,81,N,N,A,-,N,NA,NA,NA,NA,NA,NA,NA,NA,NA,N,2,0,1,2,A,-,08,22107,NA,N,D,G,A,A,H,-,A,A,0,NA,Y,NA,NA,Y,NA,L,04,1,0,0,0,0,0,1,0,0,-,-,NA,NA,LOS ANGELES,POMONA,-117.73672,34.07604202
6710083,2014,2015-01-21,1942,2014-11-01,1115,38124,1129,6,5,7,1942,0,0,0,K,0,2T15,YORK BL,AVENUE 64,0,NA,Y,A,-,N,NA,NA,NA,NA,NA,NA,NA,NA,NA,Y,4,0,1,2,A,-,09,21801,A,N,D,C,A,A,H,-,A,A,0,NA,NA,NA,NA,Y,NA,A,01,0,0,1,0,0,0,0,0,0,-,-,NA,NA,LOS ANGELES,LOS ANGELES,-118.1814601,34.11442011
6710087,2014,2015-01-07,1942,2014-11-07,1910,39745,1361,5,5,7,1942,0,0,0,M,0,1TL24,BROADWAY ST,45TH ST,50,S,N,A,-,N,NA,NA,NA,NA,NA,NA,NA,NA,NA,N,3,0,1,2,A,-,11,21954,A,N,G,B,D,A,H,-,C,D,0,Y,NA,NA,NA,Y,Y,A,01,0,1,0,0,1,0,0,0,0,-,-,NA,NA,LOS ANGELES,LOS ANGELES,-118.27836,34.00272287
6710091,2014,2015-01-07,1942,2014-11-06,0725,40726,1311,4,5,7,1942,0,0,0,M,0,2T15,WASHINGTON BL,OAK ST,317,W,N,A,-,N,NA,NA,NA,NA,NA,NA,NA,NA,NA,N,3,0,1,2,A,-,09,21801,A,N,D,G,A,A,H,-,A,A,0,NA,Y,NA,NA,Y,NA,A,01,0,1,0,0,0,0,1,0,0,-,-,NA,NA,LOS ANGELES,LOS ANGELES,-118.27849838,34.03730324
6710095,2014,2015-01-07,1942,2014-11-06,0950,32996,1321,4,5,7,1942,0,0,0,M,0,13T55,OLIVE ST,21ST ST,0,NA,Y,A,-,N,NA,NA,NA,NA,NA,NA,NA,NA,NA,Y,3,0,2,3,A,-,09,21801,A,N,D,C,A,A,H,-,A,D,0,NA,NA,NA,NA,Y,NA,A,07,0,2,0,0,0,0,0,0,0,-,-,NA,NA,LOS ANGELES,LOS ANGELES,-118.26893008,34.03025006
6710099,2014,2015-01-07,1942,2014-11-08,1130,40726,1179,6,5,7,1942,0,0,0,K,0,1TL11,FIGUEROA ST,AVE 43,0,NA,Y,A,-,N,NA,NA,NA,NA,NA,NA,NA,NA,NA,Y,3,0,2,2,A,-,09,21801,A,N,D,C,A,A,H,-,A,A,0,NA,NA,NA,NA,Y,NA,A,07,0,1,1,0,0,0,0,0,0,-,-,NA,NA,LOS ANGELES,LOS ANGELES,-118.20865007,34.09434001
6710103,2014,2015-01-07,1942,2014-11-04,1445,32091,1325,2,5,7,1942,0,0,0,M,0,13L60,CENTRAL AV,ADAMS BL,100,S,N,A,-,N,NA,NA,NA,NA,NA,NA,NA,NA,NA,N,4,0,2,2,A,-,04,21703,NA,N,C,C,A,A,H,-,A,D,0,NA,NA,NA,NA,Y,NA,-,NA,0,0,2,0,0,0,0,0,0,-,-,NA,NA,LOS ANGELES,LOS ANGELES,-118.25505273,34.01851232
6710104,2014,2015-01-07,1900,2014-11-05,0857,503271,0469,3,5,4,1936,0,0,0,NA,0,46T1,FOSTER RD,PARISE DR,15,E,N,A,-,N,NA,NA,NA,NA,NA,NA,NA,NA,NA,N,4,0,1,2,B,-,22,NA,NA,N,B,G,A,A,H,-,A,A,0,NA,Y,NA,NA,Y,NA,A,01,0,0,1,0,0,0,1,0,0,-,-,NA,NA,LOS ANGELES,LA MIRADA,-118.03061068,33.90973065
6710107,2014,2015-01-07,1942,2014-11-08,1555,33452,1119,6,5,7,1942,0,0,0,K,0,2T14,FIGUEROA ST,LA LOMA RD,11,S,N,A,-,N,NA,NA,NA,NA,NA,NA,NA,NA,NA,N,4,0,1,2,A,-,10,21950,A,N,G,B,-,A,H,-,A,A,0,Y,NA,NA,NA,Y,NA,A,01,0,0,1,0,1,0,0,0,0,-,-,NA,NA,LOS ANGELES,LOS ANGELES,-118.18811116,34.1366513
6710108,2014,2015-01-07,1900,2014-11-06,1745,440091,0453,4,5,6,1949,0,0,0,NA,0,43T1,IMPERIAL HWY,WOODS AV,2400,W,N,A,-,N,NA,NA,NA,NA,NA,NA,NA,NA,NA,N,4,0,2,2,A,-,09,21801,A,N,D,C,A,A,H,-,C,A,0,NA,NA,NA,NA,Y,NA,A,01,0,0,2,0,0,0,0,0,0,-,-,NA,NA,LOS ANGELES,NORWALK,-118.09185186,33.91704
6710111,2014,2015-01-07,1942,2014-11-02,1340,35457,0235,7,5,7,1942,0,0,0,B,0,2A47,3RD ST,GRANDVIEW,300,W,N,A,-,N,NA,NA,NA,NA,NA,NA,NA,NA,NA,Y,3,0,2,4,A,-,03,22350,NA,N,A,C,A,A,H,-,A,D,0,NA,NA,NA,NA,Y,NA,A,01,0,1,1,0,0,0,0,0,0,-,-,NA,NA,LOS ANGELES,LOS ANGELES,-118.27547717,34.06448097
6710112,2014,2016-02-17,1900,2014-11-06,0806,442391,0468,4,5,4,1936,0,0,0,NA,0,46T1,ROSECRANS AV,MERCADO AV,0,NA,Y,A,-,N,NA,NA,NA,NA,NA,NA,NA,NA,NA,N,4,0,1,2,A,-,10,21950,A,N,G,B,B,A,H,-,A,A,0,Y,NA,NA,NA,Y,NA,A,01,0,0,1,0,1,0,0,0,0,-,-,NA,NA,LOS ANGELES,LA MIRADA,-117.99079001,33.89794005
6710115,2014,2015-01-07,1942,2014-11-07,1725,33452,0219,5,5,7,1942,0,0,0,B,0,2T14,SUNSET BL,CUSTER AV,30,E,N,A,-,N,NA,NA,NA,NA,NA,NA,NA,NA,NA,N,4,0,1,3,A,-,03,22350,NA,N,C,C,A,A,H,-,C,D,0,NA,NA,NA,NA,Y,NA,A,07,0,0,1,0,0,0,0,0,0,-,-,NA,NA,LOS ANGELES,LOS ANGELES,-118.24841031,34.06442165
6710116,2014,2015-01-07,1900,2014-11-03,1920,532572,0456,1,5,6,1949,0,0,0,NA,0,4ST1,PIONEER BL,MAPLEDALE ST,0,NA,Y,A,-,N,NA,NA,NA,NA,NA,NA,NA,NA,NA,Y,3,0,2,2,A,-,03,22350,NA,N,D,C,A,A,H,-,D,A,0,NA,NA,NA,NA,Y,NA,A,01,0,1,1,0,0,0,0,0,0,-,-,NA,NA,LOS ANGELES,NORWALK,-118.08280001,33.89846011
6710119,2014,2016-02-18,1942,2014-11-10,0755,34426,1373,1,5,7,1942,0,0,0,M,0,2TL15,52ND PL,CENTRAL AV,0,NA,Y,-,-,N,NA,NA,NA,NA,NA,NA,NA,NA,NA,Y,4,0,2,2,A,-,09,21802,A,N,D,C,A,A,H,-,A,A,0,NA,NA,NA,NA,Y,NA,A,01,0,0,2,0,0,0,0,0,0,-,-,NA,NA,LOS ANGELES,LOS ANGELES,-118.25646001,33.99505007
6710120,2014,2015-01-07,1942,2014-11-06,1500,36238,1151,4,5,7,1942,0,0,0,K,0,4TL6,VERMONT AV,MAUBERT AV,10,S,N,A,-,N,NA,NA,NA,NA,NA,NA,NA,NA,NA,N,4,0,1,2,A,-,17,21200,A,N,D,G,A,A,H,-,A,A,0,NA,Y,NA,NA,Y,NA,L,04,0,0,1,0,0,0,1,0,0,-,-,NA,NA,LOS ANGELES,LOS ANGELES,-118.29178,34.09905257
6710123,2014,2015-01-07,1942,2014-11-08,2205,36698,1395,6,5,7,1942,0,0,0,M,0,13T53,CENTRAL AV,FLORENCE AV,25,N,N,A,-,N,NA,NA,NA,NA,NA,NA,NA,NA,NA,Y,4,0,3,4,A,-,01,23152,A,N,B,C,A,A,H,-,C,A,0,NA,NA,NA,NA,Y,Y,A,07,0,0,3,0,0,0,0,0,0,-,-,NA,NA,LOS ANGELES,LOS ANGELES,-118.25646,33.97482856
6710124,2014,2015-01-22,1900,2014-11-01,0210,478963,0459,6,5,6,1949,0,0,0,NA,0,43TIE,ROSECRANS AV,BLOOMFIELD AV,0,NA,Y,A,-,N,NA,NA,NA,NA,NA,NA,NA,NA,NA,Y,4,0,2,2,A,-,12,21453,A,N,D,C,A,B,H,-,C,A,0,NA,NA,NA,NA,Y,NA,-,-,0,0,2,0,0,0,0,0,0,-,-,NA,NA,LOS ANGELES,NORWALK,-118.06411008,33.90226004
6710127,2014,2015-01-22,1942,2014-11-05,1500,39127,1352,3,5,7,1942,0,0,0,M,0,STRD,AVALON BL,42ND PL,0,NA,Y,A,-,N,NA,NA,NA,NA,NA,NA,NA,NA,NA,Y,3,0,1,2,A,-,10,21950,A,N,G,B,D,A,H,-,A,A,0,Y,NA,NA,NA,Y,NA,-,NA,0,1,0,0,1,0,0,0,0,-,-,NA,NA,LOS ANGELES,LOS ANGELES,-118.26528007,34.00660009
6710128,2014,2015-01-07,1942,2014-11-08,1245,34426,1144,6,5,7,1942,0,0,0,K,0,2T15,DUANE ST,SILVER LAKE BL,0,NA,Y,A,-,N,NA,NA,NA,NA,NA,NA,NA,NA,NA,N,3,0,3,2,A,-,12,21453,A,N,D,G,A,A,H,-,A,A,0,NA,Y,NA,NA,Y,NA,L,04,0,2,1,0,0,0,1,0,0,-,-,NA,NA,LOS ANGELES,LOS ANGELES,-118.26403003,34.09206005
6710131,2014,2015-01-07,1942,2014-11-11,1735,34458,1343,2,5,7,1942,0,0,0,M,0,1TL24,AVALON BL,M L K JR,0,NA,Y,A,-,N,NA,NA,NA,NA,NA,NA,NA,NA,NA,N,3,0,1,3,A,-,09,21801,A,N,D,C,A,A,H,-,B,A,0,NA,NA,NA,NA,Y,NA,A,01,0,1,0,0,0,0,0,0,0,-,-,NA,NA,LOS ANGELES,LOS ANGELES,-118.26526013,34.01106001
6710132,2014,2016-02-18,1942,2014-11-04,1735,30847,1145,2,5,7,1942,0,0,0,K,0,11A26,RIVERSIDE DR,NEWELL ST,0,NA,Y,A,-,N,NA,NA,NA,NA,NA,NA,NA,NA,NA,Y,4,0,1,2,A,-,09,21801,A,F,A,J,A,A,H,-,C,A,0,NA,NA,NA,NA,Y,NA,-,NA,0,0,1,0,0,0,0,0,0,-,-,NA,NA,LOS ANGELES,LOS ANGELES,-118.24825004,34.09843005
6710135,2014,2015-01-07,1942,2014-11-03,1250,39761,0411,1,5,7,1942,0,0,0,D,0,13T55,SAN FERNANDO RD,BARRANCA ST,205,S,N,A,-,N,NA,NA,NA,NA,NA,NA,NA,NA,NA,N,4,0,1,2,A,-,08,22102,NA,N,D,C,A,A,H,-,A,D,0,NA,NA,NA,NA,Y,NA,A,01,0,0,1,0,0,0,0,0,0,-,-,NA,NA,LOS ANGELES,LOS ANGELES,-118.22209922,34.07574083
6710136,2014,2015-01-07,1900,2014-11-03,1720,272611,0452,1,5,6,1949,0,0,0,NA,0,43TI0,NORWALK BL,GETTYSBURG DR,51,N,N,A,-,N,NA,NA,NA,NA,NA,NA,NA,NA,NA,Y,4,0,1,2,A,-,09,21801,NA,N,D,C,A,A,H,-,B,D,0,NA,NA,NA,NA,Y,NA,A,01,0,0,1,0,0,0,0,0,0,-,-,NA,NA,LOS ANGELES,NORWALK,-118.07238,33.91853484
6710139,2014,2015-01-07,1942,2014-11-04,0544,41094,0441,2,5,7,1942,0,0,0,D,0,4A15,MISSION RD,CESAR CHAVEZ AV,15,N,N,A,-,N,NA,NA,NA,NA,NA,NA,NA,NA,NA,N,4,0,1,2,A,-,03,22350,NA,F,C,C,A,A,H,-,B,A,0,NA,NA,NA,NA,Y,NA,-,NA,0,0,1,0,0,0,0,0,0,-,-,NA,NA,LOS ANGELES,LOS ANGELES,-118.22572,34.054359
6710140,2014,2015-01-07,1942,2014-11-06,0800,37505,1149,4,5,7,1942,0,0,0,K,0,13TS53,ARROYO SECO AV,MARMION WY,0,NA,Y,A,-,N,NA,NA,NA,NA,NA,NA,NA,NA,NA,N,4,0,1,2,A,-,10,21950,A,F,B,B,B,A,A,-,A,A,0,Y,NA,NA,NA,Y,NA,-,99,0,0,1,0,0,0,0,0,0,-,-,NA,NA,LOS ANGELES,LOS ANGELES,-118.21647005,34.08712003
6710143,2014,2016-02-18,1942,2014-11-04,1715,34853,0215,2,5,7,1942,0,0,0,B,0,2A39,LONDON ST,SILVER LAKE BL,21,NA,N,A,-,N,NA,NA,NA,NA,NA,NA,NA,NA,NA,N,4,0,1,2,A,-,09,21801,A,N,D,G,A,A,H,-,C,D,0,NA,Y,NA,NA,Y,Y,L,04,0,0,1,0,0,0,1,0,0,-,-,NA,NA,LOS ANGELES,LOS ANGELES,-118.28006011,34.0777701
6710144,2014,2015-01-07,1942,2014-11-10,1435,38171,1145,1,5,7,1942,0,0,0,K,0,11TL35,RIVERSIDE DR,RIVERSIDE TER,330,W,N,A,-,N,NA,NA,NA,NA,NA,NA,NA,NA,NA,Y,4,0,2,3,A,-,03,22350,NA,N,B,E,A,A,H,-,A,D,0,NA,NA,NA,NA,Y,NA,A,01,0,0,2,0,0,0,0,0,0,-,-,NA,NA,LOS ANGELES,LOS ANGELES,-118.25125506,34.10200639
6710147,2014,2015-01-07,1942,2014-11-06,1830,31476,0451,4,5,7,1942,0,0,0,D,0,4T4,MISSION RD,ALISO AV,33,N,N,A,-,N,NA,NA,NA,NA,NA,NA,NA,NA,NA,N,4,0,1,2,A,-,09,21801,A,N,D,C,A,A,H,-,C,A,0,NA,NA,NA,NA,Y,NA,A,01,0,0,1,0,0,0,0,0,0,-,-,NA,NA,LOS ANGELES,LOS ANGELES,-118.22667093,34.0524972
6710148,2014,2015-01-07,1942,2014-11-07,1500,39049,1303,5,5,7,1942,0,0,0,M,0,2T14,GLENDALE BL,GLENFELIZ BL,100,S,N,A,-,N,NA,NA,NA,NA,NA,NA,NA,NA,NA,Y,3,0,1,1,A,-,03,22350,NA,N,A,I,A,A,H,-,A,D,0,NA,NA,NA,NA,Y,NA,A,01,0,1,0,0,0,0,0,0,0,-,-,NA,NA,LOS ANGELES,LOS ANGELES,-118.2631592,34.11597284
6710151,2014,2015-01-07,1942,2014-11-09,1210,34426,0241,7,5,7,1942,0,0,0,B,0,2TL15,RENO ST,3RD ST,0,NA,Y,A,-,N,NA,NA,NA,NA,NA,NA,NA,NA,NA,N,3,0,2,2,A,-,09,21802,A,N,D,C,A,A,H,-,A,A,0,NA,NA,NA,NA,Y,NA,A,01,0,1,1,0,0,0,0,0,0,-,-,NA,NA,LOS ANGELES,LOS ANGELES,-118.28332003,34.06819001