CASE_ID,ACCIDENT_YEAR,PROC_DATE,JURIS,COLLISION_DATE,COLLISION_TIME,OFFICER_ID,REPORTING_DISTRICT,DAY_OF_WEEK,CHP_SHIFT,POPULATION,CNTY_CITY_LOC,SPECIAL_COND,BEAT_TYPE,CHP_BEAT_TYPE,CITY_DIVISION_LAPD,CHP_BEAT_CLASS,BEAT_NUMBER,PRIMARY_RD,SECONDARY_RD,DISTANCE,DIRECTION,INTERSECTION,WEATHER_1,WEATHER_2,STATE_HWY_IND,CALTRANS_COUNTY,CALTRANS_DISTRICT,STATE_ROUTE,ROUTE_SUFFIX,POSTMILE_PREFIX,POSTMILE,LOCATION_TYPE,RAMP_INTERSECTION,SIDE_OF_HWY,TOW_AWAY,COLLISION_SEVERITY,NUMBER_KILLED,NUMBER_INJURED,PARTY_COUNT,PRIMARY_COLL_FACTOR,PCF_CODE_OF_VIOL,PCF_VIOL_CATEGORY,PCF_VIOLATION,PCF_VIOL_SUBSECTION,HIT_AND_RUN,TYPE_OF_COLLISION,MVIW,PED_ACTION,ROAD_SURFACE,ROAD_COND_1,ROAD_COND_2,LIGHTING,CONTROL_DEVICE,CHP_ROAD_TYPE,PEDESTRIAN_ACCIDENT,BICYCLE_ACCIDENT,MOTORCYCLE_ACCIDENT,TRUCK_ACCIDENT,NOT_PRIVATE_PROPERTY,ALCOHOL_INVOLVED,STWD_VEHTYPE_AT_FAULT,CHP_VEHTYPE_AT_FAULT,COUNT_SEVERE_INJ,COUNT_VISIBLE_INJ,COUNT_COMPLAINT_PAIN,COUNT_PED_KILLED,COUNT_PED_INJURED,COUNT_BICYCLIST_KILLED,COUNT_BICYCLIST_INJURED,COUNT_MC_KILLED,COUNT_MC_INJURED,PRIMARY_RAMP,SECONDARY_RAMP,LATITUDE,LONGITUDE,COUNTY,CITY,POINT_X,POINT_Y
6710152,2014,2015-01-07,1942,2014-11-05,1105,37225,1177,3,5,7,1942,0,0,0,K,0,1TL11,FIGUEROA ST,AVE 26,46,E,N,A,-,N,NA,NA,NA,NA,NA,NA,NA,NA,NA,N,4,0,1,2,A,-,03,22350,NA,N,C,C,A,A,H,-,A,D,0,NA,NA,NA,NA,Y,NA,A,01,0,0,1,0,0,0,0,0,0,-,-,NA,NA,LOS ANGELES,LOS ANGELES,-118.22233658,34.08393371
6710155,2014,2015-01-07,1942,2014-11-09,0920,34426,0215,7,5,7,1942,0,0,0,B,0,2TL15,TEMPLE ST,BENTON WY,0,NA,Y,A,-,N,NA,NA,NA,NA,NA,NA,NA,NA,NA,N,4,0,1,3,A,-,12,21453,A,N,D,C,A,A,H,-,A,A,0,NA,NA,NA,NA,Y,NA,A,01,0,0,1,0,0,0,0,0,0,-,-,NA,NA,LOS ANGELES,LOS ANGELES,-118.27573001,34.07290001
6710156,2014,2015-01-07,1942,2014-11-06,1730,31271,1142,4,5,7,1942,0,0,0,K,0,11A26,LOS FELIZ BL,RODNEY DR,0,NA,Y,A,-,N,NA,NA,NA,NA,NA,NA,NA,NA,NA,N,4,0,3,3,A,-,03,22350,NA,N,C,C,A,A,H,-,C,D,0,NA,NA,NA,NA,Y,NA,A,01,0,0,3,0,0,0,0,0,0,-,-,NA,NA,LOS ANGELES,LOS ANGELES,-118.28934001,34.11152001
6710159,2014,2015-01-07,1942,2014-11-01,0620,38124,0265,6,5,7,1942,0,0,0,B,0,2T15,ALVARADO,7TH ST,0,NA,Y,C,-,N,NA,NA,NA,NA,NA,NA,NA,NA,NA,N,4,0,1,2,A,-,10,21950,A,N,G,B,B,B,H,-,C,A,0,Y,NA,NA,NA,Y,NA,A,01,0,0,1,0,1,0,0,0,0,-,-,NA,NA,LOS ANGELES,LOS ANGELES,-118.27681013,34.05648005
6710160,2014,2015-01-22,1942,2014-11-05,0800,37225,1141,3,5,7,1942,0,0,0,K,0,1TL11,BERENDO ST,FINELY ST,0,NA,Y,A,-,N,NA,NA,NA,NA,NA,NA,NA,NA,NA,N,4,0,1,2,A,-,09,21802,A,N,D,C,A,A,A,-,A,A,0,NA,NA,NA,NA,Y,NA,-,-,0,0,1,0,0,0,0,0,0,-,-,NA,NA,LOS ANGELES,LOS ANGELES,-118.29402002,34.10767006
6710245,2014,2015-01-06,1900,2014-10-22,1110,274557,0245,3,5,3,1914,0,0,0,NA,0,271,WASHINGTON BL,CORSAIR ST,0,NA,Y,A,-,N,NA,NA,NA,NA,NA,NA,NA,NA,NA,Y,4,0,1,2,A,-,09,21802,A,N,D,C,A,A,H,-,A,D,0,NA,NA,Y,NA,Y,NA,D,22,0,0,1,0,0,0,0,0,0,-,-,NA,NA,LOS ANGELES,COMMERCE,-118.14053013,33.99692002
6710350,2014,2015-01-06,1900,2014-10-31,1007,491337,2610,5,5,6,1950,0,0,0,NA,0,262T1,PALMDALE BL,3RD ST EAST,0,NA,Y,A,-,Y,NA,NA,NA,NA,NA,NA,NA,NA,NA,Y,3,0,3,3,A,-,09,21453,C,N,A,C,A,A,H,-,A,A,0,NA,NA,NA,NA,Y,NA,A,01,0,1,2,0,0,0,0,0,0,-,-,NA,NA,LOS ANGELES,PALMDALE,-118.12487012,34.5800001
6710354,2014,2015-01-20,1900,2014-10-19,1714,517840,2607,7,5,6,1950,0,0,0,NA,0,264T1,RT 138,AVENUE R-8,0,NA,Y,A,-,Y,NA,NA,NA,NA,NA,NA,NA,NA,NA,N,4,0,1,2,A,-,03,22350,NA,N,C,C,A,A,H,-,A,A,0,NA,NA,NA,NA,Y,NA,D,22,0,0,1,0,0,0,0,0,0,-,-,NA,NA,LOS ANGELES,PALMDALE,NA,NA
6710365,2014,2015-01-13,9530,2014-11-05,0227,020300,NA,3,3,9,1900,0,3,5,NA,2,001,92ND ST,ZAMORA AV,0,NA,Y,A,-,N,NA,NA,NA,NA,NA,NA,NA,NA,NA,Y,4,0,2,2,A,-,09,21802,A,N,D,C,A,A,H,-,C,A,0,NA,NA,NA,NA,Y,NA,D,22,0,0,2,0,0,0,0,0,0,-,-,33.95335,-118.25165,LOS ANGELES,UNINCORPORATED,-118.25165008,33.95331011
6710366,2014,2015-01-15,1900,2014-11-07,0810,467578,2607,5,5,6,1950,0,0,0,NA,0,260T1,AVENUE R-8,45TH ST EAST,0,NA,Y,A,-,N,NA,NA,NA,NA,NA,NA,NA,NA,NA,Y,3,0,5,2,A,-,09,21801,A,N,A,C,A,A,H,-,A,A,0,NA,NA,NA,NA,Y,NA,A,01,0,1,4,0,0,0,0,0,0,-,-,NA,NA,LOS ANGELES,PALMDALE,-118.04952013,34.56542009
6710370,2014,2015-01-06,1900,2014-10-25,0310,530600,2612,6,5,6,1950,0,0,0,NA,0,262T1,RANCHO VISTA BL,AV MALL RD,137,W,N,A,-,N,NA,NA,NA,NA,NA,NA,NA,NA,NA,Y,4,0,1,1,A,-,08,22107,NA,N,E,I,A,A,H,-,C,A,0,NA,NA,NA,NA,Y,Y,D,22,0,0,1,0,0,0,0,0,0,-,-,NA,NA,LOS ANGELES,PALMDALE,-118.154673,34.601844
6710373,2014,2015-01-20,9530,2014-11-07,1805,017860,NA,5,2,7,1941,0,1,1,NA,2,420,RT 405,WARDLOW RD,120,S,N,A,-,Y,NA,NA,405,NA,NA,NA,NA,NA,NA,Y,3,0,1,2,A,-,07,21658,A,N,B,C,A,A,H,-,C,D,0,NA,NA,NA,NA,Y,NA,A,01,0,1,0,0,0,0,0,0,0,-,-,33.81881,-118.19082,LOS ANGELES,LONG BEACH,-118.19081233,33.81881908
6710393,2014,2015-03-05,9430,2014-11-17,0530,016681,NA,1,3,9,1900,0,1,1,NA,2,051,RT 5,TEJON PASS,3696,N,N,A,-,Y,NA,NA,5,NA,NA,NA,NA,NA,NA,Y,3,0,1,2,A,-,03,22350,NA,N,C,C,A,A,H,-,B,D,0,NA,NA,NA,Y,Y,NA,D,22,0,1,0,0,0,0,0,0,0,-,-,34.79692,-118.86608,LOS ANGELES,UNINCORPORATED,-118.86608429,34.79688333
6710597,2014,2014-12-10,1912,2014-09-26,1525,12541,NA,5,5,6,1912,0,0,0,NA,0,NA,VICTORY BL,HOLLYWOOD WY,0,NA,Y,A,-,N,NA,NA,NA,NA,NA,NA,NA,NA,NA,Y,3,0,3,4,A,-,03,22350,NA,N,D,C,A,A,H,-,A,A,0,NA,NA,NA,NA,Y,NA,A,01,0,1,2,0,0,0,0,0,0,-,-,NA,NA,LOS ANGELES,BURBANK,-118.34916,34.18472008
6710609,2014,2015-04-09,1925,2014-11-15,2005,NA,NA,6,5,6,1925,0,0,0,NA,0,NA,VICTORY BL,ALLEN AV,100,N,N,A,-,N,NA,NA,NA,NA,NA,NA,NA,NA,NA,Y,4,0,1,2,C,-,18,NA,NA,N,C,E,A,A,H,-,C,D,0,NA,NA,NA,NA,Y,NA,-,-,0,0,1,0,0,0,0,0,0,-,-,NA,NA,LOS ANGELES,GLENDALE,-118.30434415,34.16414447
6710616,2014,2015-01-26,1900,2014-11-07,1316,504821,0530,5,5,5,1959,0,0,0,NA,0,53T1AM,RT 164,N LAWRENCE AV,55,N,N,A,-,Y,NA,NA,NA,NA,NA,NA,NA,NA,NA,N,4,0,2,2,A,-,04,21703,NA,N,C,C,A,A,H,-,A,A,0,NA,NA,NA,NA,Y,NA,D,22,0,0,2,0,0,0,0,0,0,-,-,NA,NA,LOS ANGELES,ROSEMEAD,NA,NA
6710656,2014,2014-12-16,1900,2014-09-23,0730,476816,1328,2,5,5,1935,0,0,0,NA,0,132T1,BLOOMFIELD AV,CENTRALIA ST,187,N,N,A,-,N,NA,NA,NA,NA,NA,NA,NA,NA,NA,Y,4,0,1,2,A,-,09,21804,A,N,D,C,A,A,H,-,A,A,0,NA,NA,NA,NA,Y,NA,A,NA,0,0,1,0,0,0,0,0,0,-,-,NA,NA,LOS ANGELES,LAKEWOOD,-118.06348,33.83927275
6710672,2014,2014-12-16,1900,2014-09-20,1610,270418,1348,6,5,3,1903,0,0,0,NA,0,134A,NORWALK BL,KOUDEKERK ST,210,N,N,A,-,N,NA,NA,NA,NA,NA,NA,NA,NA,NA,N,4,0,2,3,A,-,04,21703,NA,N,C,C,A,A,H,-,A,A,0,NA,NA,NA,NA,Y,NA,A,NA,0,0,2,0,0,0,0,0,0,-,-,NA,NA,LOS ANGELES,ARTESIA,-118.07255224,33.87127572
6710674,2014,2015-01-12,1942,2014-11-07,1145,38272,1434,5,5,7,1942,0,0,0,N,0,14X56,VENICE BL,WALGROVE AV,35,E,N,A,-,Y,NA,NA,NA,NA,NA,NA,NA,NA,NA,N,4,0,1,3,A,-,03,22350,NA,N,C,C,A,A,H,-,A,D,0,NA,NA,NA,NA,Y,NA,D,22,0,0,1,0,0,0,0,0,0,-,-,NA,NA,LOS ANGELES,LOS ANGELES,-118.44633047,33.99735842
6710678,2014,2015-01-12,1942,2014-11-08,2320,25495,0647,6,5,7,1942,0,0,0,F,0,7T23,HOLLYWOOD BL,ARGYLE AV,130,W,N,A,-,N,NA,NA,NA,NA,NA,NA,NA,NA,NA,N,4,0,3,4,A,-,03,22350,NA,F,C,C,A,A,H,-,C,D,0,NA,NA,NA,NA,Y,NA,A,01,0,0,3,0,0,0,0,0,0,-,-,NA,NA,LOS ANGELES,LOS ANGELES,-118.32560836,34.10162793
6710684,2014,2015-01-28,1900,2014-11-02,1635,274533,NA,7,5,5,1908,0,0,0,NA,0,NA,RT 19,BURTON AV,112,S,N,A,-,Y,NA,NA,NA,NA,NA,NA,NA,NA,NA,Y,3,0,1,2,A,-,03,22350,NA,N,C,C,A,A,H,-,A,D,0,NA,NA,NA,NA,Y,NA,-,NA,0,1,0,0,0,0,0,0,0,-,-,NA,NA,LOS ANGELES,BELLFLOWER,NA,NA
6710686,2014,2014-12-31,1942,2014-10-31,1025,3683,1445,5,5,7,1942,0,0,0,N,0,7T23,CENTINELLA AV,CASWELL AV,50,S,N,B,-,N,NA,NA,NA,NA,NA,NA,NA,NA,NA,N,4,0,2,3,A,-,04,21703,NA,N,C,C,A,A,H,-,A,D,0,NA,NA,NA,NA,Y,NA,D,22,0,0,2,0,0,0,0,0,0,-,-,NA,NA,LOS ANGELES,LOS ANGELES,-118.43129869,34.00073587
6710688,2014,2014-12-30,1900,2014-10-08,1204,173249,1334,3,5,5,1908,0,0,0,NA,0,133T2,DOWNEY AV,PARK ST,0,NA,Y,A,-,N,NA,NA,NA,NA,NA,NA,NA,NA,NA,Y,4,0,1,2,A,-,09,21801,A,N,D,C,A,A,H,-,A,D,0,NA,NA,NA,NA,Y,NA,A,NA,0,0,1,0,0,0,0,0,0,-,-,NA,NA,LOS ANGELES,BELLFLOWER,-118.15131003,33.87835006
6710690,2014,2015-01-28,1942,2014-11-12,0800,38282,0833,3,5,7,1942,0,0,0,H,0,14T47,WILSHIRE BL,GAYLEY AV,0,NA,Y,A,-,N,NA,NA,NA,NA,NA,NA,NA,NA,NA,N,4,0,2,2,A,-,08,22100,NA,N,D,C,A,A,H,-,A,A,0,NA,NA,NA,NA,Y,NA,A,01,0,0,2,0,0,0,0,0,0,-,-,NA,NA,LOS ANGELES,LOS ANGELES,-118.44552001,34.05833005
6710722,2014,2015-01-07,1942,2014-11-07,1545,39745,0185,5,5,7,1942,0,0,0,A,0,1TL24,LOS ANGELES ST,OLYMPIC BL,9,E,N,A,-,N,NA,NA,NA,NA,NA,NA,NA,NA,NA,N,4,0,1,2,A,-,11,21954,A,N,G,B,D,A,H,-,A,D,0,Y,NA,NA,NA,Y,NA,N,60,0,0,1,0,1,0,0,0,0,-,-,NA,NA,LOS ANGELES,LOS ANGELES,-118.25579678,34.03957534
6710724,2014,2015-01-07,1948,2014-10-20,1716,398,1948,1,5,5,1948,0,0,0,NA,0,001,GARVEY AV,ATLANTIC BL,30,E,N,A,-,N,NA,NA,NA,NA,NA,NA,NA,NA,NA,N,4,0,1,2,A,-,03,22350,NA,N,C,C,A,A,H,-,A,A,0,NA,NA,NA,NA,Y,NA,A,01,0,0,1,0,0,0,0,0,0,-,-,NA,NA,LOS ANGELES,MONTEREY PARK,-118.13414116,34.0625
6710726,2014,2015-01-07,1942,2014-11-09,1300,34426,1136,7,5,7,1942,0,0,0,K,0,2TL15,YORK BL,AVENUE 45,210,W,N,A,-,N,NA,NA,NA,NA,NA,NA,NA,NA,NA,N,2,0,2,2,B,-,22,NA,NA,N,G,B,E,-,-,-,A,D,0,Y,Y,NA,NA,Y,NA,L,04,1,1,0,0,1,0,1,0,0,-,-,NA,NA,LOS ANGELES,LOS ANGELES,-118.21900627,34.12379382
6710728,2014,2015-01-07,1948,2014-10-25,1858,441,1948,6,5,5,1948,0,0,0,NA,0,002,YNEZ AV,GARCELON AV,0,NA,Y,A,-,N,NA,NA,NA,NA,NA,NA,NA,NA,NA,Y,2,0,1,2,A,-,11,21956,A,N,G,B,D,A,H,-,C,D,0,Y,NA,NA,NA,Y,NA,-,NA,1,0,0,0,1,0,0,0,0,-,-,NA,NA,LOS ANGELES,MONTEREY PARK,-118.12917011,34.06489008
6710730,2014,2015-01-07,1942,2014-11-10,1455,37611,1393,1,5,7,1942,0,0,0,M,0,13TL22,BROADWAY,69TH ST,5,S,N,A,-,N,NA,NA,NA,NA,NA,NA,NA,NA,NA,N,4,0,1,2,A,-,10,21950,A,M,G,B,B,A,H,-,A,A,0,Y,NA,NA,NA,Y,NA,-,99,0,0,1,0,1,0,0,0,0,-,-,NA,NA,LOS ANGELES,LOS ANGELES,-118.278315,33.977335
6710731,2014,2016-06-24,1900,2014-10-28,1918,524194,0560,2,5,3,1968,0,0,0,NA,0,55T1PM,GARVEY AV,RT 164,33,E,N,A,-,Y,LA,7,164,-,-,4.81,I,6,N,N,4,0,1,2,A,-,03,22350,NA,N,C,D,A,A,H,-,C,A,0,NA,NA,NA,NA,Y,NA,A,01,0,0,1,0,0,0,0,0,0,-,-,NA,NA,LOS ANGELES,SOUTH EL MONTE,-118.06531185,34.06271583
6710734,2014,2015-01-07,1942,2014-11-07,0930,41545,0191,5,5,7,1942,0,0,0,A,0,1A35,PICO BL,LA LIVE WY,555,E,N,A,-,N,NA,NA,NA,NA,NA,NA,NA,NA,NA,N,4,0,2,2,A,-,09,21804,A,N,D,J,A,A,H,-,A,A,0,NA,NA,NA,NA,Y,NA,A,01,0,0,2,0,0,0,0,0,0,-,-,NA,NA,LOS ANGELES,LOS ANGELES,-118.27018492,34.04156153
6710736,2014,2015-01-07,1948,2014-10-31,1944,447,1948,5,5,5,1948,0,0,0,NA,0,001,ATLANTIC BL,EMERSON AV,23,S,N,C,-,N,NA,NA,NA,NA,NA,NA,NA,NA,NA,Y,4,0,2,2,A,-,12,21453,A,N,D,C,A,B,H,-,C,A,0,NA,NA,NA,NA,Y,NA,-,NA,0,0,2,0,0,0,0,0,0,-,-,NA,NA,LOS ANGELES,MONTEREY PARK,-118.13433,34.06604693
6710738,2014,2015-01-07,1942,2014-11-08,1630,36238,0195,6,5,7,1942,0,0,0,A,0,4TL6,LOS ANGELES ST,17TH ST,0,NA,Y,A,-,Y,NA,NA,NA,NA,NA,NA,NA,NA,NA,N,4,0,1,2,A,-,12,21453,A,N,D,C,A,A,H,-,A,A,0,NA,NA,NA,NA,Y,NA,A,07,0,0,1,0,0,0,0,0,0,-,-,NA,NA,LOS ANGELES,LOS ANGELES,NA,NA
6710740,2014,2015-01-07,1900,2014-10-21,2015,516551,0455,2,5,6,1949,0,0,0,NA,0,45T1,ROSECRANS AV,STUDEBAKER RD,18,W,N,A,-,N,NA,NA,NA,NA,NA,NA,NA,NA,NA,N,4,0,1,2,A,-,09,21453,B,N,G,B,B,A,H,-,C,A,0,Y,NA,NA,NA,Y,NA,A,01,0,0,1,0,1,0,0,0,0,-,-,NA,NA,LOS ANGELES,NORWALK,-118.10016917,33.90204144
6710742,2014,2015-01-07,1942,2014-11-11,1420,31152,0118,2,5,7,1942,0,0,0,A,0,11TL25,BRUNO ST,MAIN ST,50,W,N,B,-,N,NA,NA,NA,NA,NA,NA,NA,NA,NA,N,4,0,1,2,A,-,11,21954,A,N,G,B,E,A,H,-,A,D,0,Y,NA,NA,NA,Y,NA,N,60,0,0,1,0,1,0,0,0,0,-,-,NA,NA,LOS ANGELES,LOS ANGELES,-118.23474521,34.06213479
6710746,2014,2015-01-07,1942,2014-11-07,1805,41258,0182,5,5,7,1942,0,0,0,A,0,1XL38,HOPE ST,11TH ST,25,S,N,A,-,N,NA,NA,NA,NA,NA,NA,NA,NA,NA,Y,4,0,2,2,A,-,21,22106,NA,N,D,C,A,A,H,-,C,D,0,NA,NA,NA,NA,Y,NA,A,01,0,0,2,0,0,0,0,0,0,-,-,NA,NA,LOS ANGELES,LOS ANGELES,-118.26310006,34.04220556
6710750,2014,2015-01-22,1942,2014-11-10,1740,33452,0176,1,5,7,1942,0,0,0,A,0,2TL14,9TH ST,WALL ST,0,NA,Y,A,-,N,NA,NA,NA,NA,NA,NA,NA,NA,NA,N,4,0,1,2,A,-,12,21453,A,N,D,C,A,A,H,-,A,A,0,NA,NA,NA,NA,Y,NA,-,-,0,0,1,0,0,0,0,0,0,-,-,NA,NA,LOS ANGELES,LOS ANGELES,-118.25192003,34.03876001
6710760,2014,2015-01-07,1948,2014-10-08,1735,437,1948,3,5,5,1948,0,0,0,NA,0,004,GRAVES AV,GARFIELD AV,0,NA,Y,A,-,N,NA,NA,NA,NA,NA,NA,NA,NA,NA,Y,4,0,1,2,A,-,12,21453,A,N,D,C,A,A,H,-,A,A,0,NA,NA,NA,NA,Y,NA,-,NA,0,0,1,0,0,0,0,0,0,-,-,NA,NA,LOS ANGELES,MONTEREY PARK,-118.12584001,34.05519005
6710768,2014,2015-01-21,1948,2014-10-07,1545,409,1948,2,5,5,1948,0,0,0,NA,0,004,GARFIELD AV,EL REPETTO DR,17.5,N,N,A,-,N,NA,NA,NA,NA,NA,NA,NA,NA,NA,Y,3,0,1,2,A,-,08,22107,NA,N,A,C,A,A,H,-,A,A,0,NA,NA,NA,NA,Y,NA,-,NA,0,1,0,0,0,0,0,0,0,-,-,NA,NA,LOS ANGELES,MONTEREY PARK,-118.12878,34.04722799
6710771,2014,2015-01-07,1942,2014-11-10,1545,34458,0423,1,5,7,1942,0,0,0,D,0,4TL4,MISSION RD,THOMAS ST,11,E,N,A,-,N,NA,NA,NA,NA,NA,NA,NA,NA,NA,N,4,0,1,2,A,-,05,21650,1,N,D,G,A,A,H,-,A,D,0,NA,Y,NA,NA,Y,NA,L,04,0,0,1,0,0,0,1,0,0,-,-,NA,NA,LOS ANGELES,LOS ANGELES,-118.20507861,34.06653509
6710773,2014,2016-02-18,1900,2014-10-07,1600,524224,1332,2,5,5,1908,0,0,0,NA,0,133T2,CLARK AV,ROSECRANS AV,300,S,N,A,-,N,NA,NA,NA,NA,NA,NA,NA,NA,NA,N,2,0,1,2,A,-,09,21801,A,N,D,C,A,A,H,-,A,D,0,NA,NA,NA,NA,Y,NA,A,NA,1,0,0,0,0,0,0,0,0,-,-,NA,NA,LOS ANGELES,BELLFLOWER,-118.13407,33.90327741
6710775,2014,2015-01-07,1942,2014-11-09,1600,37611,0489,7,5,7,1942,0,0,0,D,0,13TL22,SOTO ST,8TH ST,0,NA,Y,A,-,N,NA,NA,NA,NA,NA,NA,NA,NA,NA,Y,4,0,1,2,A,-,09,21801,A,N,D,C,A,A,H,-,A,A,0,NA,NA,NA,NA,Y,NA,A,01,0,0,1,0,0,0,0,0,0,-,-,NA,NA,LOS ANGELES,LOS ANGELES,-118.21943003,34.02808008
6710778,2014,2015-01-06,1942,2014-10-29,1720,37306,1256,3,5,7,1942,0,0,0,L,0,0X4,FLORENCE AV,FLOWER ST,0,NA,Y,A,-,N,NA,NA,NA,NA,NA,NA,NA,NA,NA,N,3,0,1,2,A,-,08,22107,NA,N,D,C,A,A,H,-,A,A,0,NA,NA,NA,NA,Y,NA,A,01,0,1,0,0,0,0,0,0,0,-,-,NA,NA,LOS ANGELES,LOS ANGELES,-118.28126007,33.9746501
6710779,2014,2015-01-07,1942,2014-11-05,0800,40949,0467,3,5,7,1942,0,0,0,D,0,4XLL,1ST ST,FICKETT,0,NA,Y,A,-,N,NA,NA,NA,NA,NA,NA,NA,NA,NA,NA,3,0,1,1,A,-,03,22350,NA,N,H,A,A,A,A,-,A,D,0,NA,NA,NA,NA,Y,NA,-,99,0,1,0,0,0,0,0,0,0,-,-,NA,NA,LOS ANGELES,LOS ANGELES,-118.20730001,34.04262008
6710782,2014,2015-01-06,1942,2014-10-31,1640,38057,1265,5,5,7,1942,0,0,0,L,0,12A57,MANCHESTER AV,DENKER AV,0,NA,Y,A,-,N,NA,NA,NA,NA,NA,NA,NA,NA,NA,N,4,0,1,2,A,-,09,21801,A,N,A,C,A,A,H,-,A,A,0,NA,NA,NA,NA,Y,NA,A,01,0,0,1,0,0,0,0,0,0,-,-,NA,NA,LOS ANGELES,LOS ANGELES,-118.30465008,33.95999001
6710783,2014,2015-01-07,1942,2014-11-05,0750,37505,0453,3,5,7,1942,0,0,0,D,0,13TL53,CESAR CHAVEZ AV,ECHANDIA ST,5,W,N,A,-,N,NA,NA,NA,NA,NA,NA,NA,NA,NA,Y,4,0,1,2,A,-,09,21804,A,N,D,G,A,A,H,-,A,A,0,NA,Y,NA,NA,Y,NA,L,04,0,0,1,0,0,0,1,0,0,-,-,NA,NA,LOS ANGELES,LOS ANGELES,-118.21888,34.051755
6710786,2014,2015-01-06,1942,2014-10-30,1215,36268,1269,4,5,7,1942,0,0,0,L,0,12A73,WADSWORTH AV,80TH ST,0,NA,Y,A,-,N,NA,NA,NA,NA,NA,NA,NA,NA,NA,Y,4,0,1,2,A,-,03,22350,NA,F,D,C,A,A,H,-,A,D,0,NA,NA,NA,NA,Y,Y,-,99,0,0,1,0,0,0,0,0,0,-,-,NA,NA,LOS ANGELES,LOS ANGELES,-118.25862008,33.96650006
6710787,2014,2015-01-07,1942,2014-11-09,1925,39876,0448,7,5,7,1942,0,0,0,D,0,1TL11,VERDE ST,RICARDO ST,166,E,N,A,-,N,NA,NA,NA,NA,NA,NA,NA,NA,NA,N,3,0,1,3,A,-,03,22350,NA,N,C,E,A,A,H,-,C,D,0,NA,NA,NA,NA,Y,NA,A,01,0,1,0,0,0,0,0,0,0,-,-,NA,NA,LOS ANGELES,LOS ANGELES,-118.19919415,34.05705862
6710790,2014,2016-02-17,1942,2014-10-23,2210,37589,1255,4,5,7,1942,0,0,0,L,0,12A69,79TH ST,NORMANDIE AV,0,NA,Y,A,-,N,NA,NA,NA,NA,NA,NA,NA,NA,NA,N,4,0,2,2,A,-,09,21801,A,N,A,C,A,A,H,-,C,A,0,NA,NA,NA,NA,Y,NA,A,01,0,0,2,0,0,0,0,0,0,-,-,NA,NA,LOS ANGELES,LOS ANGELES,-118.30027011,33.9673001
6710791,2014,2015-01-07,1942,2014-11-05,1250,40581,1801,3,5,7,1942,0,0,0,R,0,18X38,93RD ST,VERMONT,2,E,N,A,-,N,NA,NA,NA,NA,NA,NA,NA,NA,NA,N,3,0,1,2,A,-,09,21804,A,N,D,G,A,A,-,-,A,-,0,NA,Y,NA,NA,Y,NA,L,04,0,1,0,0,0,0,1,0,0,-,-,NA,NA,LOS ANGELES,LOS ANGELES,-118.29155342,33.95186005
6710794,2014,2015-01-06,1942,2014-10-30,2145,40795,4212,4,5,7,1942,0,0,0,NA,0,12A69,SLAUSON,RT 110,60,E,N,A,-,Y,NA,NA,NA,NA,NA,NA,NA,NA,NA,Y,4,0,4,2,A,-,09,21804,A,N,B,C,A,A,H,-,C,A,0,NA,NA,NA,NA,Y,NA,A,01,0,0,4,0,0,0,0,0,0,-,-,NA,NA,LOS ANGELES,LOS ANGELES,-118.28067,33.98916
6710795,2014,2015-01-07,1942,2014-11-09,2300,38179,1849,7,5,7,1942,0,0,0,R,0,18A49,MONA AV,SANTA ANA,0,NA,Y,A,-,N,NA,NA,NA,NA,NA,NA,NA,NA,NA,N,2,0,1,2,A,-,12,22450,A,N,D,C,A,A,H,-,C,A,0,NA,NA,Y,NA,Y,NA,C,02,1,0,0,0,0,0,0,0,1,-,-,NA,NA,LOS ANGELES,LOS ANGELES,-118.23026002,33.9339901
6710798,2014,2016-03-22,1942,2014-10-31,0140,40761,NA,5,5,7,1942,0,0,0,NA,0,12A69,MANCHESTER AV,AVALON BL,0,NA,Y,A,-,N,NA,NA,NA,NA,NA,NA,NA,NA,NA,Y,3,0,3,2,A,-,12,21453,A,N,B,C,A,A,H,-,C,A,0,NA,NA,NA,NA,Y,NA,A,01,0,1,2,0,0,0,0,0,0,-,-,NA,NA,LOS ANGELES,LOS ANGELES,-118.26513003,33.96013012
6710799,2014,2015-01-07,1942,2014-11-06,0755,37437,1832,4,5,7,1942,0,0,0,R,0,25MQ29,107TH ST,MAIN ST,0,NA,Y,A,-,N,NA,NA,NA,NA,NA,NA,NA,NA,NA,N,3,0,2,3,A,-,10,21950,A,N,G,B,B,A,H,-,A,A,0,Y,NA,NA,NA,Y,NA,A,01,0,1,1,0,2,0,0,0,0,-,-,NA,NA,LOS ANGELES,LOS ANGELES,-118.27389004,33.9393201
6710801,2014,2015-01-06,1942,2014-10-28,1910,41527,0855,2,5,7,1942,0,0,0,H,0,8A29,VETERAN AV,MASSACHUSETTS AV,0,NA,Y,A,-,N,NA,NA,NA,NA,NA,NA,NA,NA,NA,N,4,0,1,2,A,-,09,21801,A,N,G,B,B,A,H,-,C,A,0,Y,NA,NA,NA,Y,NA,A,01,0,0,1,0,1,0,0,0,0,-,-,NA,NA,LOS ANGELES,LOS ANGELES,-118.44211,34.05120011
6710802,2014,2015-01-07,1900,2014-10-26,1050,491337,2619,7,5,6,1950,0,0,0,NA,0,262T1,10TH ST WEST,AVENUE N,0,NA,Y,A,-,N,NA,NA,NA,NA,NA,NA,NA,NA,NA,Y,4,0,3,2,A,-,12,21453,A,N,A,C,A,A,H,-,A,A,0,NA,NA,NA,NA,Y,NA,A,01,0,0,3,0,0,0,0,0,0,-,-,NA,NA,LOS ANGELES,PALMDALE,-118.1477,34.63121008