CASE_ID,ACCIDENT_YEAR,PROC_DATE,JURIS,COLLISION_DATE,COLLISION_TIME,OFFICER_ID,REPORTING_DISTRICT,DAY_OF_WEEK,CHP_SHIFT,POPULATION,CNTY_CITY_LOC,SPECIAL_COND,BEAT_TYPE,CHP_BEAT_TYPE,CITY_DIVISION_LAPD,CHP_BEAT_CLASS,BEAT_NUMBER,PRIMARY_RD,SECONDARY_RD,DISTANCE,DIRECTION,INTERSECTION,WEATHER_1,WEATHER_2,STATE_HWY_IND,CALTRANS_COUNTY,CALTRANS_DISTRICT,STATE_ROUTE,ROUTE_SUFFIX,POSTMILE_PREFIX,POSTMILE,LOCATION_TYPE,RAMP_INTERSECTION,SIDE_OF_HWY,TOW_AWAY,COLLISION_SEVERITY,NUMBER_KILLED,NUMBER_INJURED,PARTY_COUNT,PRIMARY_COLL_FACTOR,PCF_CODE_OF_VIOL,PCF_VIOL_CATEGORY,PCF_VIOLATION,PCF_VIOL_SUBSECTION,HIT_AND_RUN,TYPE_OF_COLLISION,MVIW,PED_ACTION,ROAD_SURFACE,ROAD_COND_1,ROAD_COND_2,LIGHTING,CONTROL_DEVICE,CHP_ROAD_TYPE,PEDESTRIAN_ACCIDENT,BICYCLE_ACCIDENT,MOTORCYCLE_ACCIDENT,TRUCK_ACCIDENT,NOT_PRIVATE_PROPERTY,ALCOHOL_INVOLVED,STWD_VEHTYPE_AT_FAULT,CHP_VEHTYPE_AT_FAULT,COUNT_SEVERE_INJ,COUNT_VISIBLE_INJ,COUNT_COMPLAINT_PAIN,COUNT_PED_KILLED,COUNT_PED_INJURED,COUNT_BICYCLIST_KILLED,COUNT_BICYCLIST_INJURED,COUNT_MC_KILLED,COUNT_MC_INJURED,PRIMARY_RAMP,SECONDARY_RAMP,LATITUDE,LONGITUDE,COUNTY,CITY,POINT_X,POINT_Y
6711602,2014,2015-01-12,1942,2014-11-23,1515,34458,0152,7,5,7,1942,0,0,0,A,0,4TL4,6TH ST,HOPE ST,0,NA,Y,A,-,N,NA,NA,NA,NA,NA,NA,NA,NA,NA,Y,3,0,1,2,A,-,08,22107,NA,N,B,C,A,A,H,-,A,A,0,NA,NA,NA,NA,Y,NA,A,01,0,1,0,0,0,0,0,0,0,-,-,NA,NA,LOS ANGELES,LOS ANGELES,-118.25637001,34.04946003
6711606,2014,2015-01-12,1942,2014-11-21,0750,37505,0245,5,5,7,1942,0,0,0,B,0,13T53,3RD ST,CARONDELET ST,0,NA,Y,A,-,N,NA,NA,NA,NA,NA,NA,NA,NA,NA,N,4,0,1,2,A,-,-,NA,NA,N,D,B,C,A,H,-,A,A,0,Y,NA,NA,NA,Y,NA,A,01,0,0,1,0,0,0,0,0,0,-,-,NA,NA,LOS ANGELES,LOS ANGELES,-118.27681002,34.06504004
6711610,2014,2015-01-12,1942,2014-11-19,1800,40996,0111,3,5,7,1942,0,0,0,A,0,1A2W5,ALAMEDA ST,MAIN ST,0,NA,Y,A,-,N,NA,NA,NA,NA,NA,NA,NA,NA,NA,Y,4,0,1,2,A,-,12,21453,A,N,A,C,A,A,H,-,C,A,0,NA,NA,NA,NA,Y,NA,A,07,0,0,1,0,0,0,0,0,0,-,-,NA,NA,LOS ANGELES,LOS ANGELES,-118.23690004,34.05898008
6711614,2014,2015-01-12,1942,2014-11-20,1945,38050,0182,4,5,7,1942,0,0,0,A,0,1T11,FIGUEROA ST,OLYMPIC BL,185,N,N,A,-,N,NA,NA,NA,NA,NA,NA,NA,NA,NA,N,3,0,1,2,A,-,17,21657,NA,N,D,G,A,A,H,-,C,D,0,NA,Y,NA,NA,Y,NA,L,04,0,1,0,0,0,0,1,0,0,-,-,NA,NA,LOS ANGELES,LOS ANGELES,-118.26360166,34.04536769
6711618,2014,2016-03-01,1942,2014-11-23,1210,31152,0201,7,5,7,1942,0,0,0,B,0,11TL25,SANTA MONICA BL,VERMONT AV,80,W,N,A,-,N,NA,NA,NA,NA,NA,NA,NA,NA,NA,N,4,0,1,2,A,-,03,22350,NA,F,C,C,A,A,H,-,A,D,0,NA,NA,NA,NA,Y,NA,-,NA,0,0,1,0,0,0,0,0,0,-,-,NA,NA,LOS ANGELES,LOS ANGELES,-118.29199371,34.09087
6711621,2014,2015-01-09,1942,2014-11-06,0020,41004,1232,4,5,7,1942,0,0,0,L,0,3A1,SLAUSON AV,CRENSHAW BL,0,NA,Y,A,-,N,NA,NA,NA,NA,NA,NA,NA,NA,NA,Y,4,0,2,3,C,-,18,NA,NA,N,C,C,A,A,H,-,C,A,0,NA,NA,NA,NA,Y,NA,-,-,0,0,2,0,0,0,0,0,0,-,-,NA,NA,LOS ANGELES,LOS ANGELES,-118.33091006,33.98901001
6711622,2014,2015-03-25,1942,2014-11-19,0830,41830,1317,3,5,7,1942,0,0,0,M,0,13A9,LONG BEACH BL,WASHINGTON BL,75,S,N,A,-,N,NA,NA,NA,NA,NA,NA,NA,NA,NA,N,4,0,3,4,A,-,03,22350,NA,N,A,C,A,A,H,-,A,A,0,NA,NA,NA,NA,Y,NA,A,07,0,0,3,0,0,0,0,0,0,-,-,NA,NA,LOS ANGELES,LOS ANGELES,-118.24318,34.02038432
6711625,2014,2015-01-22,1942,2014-11-02,0105,39045,0663,7,5,7,1942,0,0,0,F,0,06A66,HIGHLAND,SANTA MONICA,60,S,N,A,-,N,NA,NA,NA,NA,NA,NA,NA,NA,NA,N,3,0,1,2,A,-,11,21954,A,N,G,B,E,A,H,-,C,A,0,Y,NA,NA,NA,Y,NA,A,01,0,1,0,0,1,0,0,0,0,-,-,NA,NA,LOS ANGELES,LOS ANGELES,-118.3386,34.09053544
6711626,2014,2015-01-12,1942,2014-11-19,1445,36238,1395,3,5,7,1942,0,0,0,M,0,4T6,GAGE AV,MCKINLEY AV,10,E,N,A,-,N,NA,NA,NA,NA,NA,NA,NA,NA,NA,Y,4,0,1,5,A,-,07,21658,A,N,B,C,A,A,H,-,A,D,0,NA,NA,NA,NA,Y,NA,A,07,0,0,1,0,0,0,0,0,0,-,-,NA,NA,LOS ANGELES,LOS ANGELES,-118.26140708,33.98201
6711630,2014,2015-01-12,1942,2014-11-20,1920,39639,0237,4,5,7,1942,0,0,0,B,0,4T43,LOMA DR,BEVERLY BL,0,NA,Y,B,-,N,NA,NA,NA,NA,NA,NA,NA,NA,NA,N,3,0,1,2,A,-,10,21950,A,N,A,B,B,A,H,-,C,A,0,Y,NA,NA,NA,Y,NA,A,07,0,1,0,0,1,0,0,0,0,-,-,NA,NA,LOS ANGELES,LOS ANGELES,-118.26311005,34.06342011
6711634,2014,2015-01-12,1942,2014-11-20,1745,34458,1309,4,5,7,1942,0,0,0,M,0,4TL4,WASHINGTON BL,ALAMEDA ST,145,E,N,A,-,N,NA,NA,NA,NA,NA,NA,NA,NA,NA,NA,4,0,1,2,A,-,21,22106,NA,F,D,C,A,A,H,-,C,A,0,NA,NA,NA,NA,Y,NA,-,99,0,0,1,0,0,0,0,0,0,-,-,NA,NA,LOS ANGELES,LOS ANGELES,-118.23908133,34.01985929
6711638,2014,2015-01-12,1942,2014-11-23,1525,33452,1352,7,5,7,1942,0,0,0,M,0,2T24,VERNON AV,AVALON AV,80,E,N,A,-,N,NA,NA,NA,NA,NA,NA,NA,NA,NA,N,4,0,2,2,A,-,03,22350,NA,F,C,C,A,A,H,-,A,D,0,NA,NA,NA,NA,Y,NA,-,99,0,0,2,0,0,0,0,0,0,-,-,NA,NA,LOS ANGELES,LOS ANGELES,-118.26500656,34.00387
6711641,2014,2015-01-09,1942,2014-11-14,1600,40157,0884,5,5,7,1942,0,0,0,H,0,8TL26,PICO BL,GREENFIELD AV,294,E,N,A,-,N,NA,NA,NA,NA,NA,NA,NA,NA,NA,Y,4,0,1,2,A,-,09,21801,A,N,A,C,A,A,H,-,A,D,0,NA,NA,NA,NA,Y,NA,A,01,0,0,1,0,0,0,0,0,0,-,-,NA,NA,LOS ANGELES,LOS ANGELES,-118.43151231,34.03871477
6711642,2014,2015-01-12,1942,2014-11-22,1530,36238,1346,6,5,7,1942,0,0,0,M,0,4TL6,ASCOT AV,43RD ST,60,N,N,A,-,N,NA,NA,NA,NA,NA,NA,NA,NA,NA,N,3,0,2,4,A,-,11,21954,A,F,G,B,D,A,H,-,A,D,0,Y,NA,NA,NA,Y,NA,N,60,0,1,1,0,2,0,0,0,0,-,-,NA,NA,LOS ANGELES,LOS ANGELES,-118.24978016,34.00574372
6711645,2014,2015-01-09,1942,2014-11-17,0705,36083,0889,1,5,7,1942,0,0,0,H,0,7T23,GUTHRIE AV,ROBERTSON BL,173,E,N,A,-,N,NA,NA,NA,NA,NA,NA,NA,NA,NA,N,4,0,1,2,A,-,09,21804,A,N,D,C,A,A,H,-,A,D,0,NA,NA,NA,NA,Y,NA,A,01,0,0,1,0,0,0,0,0,0,-,-,NA,NA,LOS ANGELES,LOS ANGELES,-118.38678577,34.04218915
6711646,2014,2015-01-12,1942,2014-11-16,1000,30380,1353,7,5,7,1942,0,0,0,M,0,4TL43,S CENTRAL AV,E VERNON AV,0,NA,Y,A,-,N,NA,NA,NA,NA,NA,NA,NA,NA,NA,N,3,0,1,2,A,-,12,21453,A,N,A,G,A,A,H,-,A,A,0,NA,Y,NA,NA,Y,NA,L,04,0,1,0,0,0,0,1,0,0,-,-,NA,NA,LOS ANGELES,LOS ANGELES,-118.25649004,34.00393001
6711649,2014,2015-01-09,1942,2014-11-13,2210,41578,0896,4,5,7,1942,0,0,0,H,0,8A34,SHELBY DR,NATIONAL BL,5,N,N,C,-,N,NA,NA,NA,NA,NA,NA,NA,NA,NA,N,4,0,1,2,A,-,10,21950,A,F,G,B,B,B,H,-,C,D,0,Y,NA,NA,NA,Y,NA,-,99,0,0,1,0,1,0,0,0,0,-,-,NA,NA,LOS ANGELES,LOS ANGELES,-118.40171669,34.03092253
6711650,2014,2015-01-09,1942,2014-11-23,2000,39184,0491,7,5,7,1942,0,0,0,D,0,2TL15,WASHINGTON BL,S SOTO ST,0,NA,Y,A,-,N,NA,NA,NA,NA,NA,NA,NA,NA,NA,Y,3,0,3,2,A,-,09,21801,A,N,D,C,A,A,H,-,C,A,0,NA,NA,NA,NA,Y,NA,A,07,0,2,1,0,0,0,0,0,0,-,-,NA,NA,LOS ANGELES,LOS ANGELES,-118.22004999,34.01729011
6711653,2014,2015-01-09,1942,2014-11-15,1715,40690,1444,6,5,7,1942,0,0,0,N,0,14QL19,LINCOLN BL,JEFFERSON WY,0,NA,Y,A,-,N,NA,NA,NA,NA,NA,NA,NA,NA,NA,Y,4,0,1,3,A,-,04,21703,NA,F,C,C,A,A,H,-,C,A,0,NA,NA,NA,NA,Y,NA,A,01,0,0,1,0,0,0,0,0,0,-,-,NA,NA,LOS ANGELES,LOS ANGELES,-118.44557,33.98809002
6711654,2014,2015-01-12,1942,2014-11-18,0800,41019,1141,2,5,7,1942,0,0,0,K,0,11T25,BERENDO ST,FINLEY AV,0,NA,Y,A,-,N,NA,NA,NA,NA,NA,NA,NA,NA,NA,N,4,0,1,2,A,-,09,21802,A,N,D,C,A,A,H,-,A,A,0,NA,NA,NA,NA,Y,NA,A,01,0,0,1,0,0,0,0,0,0,-,-,NA,NA,LOS ANGELES,LOS ANGELES,-118.29402002,34.10767006
6711657,2014,2015-01-09,1942,2014-11-15,1530,R2138,0642,6,5,7,1942,0,0,0,F,0,6T2W4,SUNSET BL,SIERRA BONITA AV,0,NA,Y,A,-,N,NA,NA,NA,NA,NA,NA,NA,NA,NA,N,2,0,1,2,A,-,06,21951,NA,N,G,B,B,A,H,-,A,D,0,Y,NA,NA,NA,Y,NA,A,01,1,0,0,0,1,0,0,0,0,-,-,NA,NA,LOS ANGELES,LOS ANGELES,-118.35394011,34.09803004
6711658,2014,2015-03-25,1942,2014-11-20,0905,32996,0471,4,5,7,1942,0,0,0,D,0,13TL55,4TH ST,CLARENCE ST,0,NA,Y,A,-,N,NA,NA,NA,NA,NA,NA,NA,NA,NA,Y,4,0,2,2,A,-,09,21801,A,F,D,C,A,A,H,-,A,A,0,NA,NA,NA,NA,Y,NA,A,08,0,0,2,0,0,0,0,0,0,-,-,NA,NA,LOS ANGELES,LOS ANGELES,-118.22371009,34.04268001
6711661,2014,2015-01-09,1942,2014-11-06,0300,39022,2002,4,5,7,1942,0,0,0,NA,0,7T23,BEVERLY BL,WESTERN AV,0,NA,Y,A,-,N,NA,NA,NA,NA,NA,NA,NA,NA,NA,N,4,0,1,2,A,-,12,21453,A,F,D,C,A,A,H,-,C,A,0,NA,NA,NA,NA,Y,NA,-,99,0,0,1,0,0,0,0,0,0,-,-,NA,NA,LOS ANGELES,LOS ANGELES,-118.30915006,34.07626008
6711662,2014,2016-02-18,1942,2014-11-19,0720,38399,0469,3,5,7,1942,0,0,0,D,0,4T43,INDIANA AV,4TH ST,0,NA,Y,A,-,N,NA,NA,NA,NA,NA,NA,NA,NA,NA,Y,4,0,1,3,A,-,09,21802,A,N,D,C,A,A,B,-,A,A,0,NA,NA,NA,NA,Y,NA,A,01,0,0,1,0,0,0,0,0,0,-,-,NA,NA,LOS ANGELES,LOS ANGELES,-118.47241007,33.99457001
6711663,2014,2015-01-08,1900,2014-11-15,2330,524507,0531,6,5,5,1959,0,0,0,NA,0,53T1EM,TEMPLE CITY BL,GUESS ST,0,NA,Y,A,-,N,NA,NA,NA,NA,NA,NA,NA,NA,NA,N,4,0,1,2,A,-,12,22450,A,M,B,C,A,A,H,-,C,A,0,NA,NA,NA,NA,Y,NA,A,08,0,0,1,0,0,0,0,0,0,-,-,NA,NA,LOS ANGELES,ROSEMEAD,-118.05862005,34.07842004
6711665,2014,2015-01-09,1942,2014-11-14,0610,25495,1479,5,5,7,1942,0,0,0,N,0,7TL23,FLORENCE AV,MANCHESTER AV,5,N,N,A,-,N,NA,NA,NA,NA,NA,NA,NA,NA,NA,N,4,0,1,2,A,-,10,21950,A,F,G,B,B,A,H,-,C,A,0,Y,NA,NA,NA,Y,NA,-,99,0,0,1,0,1,0,0,0,0,-,-,NA,NA,LOS ANGELES,LOS ANGELES,-118.37705886,33.95991368
6711666,2014,2015-01-09,1942,2014-11-19,1000,31152,1141,3,5,7,1942,0,0,0,K,0,11TL5,LOS FELIZ BL,EDGEMONT ST,80,E,N,A,-,N,NA,NA,NA,NA,NA,NA,NA,NA,NA,Y,4,0,1,2,A,-,21,22106,NA,N,C,C,A,A,H,-,A,D,0,NA,NA,NA,NA,Y,NA,A,07,0,0,1,0,0,0,0,0,0,-,-,NA,NA,LOS ANGELES,LOS ANGELES,-118.29728225,34.11009662
6711669,2014,2015-01-09,1942,2014-11-14,2330,25495,2081,5,5,7,1942,0,0,0,NA,0,7TL23,CIMARRON ST,18TH ST,8,S,N,A,-,N,NA,NA,NA,NA,NA,NA,NA,NA,NA,N,4,0,1,2,A,-,10,21950,A,F,G,B,B,A,H,-,C,A,0,Y,NA,NA,NA,Y,NA,-,99,0,0,1,0,1,0,0,0,0,-,-,NA,NA,LOS ANGELES,LOS ANGELES,-118.31545975,34.04167806
6711670,2014,2015-01-09,1942,2014-11-07,1555,33640,1283,5,5,7,1942,0,0,0,L,0,12A3,92ND ST,N DENKER AV,0,NA,Y,A,-,N,NA,NA,NA,NA,NA,NA,NA,NA,NA,N,4,0,1,2,A,-,10,21950,A,N,G,B,B,A,H,-,A,D,0,Y,NA,NA,NA,Y,NA,A,01,0,0,1,0,1,0,0,0,0,-,-,NA,NA,LOS ANGELES,LOS ANGELES,-118.30467005,33.95271002
6711671,2014,2016-02-17,1900,2014-11-08,1536,526387,0522,6,5,4,1971,0,0,0,NA,0,52T1PM,RT 164,LAS TUNAS DR,0,S,N,A,-,N,NA,NA,NA,NA,NA,NA,NA,NA,NA,Y,3,0,1,2,A,-,03,22350,NA,N,D,C,A,A,H,-,A,A,0,NA,NA,Y,NA,Y,NA,C,02,0,1,0,0,0,0,0,0,1,-,-,NA,NA,LOS ANGELES,TEMPLE CITY,-118.07367,34.103674
6711673,2014,2015-01-09,1942,2014-11-14,2030,38088,1436,5,5,7,1942,0,0,0,N,0,14A25,SEPULVEDA,VENICE,0,NA,Y,A,-,N,NA,NA,NA,NA,NA,NA,NA,NA,NA,Y,4,0,1,2,A,-,09,21801,A,N,H,C,A,A,H,-,C,A,0,NA,NA,NA,NA,Y,NA,A,01,0,0,1,0,0,0,0,0,0,-,-,NA,NA,LOS ANGELES,LOS ANGELES,-118.41725,34.01298004
6711674,2014,2015-01-09,1942,2014-11-05,2200,37306,1268,3,5,7,1942,0,0,0,L,0,XL9,MANCHESTER BL,WALL ST,0,NA,Y,A,-,N,NA,NA,NA,NA,NA,NA,NA,NA,NA,N,4,0,1,2,A,-,08,22100,A,N,C,C,A,A,H,-,C,A,0,NA,NA,NA,NA,Y,NA,A,01,0,0,1,0,0,0,0,0,0,-,-,NA,NA,LOS ANGELES,LOS ANGELES,-118.27169001,33.96010002
6711677,2014,2015-01-09,1942,2014-11-14,2135,39611,1469,5,5,7,1942,0,0,0,N,0,14A67,CENTINELA,LA TIJERA,15,E,N,B,-,N,NA,NA,NA,NA,NA,NA,NA,NA,NA,N,4,0,1,2,A,-,03,22350,NA,F,G,B,B,A,H,-,C,A,0,Y,NA,NA,NA,Y,NA,-,99,0,0,1,0,1,0,0,0,0,-,-,NA,NA,LOS ANGELES,LOS ANGELES,-118.37178075,33.97731308
6711678,2014,2016-02-17,1942,2014-11-03,1250,24095,1283,1,5,7,1942,0,0,0,L,0,125L73,WESTERN AV,CENTURY,0,NA,Y,A,-,N,NA,NA,NA,NA,NA,NA,NA,NA,NA,Y,3,0,5,3,A,-,12,21453,A,N,D,C,A,A,H,-,A,A,0,NA,NA,NA,NA,Y,NA,A,01,0,1,4,0,0,0,0,0,0,-,-,NA,NA,LOS ANGELES,LOS ANGELES,-118.30903014,33.94545005
6712016,2014,2015-06-27,1942,2014-11-23,0220,39876,1391,7,5,7,1942,0,0,0,M,0,2T15,FLORENCE AV,BROADWAY,0,NA,Y,A,-,N,NA,NA,NA,NA,NA,NA,NA,NA,NA,Y,4,0,1,1,A,-,01,23152,A,N,E,I,A,A,H,-,C,A,0,NA,NA,NA,NA,Y,Y,A,01,0,0,1,0,0,0,0,0,0,-,-,NA,NA,LOS ANGELES,LOS ANGELES,-118.27833007,33.97466012
6712108,2014,2015-01-15,1976,2014-11-17,1853,744,NA,1,5,3,1964,0,0,0,NA,0,NA,SLAUSON AV,SORENSON AV,22,W,N,A,-,N,NA,NA,NA,NA,NA,NA,NA,NA,NA,N,4,0,1,2,A,-,21,22106,NA,N,H,C,A,A,H,-,C,A,0,NA,NA,NA,NA,Y,NA,D,22,0,0,1,0,0,0,0,0,0,-,-,NA,NA,LOS ANGELES,SANTA FE SPRINGS,-118.06049208,33.96359104
6712144,2014,2015-01-15,1922,2014-11-18,1750,607,NA,2,5,6,1922,0,0,0,NA,0,NA,VALLEY BL,ROCKWALL ST,150,E,N,A,-,N,NA,NA,NA,NA,NA,NA,NA,NA,NA,Y,4,0,2,3,D,-,00,NA,NA,N,C,C,A,A,H,-,C,D,0,NA,NA,NA,NA,Y,NA,-,-,0,0,2,0,0,0,0,0,0,-,-,NA,NA,LOS ANGELES,EL MONTE,-118.04928326,34.07757404
6712148,2014,2015-01-15,1922,2014-11-27,2059,505,NA,4,5,6,1922,0,0,0,NA,0,NA,VALLEY BL,JOHNSON AV,75,E,N,A,-,N,NA,NA,NA,NA,NA,NA,NA,NA,NA,Y,3,0,1,1,C,-,18,NA,NA,N,E,I,A,A,H,-,C,D,0,NA,NA,NA,NA,Y,NA,-,-,0,1,0,0,0,0,0,0,0,-,-,NA,NA,LOS ANGELES,EL MONTE,-118.03095946,34.0710696
6712163,2014,2014-12-04,1942,2014-08-23,2045,38304,1838,6,5,7,1942,0,0,0,R,0,18A35,WILMINGTON AV,107TH ST,30,N,N,A,-,N,NA,NA,NA,NA,NA,NA,NA,NA,NA,N,3,0,1,2,A,-,11,21954,A,N,G,B,D,A,H,-,C,D,0,Y,NA,NA,NA,Y,NA,N,60,0,1,0,0,1,0,0,0,0,-,-,NA,NA,LOS ANGELES,LOS ANGELES,-118.23903813,33.93903226
6712168,2014,2014-12-05,1942,2014-08-15,1910,33757,2071,5,5,7,1942,0,0,0,NA,0,20T59,VAN NESS AV,VENICE BL,120,N,N,A,-,N,NA,NA,NA,NA,NA,NA,NA,NA,NA,N,3,0,1,2,A,-,09,21804,A,N,H,G,A,A,H,-,C,D,0,NA,Y,NA,NA,Y,NA,L,04,0,1,0,0,0,0,1,0,0,-,-,NA,NA,LOS ANGELES,LOS ANGELES,-118.31642,34.04356
6712171,2014,2014-12-04,1942,2014-08-22,1630,37634,1846,5,5,7,1942,0,0,0,R,0,18X36,COMPTON,115TH ST,40,S,N,B,-,N,NA,NA,NA,NA,NA,NA,NA,NA,NA,N,4,0,2,2,A,-,03,22350,NA,F,B,C,A,A,H,-,A,D,0,NA,NA,NA,NA,Y,NA,-,99,0,0,2,0,0,0,0,0,0,-,-,NA,NA,LOS ANGELES,LOS ANGELES,-118.24629663,33.93018034
6712172,2014,2014-12-05,1942,2014-08-31,1120,38310,2025,7,5,7,1942,0,0,0,NA,0,6T7,6TH ST,MARIPOSA AV,160,E,N,A,-,N,NA,NA,NA,NA,NA,NA,NA,NA,NA,N,4,0,1,2,A,-,03,22350,NA,F,C,C,A,A,H,-,A,D,0,NA,NA,NA,NA,Y,NA,-,99,0,0,1,0,0,0,0,0,0,-,-,NA,NA,LOS ANGELES,LOS ANGELES,-118.29865274,34.06361
6712175,2014,2014-12-04,1942,2014-08-21,0930,38265,1839,4,5,7,1942,0,0,0,R,0,18X46,103RD ST,JUNIPER ST,0,NA,Y,A,-,N,NA,NA,NA,NA,NA,NA,NA,NA,NA,N,4,0,1,2,A,-,06,21751,NA,N,B,G,A,A,H,-,A,D,0,NA,Y,NA,NA,Y,NA,-,NA,0,0,1,0,0,0,1,0,0,-,-,NA,NA,LOS ANGELES,LOS ANGELES,-118.23281012,33.94312001
6712179,2014,2014-12-04,1942,2014-08-23,2020,40975,SOE,6,5,7,1942,0,0,0,NA,0,1802,BROADWAY,92ND ST,0,NA,Y,A,-,N,NA,NA,NA,NA,NA,NA,NA,NA,NA,N,3,0,1,3,A,-,03,22350,NA,F,B,B,D,A,H,-,C,A,0,Y,NA,NA,NA,Y,Y,-,99,0,1,0,0,1,0,0,0,0,-,-,NA,NA,LOS ANGELES,LOS ANGELES,-118.278212,33.952786
6712183,2014,2014-12-04,1942,2014-08-21,1525,39521,1844,4,5,7,1942,0,0,0,R,0,18A63,IMPERIAL HWY,CLOVIS AV,0,NA,Y,A,-,N,NA,NA,NA,NA,NA,NA,NA,NA,NA,N,3,0,3,2,A,-,09,21801,A,N,A,C,A,A,H,-,A,D,0,NA,NA,NA,NA,Y,NA,A,01,0,3,0,0,0,0,0,0,0,-,-,NA,NA,LOS ANGELES,LOS ANGELES,-118.25654011,33.92955006
6712194,2014,2014-12-29,1920,2014-10-27,1756,11792,1920,1,5,6,1920,0,0,0,NA,0,001,LAKEWOOD BL,FIRESTONE BL,0,NA,Y,A,-,N,NA,NA,NA,NA,NA,NA,NA,NA,NA,Y,3,0,2,2,A,-,08,22107,NA,N,D,C,A,A,H,-,A,A,0,NA,NA,NA,NA,Y,NA,A,NA,0,1,1,0,0,0,0,0,0,-,-,NA,NA,LOS ANGELES,DOWNEY,-118.12402003,33.93553004
6712202,2014,2014-12-29,1920,2014-10-26,0029,12323,NA,7,5,6,1920,0,0,0,NA,0,003,PARAMOUNT BL,FLORENCE AV,48,N,N,A,-,N,NA,NA,NA,NA,NA,NA,NA,NA,NA,N,4,0,1,2,A,-,01,23152,A,N,D,C,A,A,H,-,C,A,0,NA,NA,NA,NA,Y,Y,A,01,0,0,1,0,0,0,0,0,0,-,-,NA,NA,LOS ANGELES,DOWNEY,-118.12996629,33.95366162
6712206,2014,2014-12-29,1920,2014-10-17,2324,12323,NA,5,5,6,1920,0,0,0,NA,0,005,GALLATIN RD,PARAMOUNT BL,30,E,N,A,-,N,NA,NA,NA,NA,NA,NA,NA,NA,NA,Y,4,0,1,2,A,-,01,23152,A,N,C,C,A,A,H,-,C,A,0,NA,NA,NA,NA,Y,Y,A,01,0,0,1,0,0,0,0,0,0,-,-,NA,NA,LOS ANGELES,DOWNEY,-118.12313262,33.96216306
6712210,2014,2014-12-29,1920,2014-10-20,1650,12035,NA,1,5,6,1920,0,0,0,NA,0,005,7TH ST,DOWNEY AV,0,NA,Y,A,-,N,NA,NA,NA,NA,NA,NA,NA,NA,NA,Y,4,0,1,2,A,-,12,22450,A,N,D,C,A,A,H,-,A,A,0,NA,NA,NA,NA,Y,NA,A,01,0,0,1,0,0,0,0,0,0,-,-,NA,NA,LOS ANGELES,DOWNEY,-118.12948006,33.94628004
6712219,2014,2014-12-04,1942,2014-08-01,1640,34675,1263,5,5,7,1942,0,0,0,L,0,12A49,MANCHESTER AV,SAINT ANDREWS PL,0,NA,Y,A,-,N,NA,NA,NA,NA,NA,NA,NA,NA,NA,Y,4,0,1,2,A,-,09,21801,A,N,D,C,A,A,H,-,A,A,0,NA,NA,NA,NA,Y,NA,-,NA,0,0,1,0,0,0,0,0,0,-,-,NA,NA,LOS ANGELES,LOS ANGELES,-118.31120007,33.95996009
6712231,2014,2014-12-04,1942,2014-08-05,1600,37961,1249,2,5,7,1942,0,0,0,L,0,12A15,GAGE AV,HOOVER ST,150,E,N,A,-,N,NA,NA,NA,NA,NA,NA,NA,NA,NA,N,4,0,2,2,A,-,08,22103,NA,N,D,C,A,A,H,-,A,D,0,NA,NA,NA,NA,Y,NA,A,01,0,0,2,0,0,0,0,0,0,-,-,NA,NA,LOS ANGELES,LOS ANGELES,-118.28661713,33.98240694
6712245,2014,2014-12-30,1955,2014-10-16,1602,41871,14,4,5,6,1955,0,0,0,NA,0,003,EAST END AV,PASADENA AV,250,N,N,A,-,N,NA,NA,NA,NA,NA,NA,NA,NA,NA,N,2,0,1,2,A,-,11,21954,A,N,G,B,D,A,H,-,A,A,0,Y,NA,NA,NA,Y,NA,N,60,1,0,0,0,1,0,0,0,0,-,-,NA,NA,LOS ANGELES,POMONA,-117.72392426,34.06500522
6712249,2014,2014-12-30,1955,2014-10-06,0842,42014,45,1,5,6,1955,0,0,0,NA,0,001,W ORANGE GROVE AV,WEBER,431,W,N,A,-,N,NA,NA,NA,NA,NA,NA,NA,NA,NA,Y,4,0,1,2,A,-,09,21804,NA,N,D,C,A,A,H,-,A,A,0,NA,NA,NA,NA,Y,NA,A,01,0,0,1,0,0,0,0,0,0,-,-,NA,NA,LOS ANGELES,POMONA,-117.77415778,34.06550549
6712253,2014,2014-12-30,1900,2014-10-31,2245,515583,1432,5,5,4,1937,0,0,0,NA,0,143T2,HACIENDA BL,MAPLEGROVE AV,20,N,N,C,-,N,NA,NA,NA,NA,NA,NA,NA,NA,NA,N,4,0,1,2,A,-,03,22350,NA,N,C,C,A,B,H,-,C,A,0,NA,NA,NA,NA,Y,NA,A,01,0,0,1,0,0,0,0,0,0,-,-,NA,NA,LOS ANGELES,LA PUENTE,-117.94889883,34.04585831
6712257,2014,2014-12-30,1900,2014-10-29,1914,196195,1415,3,5,1,1932,0,0,0,NA,0,141T5,GALE AV,JOHN REED CT,77,E,N,A,-,N,NA,NA,NA,NA,NA,NA,NA,NA,NA,Y,4,0,2,2,A,-,03,22350,NA,N,C,C,A,A,H,-,C,D,0,NA,NA,NA,NA,Y,NA,A,01,0,0,2,0,0,0,0,0,0,-,-,NA,NA,LOS ANGELES,INDUSTRY,-117.93962802,34.00229494
6712261,2014,2015-01-08,1900,2014-10-31,0720,270471,1432,5,5,4,1937,0,0,0,NA,0,143T1D,CALIFORNIA AV,FRANCISQUITO AV,111,S,N,A,-,N,NA,NA,NA,NA,NA,NA,NA,NA,NA,Y,3,0,1,2,A,-,12,21453,A,N,E,I,A,A,H,-,A,A,0,NA,NA,NA,NA,Y,NA,A,01,0,1,0,0,0,0,0,0,0,-,-,NA,NA,LOS ANGELES,LA PUENTE,-117.94963065,34.05013091