CASE_ID,ACCIDENT_YEAR,PROC_DATE,JURIS,COLLISION_DATE,COLLISION_TIME,OFFICER_ID,REPORTING_DISTRICT,DAY_OF_WEEK,CHP_SHIFT,POPULATION,CNTY_CITY_LOC,SPECIAL_COND,BEAT_TYPE,CHP_BEAT_TYPE,CITY_DIVISION_LAPD,CHP_BEAT_CLASS,BEAT_NUMBER,PRIMARY_RD,SECONDARY_RD,DISTANCE,DIRECTION,INTERSECTION,WEATHER_1,WEATHER_2,STATE_HWY_IND,CALTRANS_COUNTY,CALTRANS_DISTRICT,STATE_ROUTE,ROUTE_SUFFIX,POSTMILE_PREFIX,POSTMILE,LOCATION_TYPE,RAMP_INTERSECTION,SIDE_OF_HWY,TOW_AWAY,COLLISION_SEVERITY,NUMBER_KILLED,NUMBER_INJURED,PARTY_COUNT,PRIMARY_COLL_FACTOR,PCF_CODE_OF_VIOL,PCF_VIOL_CATEGORY,PCF_VIOLATION,PCF_VIOL_SUBSECTION,HIT_AND_RUN,TYPE_OF_COLLISION,MVIW,PED_ACTION,ROAD_SURFACE,ROAD_COND_1,ROAD_COND_2,LIGHTING,CONTROL_DEVICE,CHP_ROAD_TYPE,PEDESTRIAN_ACCIDENT,BICYCLE_ACCIDENT,MOTORCYCLE_ACCIDENT,TRUCK_ACCIDENT,NOT_PRIVATE_PROPERTY,ALCOHOL_INVOLVED,STWD_VEHTYPE_AT_FAULT,CHP_VEHTYPE_AT_FAULT,COUNT_SEVERE_INJ,COUNT_VISIBLE_INJ,COUNT_COMPLAINT_PAIN,COUNT_PED_KILLED,COUNT_PED_INJURED,COUNT_BICYCLIST_KILLED,COUNT_BICYCLIST_INJURED,COUNT_MC_KILLED,COUNT_MC_INJURED,PRIMARY_RAMP,SECONDARY_RAMP,LATITUDE,LONGITUDE,COUNTY,CITY,POINT_X,POINT_Y
6713146,2014,2014-12-15,9525,2014-08-29,1300,020719,NA,5,1,9,1900,0,2,4,NA,2,032,VALLEY BL,SUZANNE RD,532,W,N,A,-,N,NA,NA,NA,NA,NA,NA,NA,NA,NA,Y,4,0,1,2,A,-,03,22350,NA,N,C,E,A,A,H,-,A,D,0,NA,NA,NA,NA,Y,NA,D,22,0,0,1,0,0,0,0,0,0,-,-,34.01686,-117.84791,LOS ANGELES,UNINCORPORATED,-117.84794053,34.01703896
6713149,2014,2014-12-09,9525,2014-08-21,2000,017867,NA,4,2,9,1900,0,3,5,NA,2,004,9TH ST,VALLEY BL,504,S,N,A,-,N,NA,NA,NA,NA,NA,NA,NA,NA,NA,Y,3,0,1,2,A,-,03,22350,NA,N,D,C,A,A,H,-,C,D,0,NA,NA,Y,NA,Y,NA,C,02,0,1,0,0,0,0,0,0,1,-,-,34.02927,-117.96854,LOS ANGELES,UNINCORPORATED,-118.1331065,34.07660799
6713155,2014,2016-05-24,9525,2014-08-19,0845,12772,NA,2,1,5,1906,0,1,1,NA,2,103,RT 10,BALDWIN PARK BL,100,W,N,B,-,Y,LA,7,10,-,-,32.2,H,-,W,Y,4,0,1,3,A,-,03,22350,NA,N,C,C,A,A,H,-,A,D,1,NA,NA,NA,NA,Y,NA,D,22,0,0,1,0,0,0,0,0,0,-,-,34.06763,-117.98323,LOS ANGELES,BALDWIN PARK,-117.98205347,34.06757376
6713156,2014,2014-12-15,9525,2014-08-15,0750,014971,NA,5,1,9,1900,0,2,4,NA,2,022,CYPRESS ST,VINCENT AV,0,NA,Y,A,-,N,NA,NA,NA,NA,NA,NA,NA,NA,NA,Y,3,0,3,3,A,-,12,21453,A,N,D,C,A,A,H,-,A,A,0,NA,NA,NA,NA,Y,NA,A,07,0,1,2,0,0,0,0,0,0,-,-,34.0959,-117.92539,LOS ANGELES,UNINCORPORATED,-117.92542001,34.09593001
6713157,2014,2016-05-24,9525,2014-08-17,2035,019966,NA,7,2,6,1975,0,1,1,NA,2,106,RT 10,AZUSA AV,5280,W,N,A,-,Y,LA,7,10,-,-,36.39,H,-,E,Y,3,0,3,3,A,-,03,22350,NA,N,C,C,A,A,H,-,C,D,1,NA,NA,NA,NA,Y,NA,A,07,0,1,2,0,0,0,0,0,0,-,-,34.07208,-117.91317,LOS ANGELES,WEST COVINA,-117.90949394,34.07207274
6713164,2014,2016-06-08,9525,2014-08-16,1332,020847,NA,6,1,5,1990,0,1,3,NA,2,601,RT 60,GRAND AV,1000,W,N,A,-,Y,LA,7,60,-,R,24.17,H,-,W,Y,4,0,1,2,A,-,03,22350,NA,N,C,C,A,A,H,-,A,D,1,NA,NA,NA,NA,Y,NA,D,22,0,0,1,0,0,0,0,0,0,-,-,34.00733,-117.82682,LOS ANGELES,DIAMOND BAR,-117.82663806,34.00714
6713167,2014,2016-05-24,9525,2014-08-19,0913,013390,NA,2,1,5,1906,0,1,1,NA,2,103,RT 10,FRANCISQUITO AV,500,E,N,B,-,Y,LA,7,10,-,-,36.6,H,-,W,N,4,0,1,2,A,-,03,22350,NA,N,C,C,A,A,H,-,A,D,1,NA,NA,NA,NA,Y,NA,A,07,0,0,1,0,0,0,0,0,0,-,-,34.06899,-117.97354,LOS ANGELES,BALDWIN PARK,-117.90582282,34.07222094
6713174,2014,2016-06-08,9525,2014-08-26,1115,014593,NA,2,1,5,1990,0,1,3,NA,2,601,RT 60,GRAND AV,25,W,-,A,-,Y,LA,7,60,-,R,24.43,H,-,W,Y,4,0,3,5,A,-,03,22350,NA,N,C,C,A,A,H,-,A,D,1,NA,NA,NA,Y,Y,NA,G,25,0,0,3,0,0,0,0,0,0,-,-,34.01029,-117.82389,LOS ANGELES,DIAMOND BAR,-117.82362662,34.01005265
6713175,2014,2016-06-04,9525,2014-08-18,1728,020216,NA,1,2,4,1905,0,1,1,NA,2,203,RT 210,CITRUS AV,100,W,N,A,-,Y,LA,7,210,-,R,40.58,H,-,W,Y,3,0,2,2,D,-,00,NA,NA,N,B,C,A,A,H,-,A,D,1,NA,NA,NA,NA,Y,NA,-,-,0,2,0,0,0,0,0,0,0,-,-,34.12099,-117.8913,LOS ANGELES,AZUSA,-117.89056171,34.1209761
6713177,2014,2016-06-08,9525,2014-08-16,1732,19632,NA,6,2,5,1990,0,1,3,NA,2,603,RT 60,GRAND AV,2640,E,N,A,-,Y,LA,7,60,-,R,24.95,H,-,W,N,4,0,1,2,A,-,03,22350,NA,N,C,C,A,A,H,-,A,D,1,NA,NA,NA,NA,Y,NA,I,10,0,0,1,0,0,0,0,0,0,-,-,34.01799,-117.81692,LOS ANGELES,DIAMOND BAR,-117.81822067,34.01600853
6713180,2014,2016-06-06,9525,2014-08-16,2230,020232,NA,6,3,6,1975,0,1,1,NA,2,106,RT 10,VIA VERDE AV,150,E,N,A,-,Y,LA,7,10,-,-,40.51,H,-,E,Y,3,0,1,4,A,-,07,21658,A,N,B,C,A,A,H,-,D,D,1,NA,NA,NA,NA,Y,NA,A,01,0,1,0,0,0,0,0,0,0,-,-,34.06798,-117.83684,LOS ANGELES,WEST COVINA,-117.83883822,34.06857689
6713183,2014,2014-12-15,9525,2014-08-18,1515,17506,NA,1,2,9,1900,0,2,4,NA,2,022,CYPRESS ST,LARK ELLEN AV,145,E,N,A,-,N,NA,NA,NA,NA,NA,NA,NA,NA,NA,Y,4,0,1,2,A,-,03,22350,NA,N,C,C,A,A,H,-,A,D,0,NA,NA,NA,NA,Y,NA,A,01,0,0,1,0,0,0,0,0,0,-,-,34.0883,-117.89422,LOS ANGELES,UNINCORPORATED,-117.91613225,34.09583297
6713194,2014,2014-12-22,9525,2014-08-20,1405,18164,NA,3,2,9,1900,0,3,5,NA,2,003,VALLEY BL,GIANO AV,586,E,N,A,-,N,NA,NA,NA,NA,NA,NA,NA,NA,NA,Y,3,0,1,2,A,-,03,22350,NA,N,C,C,A,A,H,-,A,D,0,NA,NA,NA,Y,Y,NA,A,07,0,1,0,0,0,0,0,0,0,-,-,34.00642,-117.90739,LOS ANGELES,UNINCORPORATED,-117.90762724,34.00617004
6713195,2014,2014-12-15,9525,2014-08-17,1745,19321,NA,7,2,9,1900,0,3,5,NA,2,002,GLADSTONE AV,CERRITOS AV,54,E,N,A,-,N,NA,NA,NA,NA,NA,NA,NA,NA,NA,Y,4,0,2,3,A,-,01,23152,A,N,C,C,A,A,H,-,A,D,0,NA,NA,NA,NA,Y,Y,A,07,0,0,2,0,0,0,0,0,0,-,-,34.11424,-117.89904,LOS ANGELES,UNINCORPORATED,-117.89931202,34.11421
6713197,2014,2014-12-15,9525,2014-09-03,1615,18164,NA,3,2,9,1900,0,3,5,NA,2,002,BARRANCA AV,PAYSON ST,200,S,N,A,-,N,NA,NA,NA,NA,NA,NA,NA,NA,NA,N,4,0,1,2,A,-,09,21802,A,N,D,C,A,A,H,-,A,D,0,NA,NA,NA,NA,Y,NA,A,08,0,0,1,0,0,0,0,0,0,-,-,34.11161,-117.8817,LOS ANGELES,UNINCORPORATED,-117.88167,34.11168173
6713199,2014,2015-05-01,9525,2014-08-17,2340,020572,NA,7,3,9,1900,0,3,5,NA,2,001,SHRODE AV,MOUNTAIN AV,10,W,N,A,-,N,NA,NA,NA,NA,NA,NA,NA,NA,NA,N,4,0,2,2,A,-,01,23152,A,M,B,C,A,A,H,-,D,D,0,NA,NA,NA,NA,Y,Y,D,22,0,0,2,0,0,0,0,0,0,-,-,34.12086,-117.99097,LOS ANGELES,UNINCORPORATED,-117.99105128,34.12090864
6713203,2014,2015-01-06,9565,2014-10-22,1200,17981,NA,3,1,7,1942,0,1,1,NA,2,083,RT 10,BAGLEY AV,500,E,N,A,-,Y,NA,NA,10,NA,NA,NA,NA,NA,NA,Y,4,0,1,2,A,-,03,22350,NA,N,C,C,A,A,H,-,A,D,0,NA,NA,NA,NA,Y,NA,A,01,0,0,1,0,0,0,0,0,0,EF,-,34.02903,-118.39509,LOS ANGELES,LOS ANGELES,-118.39510859,34.02913605
6713204,2014,2015-01-06,9565,2014-10-10,1535,020478,NA,5,2,9,1900,0,1,1,NA,2,063,RT 405,WILSHIRE BL,300,S,N,A,-,Y,NA,NA,405,NA,NA,NA,NA,NA,NA,Y,3,0,1,2,A,-,07,21658,A,N,C,C,A,A,H,-,A,D,0,NA,NA,Y,NA,Y,NA,A,01,0,1,0,0,0,0,0,0,1,-,-,34.05253,-118.44973,LOS ANGELES,UNINCORPORATED,-118.44983222,34.05248323
6713205,2014,2015-05-02,9525,2014-08-13,1220,014971,NA,3,1,9,1900,0,2,4,NA,2,045,VALLEY BL,6TH AV,0,NA,Y,A,-,N,NA,NA,NA,NA,NA,NA,NA,NA,NA,N,4,0,1,2,A,-,09,21802,A,N,D,C,A,A,H,-,A,A,0,NA,NA,NA,Y,Y,NA,A,07,0,0,1,0,0,0,0,0,0,-,-,34.03729,-117.97816,LOS ANGELES,UNINCORPORATED,-117.97828002,34.03730011
6713207,2014,2015-01-06,9565,2014-10-17,1320,18195,NA,5,1,5,1928,0,1,1,NA,2,012,RT 105,CRENSHAW BL,600,E,N,A,-,Y,NA,NA,105,NA,NA,NA,NA,NA,NA,N,4,0,2,3,A,-,03,22350,NA,N,C,C,A,A,H,-,A,D,0,NA,NA,NA,NA,Y,NA,A,01,0,0,2,0,0,0,0,0,0,-,-,33.92485,-118.33407,LOS ANGELES,HAWTHORNE,-118.33407808,33.92475401
6713208,2014,2015-01-06,9565,2014-10-12,1328,20735,NA,7,1,7,1942,0,1,1,NA,2,083,RT 10,ROBERTSON BL,600,E,N,A,-,Y,NA,NA,10,NA,NA,NA,NA,NA,NA,N,4,0,1,2,A,-,03,22350,NA,N,C,C,A,A,H,-,A,D,0,NA,NA,NA,NA,Y,NA,A,07,0,0,1,0,0,0,0,0,0,-,-,34.03363,-118.38663,LOS ANGELES,LOS ANGELES,-118.38658287,34.03355003
6713211,2014,2015-01-06,9565,2014-10-21,0740,19540,NA,2,1,7,1942,0,1,1,NA,2,083,RT 10,CATTARAUGUS AV,50,E,N,A,-,Y,NA,NA,10,NA,NA,NA,NA,NA,NA,N,4,0,1,2,A,-,03,22350,NA,N,C,C,A,A,H,-,A,D,0,NA,NA,NA,NA,Y,NA,A,07,0,0,1,0,0,0,0,0,0,-,-,34.03388,-118.38546,LOS ANGELES,LOS ANGELES,-118.38550197000001,34.03395116
6713212,2014,2015-01-06,9565,2014-10-12,2300,20520,NA,7,3,7,1942,0,1,1,NA,2,083,RT 10,MANNING AV,700,W,N,A,-,Y,NA,NA,10,NA,NA,NA,NA,NA,NA,Y,3,0,1,1,A,-,08,22107,NA,N,E,I,A,A,H,-,C,D,0,NA,NA,NA,NA,Y,NA,A,07,0,1,0,0,0,0,0,0,0,-,-,34.03243,-118.4181,LOS ANGELES,LOS ANGELES,-118.41809714,34.03191323
6713215,2014,2015-01-06,9565,2014-10-20,1630,19540,NA,1,2,7,1942,0,1,1,NA,2,083,RT 10,LA CIENEGA BL,600,W,N,A,-,Y,NA,NA,NA,NA,NA,NA,NA,NA,NA,N,4,0,1,2,A,-,03,22350,NA,N,C,C,A,A,H,-,A,D,0,NA,NA,NA,NA,Y,NA,A,01,0,0,1,0,0,0,0,0,0,-,-,34.17632,-118.22862,LOS ANGELES,LOS ANGELES,-118.37948733,34.03681702
6713216,2014,2015-01-06,9565,2014-10-12,1046,16074,NA,7,1,7,1942,0,1,1,NA,2,062,RT 405,NATIONAL BL,100,S,N,A,-,Y,NA,NA,405,NA,NA,NA,NA,NA,NA,N,4,0,2,2,A,-,03,22350,NA,N,C,C,A,A,H,-,A,D,0,NA,NA,NA,NA,Y,NA,A,01,0,0,2,0,0,0,0,0,0,-,-,34.02472,-118.42772,LOS ANGELES,LOS ANGELES,-118.42803253,34.02447266
6713217,2014,2016-06-08,9525,2014-08-13,0850,015202,NA,3,1,5,1990,0,1,3,NA,2,602,RT 60,GRAND AV,100,W,N,A,-,Y,LA,7,60,-,R,24.43,H,-,E,Y,4,0,1,4,A,-,03,22350,NA,N,C,C,A,A,H,-,A,D,1,NA,NA,NA,NA,Y,NA,A,08,0,0,1,0,0,0,0,0,0,-,-,34.0211,-117.81567,LOS ANGELES,DIAMOND BAR,-117.82354611,34.00976888
6713218,2014,2014-12-15,9525,2014-08-02,1530,018357,NA,6,2,9,1900,0,3,5,NA,2,002,GLENDORA MOUNTAIN RD,GLENDORA RIDGE RD,528,S,N,B,-,N,NA,NA,NA,NA,NA,NA,NA,NA,NA,Y,4,0,1,1,A,-,01,23152,F,N,E,I,A,A,H,-,A,D,0,NA,NA,NA,NA,Y,Y,D,22,0,0,1,0,0,0,0,0,0,-,-,34.1219,-117.4836,LOS ANGELES,UNINCORPORATED,-117.80709994,34.20420637
6713219,2014,2015-01-06,9565,2014-10-20,1730,16020,NA,1,2,5,1928,0,1,1,NA,2,012,RT 105,DOMINGUEZ CHANNEL,175,E,N,A,-,Y,NA,NA,NA,NA,NA,NA,NA,NA,NA,Y,3,0,1,2,A,-,03,22350,NA,N,C,C,A,A,H,-,A,D,0,NA,NA,Y,NA,Y,NA,C,02,0,1,0,0,0,0,0,0,1,-,-,33.9254,-115.33589,LOS ANGELES,HAWTHORNE,NA,NA
6713220,2014,2015-01-06,9565,2014-10-11,1115,19879,NA,6,1,9,1900,0,1,1,NA,2,060,RT 405,120TH ST,100,S,N,A,-,Y,NA,NA,405,NA,NA,NA,NA,NA,NA,Y,4,0,2,2,A,-,03,22350,NA,N,C,C,A,A,H,-,A,D,0,NA,NA,NA,NA,Y,NA,A,01,0,0,2,0,0,0,0,0,0,-,-,33.92283,-118.36906,LOS ANGELES,UNINCORPORATED,-118.36891831,33.92280155
6713221,2014,2016-05-23,9525,2014-08-13,0955,015202,NA,3,1,5,1990,0,1,3,NA,2,603,RT 60,DIAMOND BAR BL,1056,W,N,A,-,Y,LA,7,60,-,R,25.31,H,-,W,N,4,0,1,5,A,-,03,22350,NA,M,C,C,A,A,H,-,A,D,1,NA,NA,NA,NA,Y,NA,A,01,0,0,1,0,0,0,0,0,0,-,-,34.0211,-117.81567,LOS ANGELES,DIAMOND BAR,-117.81488615,34.02043859
6713223,2014,2015-01-06,9565,2014-10-20,1255,20511,NA,1,1,7,1942,0,1,1,NA,2,063,RT 405,SANTA MONICA BL,700,S,N,A,-,Y,NA,NA,NA,NA,NA,NA,NA,NA,NA,N,4,0,1,2,A,-,03,22350,NA,N,C,C,A,-,H,-,A,D,0,NA,NA,NA,NA,Y,NA,A,01,0,0,1,0,0,0,0,0,0,TO,-,33.04481,-118.4444,LOS ANGELES,LOS ANGELES,-118.44542408,34.04538088
6713224,2014,2015-01-05,9565,2014-10-07,2325,20560,NA,2,3,9,1900,0,1,1,NA,2,063,RT 405,WILSHIRE BL,1267,S,N,A,-,Y,NA,NA,405,NA,NA,NA,NA,NA,NA,Y,4,0,1,2,A,-,08,22107,NA,N,B,C,A,A,D,-,C,D,0,NA,NA,NA,NA,Y,NA,A,01,0,0,1,0,0,0,0,0,0,-,-,34.05311,-118.4507,LOS ANGELES,UNINCORPORATED,-118.45031096,34.0533556
6713227,2014,2015-01-06,9565,2014-10-21,2118,20560,NA,2,2,5,1928,0,1,1,NA,2,060,RT 405,ROSECRANS AV,50,N,N,A,-,Y,NA,NA,405,NA,NA,NA,NA,NA,NA,Y,4,0,1,2,A,-,03,22350,NA,N,C,C,A,A,H,-,C,D,0,NA,NA,Y,NA,Y,Y,A,01,0,0,1,0,0,0,0,0,1,TO,-,33.90205,-118.3709,LOS ANGELES,HAWTHORNE,-118.3705412,33.90205
6713228,2014,2015-01-05,9565,2014-10-24,2201,20518,NA,5,3,5,1928,0,1,1,NA,2,060,RT 405,135TH ST,500,N,N,A,-,Y,NA,NA,405,NA,NA,NA,NA,NA,NA,Y,4,0,2,2,A,-,03,22350,NA,N,C,C,A,A,H,-,C,D,0,NA,NA,NA,NA,Y,NA,A,01,0,0,2,0,0,0,0,0,0,-,-,33.91091,-118.37033,LOS ANGELES,HAWTHORNE,-118.37030814,33.91091005
6713231,2014,2015-01-06,9565,2014-10-23,2240,20439,NA,4,3,7,1942,0,1,1,NA,2,063,RT 405,SANTA MONICA BL,750,N,N,A,-,Y,NA,NA,405,NA,NA,NA,NA,NA,NA,Y,4,0,4,2,A,-,03,22350,NA,N,C,C,A,A,H,-,C,D,0,NA,NA,NA,NA,Y,NA,A,01,0,0,4,0,0,0,0,0,0,-,-,34.0487,-118.4478,LOS ANGELES,LOS ANGELES,-118.44791289,34.04861569
6713232,2014,2015-01-05,9565,2014-10-23,0225,20487,NA,4,3,7,1942,0,1,1,NA,2,062,RT 405,NATIONAL BL,600,S,N,A,-,Y,NA,NA,405,NA,NA,NA,NA,NA,NA,Y,3,0,1,2,A,-,01,23152,A,N,C,C,A,A,H,-,D,D,0,NA,NA,NA,NA,Y,Y,A,01,0,1,0,0,0,0,0,0,0,-,-,34.0145,-118.42052,LOS ANGELES,LOS ANGELES,-118.42045905,34.01454822
6713235,2014,2015-01-06,9565,2014-10-23,1905,20209,NA,4,2,7,1942,0,1,1,NA,2,012,RT 105,WESTERN AV,200,E,N,A,-,Y,NA,NA,NA,NA,NA,NA,NA,NA,NA,Y,4,0,1,1,A,-,08,22107,NA,N,E,I,A,A,H,-,C,D,0,NA,NA,NA,NA,Y,NA,A,01,0,0,1,0,0,0,0,0,0,-,-,33.92653,-118.30495,LOS ANGELES,LOS ANGELES,-118.30840454,33.92589602
6713239,2014,2015-01-06,9565,2014-10-23,1650,19362,NA,4,2,9,1900,0,1,1,NA,2,063,RT 405,WILSHIRE BL,950,N,N,A,-,Y,NA,NA,405,NA,NA,NA,NA,NA,NA,Y,4,0,1,3,A,-,03,22350,NA,N,C,C,A,A,H,-,A,D,0,NA,NA,NA,NA,Y,NA,A,01,0,0,1,0,0,0,0,0,0,-,-,34.05939,-118.45515,LOS ANGELES,UNINCORPORATED,-118.45518668,34.05936127
6713243,2014,2015-01-06,9565,2014-10-25,1018,016074,NA,6,1,7,1942,0,1,1,NA,2,062,RT 405,PALM BL,50,S,N,A,-,Y,NA,NA,405,NA,NA,NA,NA,NA,NA,Y,4,0,1,2,A,-,03,22350,NA,N,C,C,A,A,H,-,A,D,0,NA,NA,NA,NA,Y,NA,-,NA,0,0,1,0,0,0,0,0,0,-,-,34.01839,-118.42331,LOS ANGELES,LOS ANGELES,-118.42325517,34.01843337
6713249,2014,2016-05-10,9525,2014-08-02,1215,018729,NA,6,1,6,1975,0,1,1,NA,2,105,RT 10,GRAND AV,100,E,N,A,-,Y,LA,7,10,-,-,38.54,H,-,W,Y,4,0,1,2,A,-,03,22350,NA,N,C,C,A,A,H,-,A,D,1,NA,NA,NA,NA,Y,NA,D,22,0,0,1,0,0,0,0,0,0,-,-,34.07202,-117.97394,LOS ANGELES,WEST COVINA,-117.87201925,34.07188265
6713256,2014,2015-01-05,1942,2014-10-30,1240,39243,0963,4,5,7,1942,0,0,0,I,0,35EL18,KESTER AV,ADDISON ST,0,NA,Y,A,-,N,NA,NA,NA,NA,NA,NA,NA,NA,NA,Y,4,0,1,2,A,-,09,21802,A,N,D,C,A,A,H,-,A,D,0,NA,NA,NA,NA,Y,Y,A,01,0,0,1,0,0,0,0,0,0,-,-,NA,NA,LOS ANGELES,LOS ANGELES,-118.45745013,34.16121009
6713260,2014,2015-01-05,1942,2014-10-28,1135,40065,0969,2,5,7,1942,0,0,0,I,0,10TL37,COLDWATER CANYON AV,MAGNOLIA BL,0,NA,Y,A,-,N,NA,NA,NA,NA,NA,NA,NA,NA,NA,Y,4,0,1,2,A,-,09,21801,A,N,D,C,A,A,H,-,A,A,0,NA,NA,NA,NA,Y,NA,A,01,0,0,1,0,0,0,0,0,0,-,-,NA,NA,LOS ANGELES,LOS ANGELES,-118.4138001,34.16487004
6713264,2014,2015-01-05,1942,2014-10-31,1550,40574,0916,5,5,7,1942,0,0,0,I,0,9TL52,WOODMAN AV,GAULT ST,0,NA,Y,B,-,N,NA,NA,NA,NA,NA,NA,NA,NA,NA,N,3,0,1,2,A,-,03,22350,NA,N,C,C,A,A,H,-,A,D,0,NA,NA,NA,NA,Y,NA,A,01,0,1,0,0,0,0,0,0,0,-,-,NA,NA,LOS ANGELES,LOS ANGELES,-118.43127002,34.19936008
6713279,2014,2015-01-06,1967,2014-10-17,2105,40255,973,5,5,2,1967,0,0,0,NA,0,SOUTH,RT 1,REDONDO AV,105,W,N,A,-,Y,NA,NA,NA,NA,NA,NA,NA,NA,NA,Y,3,0,3,2,A,-,07,21658,A,N,B,C,A,A,H,-,C,D,0,NA,NA,NA,NA,Y,NA,A,01,0,2,1,0,0,0,0,0,0,-,-,NA,NA,LOS ANGELES,SIGNAL HILL,-118.38338529,33.87941162
6713307,2014,2015-01-09,1942,2014-11-02,1538,40574,0923,7,5,7,1942,0,0,0,I,0,9TL54,VICTORY BL,WILLIS AV,101,E,N,A,-,N,NA,NA,NA,NA,NA,NA,NA,NA,NA,Y,2,0,3,2,A,-,03,22350,NA,N,C,C,A,A,H,-,A,D,0,NA,NA,NA,NA,Y,NA,A,01,1,0,2,0,0,0,0,0,0,-,-,NA,NA,LOS ANGELES,LOS ANGELES,-118.45494663,34.18666
6713311,2014,2015-01-09,1942,2014-11-12,1705,33779,0939,3,5,7,1942,0,0,0,I,0,15TL44,BURBANK BL,ETHEL AV,385,W,N,A,-,N,NA,NA,NA,NA,NA,NA,NA,NA,NA,Y,4,0,2,2,A,-,03,22350,NA,N,C,C,A,A,D,-,B,A,0,NA,NA,NA,NA,Y,NA,A,01,0,0,2,0,0,0,0,0,0,-,-,NA,NA,LOS ANGELES,LOS ANGELES,-118.41943046,34.17213593
6713315,2014,2015-01-09,1942,2014-11-07,1505,27260,NA,5,5,7,1942,0,0,0,NA,0,35M38,SEPULVEDA BL,ERWIN,250,S,N,A,-,N,NA,NA,NA,NA,NA,NA,NA,NA,NA,Y,4,0,3,3,B,-,22,NA,NA,N,D,C,A,A,H,-,A,D,0,NA,NA,NA,NA,Y,NA,A,01,0,0,3,0,0,0,0,0,0,-,-,NA,NA,LOS ANGELES,LOS ANGELES,-118.46618,34.18233433
6713319,2014,2015-01-09,1942,2014-11-03,0815,40398,0948,1,5,7,1942,0,0,0,I,0,19TL75,BURBANK BL,FULTON AV,745,E,N,A,-,N,NA,NA,NA,NA,NA,NA,NA,NA,NA,N,4,0,1,2,A,-,03,22350,NA,N,H,G,A,A,H,-,A,D,0,NA,Y,NA,NA,Y,NA,L,04,0,0,1,0,0,0,1,0,0,-,-,NA,NA,LOS ANGELES,LOS ANGELES,-118.42005221,34.17214
6713320,2014,2015-01-09,1942,2014-11-15,1345,39479,1684,6,5,7,1942,0,0,0,P,0,19TL76,BURTON ST,LAUREL CANYON BL,65,E,N,A,-,N,NA,NA,NA,NA,NA,NA,NA,NA,NA,N,3,0,1,2,A,-,01,23152,A,M,C,E,A,A,H,-,A,A,0,NA,NA,NA,NA,Y,Y,A,07,0,1,0,0,0,0,0,0,0,-,-,NA,NA,LOS ANGELES,LOS ANGELES,-118.39631542,34.22070358
6713324,2014,2015-01-09,1942,2014-11-14,1730,38183,0906,5,5,7,1942,0,0,0,I,0,19T72,VAN NUYS BL,COVELLO ST,320,S,N,B,-,N,NA,NA,NA,NA,NA,NA,NA,NA,NA,Y,4,0,3,2,A,-,09,21801,A,N,D,C,A,A,H,-,C,A,0,NA,NA,NA,NA,Y,NA,A,01,0,0,3,0,0,0,0,0,0,-,-,NA,NA,LOS ANGELES,LOS ANGELES,-118.4487613,34.2062723
6713328,2014,2015-01-09,1942,2014-11-14,0805,39192,0998,5,5,7,1942,0,0,0,I,0,21TL63,DIXIE CANYON AV,CONTOUR DR,150,N,N,B,-,N,NA,NA,NA,NA,NA,NA,NA,NA,NA,Y,4,0,1,2,A,-,08,22107,NA,N,C,E,A,A,G,-,A,D,0,NA,NA,NA,NA,Y,NA,A,07,0,0,1,0,0,0,0,0,0,-,-,NA,NA,LOS ANGELES,LOS ANGELES,-118.42373475,34.14107492
6713330,2014,2015-01-13,1942,2014-11-09,1410,33340,0941,7,5,7,1942,0,0,0,I,0,16TL24,SEPULVEDA BL,HATTERAS ST,0,NA,Y,A,-,N,NA,NA,NA,NA,NA,NA,NA,NA,NA,N,4,0,1,2,A,-,09,21801,NA,N,D,C,A,A,H,-,A,A,0,NA,NA,NA,NA,Y,NA,A,01,0,0,1,0,0,0,0,0,0,-,-,NA,NA,LOS ANGELES,LOS ANGELES,-118.46616014,34.17573004
6713332,2014,2015-01-09,1942,2014-11-07,1400,38181,0969,5,5,7,1942,0,0,0,I,0,9TL53,RIVERSIDE DR,LONGRIDGE AV,20,W,N,A,-,N,NA,NA,NA,NA,NA,NA,NA,NA,NA,N,3,0,2,3,A,-,10,21950,A,N,G,B,B,A,H,-,A,D,0,Y,NA,NA,NA,Y,NA,A,07,0,2,0,0,2,0,0,0,0,-,-,NA,NA,LOS ANGELES,LOS ANGELES,-118.42148599,34.15763
6713334,2014,2015-01-13,1942,2014-11-01,1350,32263,0919,6,5,7,1942,0,0,0,I,0,35M47,SHERMAN WAY,WOODMAN AV,0,NA,Y,B,-,N,NA,NA,NA,NA,NA,NA,NA,NA,NA,N,4,0,1,2,A,-,17,21451,A,N,B,C,A,A,H,-,A,A,0,NA,NA,NA,NA,Y,NA,-,NA,0,0,1,0,0,0,0,0,0,-,-,NA,NA,LOS ANGELES,LOS ANGELES,-118.43124006,34.20119003