CASE_ID,ACCIDENT_YEAR,PROC_DATE,JURIS,COLLISION_DATE,COLLISION_TIME,OFFICER_ID,REPORTING_DISTRICT,DAY_OF_WEEK,CHP_SHIFT,POPULATION,CNTY_CITY_LOC,SPECIAL_COND,BEAT_TYPE,CHP_BEAT_TYPE,CITY_DIVISION_LAPD,CHP_BEAT_CLASS,BEAT_NUMBER,PRIMARY_RD,SECONDARY_RD,DISTANCE,DIRECTION,INTERSECTION,WEATHER_1,WEATHER_2,STATE_HWY_IND,CALTRANS_COUNTY,CALTRANS_DISTRICT,STATE_ROUTE,ROUTE_SUFFIX,POSTMILE_PREFIX,POSTMILE,LOCATION_TYPE,RAMP_INTERSECTION,SIDE_OF_HWY,TOW_AWAY,COLLISION_SEVERITY,NUMBER_KILLED,NUMBER_INJURED,PARTY_COUNT,PRIMARY_COLL_FACTOR,PCF_CODE_OF_VIOL,PCF_VIOL_CATEGORY,PCF_VIOLATION,PCF_VIOL_SUBSECTION,HIT_AND_RUN,TYPE_OF_COLLISION,MVIW,PED_ACTION,ROAD_SURFACE,ROAD_COND_1,ROAD_COND_2,LIGHTING,CONTROL_DEVICE,CHP_ROAD_TYPE,PEDESTRIAN_ACCIDENT,BICYCLE_ACCIDENT,MOTORCYCLE_ACCIDENT,TRUCK_ACCIDENT,NOT_PRIVATE_PROPERTY,ALCOHOL_INVOLVED,STWD_VEHTYPE_AT_FAULT,CHP_VEHTYPE_AT_FAULT,COUNT_SEVERE_INJ,COUNT_VISIBLE_INJ,COUNT_COMPLAINT_PAIN,COUNT_PED_KILLED,COUNT_PED_INJURED,COUNT_BICYCLIST_KILLED,COUNT_BICYCLIST_INJURED,COUNT_MC_KILLED,COUNT_MC_INJURED,PRIMARY_RAMP,SECONDARY_RAMP,LATITUDE,LONGITUDE,COUNTY,CITY,POINT_X,POINT_Y
6716459,2014,2015-01-06,1942,2014-10-29,1230,36565,1031,3,5,7,1942,0,0,0,J,0,16TL24,CORBIN AV,HAMLIN ST,0,NA,Y,A,-,N,NA,NA,NA,NA,NA,NA,NA,NA,NA,N,3,0,1,2,A,-,04,21703,NA,N,C,C,A,A,H,-,A,D,0,NA,NA,NA,NA,Y,NA,A,01,0,1,0,0,0,0,0,0,0,-,-,NA,NA,LOS ANGELES,LOS ANGELES,-118.56221013,34.18886009
6716463,2014,2015-01-06,1942,2014-10-29,0940,37353,1025,3,5,7,1942,0,0,0,J,0,15TL46,SHERMAN WY,LINDLEY AV,0,NA,Y,A,-,N,NA,NA,NA,NA,NA,NA,NA,NA,NA,Y,3,0,2,2,A,-,12,21453,A,N,D,C,A,A,H,-,A,A,0,NA,NA,NA,NA,Y,NA,A,07,0,1,1,0,0,0,0,0,0,-,-,NA,NA,LOS ANGELES,LOS ANGELES,-118.52730003,34.20108009
6716467,2014,2015-01-06,1942,2014-10-28,1340,40119,1033,2,5,7,1942,0,0,0,J,0,19T74,VICTORY BL,AMIGO AV,7,E,N,A,-,N,NA,NA,NA,NA,NA,NA,NA,NA,NA,Y,4,0,2,2,A,-,09,21802,A,N,D,C,A,A,H,-,A,D,0,NA,NA,NA,NA,Y,NA,A,01,0,0,2,0,0,0,0,0,0,-,-,NA,NA,LOS ANGELES,LOS ANGELES,-118.5385569,34.1865895
6716471,2014,2015-01-06,1942,2014-10-30,1430,39724,1521,4,5,7,1942,0,0,0,O,0,09T54,FULTON AV,HART ST,565,N,N,A,-,N,NA,NA,NA,NA,NA,NA,NA,NA,NA,Y,3,0,2,2,A,-,08,22103,NA,N,D,C,A,A,H,-,A,D,0,NA,NA,NA,NA,Y,NA,A,01,0,2,0,0,0,0,0,0,0,-,-,NA,NA,LOS ANGELES,LOS ANGELES,-118.4225251,34.19911966
6716475,2014,2015-01-06,1942,2014-10-30,1455,40398,1555,4,5,7,1942,0,0,0,O,0,10TL36,TUJUNGA AV,OTSEGO ST,46,S,N,A,-,N,NA,NA,NA,NA,NA,NA,NA,NA,NA,N,4,0,1,2,D,-,00,NA,NA,N,B,C,A,A,H,-,A,D,0,NA,NA,Y,NA,Y,NA,-,-,0,0,1,0,0,0,0,0,1,-,-,NA,NA,LOS ANGELES,LOS ANGELES,-118.37901,34.16287383
6716476,2014,2015-01-06,1900,2014-10-16,2215,489333,0819,4,5,4,1960,0,0,0,NA,0,86AP,PUENTE ST,VIA VERDE,0,NA,Y,A,-,N,NA,NA,NA,NA,NA,NA,NA,NA,NA,Y,4,0,1,2,A,-,01,23152,A,N,D,C,A,A,H,-,C,A,0,NA,NA,NA,NA,Y,Y,A,01,0,0,1,0,0,0,0,0,0,-,-,NA,NA,LOS ANGELES,SAN DIMAS,-117.82865008,34.07441011
6716479,2014,2015-01-06,1942,2014-10-28,0755,37353,1001,2,5,7,1942,0,0,0,J,0,16T25,TAMPA AV,STRATHERN ST,0,NA,Y,A,-,N,NA,NA,NA,NA,NA,NA,NA,NA,NA,Y,4,0,1,2,A,-,12,21453,A,N,D,C,A,A,H,-,A,A,0,NA,NA,NA,NA,Y,NA,A,01,0,0,1,0,0,0,0,0,0,-,-,NA,NA,LOS ANGELES,LOS ANGELES,-118.55352003,34.21564001
6716481,2014,2015-06-12,1900,2014-10-26,1400,434609,0814,7,5,4,1960,0,0,0,NA,0,81T2,LONEHILL AV,CIENEGA AV,0,NA,Y,A,-,N,NA,NA,NA,NA,NA,NA,NA,NA,NA,Y,4,0,1,2,A,-,09,21801,A,N,D,C,A,A,H,-,A,A,0,NA,NA,NA,NA,Y,NA,A,07,0,0,1,0,0,0,0,0,0,-,-,NA,NA,LOS ANGELES,SAN DIMAS,-117.82900011,34.10305011
6716484,2014,2015-01-07,9535,2014-10-18,0932,20794,NA,6,1,3,1914,0,1,1,NA,2,500,RT 5,WASHINGTON BL,250,N,N,A,-,Y,NA,NA,5,NA,NA,NA,NA,NA,NA,Y,3,0,3,4,A,-,03,22350,NA,N,C,C,A,A,H,-,A,D,0,NA,NA,NA,NA,Y,NA,A,01,0,1,2,0,0,0,0,0,0,-,-,33.99525,-118.14483,LOS ANGELES,COMMERCE,-118.14483569,33.99524455
6716488,2014,2016-06-29,9535,2014-10-26,1915,19056,NA,7,2,5,1947,0,1,3,NA,2,620,RT 60,PARAMOUNT BL,100,W,N,A,-,Y,LA,7,60,-,R,7.47,H,-,E,Y,4,0,2,3,A,-,03,22350,NA,N,C,C,A,A,H,-,D,D,1,NA,NA,NA,NA,Y,NA,A,01,0,0,2,0,0,0,0,0,0,-,-,34.03771,-118.0819,LOS ANGELES,MONTEBELLO,-118.09814074,34.03565788
6716492,2014,2015-01-07,9535,2014-10-18,0010,20381,NA,6,3,3,1914,0,1,1,NA,2,500,RT 5,ATLANTIC BL,275,S,N,A,-,Y,NA,NA,5,NA,NA,NA,NA,NA,NA,Y,4,0,1,3,A,-,03,22350,NA,M,C,C,A,A,H,-,C,D,0,NA,NA,NA,NA,Y,NA,A,01,0,0,1,0,0,0,0,0,0,-,-,34.00739,-118.15669,LOS ANGELES,COMMERCE,-118.15669539,34.00738065
6716496,2014,2015-01-07,9535,2014-10-28,1430,20864,NA,2,2,5,1901,0,1,1,NA,2,420,RT 10,ATLANTIC BL,400,E,N,A,-,Y,NA,NA,10,NA,NA,NA,NA,NA,NA,Y,4,0,1,3,A,-,04,21703,NA,N,C,C,A,A,H,-,A,D,0,NA,NA,NA,NA,Y,NA,A,01,0,0,1,0,0,0,0,0,0,-,-,34.07132,-118.13577,LOS ANGELES,ALHAMBRA,-118.13576961,34.07129083
6716500,2014,2016-06-20,9535,2014-10-28,1840,20818,NA,2,2,4,1907,0,1,1,NA,2,073,RT 710,FLORENCE AV,22,N,N,A,-,Y,LA,7,710,-,-,19.892,R,2,S,N,4,0,1,2,A,-,03,22350,NA,M,C,C,A,A,H,-,C,D,1,NA,NA,NA,NA,Y,NA,A,01,0,0,1,0,0,0,0,0,0,TO,-,33.96836,-118.16925,LOS ANGELES,BELL,-118.16777989,33.97048217
6716504,2014,2015-01-07,9535,2014-10-27,1345,19306,NA,1,1,9,1900,0,3,5,NA,2,002,INDIANA ST,PERCY ST,188,S,N,A,-,N,NA,NA,NA,NA,NA,NA,NA,NA,NA,N,2,0,1,2,A,-,05,21650,1,N,D,G,A,A,H,-,A,D,0,NA,Y,NA,NA,Y,NA,L,04,1,0,0,0,0,0,1,0,0,-,-,34.02561,-118.19235,LOS ANGELES,UNINCORPORATED,-118.19231387,34.02478463
6716508,2014,2016-06-20,9535,2014-10-20,0856,17802,NA,1,1,5,1969,0,1,1,NA,2,075,RT 710,FIRESTONE BL,350,S,N,A,-,Y,LA,7,710,-,-,18.37,H,-,S,Y,4,0,1,3,A,-,03,22350,NA,N,C,C,A,A,H,-,A,D,1,NA,NA,NA,NA,Y,NA,A,01,0,0,1,0,0,0,0,0,0,-,-,33.94549,-118.17079,LOS ANGELES,SOUTH GATE,-118.17044527,33.94873609
6716511,2014,2015-01-07,9535,2014-10-31,0945,16276,NA,5,1,5,1959,0,1,1,NA,2,400,RT 10,DEL MAR RD,2112,E,N,A,-,Y,NA,NA,10,NA,NA,NA,NA,NA,NA,Y,4,0,1,3,A,-,03,22350,NA,N,C,C,A,A,H,-,A,D,0,NA,NA,NA,NA,Y,NA,A,01,0,0,1,0,0,0,0,0,0,-,-,34.07175,-118.09959,LOS ANGELES,ROSEMEAD,-118.09959,34.07174399
6716512,2014,2015-01-07,9535,2014-10-29,0925,17598,NA,3,1,5,1901,0,1,1,NA,2,421,RT 10,FREMONT AV,150,W,N,A,-,Y,NA,NA,10,NA,NA,NA,NA,NA,NA,N,4,0,1,3,A,-,03,22350,NA,N,C,C,A,A,H,-,A,D,0,NA,NA,NA,NA,Y,NA,A,07,0,0,1,0,0,0,0,0,0,-,-,34.06849,-118.15147,LOS ANGELES,ALHAMBRA,-118.1514464,34.06844548
6716515,2014,2016-06-20,9535,2014-10-25,2025,20820,NA,6,2,5,1952,0,1,1,NA,2,075,RT 710,COMPTON BL,1200,N,N,A,-,Y,LA,7,710,-,-,14.68,H,-,S,Y,3,0,2,1,A,-,03,22350,NA,N,E,I,A,A,H,-,D,D,1,NA,NA,NA,NA,Y,NA,A,01,0,2,0,0,0,0,0,0,0,-,-,33.89849,-118.18715,LOS ANGELES,PARAMOUNT,-118.18718393,33.89967639
6716516,2014,2015-01-07,9535,2014-10-22,1710,20851,NA,3,2,3,1914,0,1,1,NA,2,500,RT 5,ATLANTIC BL,280,N,N,A,-,Y,NA,NA,5,NA,NA,NA,NA,NA,NA,Y,4,0,1,4,A,-,04,21703,NA,N,C,C,A,A,H,-,A,D,0,NA,NA,NA,NA,Y,NA,A,01,0,0,1,0,0,0,0,0,0,-,-,34.00967,-118.15932,LOS ANGELES,COMMERCE,-118.15932929,34.00966148
6716519,2014,2016-06-29,9535,2014-10-28,1545,13421,NA,2,2,9,1900,0,1,1,NA,2,650,RT 605,RT 60,420,N,N,A,-,Y,LA,7,605,-,R,17.52,H,-,N,Y,3,0,1,2,A,-,03,22350,NA,N,C,C,A,A,H,-,A,D,1,NA,NA,NA,NA,Y,NA,A,07,0,1,0,0,0,0,0,0,0,-,-,34.03505,-118.02561,LOS ANGELES,UNINCORPORATED,-118.02564536,34.03504709
6716520,2014,2015-01-07,9535,2014-10-13,0805,17789,NA,1,1,9,1900,0,2,4,NA,2,025,ATLANTIC BL,6TH ST,0,NA,Y,A,-,N,NA,NA,NA,NA,NA,NA,NA,NA,NA,Y,4,0,1,5,A,-,12,21453,A,M,D,C,A,A,H,-,A,A,0,NA,NA,NA,NA,Y,NA,A,01,0,0,1,0,0,0,0,0,0,-,-,34.02489,-118.15593,LOS ANGELES,UNINCORPORATED,-118.15593008,34.02489008
6716523,2014,2015-01-07,9535,2014-10-22,1831,20769,NA,3,2,5,1906,0,1,1,NA,2,400,RT 605,RT 10,100,S,N,A,-,Y,NA,NA,NA,NA,NA,NA,NA,NA,NA,Y,4,0,1,1,A,-,08,22107,NA,N,E,I,A,A,H,-,C,D,0,NA,NA,NA,NA,Y,NA,A,01,0,0,1,0,0,0,0,0,0,TR,-,34.06458,-117.99888,LOS ANGELES,BALDWIN PARK,-118.00024,34.06497
6716524,2014,2015-01-07,9535,2014-10-21,0450,19725,NA,2,3,5,1948,0,1,3,NA,2,600,RT 60,ATLANTIC BL,25,E,N,A,-,Y,NA,NA,60,NA,NA,NA,NA,NA,NA,Y,3,0,1,1,A,-,03,22350,NA,N,F,J,A,B,H,-,C,D,0,NA,NA,Y,NA,Y,NA,C,02,0,1,0,0,0,0,0,0,1,FR,-,34.0347,-118.15032,LOS ANGELES,MONTEREY PARK,-118.15012014,34.03515007
6716527,2014,2015-01-07,9535,2014-10-27,0930,12952,NA,1,1,9,1900,0,1,3,NA,2,601,RT 60,3RD ST,250,W,N,A,-,Y,NA,NA,60,NA,NA,NA,NA,NA,NA,N,4,0,3,2,A,-,03,22350,NA,N,C,C,A,A,H,-,A,D,0,NA,NA,NA,NA,Y,NA,A,01,0,0,3,0,0,0,0,0,0,-,-,34.0328,-118.18226,LOS ANGELES,UNINCORPORATED,-118.1822424,34.03275918
6716528,2014,2015-01-07,9535,2014-10-21,2240,20828,NA,2,3,3,1914,0,1,1,NA,2,500,RT 5,ATLANTIC BL,1000,S,N,A,-,Y,NA,NA,5,NA,NA,NA,NA,NA,NA,Y,3,0,1,2,A,-,03,22350,NA,N,C,C,A,A,H,-,C,D,0,NA,NA,NA,NA,Y,NA,A,01,0,1,0,0,0,0,0,0,0,-,-,34.00768,-118.15649,LOS ANGELES,COMMERCE,-118.15667072,34.00736643
6716531,2014,2015-01-07,9535,2014-10-30,2020,13421,NA,4,2,9,1900,0,3,5,NA,2,006,DEL MAR AV,REDDING AV,0,NA,Y,A,-,N,NA,NA,NA,NA,NA,NA,NA,NA,NA,Y,3,0,2,2,A,-,09,21802,A,N,D,C,A,A,H,-,C,A,0,NA,NA,NA,NA,Y,NA,A,01,0,2,0,0,0,0,0,0,0,-,-,34.05168,-118.09966,LOS ANGELES,UNINCORPORATED,-118.09958006,34.05159005
6716532,2014,2016-06-20,9535,2014-10-16,0735,17086,NA,4,1,4,1907,0,1,1,NA,2,073,RT 710,SLAUSON AV,600,S,N,A,-,Y,LA,7,710,-,-,20.72,H,-,S,N,4,0,1,2,A,-,03,22350,NA,N,C,C,A,A,H,-,A,D,1,NA,NA,Y,NA,Y,NA,C,02,0,0,1,0,0,0,0,0,1,-,-,33.9844,-118.16888,LOS ANGELES,BELL,-118.16807635,33.98245693
6716535,2014,2015-01-07,9535,2014-10-21,1140,16146,NA,2,1,9,1900,0,2,4,NA,2,022,OLYMPIC BL,EASTERN AV,40,W,N,A,-,N,NA,NA,NA,NA,NA,NA,NA,NA,NA,Y,4,0,1,2,A,-,03,22350,NA,N,C,C,A,A,H,-,A,A,0,NA,NA,NA,NA,Y,NA,A,08,0,0,1,0,0,0,0,0,0,-,-,34.01882,-118.17395,LOS ANGELES,UNINCORPORATED,-118.17403173,34.01891
6716536,2014,2016-06-20,9535,2014-10-20,2241,20828,NA,1,3,5,1969,0,1,1,NA,2,074,RT 710,IMPERIAL HWY,1000,N,N,A,-,Y,LA,7,710,-,-,17.18,H,-,N,Y,4,0,2,2,A,-,07,21658,A,N,B,C,A,A,H,-,D,D,1,NA,NA,NA,NA,Y,NA,A,01,0,0,2,0,0,0,0,0,0,-,-,33.93543,-118.17545,LOS ANGELES,SOUTH GATE,-118.17757228,33.9335293
6716539,2014,2015-01-07,9535,2014-10-20,0845,16276,NA,1,1,9,1900,0,3,5,NA,2,006,DEL MAR AV,POTRERO GRANDE DR,0,NA,Y,B,-,N,NA,NA,NA,NA,NA,NA,NA,NA,NA,Y,4,0,1,2,A,-,09,21801,A,N,A,C,A,A,H,-,A,A,0,NA,NA,NA,NA,Y,NA,A,01,0,0,1,0,0,0,0,0,0,-,-,34.04865,-118.09846,LOS ANGELES,UNINCORPORATED,-118.09829013,34.04838007
6716540,2014,2015-01-07,9535,2014-10-25,1400,20864,NA,6,2,3,1914,0,1,1,NA,2,500,RT 5,GARFIELD AV,300,S,N,A,-,Y,NA,NA,5,NA,NA,NA,NA,NA,NA,Y,4,0,1,2,A,-,04,21703,NA,N,C,C,A,A,H,-,A,D,0,NA,NA,NA,NA,Y,NA,A,01,0,0,1,0,0,0,0,0,0,-,-,33.9839,-118.13282,LOS ANGELES,COMMERCE,-118.13279803,33.98392133
6716543,2014,2015-01-07,9535,2014-10-09,1730,19121,NA,4,2,9,1900,0,3,5,NA,2,004,ELM AV,CHARLOTTE AV,0,NA,Y,A,-,N,NA,NA,NA,NA,NA,NA,NA,NA,NA,Y,4,0,2,3,A,-,12,22450,A,N,D,C,A,A,H,-,A,A,0,NA,NA,NA,NA,Y,NA,A,01,0,0,2,0,0,0,0,0,0,-,-,34.10523,-118.08857,LOS ANGELES,UNINCORPORATED,-118.08857006,34.10523004
6716544,2014,2015-01-07,9535,2014-10-24,1635,20862,NA,5,2,6,1922,0,1,1,NA,2,400,RT 10,RT 164,700,E,N,A,-,Y,NA,NA,10,NA,NA,NA,NA,NA,NA,N,4,0,1,2,A,-,03,22350,NA,N,C,C,A,A,H,-,A,D,0,NA,NA,NA,NA,Y,NA,A,07,0,0,1,0,0,0,0,0,0,-,-,34.07202,-118.07069,LOS ANGELES,EL MONTE,-118.0706909,34.0721
6716547,2014,2016-06-20,9535,2014-10-28,0625,17236,NA,2,1,5,1943,0,1,1,NA,2,074,RT 710,RT 105,200,N,N,B,-,Y,LA,7,710,-,R,15.73,H,-,N,N,3,0,1,2,A,-,03,22350,NA,N,B,C,A,A,H,-,C,D,1,NA,NA,Y,NA,Y,NA,C,02,0,1,0,0,0,0,0,0,1,-,-,33.91893,-118.17856,LOS ANGELES,LYNWOOD,-118.17983512,33.91332938
6716548,2014,2015-01-06,9535,2014-10-16,0210,20816,NA,4,3,9,1900,0,3,5,NA,2,004,ROSEMEAD BL,PENTLAND ST,75,N,N,A,-,N,NA,NA,NA,NA,NA,NA,NA,NA,NA,Y,3,0,1,4,A,-,-,NA,NA,M,B,E,A,A,H,-,C,D,0,NA,NA,NA,NA,Y,NA,A,01,0,1,0,0,0,0,0,0,0,-,-,34.09607,-118.07357,LOS ANGELES,UNINCORPORATED,-118.07332252,34.09361562
6716551,2014,2015-01-07,9535,2014-10-22,0903,16276,NA,3,1,5,1901,0,1,1,NA,2,421,RT 10,NEW AV,800,W,N,A,-,Y,NA,NA,10,NA,NA,NA,NA,NA,NA,N,4,0,4,3,A,-,03,22350,NA,N,C,C,A,A,H,-,A,D,0,NA,NA,NA,NA,Y,NA,A,01,0,0,4,0,0,0,0,0,0,-,-,34.07201,-118.10809,LOS ANGELES,ALHAMBRA,-118.10808985,34.0720005
6716552,2014,2016-06-20,9535,2014-10-16,1545,20769,NA,4,2,9,1900,0,1,1,NA,2,071,RT 710,CESAR E CHAVEZ AV,225,S,N,A,-,Y,LA,7,710,-,-,24.93,H,-,S,Y,4,0,1,3,A,-,03,22350,NA,M,C,C,A,A,D,-,A,D,1,NA,NA,NA,NA,Y,NA,A,01,0,0,1,0,0,0,0,0,0,-,-,34.03908,-118.17021,LOS ANGELES,UNINCORPORATED,-118.17022518,34.04010031
6716555,2014,2015-01-07,9535,2014-10-25,0350,20416,NA,6,3,5,1943,0,1,1,NA,2,104,RT 105,RT 110,200,E,N,A,-,Y,NA,NA,105,NA,NA,NA,NA,NA,NA,N,4,0,1,2,A,-,07,21658,A,M,B,C,A,A,H,-,C,D,0,NA,NA,NA,NA,Y,NA,A,01,0,0,1,0,0,0,0,0,0,-,-,33.91256,-118.17978,LOS ANGELES,LYNWOOD,-118.17978078,33.91255759
6716556,2014,2015-01-06,9535,2014-10-23,1455,20818,NA,4,2,9,1900,0,3,5,NA,2,007,DOWNEY RD,FRUITLAND AV,0,NA,Y,A,-,N,NA,NA,NA,NA,NA,NA,NA,NA,NA,Y,4,0,1,2,A,-,09,21801,A,N,D,C,A,A,H,-,A,A,0,NA,NA,NA,NA,Y,NA,A,07,0,0,1,0,0,0,0,0,0,-,-,33.99669,-118.20431,LOS ANGELES,UNINCORPORATED,-118.2046801,33.99666006
6716559,2014,2015-01-07,9535,2014-10-18,1930,20769,NA,6,2,3,1914,0,1,1,NA,2,500,RT 5,GARFIELD AV,450,S,N,A,-,Y,NA,NA,5,NA,NA,NA,NA,NA,NA,Y,4,0,1,3,A,-,03,22350,NA,N,C,C,A,A,H,-,C,D,0,NA,NA,NA,NA,Y,NA,A,01,0,0,1,0,0,0,0,0,0,-,-,33.98476,-118.13377,LOS ANGELES,COMMERCE,-118.13374825,33.98478786
6716560,2014,2015-01-06,9535,2014-10-17,0750,18281,NA,5,1,9,1900,0,2,4,NA,2,014,CESAR E CHAVEZ AV,MEDNIK AV,50,E,N,A,-,N,NA,NA,NA,NA,NA,NA,NA,NA,NA,Y,3,0,2,1,A,-,03,22350,NA,N,E,I,A,A,H,-,A,D,0,NA,NA,NA,NA,Y,NA,A,01,0,2,0,0,0,0,0,0,0,-,-,34.0405,-118.16145,LOS ANGELES,UNINCORPORATED,-118.1617153,34.04061
6716980,2014,2015-01-09,1942,2014-11-18,1635,40099,1341,2,5,7,1942,0,0,0,M,0,2T14,MAIN ST,37TH ST,10,S,N,A,-,N,NA,NA,NA,NA,NA,NA,NA,NA,NA,N,4,0,1,2,A,-,09,21801,A,N,D,G,A,A,H,-,A,D,0,NA,Y,NA,NA,Y,NA,A,01,0,0,1,0,0,0,1,0,0,-,-,NA,NA,LOS ANGELES,LOS ANGELES,-118.27402968,34.01488258
6716981,2014,2015-01-28,1942,2014-11-18,1610,34458,1341,2,5,7,1942,0,0,0,M,0,4T4,BROADWAY,MLK KING JR BL,151,N,N,A,-,N,NA,NA,NA,NA,NA,NA,NA,NA,NA,N,4,0,1,2,A,-,07,21658,A,N,B,A,A,A,H,-,A,A,0,NA,NA,NA,NA,Y,NA,-,-,0,0,1,0,0,0,0,0,0,-,-,NA,NA,LOS ANGELES,LOS ANGELES,-118.277183,34.011484
6716982,2014,2015-01-14,1942,2014-11-08,0110,36692,1331,6,5,7,1942,0,0,0,M,0,13X76,JEFFERSON BL,MAPLE AV,0,NA,Y,A,-,N,NA,NA,NA,NA,NA,NA,NA,NA,NA,Y,2,0,3,1,A,-,03,22350,NA,F,A,I,A,A,H,-,C,A,0,NA,NA,NA,NA,Y,Y,-,NA,1,1,1,0,0,0,0,0,0,-,-,NA,NA,LOS ANGELES,LOS ANGELES,-118.26944,34.01719001
6716983,2014,2015-01-09,1942,2014-11-18,1050,39761,1351,2,5,7,1942,0,0,0,M,0,13953,MAIN ST,VERNON AV,30,S,N,A,-,N,NA,NA,NA,NA,NA,NA,NA,NA,NA,N,4,0,1,2,A,-,07,21658,A,F,B,C,A,A,H,-,A,D,0,NA,NA,NA,NA,Y,NA,-,99,0,0,1,0,0,0,0,0,0,-,-,NA,NA,LOS ANGELES,LOS ANGELES,-118.27401,34.00374772
6716984,2014,2015-01-09,1942,2014-11-18,1940,40874,0226,2,5,7,1942,0,0,0,B,0,2T15,BEVERLY BL,RAMPART BL,107,E,N,A,-,N,NA,NA,NA,NA,NA,NA,NA,NA,NA,N,3,0,1,2,A,-,08,22107,NA,N,D,G,A,A,H,-,C,D,0,NA,Y,NA,NA,Y,NA,L,04,0,1,0,0,0,0,1,0,0,-,-,NA,NA,LOS ANGELES,LOS ANGELES,-118.27651379,34.06936013
6716985,2014,2015-01-09,1942,2014-11-18,1620,39745,0224,2,5,7,1942,0,0,0,B,0,1T24W5,SILVERLAKE ST,RT 101,25,W,N,A,-,Y,NA,NA,NA,NA,NA,NA,NA,NA,NA,N,4,0,1,2,A,-,12,21453,A,N,D,C,A,A,H,-,A,D,0,NA,NA,NA,NA,Y,NA,A,01,0,0,1,0,0,0,0,0,0,-,-,NA,NA,LOS ANGELES,LOS ANGELES,-118.28206816,34.07716829
6716987,2014,2016-02-18,1942,2014-11-17,1220,34426,0176,1,5,7,1942,0,0,0,A,0,2T15,WALL ST,8TH ST,240,N,N,A,-,N,NA,NA,NA,NA,NA,NA,NA,NA,NA,N,4,0,1,2,A,-,21,22106,NA,N,H,E,A,A,H,-,A,D,0,NA,NA,NA,NA,Y,NA,A,08,0,0,1,0,0,0,0,0,0,-,-,NA,NA,LOS ANGELES,LOS ANGELES,-118.24988266,34.0406077
6716988,2014,2015-01-23,1942,2014-11-17,1145,38399,0122,1,5,7,1942,0,0,0,A,0,2T15,FIGUEROA ST,TEMPLE ST,26,N,N,A,-,N,NA,NA,NA,NA,NA,NA,NA,NA,NA,N,4,0,3,2,A,-,-,NA,NA,N,D,C,A,A,H,-,A,A,0,NA,NA,NA,NA,Y,NA,-,-,0,0,3,0,0,0,0,0,0,-,-,NA,NA,LOS ANGELES,LOS ANGELES,-118.2483805,34.0598817
6716989,2014,2015-01-09,1942,2014-11-17,1325,34426,0467,1,5,7,1942,0,0,0,D,0,2T15,SOTO ST,1ST ST,25,N,N,A,-,N,NA,NA,NA,NA,NA,NA,NA,NA,NA,Y,4,0,2,2,A,-,03,22350,NA,N,C,C,A,A,H,-,A,A,0,NA,NA,NA,NA,Y,NA,A,01,0,0,2,0,0,0,0,0,0,-,-,NA,NA,LOS ANGELES,LOS ANGELES,-118.20978,34.04375
6716990,2014,2015-01-09,1900,2014-11-18,0715,284954,1017,2,5,3,1995,0,0,0,NA,0,220A1,RT 1,BIG ROCK DR,211,S,N,A,-,Y,NA,NA,NA,NA,NA,NA,NA,NA,NA,Y,4,0,1,2,A,-,07,21658,A,N,B,D,A,A,H,-,-,D,0,NA,NA,NA,NA,Y,NA,A,01,0,0,1,0,0,0,0,0,0,-,-,NA,NA,LOS ANGELES,MALIBU,NA,NA
6716991,2014,2015-01-09,1900,2014-11-22,1800,534768,1014,6,5,3,1995,0,0,0,NA,0,101,CORRAL CANYON,RT 1,528,E,N,A,-,N,NA,NA,NA,NA,NA,NA,NA,NA,NA,Y,4,0,1,1,A,-,08,22107,NA,F,H,-,A,A,H,-,D,D,0,NA,NA,NA,NA,Y,Y,A,01,0,0,1,0,0,0,0,0,0,-,-,NA,NA,LOS ANGELES,MALIBU,-118.741151,34.033291
6716992,2014,2016-07-11,1900,2014-11-18,1038,530182,1014,2,5,3,1995,0,0,0,NA,0,101T4,RT 1,CORRAL CANYON RD,528,E,N,B,-,Y,LA,7,1,-,-,50.28,H,-,N,N,4,0,4,3,A,-,04,21703,NA,N,C,C,A,A,H,-,A,D,0,NA,NA,NA,NA,Y,NA,A,07,0,0,4,0,0,0,0,0,0,-,-,NA,NA,LOS ANGELES,MALIBU,-118.74134606,34.03336273
6716993,2014,2015-01-09,1900,2014-11-16,1101,487849,2261,7,5,2,1993,0,0,0,NA,0,226TI,AGOURA RD,LAKEVIEW CANYON RD,300,E,N,A,-,N,NA,NA,NA,NA,NA,NA,NA,NA,NA,Y,4,0,1,2,A,-,08,22107,NA,N,D,C,A,A,H,-,A,D,0,NA,NA,NA,NA,Y,NA,A,01,0,0,1,0,0,0,0,0,0,-,-,NA,NA,LOS ANGELES,WESTLAKE VILLAGE,-118.81831717,34.14793873
6716994,2014,2015-01-09,1900,2014-11-17,1146,530045,2222,1,5,3,1994,0,0,0,NA,0,1146,KANAN RD,CANWOOD ST,7,N,N,A,-,N,NA,NA,NA,NA,NA,NA,NA,NA,NA,N,4,0,1,2,A,-,04,21703,NA,N,C,C,A,A,H,-,A,A,0,NA,NA,NA,NA,Y,NA,A,07,0,0,1,0,0,0,0,0,0,-,-,34.14691,-118.76052,LOS ANGELES,AGOURA HILLS,-118.76107658,34.14699899