CASE_ID,ACCIDENT_YEAR,PROC_DATE,JURIS,COLLISION_DATE,COLLISION_TIME,OFFICER_ID,REPORTING_DISTRICT,DAY_OF_WEEK,CHP_SHIFT,POPULATION,CNTY_CITY_LOC,SPECIAL_COND,BEAT_TYPE,CHP_BEAT_TYPE,CITY_DIVISION_LAPD,CHP_BEAT_CLASS,BEAT_NUMBER,PRIMARY_RD,SECONDARY_RD,DISTANCE,DIRECTION,INTERSECTION,WEATHER_1,WEATHER_2,STATE_HWY_IND,CALTRANS_COUNTY,CALTRANS_DISTRICT,STATE_ROUTE,ROUTE_SUFFIX,POSTMILE_PREFIX,POSTMILE,LOCATION_TYPE,RAMP_INTERSECTION,SIDE_OF_HWY,TOW_AWAY,COLLISION_SEVERITY,NUMBER_KILLED,NUMBER_INJURED,PARTY_COUNT,PRIMARY_COLL_FACTOR,PCF_CODE_OF_VIOL,PCF_VIOL_CATEGORY,PCF_VIOLATION,PCF_VIOL_SUBSECTION,HIT_AND_RUN,TYPE_OF_COLLISION,MVIW,PED_ACTION,ROAD_SURFACE,ROAD_COND_1,ROAD_COND_2,LIGHTING,CONTROL_DEVICE,CHP_ROAD_TYPE,PEDESTRIAN_ACCIDENT,BICYCLE_ACCIDENT,MOTORCYCLE_ACCIDENT,TRUCK_ACCIDENT,NOT_PRIVATE_PROPERTY,ALCOHOL_INVOLVED,STWD_VEHTYPE_AT_FAULT,CHP_VEHTYPE_AT_FAULT,COUNT_SEVERE_INJ,COUNT_VISIBLE_INJ,COUNT_COMPLAINT_PAIN,COUNT_PED_KILLED,COUNT_PED_INJURED,COUNT_BICYCLIST_KILLED,COUNT_BICYCLIST_INJURED,COUNT_MC_KILLED,COUNT_MC_INJURED,PRIMARY_RAMP,SECONDARY_RAMP,LATITUDE,LONGITUDE,COUNTY,CITY,POINT_X,POINT_Y
6720302,2014,2014-12-04,1900,2014-08-25,1010,4840334,0334,1,5,4,1939,0,0,0,NA,0,35T1,PRAIRIE AV,159TH ST,125,S,N,A,-,N,NA,NA,NA,NA,NA,NA,NA,NA,NA,Y,4,0,2,2,A,-,04,21703,NA,N,C,C,A,A,H,-,A,D,0,NA,NA,NA,NA,Y,NA,A,01,0,0,2,0,0,0,0,0,0,-,-,NA,NA,LOS ANGELES,LAWNDALE,-118.34383,33.88609716
6720303,2014,2016-05-24,9525,2014-08-20,1250,017867,NA,3,1,6,1955,0,1,1,NA,2,109,RT 10,TOWNE AV,200,E,N,A,-,Y,LA,7,10,-,-,46.48,H,-,W,Y,3,0,2,2,A,-,07,21658,A,N,B,C,A,A,H,-,A,D,1,NA,NA,NA,NA,Y,NA,-,-,0,1,1,0,0,0,0,0,0,-,-,34.078360000000004,-117.74319,LOS ANGELES,POMONA,-117.7405416,34.07876444
6720304,2014,2016-05-16,9550,2014-08-14,1300,20737,NA,4,1,3,1964,0,1,1,NA,2,651,RT 605,RT 5,25,S,N,A,-,Y,LA,7,605,-,R,9.612,H,-,S,Y,3,0,1,3,A,-,03,22350,NA,N,C,C,A,A,H,-,A,D,1,NA,NA,NA,NA,Y,NA,A,01,0,1,0,0,0,0,0,0,0,-,-,33.94083,-118.09708,LOS ANGELES,SANTA FE SPRINGS,-118.09667909,33.94129721
6720305,2014,2014-12-03,1924,2014-08-29,0814,111229,39,5,5,5,1924,0,0,0,NA,0,8M1,NORMANDIE AV,158TH ST,18,N,N,A,-,N,NA,NA,NA,NA,NA,NA,NA,NA,NA,N,4,0,1,2,A,-,08,22107,NA,M,B,G,A,A,H,-,A,A,0,NA,Y,NA,NA,Y,NA,A,01,0,0,1,0,0,0,1,0,0,-,-,NA,NA,LOS ANGELES,GARDENA,-118.29942794,33.88746934
6720307,2014,2016-05-24,9525,2014-08-12,1455,017867,NA,2,2,4,1913,0,1,1,NA,2,109,RT 10,INDIAN HILL BL,150,W,N,A,-,Y,LA,7,10,-,-,47.71,H,-,W,Y,4,0,1,1,A,-,08,22107,NA,N,E,I,A,A,H,-,A,D,1,NA,NA,NA,NA,Y,NA,A,07,0,0,1,0,0,0,0,0,0,-,-,34.08164,-117.73314,LOS ANGELES,CLAREMONT,-117.71989316,34.08183392
6720308,2014,2016-05-17,9550,2014-08-14,0704,20037,NA,4,1,5,1908,0,1,3,NA,2,091,RT 91,LAKEWOOD BL,600,W,N,A,-,Y,LA,7,91,-,R,14.74,H,-,E,Y,3,0,2,2,A,-,03,22350,NA,N,C,C,A,A,H,-,A,D,1,NA,NA,NA,NA,Y,NA,A,01,0,2,0,0,0,0,0,0,0,-,-,33.87705,-118.14044,LOS ANGELES,BELLFLOWER,-118.14049391,33.87705821
6720310,2014,2014-12-04,1942,2014-08-24,2325,40614,1241,7,5,7,1942,0,0,0,L,0,12A49,CRENSHAW BL,60TH ST,0,NA,Y,A,-,N,NA,NA,NA,NA,NA,NA,NA,NA,NA,Y,4,0,2,2,A,-,09,21801,A,N,A,C,A,A,H,-,C,A,0,NA,NA,NA,NA,Y,NA,A,01,0,0,2,0,0,0,0,0,0,-,-,NA,NA,LOS ANGELES,LOS ANGELES,-118.33087,33.9854
6720311,2014,2016-06-09,9525,2014-08-12,0800,14593,NA,2,1,6,1955,0,1,3,NA,2,071,RT 71,RIDGEWAY ST,100,S,N,B,-,Y,LA,7,71,-,R,0.94,H,-,S,Y,4,0,1,2,A,-,03,22350,NA,N,C,C,A,A,H,-,A,D,1,NA,NA,NA,NA,Y,NA,A,01,0,0,1,0,0,0,0,0,0,-,-,34.06473,-117.79715,LOS ANGELES,POMONA,-117.79807662,34.06493879
6720312,2014,2016-05-21,9550,2014-08-13,1900,017398,NA,3,2,9,1900,0,1,1,NA,2,650,RT 605,SLAUSON AV,200,S,N,B,-,Y,LA,7,605,-,R,11.5,H,-,S,N,4,0,1,3,A,-,03,22350,NA,N,C,C,A,A,H,-,A,D,1,NA,NA,NA,NA,Y,NA,A,07,0,0,1,0,0,0,0,0,0,-,-,33.96604,-118.0838,LOS ANGELES,UNINCORPORATED,-118.08382561,33.96637916
6720314,2014,2016-06-16,1972,2014-08-08,2017,19522,NA,5,5,6,1972,0,0,0,NA,0,NA,RT 1,MADISON ST,40,W,N,A,-,Y,LA,7,1,-,-,1.58,H,-,S,Y,3,0,1,2,A,-,07,21658,A,N,B,C,A,A,H,-,C,A,0,NA,NA,NA,NA,Y,NA,A,NA,0,1,0,0,0,0,0,0,0,-,-,NA,NA,LOS ANGELES,TORRANCE,-118.11830677,33.77088622
6720315,2014,2016-05-23,9525,2014-08-15,2300,020232,NA,5,3,6,1955,0,1,3,NA,2,605,RT 60,RESERVOIR AV,1056,W,N,A,-,Y,LA,7,60,-,R,30.21,H,-,W,Y,4,0,1,2,A,-,07,21658,A,N,B,C,A,A,H,-,D,D,1,NA,NA,NA,NA,Y,NA,A,07,0,0,1,0,0,0,0,0,0,-,-,34.02407,-117.74858,LOS ANGELES,POMONA,-117.73379266,34.02511658
6720316,2014,2016-06-11,9550,2014-08-13,1735,18271,NA,3,2,5,1919,0,1,3,NA,2,091,RT 91,PIONEER BL,300,W,N,A,-,Y,LA,7,91,-,R,18.05,H,-,E,Y,4,0,1,2,A,-,08,22107,NA,N,B,C,A,A,H,-,A,D,1,NA,NA,Y,NA,Y,NA,A,07,0,0,1,0,0,0,0,0,1,-,-,33.87634,-118.08522,LOS ANGELES,CERRITOS,-118.08324994,33.87645412
6720317,2014,2015-02-19,1900,2014-08-25,0830,522639,0332,1,5,4,1939,0,0,0,NA,0,035,MANHATTAN BEACH BL,CONDON AV,0,NA,Y,A,-,N,NA,NA,NA,NA,NA,NA,NA,NA,NA,Y,4,0,1,2,A,-,06,21755,NA,N,D,C,A,A,H,-,A,D,0,NA,NA,NA,NA,Y,NA,A,01,0,0,1,0,0,0,0,0,0,-,-,NA,NA,LOS ANGELES,LAWNDALE,-118.35952004,33.88732006
6720318,2014,2016-06-06,9550,2014-08-13,0120,20321,NA,3,3,6,1949,0,1,1,NA,2,651,RT 605,RT 105,400,S,N,A,-,Y,LA,7,605,-,R,6.778,R,1,N,Y,4,0,1,2,A,-,03,22350,NA,N,C,C,A,A,H,-,C,D,1,NA,NA,NA,NA,Y,NA,A,01,0,0,1,0,0,0,0,0,0,TO,-,33.9089,-118.1042,LOS ANGELES,NORWALK,-118.10502526,33.90133878
6720319,2014,2016-06-11,9525,2014-08-16,1813,019632,NA,6,2,5,1990,0,1,3,NA,2,574,RT 57,PATHFINDER RD,2112,S,N,A,-,Y,LA,7,57,-,R,2.77,H,-,N,N,4,0,1,2,A,-,01,23152,A,N,C,C,A,A,H,-,A,D,1,NA,NA,NA,NA,Y,Y,A,01,0,0,1,0,0,0,0,0,0,-,-,33.97818,-117.84173,LOS ANGELES,DIAMOND BAR,-117.84173703,33.97841945
6720320,2014,2016-05-23,9550,2014-08-12,1210,20070,NA,2,1,4,1936,0,1,1,NA,2,501,RT 5,VALLEY VIEW AV,1000,S,N,A,-,Y,LA,7,5,-,-,1.02,H,-,N,Y,4,0,1,3,A,-,03,22350,NA,F,C,C,A,A,H,-,A,D,1,NA,NA,NA,NA,Y,NA,A,01,0,0,1,0,0,0,0,0,0,-,-,33.88168,-118.02438,LOS ANGELES,LA MIRADA,-118.02615673,33.88268062
6720321,2014,2014-12-04,1946,2014-09-16,1843,P14,NA,2,5,4,1946,0,0,0,NA,0,002,HUNTINGTON,PRIMROSE,0,NA,Y,A,-,N,NA,NA,NA,NA,NA,NA,NA,NA,NA,N,3,0,1,2,A,-,10,21950,A,N,G,B,B,A,H,-,B,D,0,Y,NA,NA,NA,Y,NA,A,01,0,1,0,0,1,0,0,0,0,-,-,NA,NA,LOS ANGELES,MONROVIA,-118.00303002,34.1404801
6720322,2014,2014-12-04,9565,2014-09-29,0745,17060,NA,1,1,9,1900,0,2,4,NA,2,023,IMPERIAL HWY,WESTERN AV,25,E,N,A,-,N,NA,NA,NA,NA,NA,NA,NA,NA,NA,Y,4,0,2,3,D,-,00,NA,NA,N,C,C,A,A,H,-,A,A,0,NA,NA,NA,NA,Y,NA,-,-,0,0,2,0,0,0,0,0,0,-,-,33.93102,-118.30912,LOS ANGELES,UNINCORPORATED,-118.30905774,33.93102
6720325,2014,2014-12-04,1946,2014-09-12,1026,25,NA,5,5,4,1946,0,0,0,NA,0,002,PECK RD,EDISON POLE #804664E,0,E,N,A,-,N,NA,NA,NA,NA,NA,NA,NA,NA,NA,N,4,0,1,1,A,-,05,21202,A,N,E,I,A,A,H,-,A,D,0,NA,Y,NA,NA,Y,NA,L,04,0,0,1,0,0,0,1,0,0,-,-,NA,NA,LOS ANGELES,MONROVIA,NA,NA
6720326,2014,2016-06-11,9565,2014-09-12,1305,020796,NA,5,1,7,1942,0,1,1,NA,2,064,RT 405,GETTY CENTER DR,500,N,N,A,-,Y,LA,7,405,-,-,34.33,H,-,S,Y,4,0,1,2,A,-,03,22350,NA,N,C,C,A,A,H,-,A,D,1,NA,NA,NA,NA,Y,NA,-,99,0,0,1,0,0,0,0,0,0,-,-,34.10163,-118.47771,LOS ANGELES,LOS ANGELES,-118.4756279,34.09001589
6720329,2014,2014-12-04,1946,2014-09-05,1643,41,NA,5,5,4,1946,0,0,0,NA,0,002,CHESTNUT,MONTEREY,12,W,N,A,-,N,NA,NA,NA,NA,NA,NA,NA,NA,NA,N,4,0,1,2,A,-,21,22106,NA,N,G,B,E,A,H,-,A,D,0,Y,NA,NA,NA,Y,NA,A,08,0,0,1,0,1,0,0,0,0,-,-,NA,NA,LOS ANGELES,MONROVIA,-118.01426957,34.14244961
6720330,2014,2014-12-03,9565,2014-09-13,0900,020796,NA,6,1,7,1942,0,3,5,NA,2,006,DOWLEN DR,BONSALL AV,300,E,N,A,-,N,NA,NA,NA,NA,NA,NA,NA,NA,NA,Y,4,0,2,1,A,-,03,22350,NA,N,A,I,A,A,H,-,A,D,0,NA,NA,NA,NA,Y,NA,A,01,0,0,2,0,0,0,0,0,0,-,-,34.05004,-118.4504,LOS ANGELES,LOS ANGELES,-118.453332,34.053504
6720332,2014,2015-01-09,1900,2014-10-17,1725,440103,0453,5,5,6,1949,0,0,0,NA,0,43T1 P,ROSECRANS AV,PIONEER BL,180,W,N,A,-,N,NA,NA,NA,NA,NA,NA,NA,NA,NA,Y,4,0,1,4,A,-,03,22350,NA,N,C,C,A,A,H,-,A,D,0,NA,NA,NA,NA,Y,NA,A,01,0,0,1,0,0,0,0,0,0,-,-,NA,NA,LOS ANGELES,NORWALK,-118.08317191,33.90225
6720336,2014,2014-12-30,1942,2014-10-22,0615,38842,LA,3,5,7,1942,0,0,0,NA,0,21A43,CANOGA AV,KESWICK ST,0,NA,Y,A,-,N,NA,NA,NA,NA,NA,NA,NA,NA,NA,N,4,0,1,2,A,-,-,NA,NA,F,G,B,B,B,-,-,B,D,0,Y,NA,NA,NA,Y,NA,-,99,0,0,1,0,1,0,0,0,0,-,-,NA,NA,LOS ANGELES,LOS ANGELES,-118.59750009,34.21009005
6720338,2014,2016-06-11,9565,2014-09-30,0840,018195,NA,2,1,7,1942,0,1,1,NA,2,064,RT 405,BEL AIR CREST RD,600,S,N,A,-,Y,LA,7,405,-,-,35.7,H,-,S,Y,4,0,1,3,A,-,07,21658,A,N,C,C,A,A,H,-,A,D,1,NA,NA,NA,NA,Y,NA,A,07,0,0,1,0,0,0,0,0,0,-,-,34.11026,-118.48161,LOS ANGELES,LOS ANGELES,-118.48071941,34.10891409
6720340,2014,2014-12-29,1942,2014-10-26,0955,40972,2126,7,5,7,1942,0,0,0,NA,0,16T23,ROSCOE BL,CANOGA AV,0,NA,Y,A,-,N,NA,NA,NA,NA,NA,NA,NA,NA,NA,N,3,0,1,2,A,-,-,NA,NA,F,G,B,F,A,H,-,A,D,0,Y,Y,NA,NA,Y,NA,L,04,0,1,0,0,1,0,0,0,0,-,-,NA,NA,LOS ANGELES,LOS ANGELES,-118.59752013,34.21980002
6720349,2014,2016-05-23,9525,2014-09-03,0535,015337,NA,3,3,6,1955,0,1,3,NA,2,605,RT 60,PHILLIPS RANCH RD,300,W,N,A,-,Y,LA,7,60,-,R,28.059,R,1,W,Y,4,0,2,2,A,-,03,22350,NA,N,C,C,A,A,H,-,B,A,1,NA,NA,NA,NA,Y,NA,A,01,0,0,2,0,0,0,0,0,0,-,-,34.02486,-117.07147,LOS ANGELES,POMONA,-117.77068933,34.02397091
6720353,2014,2014-12-10,1946,2014-09-30,2044,P31,NA,2,5,4,1946,0,0,0,NA,0,002,HUNTINGTON DR,MAYFLOWER,150,W,N,A,-,N,NA,NA,NA,NA,NA,NA,NA,NA,NA,N,4,0,2,2,A,-,03,22350,NA,N,D,C,A,A,H,-,C,D,0,NA,NA,NA,NA,Y,NA,A,01,0,0,2,0,0,0,0,0,0,-,-,NA,NA,LOS ANGELES,MONROVIA,-118.01008461,34.14039
6720357,2014,2014-12-04,1946,2014-09-18,1018,P41,NA,4,5,4,1946,0,0,0,NA,0,002,LIVE OAK,PECK,0,NA,Y,A,-,N,NA,NA,NA,NA,NA,NA,NA,NA,NA,Y,3,0,1,2,A,-,09,21453,C,N,D,C,A,A,H,-,A,A,0,NA,NA,NA,NA,Y,NA,A,01,0,1,0,0,0,0,0,0,0,-,-,NA,NA,LOS ANGELES,MONROVIA,-118.00466009,34.11110005
6720358,2014,2014-12-04,9565,2014-09-10,1400,018154,NA,3,2,9,1900,0,3,5,NA,2,002,EL SEGUNDO BL,RAYMOND AV,150,E,N,A,-,N,NA,NA,NA,NA,NA,NA,NA,NA,NA,Y,4,0,1,2,A,-,01,23152,E,N,C,C,A,A,H,-,A,D,0,NA,NA,NA,NA,Y,NA,A,07,0,0,1,0,0,0,0,0,0,-,-,33.91642,-118.29743,LOS ANGELES,UNINCORPORATED,-118.29814657,33.91643398
6720362,2014,2014-12-04,9565,2014-09-11,1030,16545,NA,4,1,9,1900,0,3,5,NA,2,005,PANAY WY,VIA MARINA,1000,E,N,A,-,N,NA,NA,NA,NA,NA,NA,NA,NA,NA,N,4,0,1,2,A,-,21,22106,NA,N,B,C,A,A,H,-,A,D,0,NA,NA,Y,NA,Y,NA,A,01,0,0,1,0,0,0,0,0,1,-,-,33.97909,-118.45671,LOS ANGELES,UNINCORPORATED,-118.45588788,33.97901001
6720364,2014,2014-12-29,1942,2014-10-19,0955,38181,2185,7,5,7,1942,0,0,0,NA,0,21TL61,TOPANGA CANYON BL,CLARENDON ST,0,NA,Y,A,-,N,NA,NA,NA,NA,NA,NA,NA,NA,NA,N,3,0,1,2,A,-,12,21453,A,F,D,C,A,A,H,-,A,D,0,NA,NA,NA,NA,Y,NA,-,99,0,1,0,0,0,0,0,0,0,-,-,NA,NA,LOS ANGELES,LOS ANGELES,-118.60592008,34.16962002
6720368,2014,2014-12-29,1942,2014-10-20,0910,38185,2136,1,5,7,1942,0,0,0,NA,0,9TL55,CANOGA AV,VALERIO ST,480,N,N,A,-,N,NA,NA,NA,NA,NA,NA,NA,NA,NA,Y,4,0,1,5,A,-,08,22107,NA,F,C,C,A,A,H,-,A,A,0,NA,NA,NA,NA,Y,NA,-,99,0,0,1,0,0,0,0,0,0,-,-,NA,NA,LOS ANGELES,LOS ANGELES,-118.59752,34.20594679
6720375,2014,2014-12-29,1942,2014-10-23,0920,37451,0408,4,5,7,1942,0,0,0,D,0,4A9,HUNTINGTON DR,EL SERENO AV,10,W,N,A,-,N,NA,NA,NA,NA,NA,NA,NA,NA,NA,NA,4,0,1,2,A,-,10,21950,A,N,G,B,B,A,H,-,A,A,0,Y,NA,NA,NA,Y,NA,A,01,0,0,1,0,1,0,0,0,0,-,-,NA,NA,LOS ANGELES,LOS ANGELES,-118.17839986,34.08622839
6720377,2014,2016-05-10,9525,2014-09-03,1810,16679,NA,3,2,6,1975,0,1,1,NA,2,105,RT 10,BARRANCA ST,300,E,N,A,-,Y,LA,7,10,-,-,38.07,H,-,W,Y,3,0,1,2,A,-,03,22350,NA,N,B,C,A,A,H,-,A,D,1,NA,NA,Y,NA,Y,NA,C,02,0,1,0,0,0,0,0,0,1,-,-,34.072,-117.87875,LOS ANGELES,WEST COVINA,-117.8802045,34.07196914
6720379,2014,2014-12-29,1942,2014-10-29,0520,41386,0212,3,5,7,1942,0,0,0,B,0,2A5,MELROSE AV,JUANITA AV,237,E,N,A,-,N,NA,NA,NA,NA,NA,NA,NA,NA,NA,N,3,0,1,1,A,-,03,22350,NA,N,A,I,A,A,H,-,C,D,0,NA,NA,NA,NA,Y,NA,A,01,0,1,0,0,0,0,0,0,0,-,-,NA,NA,LOS ANGELES,LOS ANGELES,-118.28972882,34.08359
6720381,2014,2014-12-04,1946,2014-09-19,1711,P41,NA,5,5,4,1946,0,0,0,NA,0,002,MAYFLOWER,DIAMOND,0,NA,Y,A,-,N,NA,NA,NA,NA,NA,NA,NA,NA,NA,Y,4,0,1,2,A,-,09,21801,A,N,D,C,A,A,H,-,A,D,0,NA,NA,NA,NA,Y,NA,A,01,0,0,1,0,0,0,0,0,0,-,-,NA,NA,LOS ANGELES,MONROVIA,-118.00951002,34.13590002
6720383,2014,2014-12-29,1900,2014-10-28,1845,516551,0455,2,5,6,1949,0,0,0,NA,0,45T1,ROSECRANS AV,STUDEBAKER RD,277,W,N,A,-,N,NA,NA,NA,NA,NA,NA,NA,NA,NA,Y,4,0,1,2,A,-,09,21801,A,N,D,C,A,A,H,-,C,D,0,NA,NA,NA,NA,Y,NA,A,01,0,0,1,0,0,0,0,0,0,-,-,NA,NA,LOS ANGELES,NORWALK,-118.10102073,33.90205
6720386,2014,2014-12-04,9565,2014-09-06,1906,020590,NA,6,2,9,1900,0,2,4,NA,2,021,VERMONT AV,EL SEGUNDO BL,5,N,N,A,-,N,NA,NA,NA,NA,NA,NA,NA,NA,NA,Y,4,0,1,2,A,-,03,22350,NA,N,C,C,A,A,H,-,C,A,0,NA,NA,NA,NA,Y,NA,A,01,0,0,1,0,0,0,0,0,0,-,-,33.91684,-118.29168,LOS ANGELES,UNINCORPORATED,-118.29184,33.91643371
6720388,2014,2014-12-29,9565,2014-10-24,2158,020747,NA,5,2,7,1942,0,1,1,NA,2,064,RT 405,MORAGA DR,100,N,N,A,-,Y,NA,NA,405,NA,NA,NA,NA,NA,NA,Y,4,0,1,2,A,-,08,22107,NA,F,D,C,A,A,H,-,D,D,0,NA,NA,NA,NA,Y,NA,-,99,0,0,1,0,0,0,0,0,0,-,-,34.07756,-118.47043,LOS ANGELES,LOS ANGELES,-118.47044024,34.07755114
6720392,2014,2014-12-29,9565,2014-10-25,0401,020747,NA,6,3,7,1942,0,1,1,NA,2,063,RT 405,WILSHIRE BL,500,S,N,A,-,Y,NA,NA,405,NA,NA,NA,NA,NA,NA,Y,4,0,1,2,A,-,08,22107,NA,F,C,C,A,A,H,-,C,D,0,NA,NA,NA,NA,Y,NA,-,99,0,0,1,0,0,0,0,0,0,-,-,34.0526,-118.44956,LOS ANGELES,LOS ANGELES,-118.44958916,34.05258788
6720394,2014,2014-12-04,1900,2014-09-30,0830,512477,1624,2,5,5,1977,0,0,0,NA,0,168T,SEPULVEDA BL,RONAN AV,0,NA,Y,A,-,N,NA,NA,NA,NA,NA,NA,NA,NA,NA,N,4,0,1,2,A,-,09,21802,A,N,H,G,A,A,H,-,A,A,0,NA,Y,NA,NA,Y,NA,A,01,0,0,1,0,0,0,1,0,0,-,-,NA,NA,LOS ANGELES,CARSON,-118.27304,33.8080701
6720402,2014,2014-12-24,1900,2014-10-08,0910,512477,1628,3,5,5,1977,0,0,0,NA,0,168T,CARSON ST,AVALON BL,0,NA,Y,A,-,N,NA,NA,NA,NA,NA,NA,NA,NA,NA,Y,4,0,1,2,A,-,09,21453,C,N,D,C,A,-,H,-,A,A,0,NA,NA,NA,NA,Y,NA,A,01,0,0,1,0,0,0,0,0,0,-,-,NA,NA,LOS ANGELES,CARSON,-118.26375011,33.83176007
6720406,2014,2014-12-24,1900,2014-10-09,0811,287346,1615,4,5,5,1977,0,0,0,NA,0,0811,UNIVERSITY DR,WADLEY AV,0,NA,Y,A,-,N,NA,NA,NA,NA,NA,NA,NA,NA,NA,Y,3,0,1,2,A,-,09,21802,A,N,D,C,A,A,H,-,A,D,0,NA,NA,NA,NA,Y,NA,A,01,0,1,0,0,0,0,0,0,0,-,-,NA,NA,LOS ANGELES,CARSON,-118.26292008,33.85826011
6720410,2014,2016-02-19,1900,2014-10-09,1445,281365,1610,4,5,5,1977,0,0,0,NA,0,164T1,MAIN ST,RT 91,350,S,N,A,-,N,NA,NA,NA,NA,NA,NA,NA,NA,NA,Y,4,0,1,3,A,-,07,21658,A,N,B,C,A,A,H,-,A,A,0,NA,NA,NA,NA,Y,NA,A,01,0,0,1,0,0,0,0,0,0,-,-,NA,NA,LOS ANGELES,CARSON,-118.27549,33.8718301
6720413,2014,2016-02-18,1972,2014-10-29,0808,17624,NA,3,5,6,1972,0,0,0,NA,0,NA,RT 190,ANZA,120,E,N,A,-,N,NA,NA,NA,NA,NA,NA,NA,NA,NA,Y,3,0,2,3,A,-,04,21703,NA,N,C,C,A,A,H,-,A,D,0,NA,NA,NA,NA,Y,NA,A,NA,0,1,1,0,0,0,0,0,0,-,-,NA,NA,LOS ANGELES,TORRANCE,-118.36508573,33.85826
6720414,2014,2014-12-24,1900,2014-10-26,2030,526912,2822,7,5,5,1915,0,0,0,NA,0,283T1,PALMER ST,SANTA FE AV,0,NA,Y,A,-,N,NA,NA,NA,NA,NA,NA,NA,NA,NA,N,4,0,2,2,D,-,00,NA,NA,N,A,C,A,A,H,-,C,A,0,NA,NA,NA,NA,Y,NA,-,-,0,0,2,0,0,0,0,0,0,-,-,NA,NA,LOS ANGELES,COMPTON,-118.21594011,33.89832007
6720417,2014,2014-12-23,1972,2014-10-29,1325,16610,NA,3,5,6,1972,0,0,0,NA,0,NA,ANZA AV,SEPULVEDA BL,135,N,N,A,-,N,NA,NA,NA,NA,NA,NA,NA,NA,NA,Y,4,0,2,3,A,-,03,22350,NA,N,C,C,A,A,H,-,A,D,0,NA,NA,NA,NA,Y,NA,A,NA,0,0,2,0,0,0,0,0,0,-,-,NA,NA,LOS ANGELES,TORRANCE,-118.35982,33.82659028
6720418,2014,2014-12-24,1900,2014-10-31,1414,526912,2812,5,5,5,1915,0,0,0,NA,0,283T1,EL SEGUNDO BL,SLATER ST,50,E,N,B,-,N,NA,NA,NA,NA,NA,NA,NA,NA,NA,Y,4,0,2,2,A,-,07,21658,A,N,D,C,A,A,H,-,A,D,0,NA,NA,NA,NA,Y,NA,A,07,0,0,2,0,0,0,0,0,0,-,-,NA,NA,LOS ANGELES,COMPTON,-118.24881558,33.9162665
6720421,2014,2014-12-23,1972,2014-10-31,2349,19767,NA,5,5,6,1972,0,0,0,NA,0,NA,CRENSHAW BL,TORRANCE BL,25,S,N,B,C,N,NA,NA,NA,NA,NA,NA,NA,NA,NA,Y,3,0,1,2,A,-,03,22350,NA,N,C,C,A,B,H,-,C,A,0,NA,NA,NA,NA,Y,NA,A,NA,0,1,0,0,0,0,0,0,0,-,-,NA,NA,LOS ANGELES,TORRANCE,-118.32870731,33.83627147
6720422,2014,2014-12-24,1900,2014-10-19,2034,525109,2844,7,5,5,1915,0,0,0,NA,0,283T3,TEMPLE AV,MARCELLE ST,150,S,N,A,-,N,NA,NA,NA,NA,NA,NA,NA,NA,NA,Y,3,0,1,1,A,-,08,22107,NA,N,E,I,A,A,H,-,C,D,0,NA,NA,NA,NA,Y,NA,A,01,0,1,0,0,0,0,0,0,0,-,-,NA,NA,LOS ANGELES,COMPTON,-118.20731227,33.88600563
6720424,2014,2015-01-22,1900,2014-11-25,1920,526693,2112,2,5,5,1943,0,0,0,NA,0,212T2,ABOTT RD,PINE AV,195,E,N,A,-,N,NA,NA,NA,NA,NA,NA,NA,NA,NA,N,2,0,1,2,A,-,11,21954,A,N,G,B,D,A,H,-,C,A,0,Y,NA,NA,NA,Y,NA,N,60,1,0,0,0,1,0,0,0,0,-,-,NA,NA,LOS ANGELES,LYNWOOD,-118.18640158,33.93429742
6720428,2014,2015-01-15,1900,2014-11-21,1420,526024,2113,5,5,5,1943,0,0,0,NA,0,212T3,IMPERIAL HWY,ATLANTIC AV,15,W,N,A,-,N,NA,NA,NA,NA,NA,NA,NA,NA,NA,N,4,0,1,2,A,-,03,22350,NA,N,C,C,A,A,H,-,A,A,0,NA,NA,NA,NA,Y,NA,D,NA,0,0,1,0,0,0,0,0,0,-,-,NA,NA,LOS ANGELES,LYNWOOD,-118.18365931,33.93073159
6720430,2014,2014-12-24,1942,2014-10-21,1810,39436,1204,2,5,7,1942,0,0,0,L,0,5725,48TH ST,DENKER AV,116,E,N,A,-,N,NA,NA,NA,NA,NA,NA,NA,NA,NA,Y,4,0,1,2,A,-,08,22103,NA,N,D,C,A,A,H,-,A,D,0,NA,NA,NA,NA,Y,NA,A,07,0,0,1,0,0,0,0,0,0,-,-,NA,NA,LOS ANGELES,LOS ANGELES,-118.30418803,34.00005173
6720434,2014,2014-12-24,1900,2014-10-04,0445,519506,1623,6,5,5,1977,0,0,0,NA,0,160T,LOMITA BL,MAIN ST,350,W,N,A,-,N,NA,NA,NA,NA,NA,NA,NA,NA,NA,Y,3,0,2,1,A,-,03,22350,NA,N,E,I,A,A,H,-,C,D,0,NA,NA,NA,NA,Y,NA,A,01,0,1,1,0,0,0,0,0,0,-,-,NA,NA,LOS ANGELES,CARSON,-118.27652741,33.79863876
6720437,2014,2016-02-18,1900,2014-10-25,1915,519506,1628,6,5,5,1977,0,0,0,NA,0,167T1,CARSON ST,CIVIC CENTER DR,120,W,N,A,-,N,NA,NA,NA,NA,NA,NA,NA,NA,NA,N,4,0,1,2,A,-,11,21955,NA,N,G,B,D,A,H,-,C,A,0,Y,NA,NA,NA,Y,Y,N,60,0,0,1,0,1,0,0,0,0,-,-,NA,NA,LOS ANGELES,CARSON,-118.26230435,33.83175