CASE_ID,ACCIDENT_YEAR,PROC_DATE,JURIS,COLLISION_DATE,COLLISION_TIME,OFFICER_ID,REPORTING_DISTRICT,DAY_OF_WEEK,CHP_SHIFT,POPULATION,CNTY_CITY_LOC,SPECIAL_COND,BEAT_TYPE,CHP_BEAT_TYPE,CITY_DIVISION_LAPD,CHP_BEAT_CLASS,BEAT_NUMBER,PRIMARY_RD,SECONDARY_RD,DISTANCE,DIRECTION,INTERSECTION,WEATHER_1,WEATHER_2,STATE_HWY_IND,CALTRANS_COUNTY,CALTRANS_DISTRICT,STATE_ROUTE,ROUTE_SUFFIX,POSTMILE_PREFIX,POSTMILE,LOCATION_TYPE,RAMP_INTERSECTION,SIDE_OF_HWY,TOW_AWAY,COLLISION_SEVERITY,NUMBER_KILLED,NUMBER_INJURED,PARTY_COUNT,PRIMARY_COLL_FACTOR,PCF_CODE_OF_VIOL,PCF_VIOL_CATEGORY,PCF_VIOLATION,PCF_VIOL_SUBSECTION,HIT_AND_RUN,TYPE_OF_COLLISION,MVIW,PED_ACTION,ROAD_SURFACE,ROAD_COND_1,ROAD_COND_2,LIGHTING,CONTROL_DEVICE,CHP_ROAD_TYPE,PEDESTRIAN_ACCIDENT,BICYCLE_ACCIDENT,MOTORCYCLE_ACCIDENT,TRUCK_ACCIDENT,NOT_PRIVATE_PROPERTY,ALCOHOL_INVOLVED,STWD_VEHTYPE_AT_FAULT,CHP_VEHTYPE_AT_FAULT,COUNT_SEVERE_INJ,COUNT_VISIBLE_INJ,COUNT_COMPLAINT_PAIN,COUNT_PED_KILLED,COUNT_PED_INJURED,COUNT_BICYCLIST_KILLED,COUNT_BICYCLIST_INJURED,COUNT_MC_KILLED,COUNT_MC_INJURED,PRIMARY_RAMP,SECONDARY_RAMP,LATITUDE,LONGITUDE,COUNTY,CITY,POINT_X,POINT_Y
6721300,2014,2015-01-12,9590,2014-11-01,0325,20352,NA,6,3,7,1942,0,1,2,NA,2,071,RT 101,CESAR CHAVEZ AV,200,N,N,B,-,Y,NA,NA,NA,NA,NA,NA,NA,NA,NA,Y,3,0,1,1,A,-,01,23152,A,N,E,I,A,B,H,-,C,D,0,NA,NA,NA,NA,Y,Y,A,01,0,1,0,0,0,0,0,0,0,TO,-,34.05364,-118.21237,LOS ANGELES,LOS ANGELES,NA,NA
6721304,2014,2015-01-12,9590,2014-11-01,0800,20436,NA,6,1,7,1942,0,1,1,NA,2,020,RT 10,MISSION RD,300,S,N,A,-,Y,NA,NA,10,NA,NA,NA,NA,NA,NA,Y,4,0,1,1,A,-,08,22107,NA,N,E,I,A,B,H,-,A,D,0,NA,NA,NA,NA,Y,NA,A,07,0,0,1,0,0,0,0,0,0,-,-,34.05251,-118.22405,LOS ANGELES,LOS ANGELES,-118.22404576,34.05249629
6721308,2014,2015-01-12,9590,2014-11-01,0105,19780,NA,6,3,7,1942,0,1,1,NA,2,062,RT 10,MAPLE ST,200,W,N,B,-,Y,NA,NA,10,NA,NA,NA,NA,NA,NA,Y,4,0,1,1,A,-,08,22107,NA,N,E,I,A,B,H,-,C,D,0,NA,NA,NA,NA,Y,NA,A,01,0,0,1,0,0,0,0,0,0,-,-,34.03261,-118.26435,LOS ANGELES,LOS ANGELES,-118.26422441,34.03283324
6721312,2014,2015-01-12,9590,2014-11-02,0150,20748,NA,7,3,7,1942,0,1,1,NA,2,020,RT 10,STATE ST,150,W,N,A,-,Y,NA,NA,10,NA,NA,NA,NA,NA,NA,Y,4,0,1,2,A,-,01,23152,A,N,C,C,A,A,H,-,C,D,0,NA,NA,NA,NA,Y,Y,A,01,0,0,1,0,0,0,0,0,0,-,-,34.05502,-118.21286,LOS ANGELES,LOS ANGELES,-118.21285646,34.05504124
6721316,2014,2015-01-12,9590,2014-11-02,1950,20409,NA,7,2,7,1942,0,1,1,NA,2,084,RT 5,COLORADO ST,2000,S,N,A,-,Y,NA,NA,5,NA,NA,NA,NA,NA,NA,Y,4,0,1,2,A,-,03,22350,NA,N,C,C,A,A,H,-,D,D,0,NA,NA,NA,NA,Y,NA,A,01,0,0,1,0,0,0,0,0,0,-,-,34.13567,-118.27569,LOS ANGELES,LOS ANGELES,-118.27577838,34.13564474
6721335,2014,2015-01-12,9540,2014-11-14,2145,019909,NA,5,2,7,1942,0,1,1,NA,1,405,RT 405,RINALDI ST,250,S,N,A,-,Y,NA,NA,405,NA,NA,NA,NA,NA,NA,N,4,0,1,2,A,-,03,22350,NA,N,C,C,A,A,D,E,C,A,0,NA,NA,NA,NA,Y,NA,A,01,0,0,1,0,0,0,0,0,0,-,-,34.27833,-118.46982,LOS ANGELES,LOS ANGELES,-118.46988714,34.27835212
6721339,2014,2015-01-12,9540,2014-11-10,1645,019332,NA,1,2,7,1942,0,1,1,NA,1,502,RT 5,RT 14,2061,S,N,A,-,Y,NA,NA,5,NA,NA,NA,NA,NA,NA,Y,2,0,3,4,A,-,03,22350,NA,N,C,C,A,A,H,-,B,D,0,NA,NA,NA,NA,Y,NA,A,01,1,0,2,0,0,0,0,0,0,-,-,34.32682,-118.50434,LOS ANGELES,LOS ANGELES,-118.50433191,34.32682432
6721343,2014,2015-01-12,9540,2014-11-07,1850,19856,NA,5,2,7,1942,0,1,1,NA,2,406,RT 405,RT 118,40,N,N,A,-,Y,NA,NA,405,NA,NA,NA,NA,NA,NA,N,4,0,1,2,A,-,-,NA,NA,N,C,C,A,A,H,-,C,D,0,NA,NA,NA,NA,Y,NA,A,01,0,0,1,0,0,0,0,0,0,-,-,34.26691,-118.47189,LOS ANGELES,LOS ANGELES,-118.47204527,34.26691145
6721348,2014,2015-01-12,1900,2014-11-02,1000,528115,1617,7,5,5,1977,0,0,0,NA,0,1685,FIGUEROA ST,RT 110,0,NA,Y,A,-,Y,NA,NA,NA,NA,NA,NA,NA,NA,NA,Y,4,0,1,2,A,-,12,21453,A,N,B,C,A,A,H,-,A,A,0,NA,NA,NA,NA,Y,NA,A,01,0,0,1,0,0,0,0,0,0,-,-,NA,NA,LOS ANGELES,CARSON,-118.28307007,33.92036004
6721352,2014,2015-01-12,9540,2014-11-22,0248,019531,NA,6,3,6,1985,0,1,3,NA,2,146,RT 14,AGUA DULCE CYN RD,600,N,N,A,-,Y,NA,NA,NA,NA,NA,NA,NA,NA,NA,Y,4,0,1,2,A,-,01,23152,A,N,B,C,A,A,H,-,D,D,0,NA,NA,NA,NA,Y,Y,A,01,0,0,1,0,0,0,0,0,0,-,-,34.46697,-118.32482,LOS ANGELES,SANTA CLARITA,-118.32784702,34.4668117
6721354,2014,2015-01-08,1900,2014-11-20,1705,S31921,0530,4,5,5,1959,0,0,0,NA,0,53T1PM,MISSION DR,ENCINITA AV,140,W,N,A,-,N,NA,NA,NA,NA,NA,NA,NA,NA,NA,N,3,0,1,2,A,-,11,21954,A,N,G,B,D,A,H,-,C,D,0,Y,NA,NA,NA,Y,NA,N,60,0,1,0,0,1,0,0,0,0,-,-,NA,NA,LOS ANGELES,ROSEMEAD,-118.06807562,34.08265634
6721356,2014,2015-01-12,9540,2014-11-16,1207,019317,NA,7,1,7,1942,0,1,1,NA,2,500,RT 5,ROXFORD ST,1056,S,N,A,-,Y,NA,NA,NA,NA,NA,NA,NA,NA,NA,Y,4,0,1,1,A,-,08,22107,NA,N,E,I,A,A,H,-,A,D,0,NA,NA,NA,NA,Y,NA,A,01,0,0,1,0,0,0,0,0,0,-,-,34.3192,-118.4306,LOS ANGELES,LOS ANGELES,-118.47758727,34.30097976
6721358,2014,2015-01-08,9540,2014-11-16,1910,19772,NA,7,2,9,1900,0,2,4,NA,2,081,THE OLD RD,MAGIC MOUNTAIN PKWY,210,N,N,A,-,N,NA,NA,NA,NA,NA,NA,NA,NA,NA,Y,2,0,1,2,A,-,08,22107,NA,N,D,C,A,A,H,-,C,A,0,NA,NA,Y,NA,Y,NA,A,01,1,0,0,0,0,0,0,0,1,-,-,34.4229,-118.58547,LOS ANGELES,UNINCORPORATED,-118.58541859,34.42250134
6721360,2014,2015-01-12,9540,2014-11-16,0250,019444,NA,7,3,9,1900,0,1,3,NA,2,146,RT 14,ESCONDIDO CANYON RD,7392,N,N,A,-,Y,NA,NA,14,NA,NA,NA,NA,NA,NA,Y,3,0,1,1,A,-,08,22107,NA,N,E,I,A,A,H,-,C,D,0,NA,NA,NA,NA,Y,NA,A,01,0,1,0,0,0,0,0,0,0,-,-,34.5006,-118.25677,LOS ANGELES,UNINCORPORATED,-118.25682766,34.50066063
6721604,2014,2015-01-13,1902,2014-11-21,1443,682,11,5,5,5,1902,0,0,0,NA,0,001,N 2ND AV,E SANTA CLARA ST,0,NA,Y,A,-,N,NA,NA,NA,NA,NA,NA,NA,NA,NA,Y,4,0,1,2,A,-,09,21801,A,N,D,C,A,A,H,-,A,A,0,NA,NA,NA,NA,Y,NA,-,NA,0,0,1,0,0,0,0,0,0,-,-,NA,NA,LOS ANGELES,ARCADIA,-118.02521007,34.14232011
6721605,2014,2015-01-13,1902,2014-11-20,1540,696,5,4,5,5,1902,0,0,0,NA,0,NA,FOOTHILL BL,SAN CARLOS,39,E,N,B,-,N,NA,NA,NA,NA,NA,NA,NA,NA,NA,Y,3,0,1,1,D,-,00,NA,NA,N,E,I,A,A,H,-,A,D,0,NA,NA,NA,NA,Y,NA,-,-,0,1,0,0,0,0,0,0,0,-,-,NA,NA,LOS ANGELES,ARCADIA,-118.04571141,34.15074234
6721681,2014,2015-01-13,1942,2014-11-02,1450,34959,0669,7,5,7,1942,0,0,0,F,0,6T2,FOUNTAIN AV,NORMANDIE AV,0,NA,Y,A,-,N,NA,NA,NA,NA,NA,NA,NA,NA,NA,Y,4,0,1,2,A,-,10,21950,A,N,G,B,B,A,H,-,A,A,0,Y,NA,NA,NA,Y,NA,A,07,0,0,1,0,1,0,0,0,0,-,-,NA,NA,LOS ANGELES,LOS ANGELES,-118.30050002,34.09520001
6721682,2014,2015-01-13,1942,2014-11-05,1300,40452,2039,3,5,7,1942,0,0,0,NA,0,6T2,7TH ST,MAGNOLIA,76,E,N,A,-,N,NA,NA,NA,NA,NA,NA,NA,NA,NA,N,4,0,1,2,A,-,08,21717,NA,N,H,G,A,A,H,-,A,D,0,NA,Y,NA,NA,Y,NA,A,08,0,0,1,0,0,0,1,0,0,-,-,NA,NA,LOS ANGELES,LOS ANGELES,-118.28596957,34.05981
6721683,2014,2016-02-19,1942,2014-11-03,0015,41231,1863,1,5,7,1942,0,0,0,R,0,18T23-,IMPERIAL HWY,SAN PEDRO,595,E,N,A,-,N,NA,NA,NA,NA,NA,NA,NA,NA,NA,Y,4,0,5,2,A,-,08,22102,NA,N,D,C,A,A,H,-,C,D,0,NA,NA,NA,NA,Y,NA,A,01,0,0,5,0,0,0,0,0,0,-,-,NA,NA,LOS ANGELES,LOS ANGELES,-118.26761224,33.93105665
6721684,2014,2015-01-13,1942,2014-10-31,1555,30947,0936,5,5,7,1942,0,0,0,I,0,9A32,MURIETTA AV,BURBANK BL,0,NA,Y,B,-,N,NA,NA,NA,NA,NA,NA,NA,NA,NA,Y,4,0,1,2,A,-,09,21801,A,N,D,C,A,A,H,-,A,A,0,NA,NA,NA,NA,Y,NA,A,07,0,0,1,0,0,0,0,0,0,-,-,NA,NA,LOS ANGELES,LOS ANGELES,-118.43891007,34.1721201
6721685,2014,2015-01-13,1942,2014-11-04,1240,40452,0645,2,5,7,1942,0,0,0,F,0,7T38,FRANKLIN AV,SYCAMORE AV,10,E,N,A,-,N,NA,NA,NA,NA,NA,NA,NA,NA,NA,Y,3,0,1,2,A,-,07,21658,A,N,B,C,A,A,H,-,A,D,0,NA,NA,NA,NA,Y,NA,A,07,0,1,0,0,0,0,0,0,0,-,-,NA,NA,LOS ANGELES,LOS ANGELES,-118.34327703,34.10414
6721686,2014,2015-01-20,1942,2014-11-01,1215,40452,2058,6,5,7,1942,0,0,0,NA,0,20T56,OLYMPIC BL,VERMONT AV,0,NA,Y,A,-,N,NA,NA,NA,NA,NA,NA,NA,NA,NA,Y,4,0,1,2,A,-,12,21453,A,N,A,C,A,A,H,-,A,A,0,NA,NA,NA,NA,Y,NA,-,-,0,0,1,0,0,0,0,0,0,-,-,NA,NA,LOS ANGELES,LOS ANGELES,-118.29162007,34.05255006
6721687,2014,2015-01-23,1942,2014-11-01,0155,41056,1804,6,5,7,1942,0,0,0,R,0,12T41,CENTRAL AV,MANCHESTER AV,27,S,N,C,-,N,NA,NA,NA,NA,NA,NA,NA,NA,NA,Y,3,0,1,2,A,-,09,21800,D,N,D,C,A,B,H,-,E,B,0,NA,NA,NA,NA,Y,NA,-,-,0,1,0,0,0,0,0,0,0,-,-,NA,NA,LOS ANGELES,LOS ANGELES,-118.25641881,33.96008596
6721688,2014,2015-03-09,1942,2014-11-07,1525,41513,2156,5,5,7,1942,0,0,0,NA,0,21A42,CANOGA AV,CANOGA AV 6333,20,N,N,A,-,N,NA,NA,NA,NA,NA,NA,NA,NA,NA,Y,4,0,2,3,A,-,03,22350,NA,N,C,C,A,A,H,-,A,A,0,NA,NA,NA,NA,Y,NA,A,01,0,0,2,0,0,0,0,0,0,-,-,NA,NA,LOS ANGELES,LOS ANGELES,NA,NA
6721689,2014,2015-01-13,1942,2014-11-12,1950,39546,0842,3,5,7,1942,0,0,0,H,0,20T59,OHIO AV,BARRINGTON AV,114,E,N,A,-,N,NA,NA,NA,NA,NA,NA,NA,NA,NA,N,4,0,1,2,A,-,03,22350,NA,N,G,B,E,A,H,-,D,D,0,Y,NA,NA,NA,Y,NA,A,01,0,0,1,0,1,0,0,0,0,-,-,NA,NA,LOS ANGELES,LOS ANGELES,-118.45633526,34.04459284
6721690,2014,2015-01-13,1942,2014-11-02,0820,36027,2029,7,5,7,1942,0,0,0,NA,0,20TL59,3RD ST,WESTMORELAND AV,29,E,N,A,-,N,NA,NA,NA,NA,NA,NA,NA,NA,NA,Y,3,0,4,3,A,-,03,22350,NA,N,C,C,A,A,H,-,A,D,0,NA,NA,NA,NA,Y,NA,A,07,0,2,2,0,0,0,0,0,0,-,-,NA,NA,LOS ANGELES,LOS ANGELES,-118.28780447,34.06900767
6721691,2014,2015-01-13,1942,2014-11-05,2020,36646,1846,3,5,7,1942,0,0,0,R,0,18T23,CENTRAL AV,112TH ST,352,S,N,A,-,N,NA,NA,NA,NA,NA,NA,NA,NA,NA,Y,3,0,1,2,A,-,09,21801,B,N,D,-,A,A,H,-,C,D,0,NA,NA,Y,NA,Y,NA,A,07,0,1,0,0,0,0,0,0,1,-,-,NA,NA,LOS ANGELES,LOS ANGELES,-118.25425125,33.93215471
6721692,2014,2015-01-13,1942,2014-11-11,1800,41558,0914,2,5,7,1942,0,0,0,I,0,10X8,SHERMAN WAY,VAN NUYS BL,75,E,N,B,-,N,NA,NA,NA,NA,NA,NA,NA,NA,NA,N,4,0,1,2,A,-,03,22350,NA,N,C,C,A,A,H,-,C,A,0,NA,NA,NA,NA,Y,NA,A,08,0,0,1,0,0,0,0,0,0,-,-,NA,NA,LOS ANGELES,LOS ANGELES,-118.44847243,34.20119238
6721693,2014,2015-01-13,1942,2014-11-06,1445,40452,0749,4,5,7,1942,0,0,0,G,0,7T38,WILSHIRE BL,LUCERNE BL,70,W,N,A,-,N,NA,NA,NA,NA,NA,NA,NA,NA,NA,Y,4,0,4,3,A,-,08,22100,A,N,B,C,A,A,H,-,A,A,0,NA,NA,NA,NA,Y,NA,A,07,0,0,4,0,0,0,0,0,0,-,-,NA,NA,LOS ANGELES,LOS ANGELES,-118.32460059,34.06184524
6721694,2014,2015-01-13,1942,2014-11-06,1610,32565,2069,4,5,7,1942,0,0,0,NA,0,20TL58,OLYMPIC BL,ARAPAHOE ST,75,W,N,A,-,N,NA,NA,NA,NA,NA,NA,NA,NA,NA,Y,3,0,1,2,A,-,04,21703,NA,N,C,C,A,A,H,-,A,D,0,NA,NA,NA,NA,Y,NA,A,01,0,1,0,0,0,0,0,0,0,-,-,NA,NA,LOS ANGELES,LOS ANGELES,-118.28564706,34.05241426
6721695,2014,2016-02-19,1942,2014-11-12,0645,39177,1864,3,5,7,1942,0,0,0,R,0,5T21,IMPERIAL HWY,CENTRAL AV,288,W,N,B,-,N,NA,NA,NA,NA,NA,NA,NA,NA,NA,Y,4,0,1,3,A,-,05,21650,NA,F,B,C,A,A,H,-,A,D,0,NA,NA,NA,NA,Y,NA,A,01,0,0,1,0,0,0,0,0,0,-,-,NA,NA,LOS ANGELES,LOS ANGELES,-118.2551774,33.92946
6721696,2014,2015-01-13,1942,2014-11-10,1430,34639,0916,1,5,7,1942,0,0,0,I,0,15X36,HAZELTINE AV,GAULT ST,40,S,N,A,-,N,NA,NA,NA,NA,NA,NA,NA,NA,NA,N,3,0,1,2,A,-,07,21658,A,N,B,C,A,A,H,-,A,D,0,NA,NA,Y,NA,Y,NA,A,01,0,1,0,0,0,0,0,0,1,-,-,NA,NA,LOS ANGELES,LOS ANGELES,-118.43995,34.19924028
6721697,2014,2015-01-21,1942,2014-11-13,0755,38282,0676,4,5,7,1942,0,0,0,F,0,14T47,HELROSE AV,WILCOX AV,140,W,N,A,-,N,NA,NA,NA,NA,NA,NA,NA,NA,NA,N,4,0,1,2,B,-,22,NA,NA,N,G,B,F,A,H,-,A,D,0,Y,NA,NA,NA,Y,NA,A,01,0,0,1,0,1,0,0,0,0,-,-,NA,NA,LOS ANGELES,LOS ANGELES,-118.331434,34.083455
6721698,2014,2015-01-20,1942,2014-11-06,0830,41054,2033,4,5,7,1942,0,0,0,NA,0,6T7,JAMES M WOOD,OXFORD AV,120,E,N,A,-,N,NA,NA,NA,NA,NA,NA,NA,NA,NA,N,4,0,1,2,A,-,10,21952,NA,N,G,B,D,A,H,-,A,D,0,Y,NA,NA,NA,Y,NA,A,07,0,0,1,0,1,0,0,0,0,-,-,NA,NA,LOS ANGELES,LOS ANGELES,-118.30739,34.055859
6721699,2014,2016-02-18,1942,2014-11-10,1315,41468,1063,1,5,7,1942,0,0,0,J,0,10X6W4,VENTURA BL,RESEDA BL,0,NA,Y,A,-,N,NA,NA,NA,NA,NA,NA,NA,NA,NA,Y,3,0,2,2,A,-,09,21800,A,N,-,C,A,A,-,-,A,A,0,NA,NA,NA,NA,Y,NA,A,07,0,1,1,0,0,0,0,0,0,-,-,NA,NA,LOS ANGELES,LOS ANGELES,-118.53608012,34.16876003
6721700,2014,2015-01-13,1942,2014-10-29,1415,41600,931,3,5,7,1942,0,0,0,NA,0,9A23,SEPULVEDA BL,BUSWAY,0,NA,Y,A,-,N,NA,NA,NA,NA,NA,NA,NA,NA,NA,N,4,0,1,4,A,-,04,21703,NA,N,C,C,A,A,H,-,A,D,0,NA,NA,NA,NA,Y,NA,A,01,0,0,1,0,0,0,0,0,0,-,-,NA,NA,LOS ANGELES,LOS ANGELES,NA,NA
6721701,2014,2015-01-13,1942,2014-11-03,0845,39106,0666,1,5,7,1942,0,0,0,F,0,6A77,FOUNTAIN,VINE,200,W,N,A,-,N,NA,NA,NA,NA,NA,NA,NA,NA,NA,N,4,0,1,3,A,-,04,21703,NA,N,C,C,A,A,H,-,A,A,0,NA,NA,NA,NA,Y,NA,A,01,0,0,1,0,0,0,0,0,0,-,-,NA,NA,LOS ANGELES,LOS ANGELES,-118.32727929,34.09436401
6721702,2014,2015-01-13,1942,2014-11-11,2035,39022,0776,2,5,7,1942,0,0,0,G,0,14T47,WEST BL,SATURN ST,0,NA,Y,A,-,N,NA,NA,NA,NA,NA,NA,NA,NA,NA,Y,4,0,1,2,A,-,12,22450,A,N,D,C,A,A,H,-,C,A,0,NA,NA,NA,NA,Y,NA,A,01,0,0,1,0,0,0,0,0,0,-,-,NA,NA,LOS ANGELES,LOS ANGELES,-118.33617009,34.04251001
6721703,2014,2015-01-13,1942,2014-11-09,2030,40426,1821,7,5,7,1942,0,0,0,R,0,3TL5,VERMONT,98TH ST,0,NA,Y,A,-,N,NA,NA,NA,NA,NA,NA,NA,NA,NA,N,4,0,2,2,A,-,08,22107,NA,N,D,C,A,A,H,-,C,A,0,NA,NA,NA,NA,Y,NA,A,01,0,0,2,0,0,0,0,0,0,-,-,NA,NA,LOS ANGELES,LOS ANGELES,-118.2916,33.94698
6721704,2014,2015-01-21,1942,2014-11-04,0820,39448,0943,2,5,7,1942,0,0,0,I,0,9A41,TYRONE,TIARA,19,S,N,A,-,N,NA,NA,NA,NA,NA,NA,NA,NA,NA,N,3,0,1,1,A,-,12,22450,A,N,H,A,A,A,H,-,A,A,0,NA,NA,Y,NA,Y,NA,C,02,0,1,0,0,0,0,0,0,1,-,-,NA,NA,LOS ANGELES,LOS ANGELES,-118.44433943,34.17840789
6721705,2014,2015-01-13,1942,2014-11-03,0740,41694,0646,1,5,7,1942,0,0,0,F,0,6A15,CAHUENGA BL,HIGHLAND AV,500,N,N,A,-,N,NA,NA,NA,NA,NA,NA,NA,NA,NA,Y,4,0,1,2,A,-,03,22350,NA,N,B,D,A,A,H,-,A,D,0,NA,NA,NA,NA,Y,NA,A,01,0,0,1,0,0,0,0,0,0,-,-,NA,NA,LOS ANGELES,LOS ANGELES,-118.33639674,34.11273355
6721706,2014,2015-01-13,1942,2014-11-11,1315,34959,0701,2,5,7,1942,0,0,0,G,0,6TL2,FAIRFAX AV,CLINTON ST,253,S,N,B,-,N,NA,NA,NA,NA,NA,NA,NA,NA,NA,Y,4,0,2,2,A,-,08,22102,NA,N,D,C,A,A,H,-,A,D,0,NA,NA,NA,NA,Y,NA,A,01,0,0,2,0,0,0,0,0,0,-,-,NA,NA,LOS ANGELES,LOS ANGELES,-118.36148542,34.08091621
6721707,2014,2015-01-13,1942,2014-11-03,1710,36015,1999,1,5,7,1942,0,0,0,NA,0,19X84,ROSCOE BL,WOODMAN,0,NA,Y,B,-,N,NA,NA,NA,NA,NA,NA,NA,NA,NA,N,4,0,1,2,A,-,05,21650,NA,N,D,G,A,A,H,-,C,B,0,NA,Y,NA,NA,Y,NA,L,04,0,0,1,0,0,0,1,0,0,-,-,34.22165,-118.43274,LOS ANGELES,LOS ANGELES,-118.4327501,34.22168002
6721708,2014,2015-01-13,1942,2014-11-04,1430,39217,1005,2,5,7,1942,0,0,0,J,0,17TL12,SATICOY ST,WHITE OAK AV,100,E,N,A,-,N,NA,NA,NA,NA,NA,NA,NA,NA,NA,N,4,0,1,2,D,-,00,NA,NA,N,B,B,E,A,H,-,A,D,0,Y,NA,NA,NA,Y,NA,-,-,0,0,1,0,1,0,0,0,0,-,-,NA,NA,LOS ANGELES,LOS ANGELES,-118.51826983,34.20841
6721709,2014,2015-01-13,1942,2014-11-07,1100,40037,0632,5,5,7,1942,0,0,0,F,0,6X28,SUNSET BL,CRESCENT HEIGHTS,0,NA,Y,A,-,N,NA,NA,NA,NA,NA,NA,NA,NA,NA,N,4,0,1,2,A,-,12,21453,A,N,F,J,A,A,H,-,A,A,0,NA,NA,Y,NA,Y,NA,A,07,0,0,1,0,0,0,0,0,1,-,-,NA,NA,LOS ANGELES,LOS ANGELES,-118.36569004,34.09798009
6721710,2014,2015-01-13,1942,2014-11-14,1100,31387,782,5,5,7,1942,0,0,0,NA,0,6T7,LA CIENEGA BL,SAWYER ST,0,NA,Y,A,-,N,NA,NA,NA,NA,NA,NA,NA,NA,NA,Y,3,0,2,2,A,-,09,21801,A,N,A,C,A,A,H,-,A,A,0,NA,NA,NA,NA,Y,NA,A,07,0,1,1,0,0,0,0,0,0,-,-,NA,NA,LOS ANGELES,LOS ANGELES,-118.37642007,34.04255011
6721711,2014,2015-01-23,1942,2014-11-01,1430,41478,2141,6,5,7,1942,0,0,0,NA,0,21X46,VENTURA,SALE,0,NA,Y,A,-,N,NA,NA,NA,NA,NA,NA,NA,NA,NA,Y,4,0,1,2,A,-,03,22350,NA,N,C,C,A,A,H,-,A,A,0,NA,NA,NA,NA,Y,NA,A,01,0,0,1,0,0,0,0,0,0,-,-,NA,NA,LOS ANGELES,LOS ANGELES,-118.61882013,34.16744008
6721712,2014,2015-01-13,1942,2014-11-04,1250,39448,0905,2,5,7,1942,0,0,0,I,0,9A5,WYANDOTTE,VAN NUYS,0,NA,Y,A,-,N,NA,NA,NA,NA,NA,NA,NA,NA,NA,N,4,0,1,2,A,-,03,22350,NA,N,D,D,A,A,H,-,A,D,0,NA,NA,NA,NA,Y,NA,A,01,0,0,1,0,0,0,0,0,0,-,-,NA,NA,LOS ANGELES,LOS ANGELES,-118.44875009,34.20298006
6721713,2014,2016-02-18,1942,2014-11-03,1830,40953,0643,1,5,7,1942,0,0,0,F,0,6A66,LA BREA AV,YUCCA AV,0,NA,Y,A,-,N,NA,NA,NA,NA,NA,NA,NA,NA,NA,Y,4,0,1,2,A,-,04,21703,NA,N,C,C,A,A,H,-,C,D,0,NA,NA,NA,NA,Y,NA,A,01,0,0,1,0,0,0,0,0,0,-,-,NA,NA,LOS ANGELES,LOS ANGELES,-118.34556012,34.10269006
6721714,2014,2015-01-13,1942,2014-11-14,1330,37966,0737,5,5,7,1942,0,0,0,G,0,6TL4,6TH ST,LA BREA AV,36,E,N,B,-,N,NA,NA,NA,NA,NA,NA,NA,NA,NA,N,4,0,1,2,A,-,21,22106,NA,N,C,C,A,A,H,-,A,D,0,NA,NA,NA,NA,Y,NA,A,07,0,0,1,0,0,0,0,0,0,-,-,NA,NA,LOS ANGELES,LOS ANGELES,-118.34390136,34.06491
6721715,2014,2015-01-13,1942,2014-11-02,1220,41549,2173,7,5,7,1942,0,0,0,NA,0,21A97,LEONORA DR,WOODLAKE AV,0,NA,Y,B,-,N,NA,NA,NA,NA,NA,NA,NA,NA,NA,N,4,0,2,2,A,-,09,21802,A,N,D,C,A,A,H,-,A,A,0,NA,NA,NA,NA,Y,Y,A,01,0,0,2,0,0,0,0,0,0,-,-,NA,NA,LOS ANGELES,LOS ANGELES,-118.63147014,34.16342009
6721716,2014,2015-01-13,1942,2014-11-10,1520,40979,1023,1,5,7,1942,0,0,0,J,0,10X6,VANOWEN,WILBUR,0,NA,Y,A,-,N,NA,NA,NA,NA,NA,NA,NA,NA,NA,Y,4,0,1,3,A,-,09,21801,A,N,A,C,A,A,H,-,A,A,0,NA,NA,NA,NA,Y,NA,A,01,0,0,1,0,0,0,0,0,0,-,-,NA,NA,LOS ANGELES,LOS ANGELES,-118.54475002,34.1938501
6721717,2014,2015-01-22,1942,2014-11-01,0200,36097,0636,6,5,7,1942,0,0,0,F,0,6C22,CAHUENGA BL,HOLLYWOOD BL,30,N,N,B,-,N,NA,NA,NA,NA,NA,NA,NA,NA,NA,N,4,0,2,2,A,-,03,22350,NA,N,C,C,A,B,H,-,C,A,0,NA,NA,NA,NA,Y,NA,A,01,0,0,2,0,0,0,0,0,0,-,-,NA,NA,LOS ANGELES,LOS ANGELES,-118.32951225,34.10169226
6721718,2014,2015-01-13,1942,2014-11-08,0755,35221,0773,6,5,7,1942,0,0,0,G,0,20MQ85,HAUSER BL,WASHINGTON BL,350,N,N,A,-,N,NA,NA,NA,NA,NA,NA,NA,NA,NA,Y,4,0,1,4,A,-,06,21750,NA,F,B,C,A,A,H,-,A,-,0,NA,NA,NA,NA,Y,NA,-,99,0,0,1,0,0,0,0,0,0,-,-,NA,NA,LOS ANGELES,LOS ANGELES,-118.360043,34.04006189
6721719,2014,2015-01-13,1942,2014-11-04,1710,39971,2126,2,5,7,1942,0,0,0,NA,0,17TL14,DE SOTO AV,INGOMAR ST,250,S,N,A,-,N,NA,NA,NA,NA,NA,NA,NA,NA,NA,Y,4,0,3,5,A,-,04,21703,NA,N,C,C,A,A,H,-,C,D,0,NA,NA,NA,NA,Y,NA,A,01,0,0,3,0,0,0,0,0,0,-,-,NA,NA,LOS ANGELES,LOS ANGELES,-118.58848,34.21122418
6721720,2014,2015-01-13,1942,2014-10-28,1420,38806,1063,2,5,7,1942,0,0,0,J,0,10A17,RESEDA BL,CLARK ST,50,N,N,A,-,N,NA,NA,NA,NA,NA,NA,NA,NA,NA,N,4,0,1,2,A,-,04,21703,NA,N,C,C,A,A,H,-,A,D,0,NA,NA,NA,NA,Y,NA,A,07,0,0,1,0,0,0,0,0,0,-,-,NA,NA,LOS ANGELES,LOS ANGELES,-118.536,34.17050716