CASE_ID,ACCIDENT_YEAR,PROC_DATE,JURIS,COLLISION_DATE,COLLISION_TIME,OFFICER_ID,REPORTING_DISTRICT,DAY_OF_WEEK,CHP_SHIFT,POPULATION,CNTY_CITY_LOC,SPECIAL_COND,BEAT_TYPE,CHP_BEAT_TYPE,CITY_DIVISION_LAPD,CHP_BEAT_CLASS,BEAT_NUMBER,PRIMARY_RD,SECONDARY_RD,DISTANCE,DIRECTION,INTERSECTION,WEATHER_1,WEATHER_2,STATE_HWY_IND,CALTRANS_COUNTY,CALTRANS_DISTRICT,STATE_ROUTE,ROUTE_SUFFIX,POSTMILE_PREFIX,POSTMILE,LOCATION_TYPE,RAMP_INTERSECTION,SIDE_OF_HWY,TOW_AWAY,COLLISION_SEVERITY,NUMBER_KILLED,NUMBER_INJURED,PARTY_COUNT,PRIMARY_COLL_FACTOR,PCF_CODE_OF_VIOL,PCF_VIOL_CATEGORY,PCF_VIOLATION,PCF_VIOL_SUBSECTION,HIT_AND_RUN,TYPE_OF_COLLISION,MVIW,PED_ACTION,ROAD_SURFACE,ROAD_COND_1,ROAD_COND_2,LIGHTING,CONTROL_DEVICE,CHP_ROAD_TYPE,PEDESTRIAN_ACCIDENT,BICYCLE_ACCIDENT,MOTORCYCLE_ACCIDENT,TRUCK_ACCIDENT,NOT_PRIVATE_PROPERTY,ALCOHOL_INVOLVED,STWD_VEHTYPE_AT_FAULT,CHP_VEHTYPE_AT_FAULT,COUNT_SEVERE_INJ,COUNT_VISIBLE_INJ,COUNT_COMPLAINT_PAIN,COUNT_PED_KILLED,COUNT_PED_INJURED,COUNT_BICYCLIST_KILLED,COUNT_BICYCLIST_INJURED,COUNT_MC_KILLED,COUNT_MC_INJURED,PRIMARY_RAMP,SECONDARY_RAMP,LATITUDE,LONGITUDE,COUNTY,CITY,POINT_X,POINT_Y
6724015,2014,2015-01-13,1942,2014-11-08,1910,25495,0702,6,5,7,1942,0,0,0,G,0,2T23,MELROSE AV,OGDEN AV,140,W,N,A,-,N,NA,NA,NA,NA,NA,NA,NA,NA,NA,Y,3,0,2,3,A,-,03,22350,NA,N,C,C,A,A,H,-,C,D,0,NA,NA,NA,NA,Y,NA,A,01,0,1,1,0,0,0,0,0,0,-,-,NA,NA,LOS ANGELES,LOS ANGELES,-118.35995142,34.08377689
6724019,2014,2015-01-13,1942,2014-11-11,1725,31573,0727,2,5,7,1942,0,0,0,G,0,34MQ09,LA BREA AV,4TH ST,120,N,N,A,-,N,NA,NA,NA,NA,NA,NA,NA,NA,NA,N,4,0,1,4,A,-,04,21703,NA,N,C,C,A,A,H,-,C,A,0,NA,NA,NA,NA,Y,NA,A,01,0,0,1,0,0,0,0,0,0,-,-,NA,NA,LOS ANGELES,LOS ANGELES,-118.34404952,34.06721912
6724023,2014,2015-01-13,1942,2014-11-17,1515,40157,0852,1,5,7,1942,0,0,0,H,0,8TL26,IOWA AV,BARRINGTON AV,0,NA,Y,A,-,N,NA,NA,NA,NA,NA,NA,NA,NA,NA,Y,3,0,2,2,A,-,09,21802,A,N,D,C,A,A,H,-,A,A,0,NA,NA,NA,NA,Y,NA,A,01,0,1,1,0,0,0,0,0,0,-,-,NA,NA,LOS ANGELES,LOS ANGELES,-118.45405001,34.04142011
6724043,2014,2015-01-13,1942,2014-11-16,1550,R2138,0722,7,5,7,1942,0,0,0,G,0,34TF34,LA CIENEGA BL,BEVERLY PL,120,S,N,A,-,N,NA,NA,NA,NA,NA,NA,NA,NA,NA,N,4,0,1,2,A,-,04,21703,NA,N,C,C,A,A,H,-,A,D,0,NA,NA,NA,NA,Y,NA,A,01,0,0,1,0,0,0,0,0,0,-,-,NA,NA,LOS ANGELES,LOS ANGELES,-118.37659782,34.07573102
6724045,2014,2015-01-15,1925,2014-11-16,1442,22248,1,7,5,6,1925,0,0,0,NA,0,204,SAN FERNANDO RD,HIGHLAND AV,18,W,N,B,-,N,NA,NA,NA,NA,NA,NA,NA,NA,NA,N,4,0,1,2,A,-,08,22107,NA,N,D,C,A,A,H,-,A,A,0,NA,NA,NA,NA,Y,NA,A,01,0,0,1,0,0,0,0,0,0,-,-,NA,NA,LOS ANGELES,GLENDALE,-118.27759355,34.15689073
6724051,2014,2015-01-13,1976,2014-11-05,1402,356,NA,3,5,3,1964,0,0,0,NA,0,NA,SANTA FE SPRINGS RD,ANN ST,150,S,N,A,-,N,NA,NA,NA,NA,NA,NA,NA,NA,NA,Y,3,0,2,2,A,-,09,21804,A,N,D,C,A,A,H,-,A,D,0,NA,NA,NA,NA,Y,NA,A,01,0,1,1,0,0,0,0,0,0,-,-,NA,NA,LOS ANGELES,SANTA FE SPRINGS,-118.05494067,33.95473735
6724053,2014,2016-02-18,1925,2014-11-20,2201,23218,287,4,5,6,1925,0,0,0,NA,0,NA,SAN FERNANDO RD,GLENDALE AV,31,S,N,B,-,N,NA,NA,NA,NA,NA,NA,NA,NA,NA,NA,4,0,2,2,A,-,-,NA,NA,N,D,C,A,A,H,-,C,A,0,NA,NA,NA,NA,Y,NA,A,01,0,0,2,0,0,0,0,0,0,-,-,NA,NA,LOS ANGELES,GLENDALE,-118.25388231,34.12272629
6724055,2014,2015-01-23,1976,2014-11-18,1611,303,NA,2,5,3,1964,0,0,0,NA,0,NA,SLAUSON AV,NORWALK BL,152,E,N,B,-,N,NA,NA,NA,NA,NA,NA,NA,NA,NA,N,4,0,1,4,A,-,03,22350,NA,N,C,C,A,A,H,-,B,D,0,NA,NA,NA,NA,Y,NA,A,07,0,0,1,0,0,0,0,0,0,-,-,NA,NA,LOS ANGELES,SANTA FE SPRINGS,-118.07009375,33.96466
6724056,2014,2015-01-13,1942,2014-11-14,1830,40157,0852,5,5,7,1942,0,0,0,H,0,8TL26,IOWA AV,BARRINGTON AV,0,NA,Y,A,-,N,NA,NA,NA,NA,NA,NA,NA,NA,NA,Y,4,0,1,2,A,-,09,21802,A,N,D,C,A,A,H,-,C,A,0,NA,NA,NA,NA,Y,NA,A,01,0,0,1,0,0,0,0,0,0,-,-,NA,NA,LOS ANGELES,LOS ANGELES,-118.45405001,34.04142011
6724057,2014,2015-01-15,1925,2014-11-23,1217,21370,225,7,5,6,1925,0,0,0,NA,0,002,CENTRAL,BROADWAY,650,S,N,A,-,N,NA,NA,NA,NA,NA,NA,NA,NA,NA,Y,4,0,1,2,A,-,09,21804,A,N,D,C,A,A,H,-,A,A,0,NA,NA,NA,NA,Y,NA,A,07,0,0,1,0,0,0,0,0,0,-,-,NA,NA,LOS ANGELES,GLENDALE,-118.2579,34.14505744
6724059,2014,2015-01-13,1976,2014-11-06,1755,226,1976,4,5,3,1964,0,0,0,NA,0,002,FLORENCE AV,PIONEER BL,430,E,N,A,-,N,NA,NA,NA,NA,NA,NA,NA,NA,NA,Y,4,0,1,2,A,-,04,21703,NA,N,C,C,A,A,H,-,C,A,0,NA,NA,NA,NA,Y,NA,A,01,0,0,1,0,0,0,0,0,0,-,-,NA,NA,LOS ANGELES,SANTA FE SPRINGS,-118.08042558,33.93531204
6724060,2014,2015-01-13,1942,2014-11-14,1225,40157,0881,5,5,7,1942,0,0,0,H,0,8TL26,EXPOSITION BL,CENTINELA AV,175,E,N,A,-,N,NA,NA,NA,NA,NA,NA,NA,NA,NA,Y,3,0,1,2,A,-,21,22106,NA,N,H,C,A,A,H,-,A,D,0,NA,NA,NA,NA,Y,NA,A,01,0,1,0,0,0,0,0,0,0,-,-,NA,NA,LOS ANGELES,LOS ANGELES,-118.45673282,34.03065338
6724061,2014,2015-01-15,1925,2014-11-12,0139,22553,265,3,5,6,1925,0,0,0,NA,0,002,CENTRAL AV,COLORADO ST,0,NA,Y,A,-,N,NA,NA,NA,NA,NA,NA,NA,NA,NA,Y,3,0,2,2,A,-,01,23152,A,N,D,C,A,A,H,-,C,A,0,NA,NA,NA,NA,Y,Y,-,NA,0,1,1,0,0,0,0,0,0,-,-,NA,NA,LOS ANGELES,GLENDALE,-118.25787011,34.1425401
6724063,2014,2015-01-13,1976,2014-11-10,2155,851,NA,1,5,3,1964,0,0,0,NA,0,NA,TELEGRAPH RD,MATERN PL,250,W,N,B,-,N,NA,NA,NA,NA,NA,NA,NA,NA,NA,N,3,0,1,2,A,-,05,21202,A,N,H,G,A,A,H,-,C,D,0,NA,Y,NA,NA,Y,NA,L,04,0,1,0,0,0,0,1,0,0,-,-,NA,NA,LOS ANGELES,SANTA FE SPRINGS,-118.07810811,33.94400241
6724064,2014,2015-01-13,1942,2014-11-16,1210,31000,834,7,5,7,1942,0,0,0,NA,0,20TL59,WILSHIRE BL,MANNING AV,55,W,N,A,-,N,NA,NA,NA,NA,NA,NA,NA,NA,NA,Y,4,0,1,2,A,-,03,22350,NA,N,C,C,A,A,H,-,A,A,0,NA,NA,NA,NA,Y,NA,A,07,0,0,1,0,0,0,0,0,0,-,-,NA,NA,LOS ANGELES,LOS ANGELES,-118.43592488,34.06082031
6724068,2014,2015-01-13,1942,2014-11-17,1920,39546,0848,1,5,7,1942,0,0,0,H,0,8T35W3,AVENUE OF THE STARS,GALAXY WY,105,S,N,A,-,N,NA,NA,NA,NA,NA,NA,NA,NA,NA,Y,4,0,2,2,D,-,00,NA,NA,N,C,C,A,A,H,-,C,A,0,NA,NA,NA,NA,Y,NA,-,-,0,0,2,0,0,0,0,0,0,-,-,NA,NA,LOS ANGELES,LOS ANGELES,-118.412195,34.054719
6724072,2014,2015-01-13,1942,2014-11-17,1430,40157,0881,1,5,7,1942,0,0,0,H,0,8TL26,BARRINGTON AV,MISSISSIPPI AV,311,N,N,A,-,N,NA,NA,NA,NA,NA,NA,NA,NA,NA,N,3,0,1,1,A,-,03,22350,NA,N,H,D,A,A,H,-,A,D,0,NA,NA,Y,NA,Y,NA,C,02,0,1,0,0,0,0,0,0,1,-,-,NA,NA,LOS ANGELES,LOS ANGELES,-118.44964008,34.03632141
6724076,2014,2015-01-13,1942,2014-11-13,1645,37966,0849,4,5,7,1942,0,0,0,H,0,6TL4,OLYMPIC BL,BEDFORD AV,2,W,N,B,-,N,NA,NA,NA,NA,NA,NA,NA,NA,NA,Y,4,0,1,2,A,-,09,21801,A,N,E,I,A,A,H,-,C,A,0,NA,NA,NA,NA,Y,NA,A,01,0,0,1,0,0,0,0,0,0,-,-,NA,NA,LOS ANGELES,LOS ANGELES,-118.38039659,34.05935011
6724079,2014,2015-01-13,1976,2014-11-01,0146,480,NA,6,5,3,1964,0,0,0,NA,0,001,TELEGRAPH RD,LAUREL AV,6,W,N,C,-,N,NA,NA,NA,NA,NA,NA,NA,NA,NA,Y,3,0,2,1,A,-,01,23152,A,N,E,I,A,B,H,-,C,A,0,NA,NA,NA,NA,Y,Y,A,08,0,2,0,0,0,0,0,0,0,-,-,NA,NA,LOS ANGELES,SANTA FE SPRINGS,-118.04876878,33.94168506
6724080,2014,2015-01-13,1942,2014-11-13,1515,40157,0814,4,5,7,1942,0,0,0,H,0,8T26,CHURCH LN,ELDERWOOD ST,113,N,N,A,-,N,NA,NA,NA,NA,NA,NA,NA,NA,NA,Y,3,0,1,2,A,-,03,22350,NA,N,C,C,A,A,H,-,A,D,0,NA,NA,NA,NA,Y,NA,A,01,0,1,0,0,0,0,0,0,0,-,-,NA,NA,LOS ANGELES,LOS ANGELES,-118.46266936,34.06772636
6724160,2014,2015-05-29,1900,2014-09-24,1537,523746,1333,3,5,5,1908,0,0,0,NA,0,133T1P,SOMERSET BL,MCNAB AV,200,W,N,A,-,N,NA,NA,NA,NA,NA,NA,NA,NA,NA,N,4,0,1,2,A,-,09,21804,A,N,D,C,A,A,H,-,A,D,0,NA,NA,NA,NA,Y,NA,A,01,0,0,1,0,0,0,0,0,0,-,-,NA,NA,LOS ANGELES,BELLFLOWER,-118.11379766,33.89664
6724181,2014,2014-12-15,1900,2014-09-08,1030,266037,0974,1,5,4,1979,0,0,0,NA,0,91T2,SANTA MONICA BL,ODGEN DR,0,NA,Y,A,-,N,NA,NA,NA,NA,NA,NA,NA,NA,NA,N,4,0,1,2,A,-,03,22350,NA,N,C,C,A,B,H,-,A,A,0,NA,NA,NA,NA,Y,NA,D,22,0,0,1,0,0,0,0,0,0,-,-,NA,NA,LOS ANGELES,WEST HOLLYWOOD,-118.35952,34.09083
6724193,2014,2016-04-16,1900,2014-06-28,2151,517137,0972,6,5,4,1979,0,0,0,NA,0,93T2,SANTA MONICA BL,SAN VICENTE BL,17,W,N,A,-,Y,LA,7,2,-,-,3.211,I,5,E,Y,4,0,1,2,A,-,08,22100,B,N,D,C,A,A,H,-,C,D,0,NA,NA,NA,NA,Y,NA,A,01,0,0,1,0,0,0,0,0,0,-,-,NA,NA,LOS ANGELES,WEST HOLLYWOOD,-118.45377002,34.04476806
6724244,2014,2014-12-10,1900,2014-09-24,0900,476816,1321,3,5,5,1935,0,0,0,NA,0,132T1,DEL AMO BL,CLARK AV,200,E,N,A,-,N,NA,NA,NA,NA,NA,NA,NA,NA,NA,Y,4,0,1,3,A,-,03,22350,NA,N,C,C,A,A,H,-,A,A,0,NA,NA,NA,NA,Y,NA,A,NA,0,0,1,0,0,0,0,0,0,-,-,NA,NA,LOS ANGELES,LAKEWOOD,-118.13314271,33.84714
6724252,2014,2014-12-09,1900,2014-09-29,1013,526288,1336,1,5,5,1908,0,0,0,NA,0,133T1,BIXBY AV,ARTESIA PL,0,NA,Y,A,-,N,NA,NA,NA,NA,NA,NA,NA,NA,NA,N,4,0,1,2,A,-,10,21950,A,M,G,B,-,A,H,-,A,A,0,Y,NA,NA,NA,Y,NA,A,07,0,0,1,0,1,0,0,0,0,-,-,NA,NA,LOS ANGELES,BELLFLOWER,-118.12090007,33.87481008
6724267,2014,2015-01-15,1925,2014-11-04,0825,16083,236,2,5,6,1925,0,0,0,NA,0,003,BROADWAY,JACKSON ST,10,E,N,A,-,N,NA,NA,NA,NA,NA,NA,NA,NA,NA,Y,2,0,1,2,A,-,10,21950,A,N,G,B,B,A,H,-,A,A,0,Y,NA,NA,NA,Y,NA,A,01,1,0,0,0,1,0,0,0,0,-,-,34.14603,-118.24926,LOS ANGELES,GLENDALE,-118.25008702,34.14633031
6724271,2014,2015-01-15,1925,2014-11-14,1748,19167,237,5,5,6,1925,0,0,0,NA,0,004,GLENDALE AV,CALIFORNIA AV,0,NA,Y,A,-,N,NA,NA,NA,NA,NA,NA,NA,NA,NA,Y,4,0,1,3,A,-,12,21453,A,N,D,C,A,A,H,-,C,A,0,NA,NA,NA,NA,Y,NA,A,01,0,0,1,0,0,0,0,0,0,-,-,NA,NA,LOS ANGELES,GLENDALE,-118.24572003,34.14996003
6724275,2014,2015-01-15,1925,2014-11-09,1326,21370,204,7,5,6,1925,0,0,0,NA,0,001,KELLOGG AV,SAN FERNANDO RD,0,NA,Y,A,-,N,NA,NA,NA,NA,NA,NA,NA,NA,NA,N,3,0,1,2,A,-,-,NA,NA,N,D,G,A,A,H,-,A,D,0,NA,Y,NA,NA,Y,NA,A,01,0,1,0,0,0,0,1,0,0,-,-,NA,NA,LOS ANGELES,GLENDALE,-118.27832008,34.15776001
6724276,2014,2016-01-12,1900,2014-09-29,0305,407852,1322,1,5,5,1935,0,0,0,NA,0,132T1,S ST,LAKEWOOD BL,0,NA,Y,A,-,N,NA,NA,NA,NA,NA,NA,NA,NA,NA,Y,4,0,1,2,A,-,12,21453,A,N,D,C,A,A,H,-,C,A,0,NA,NA,NA,NA,Y,NA,A,08,0,0,1,0,0,0,0,0,0,-,-,NA,NA,LOS ANGELES,LAKEWOOD,-118.14259009,33.86025009
6724279,2014,2015-01-15,1925,2014-11-17,1805,13002,225,1,5,6,1925,0,0,0,NA,0,002,WILSON AV,CONCORD ST,488,E,N,A,-,N,NA,NA,NA,NA,NA,NA,NA,NA,NA,N,3,0,1,2,A,-,08,22107,NA,N,C,G,A,A,H,-,C,D,0,NA,Y,NA,NA,Y,NA,L,04,0,1,0,0,0,0,1,0,0,-,-,NA,NA,LOS ANGELES,GLENDALE,-118.26953037,34.14795255
6724280,2014,2014-12-09,1900,2014-09-21,1225,BF0402,1332,7,5,5,1908,0,0,0,NA,0,13371,BLAINE AV,MAPLEWOOD ST,200,S,N,A,-,N,NA,NA,NA,NA,NA,NA,NA,NA,NA,Y,3,0,1,1,A,-,08,22107,NA,N,E,I,A,A,H,-,A,D,0,NA,NA,NA,NA,Y,NA,A,NA,0,1,0,0,0,0,0,0,0,-,-,NA,NA,LOS ANGELES,BELLFLOWER,-118.12647,33.90038157
6724284,2014,2016-06-18,1900,2014-09-19,2245,507889,1323,5,5,5,1935,0,0,0,NA,0,132T1,LAKEWOOD BL,DEL AMO BL,55,S,N,A,-,Y,LA,7,19,-,-,3.98,I,6,S,Y,3,0,1,1,A,-,03,22350,NA,N,E,I,A,A,H,-,C,D,0,NA,NA,Y,NA,Y,NA,C,03,0,1,0,0,0,0,0,0,1,-,-,NA,NA,LOS ANGELES,LAKEWOOD,-118.14275989,33.84653189
6724288,2014,2014-12-09,1900,2014-09-24,1900,173249,1323,3,5,5,1935,0,0,0,NA,0,132T2,COUNTRY CLUB RD,DOWNEY,50,W,N,A,-,N,NA,NA,NA,NA,NA,NA,NA,NA,NA,N,4,0,1,2,A,-,11,21954,A,N,G,B,D,A,H,-,A,D,0,Y,NA,NA,NA,Y,NA,N,60,0,0,1,0,1,0,0,0,0,-,-,NA,NA,LOS ANGELES,LAKEWOOD,-118.14970854,33.84003397
6724292,2014,2014-12-09,1942,2014-09-19,1610,41287,0805,5,5,7,1942,0,0,0,H,0,8A29,SUNSET WY,SEPULVEDA BL,9,E,N,A,-,N,NA,NA,NA,NA,NA,NA,NA,NA,NA,N,4,0,1,2,A,-,04,21703,NA,F,C,C,A,A,H,-,A,D,0,NA,NA,NA,NA,Y,NA,-,99,0,0,1,0,0,0,0,0,0,-,-,NA,NA,LOS ANGELES,LOS ANGELES,-118.46612457,34.07306271
6724295,2014,2015-01-15,1925,2014-11-21,2141,21412,1,5,5,6,1925,0,0,0,NA,0,172,PACIFIC AV,GLENOAKS BL,12,N,N,A,-,N,NA,NA,NA,NA,NA,NA,NA,NA,NA,N,4,0,2,3,A,-,03,22350,NA,N,C,C,A,A,H,-,C,A,0,NA,NA,NA,NA,Y,NA,A,NA,0,0,2,0,0,0,0,0,0,-,-,NA,NA,LOS ANGELES,GLENDALE,-118.26422691,34.15991241
6724296,2014,2014-12-09,1942,2014-09-26,0900,41578,0882,5,5,7,1942,0,0,0,H,0,8A95,SAWTELLE BL,MISSISSIPPI AV,0,NA,Y,A,-,N,NA,NA,NA,NA,NA,NA,NA,NA,NA,Y,3,0,2,2,A,-,09,21802,A,N,B,C,A,A,H,-,A,D,0,NA,NA,NA,NA,Y,NA,A,01,0,1,1,0,0,0,0,0,0,-,-,NA,NA,LOS ANGELES,LOS ANGELES,-118.44247004,34.03959007
6724299,2014,2015-01-15,1925,2014-11-23,1840,21412,1,7,5,6,1925,0,0,0,NA,0,169,STOCKER ST,DOROTHY DR,36,E,N,A,-,N,NA,NA,NA,NA,NA,NA,NA,NA,NA,Y,4,0,1,2,A,-,09,21801,A,N,B,C,A,A,H,-,C,-,0,NA,NA,NA,NA,Y,NA,A,NA,0,0,1,0,0,0,0,0,0,-,-,NA,NA,LOS ANGELES,GLENDALE,-118.26333332,34.16336842
6724300,2014,2014-12-09,1900,2014-09-24,1700,504665,1328,3,5,5,1935,0,0,0,NA,0,132T2,DEL AMO BL,ROSETON AV,0,NA,Y,A,-,N,NA,NA,NA,NA,NA,NA,NA,NA,NA,Y,4,0,2,2,D,-,00,NA,NA,N,D,C,A,A,H,-,A,A,0,NA,NA,NA,NA,Y,NA,-,-,0,0,2,0,0,0,0,0,0,-,-,NA,NA,LOS ANGELES,LAKEWOOD,-118.08684011,33.84603007
6724303,2014,2015-01-15,1925,2014-11-23,1038,16899,135,7,5,6,1925,0,0,0,NA,0,005,CANADA BL,SANTA MARIA AV,38,S,N,A,-,N,NA,NA,NA,NA,NA,NA,NA,NA,NA,Y,4,0,3,2,A,-,03,22350,NA,N,C,C,A,A,H,-,A,A,0,NA,NA,NA,NA,Y,NA,A,01,0,0,3,0,0,0,0,0,0,-,-,NA,NA,LOS ANGELES,GLENDALE,-118.22902345,34.18973225
6724304,2014,2014-12-09,1900,2014-09-24,1755,526721,1322,3,5,5,1935,0,0,0,NA,0,132T7,WOODRUFF AV,SOUTH ST,365,S,N,A,-,N,NA,NA,NA,NA,NA,NA,NA,NA,NA,Y,2,0,3,2,A,-,09,21804,A,N,B,C,A,A,H,-,A,D,0,NA,NA,NA,NA,Y,NA,A,01,2,0,1,0,0,0,0,0,0,-,-,NA,NA,LOS ANGELES,LAKEWOOD,-118.11706853,33.85727913
6724307,2014,2015-01-15,1925,2014-11-23,1331,16899,256,7,5,6,1925,0,0,0,NA,0,003,ADAMS ST,MAPLE ST,0,NA,Y,A,-,N,NA,NA,NA,NA,NA,NA,NA,NA,NA,N,3,0,1,2,A,-,10,21950,A,N,D,B,B,A,H,-,A,A,0,Y,NA,NA,NA,Y,NA,A,07,0,1,0,0,1,0,0,0,0,-,-,NA,NA,LOS ANGELES,GLENDALE,-118.24181001,34.13901003
6724311,2014,2015-01-15,1925,2014-11-20,1720,20814,3,4,5,6,1925,0,0,0,NA,0,254,GLENDALE AV,LOMITA AV,128,S,N,B,-,N,NA,NA,NA,NA,NA,NA,NA,NA,NA,N,4,0,1,2,A,-,03,22350,NA,N,C,C,A,A,D,-,C,D,0,NA,NA,NA,NA,Y,NA,A,NA,0,0,1,0,0,0,0,0,0,-,-,NA,NA,LOS ANGELES,GLENDALE,-118.25026906,34.14054486
6724315,2014,2015-01-22,1925,2014-11-22,1201,24115,4,6,5,6,1925,0,0,0,NA,0,158,CHEVY CHASE,SINCLAIR AV,11,N,N,A,-,N,NA,NA,NA,NA,NA,NA,NA,NA,NA,Y,4,0,1,3,A,-,09,21804,A,N,-,C,A,A,H,-,A,D,0,NA,NA,NA,NA,Y,NA,-,-,0,0,1,0,0,0,0,0,0,-,-,NA,NA,LOS ANGELES,GLENDALE,-118.232535,34.15196795
6724316,2014,2016-01-13,1942,2014-09-29,1935,41140,0857,1,5,7,1942,0,0,0,H,0,8A95,PICO BL,WETHERLY DR,0,NA,Y,A,-,N,NA,NA,NA,NA,NA,NA,NA,NA,NA,N,4,0,1,2,A,-,11,21955,NA,N,G,B,D,A,H,-,-,D,0,Y,NA,NA,NA,Y,NA,N,60,0,0,1,0,1,0,0,0,0,-,-,NA,NA,LOS ANGELES,LOS ANGELES,-118.38887009,34.05526001
6724319,2014,2015-01-15,1925,2014-11-17,1827,21509,285,1,5,6,1925,0,0,0,NA,0,003,GLENDALE AV,EULALIA ST,0,NA,Y,A,-,N,NA,NA,NA,NA,NA,NA,NA,NA,NA,Y,4,0,1,1,A,-,08,22107,NA,N,E,I,A,A,D,-,C,D,0,NA,NA,NA,NA,Y,NA,A,01,0,0,1,0,0,0,0,0,0,-,-,NA,NA,LOS ANGELES,GLENDALE,-118.25304006,34.12658004
6724322,2014,2015-01-15,1922,2014-11-27,1632,505,NA,4,5,6,1922,0,0,0,NA,0,NA,BRYANT RD,LINCOLN AV,0,NA,Y,A,-,N,NA,NA,NA,NA,NA,NA,NA,NA,NA,N,4,0,1,2,A,-,09,21802,A,N,D,C,A,A,H,-,C,A,0,NA,NA,NA,NA,Y,NA,A,07,0,0,1,0,0,0,0,0,0,-,-,NA,NA,LOS ANGELES,EL MONTE,-118.02643001,34.0798501
6724323,2014,2015-01-06,1925,2014-10-08,1318,21601,108,3,5,6,1925,0,0,0,NA,0,005,FOOTHILL BL,LOWELL AV,0,NA,Y,A,-,N,NA,NA,NA,NA,NA,NA,NA,NA,NA,Y,3,0,2,2,A,-,09,21801,A,N,A,C,A,A,H,-,A,A,0,NA,NA,NA,NA,Y,NA,A,07,0,2,0,0,0,0,0,0,0,-,-,NA,NA,LOS ANGELES,GLENDALE,-118.26608006,34.24037002
6724326,2014,2015-01-15,1922,2014-11-26,1745,594,NA,3,5,6,1922,0,0,0,NA,0,NA,RAMONA BL,COGSWELL RD,0,NA,Y,A,-,N,NA,NA,NA,NA,NA,NA,NA,NA,NA,Y,4,0,2,2,A,-,09,21801,A,N,D,C,A,A,H,-,C,A,0,NA,NA,NA,NA,Y,NA,A,07,0,0,2,0,0,0,0,0,0,-,-,NA,NA,LOS ANGELES,EL MONTE,-118.01269004,34.07530009
6724327,2014,2015-01-07,1925,2014-10-14,0730,24818,157,2,5,6,1925,0,0,0,NA,0,004,GLENOAKS BL,HILL DR,65,W,N,B,-,N,NA,NA,NA,NA,NA,NA,NA,NA,NA,Y,2,0,1,2,A,-,08,22107,NA,N,B,C,A,A,H,-,A,D,0,NA,NA,Y,NA,Y,NA,C,03,1,0,0,0,0,0,0,0,1,-,-,NA,NA,LOS ANGELES,GLENDALE,-118.22653022,34.15271376
6724330,2014,2015-01-15,1922,2014-11-29,0845,610,NA,6,5,6,1922,0,0,0,NA,0,NA,VALLEY BL,CENTER,100,E,N,A,-,N,NA,NA,NA,NA,NA,NA,NA,NA,NA,N,4,0,1,2,A,-,08,22107,NA,N,C,C,A,A,H,-,A,D,0,NA,NA,NA,NA,Y,NA,A,07,0,0,1,0,0,0,0,0,0,-,-,NA,NA,LOS ANGELES,EL MONTE,-118.0356831,34.07526216
6724331,2014,2015-01-06,1925,2014-10-14,1414,24818,278,2,5,6,1925,0,0,0,NA,0,002,BRAND BL,SAN FERNANDO RD,150,S,N,A,-,N,NA,NA,NA,NA,NA,NA,NA,NA,NA,Y,3,0,1,2,A,-,07,21658,A,N,D,C,A,A,H,-,A,D,0,NA,NA,NA,NA,Y,NA,A,01,0,1,0,0,0,0,0,0,0,-,-,NA,NA,LOS ANGELES,GLENDALE,-118.25528976,34.12356676
6724334,2014,2015-01-15,1922,2014-11-25,1700,599,NA,2,5,6,1922,0,0,0,NA,0,NA,KILLIAN ST,PECK RD,5,E,N,A,-,N,NA,NA,NA,NA,NA,NA,NA,NA,NA,N,4,0,2,2,A,-,04,21703,NA,N,C,C,A,A,H,-,C,A,0,NA,NA,NA,NA,Y,NA,A,01,0,0,2,0,0,0,0,0,0,-,-,NA,NA,LOS ANGELES,EL MONTE,-118.0171349,34.08561451
6724335,2014,2015-01-06,1925,2014-10-13,1139,20089,2,1,5,6,1925,0,0,0,NA,0,275,CENTRAL AV,LOS FELIZ RD,0,NA,Y,A,-,N,NA,NA,NA,NA,NA,NA,NA,NA,NA,N,4,0,1,2,A,-,10,21950,A,N,G,B,B,A,H,-,A,A,0,Y,NA,NA,NA,Y,NA,A,01,0,0,1,0,1,0,0,0,0,-,-,NA,NA,LOS ANGELES,GLENDALE,-118.25781009,34.12865004
6724338,2014,2015-01-15,1922,2014-11-24,1820,582,NA,1,5,6,1922,0,0,0,NA,0,001,RAMONA,LEXINGTON,0,NA,Y,A,-,N,NA,NA,NA,NA,NA,NA,NA,NA,NA,Y,4,0,1,2,A,-,12,22450,A,N,D,C,A,A,H,-,C,A,0,NA,NA,NA,NA,Y,NA,A,01,0,0,1,0,0,0,0,0,0,-,-,NA,NA,LOS ANGELES,EL MONTE,-118.03945005,34.07201011
6724339,2014,2015-01-06,1925,2014-10-10,0932,22458,220,5,5,6,1925,0,0,0,NA,0,002,BRAND BL,SANCHEZ DR,0,NA,Y,A,-,Y,NA,NA,NA,NA,NA,NA,NA,NA,NA,Y,4,0,2,2,A,-,12,21453,A,N,D,C,A,A,H,-,A,A,0,NA,NA,NA,NA,Y,NA,A,01,0,0,2,0,0,0,0,0,0,-,-,NA,NA,LOS ANGELES,GLENDALE,-118.25514004,34.1559401
6724343,2014,2015-01-06,1925,2014-10-18,1143,24345,1,6,5,6,1925,0,0,0,NA,0,220,BRAND BL,GOODE AV,0,NA,Y,A,-,Y,NA,NA,NA,NA,NA,NA,NA,NA,NA,Y,3,0,2,2,A,-,12,21453,A,N,D,C,A,A,H,-,A,A,0,NA,NA,NA,NA,Y,NA,A,NA,0,1,1,0,0,0,0,0,0,-,-,NA,NA,LOS ANGELES,GLENDALE,-118.25515005,34.15676001