CASE_ID,ACCIDENT_YEAR,PROC_DATE,JURIS,COLLISION_DATE,COLLISION_TIME,OFFICER_ID,REPORTING_DISTRICT,DAY_OF_WEEK,CHP_SHIFT,POPULATION,CNTY_CITY_LOC,SPECIAL_COND,BEAT_TYPE,CHP_BEAT_TYPE,CITY_DIVISION_LAPD,CHP_BEAT_CLASS,BEAT_NUMBER,PRIMARY_RD,SECONDARY_RD,DISTANCE,DIRECTION,INTERSECTION,WEATHER_1,WEATHER_2,STATE_HWY_IND,CALTRANS_COUNTY,CALTRANS_DISTRICT,STATE_ROUTE,ROUTE_SUFFIX,POSTMILE_PREFIX,POSTMILE,LOCATION_TYPE,RAMP_INTERSECTION,SIDE_OF_HWY,TOW_AWAY,COLLISION_SEVERITY,NUMBER_KILLED,NUMBER_INJURED,PARTY_COUNT,PRIMARY_COLL_FACTOR,PCF_CODE_OF_VIOL,PCF_VIOL_CATEGORY,PCF_VIOLATION,PCF_VIOL_SUBSECTION,HIT_AND_RUN,TYPE_OF_COLLISION,MVIW,PED_ACTION,ROAD_SURFACE,ROAD_COND_1,ROAD_COND_2,LIGHTING,CONTROL_DEVICE,CHP_ROAD_TYPE,PEDESTRIAN_ACCIDENT,BICYCLE_ACCIDENT,MOTORCYCLE_ACCIDENT,TRUCK_ACCIDENT,NOT_PRIVATE_PROPERTY,ALCOHOL_INVOLVED,STWD_VEHTYPE_AT_FAULT,CHP_VEHTYPE_AT_FAULT,COUNT_SEVERE_INJ,COUNT_VISIBLE_INJ,COUNT_COMPLAINT_PAIN,COUNT_PED_KILLED,COUNT_PED_INJURED,COUNT_BICYCLIST_KILLED,COUNT_BICYCLIST_INJURED,COUNT_MC_KILLED,COUNT_MC_INJURED,PRIMARY_RAMP,SECONDARY_RAMP,LATITUDE,LONGITUDE,COUNTY,CITY,POINT_X,POINT_Y
6726010,2014,2014-12-22,1942,2014-07-10,1845,38355,1837,4,5,7,1942,0,0,0,R,0,18A34,113TH ST,GRAHAM AV,0,NA,Y,A,-,N,NA,NA,NA,NA,NA,NA,NA,NA,NA,N,4,0,1,2,A,-,12,22450,NA,F,D,C,A,A,H,-,A,D,0,NA,NA,Y,NA,Y,NA,-,99,0,0,1,0,0,0,0,0,1,-,-,NA,NA,LOS ANGELES,LOS ANGELES,-118.24253002,33.93207011
6726014,2014,2014-12-23,1942,2014-09-26,0900,31387,0677,5,5,7,1942,0,0,0,F,0,6TL7,VAN NESS AV,LEMON GROVE AV,0,NA,Y,A,-,N,NA,NA,NA,NA,NA,NA,NA,NA,NA,N,4,0,1,2,A,-,09,21804,A,N,D,G,A,A,H,-,A,A,0,NA,Y,NA,NA,Y,NA,L,04,0,0,1,0,0,0,1,0,0,-,-,NA,NA,LOS ANGELES,LOS ANGELES,-118.31572014,34.08713005
6726022,2014,2014-12-10,1942,2014-11-16,1910,36602,2054,7,5,7,1942,0,0,0,NA,0,8T35,OLYMPIC BL,IROLO ST,11,W,N,A,-,N,NA,NA,NA,NA,NA,NA,NA,NA,NA,Y,4,0,2,2,A,-,01,23152,A,N,B,C,A,A,H,-,C,A,0,NA,NA,NA,NA,Y,Y,D,22,0,0,2,0,0,0,0,0,0,-,-,NA,NA,LOS ANGELES,LOS ANGELES,-118.30106624,34.05264
6726026,2014,2016-02-19,1942,2014-11-12,2325,36255,1467,3,5,7,1942,0,0,0,N,0,14A67,SEPULVEDA BL,W 77TH ST,750,N,N,A,-,N,NA,NA,NA,NA,NA,NA,NA,NA,NA,N,4,0,1,2,A,-,05,21460,A,N,H,G,A,A,H,-,D,D,0,NA,Y,NA,NA,Y,NA,L,04,0,0,1,0,0,0,1,0,0,-,-,NA,NA,LOS ANGELES,LOS ANGELES,-118.394436,33.973694
6726030,2014,2014-12-30,1942,2014-10-12,1630,41525,1454,7,5,7,1942,0,0,0,N,0,14A76,ALLA RD,PANAMA ST,0,NA,Y,A,-,N,NA,NA,NA,NA,NA,NA,NA,NA,NA,N,3,0,2,3,A,-,08,22107,NA,N,H,G,A,A,-,-,A,A,0,NA,Y,NA,NA,Y,NA,D,22,0,1,1,0,0,0,2,0,0,-,-,NA,NA,LOS ANGELES,LOS ANGELES,-118.42982003,33.98304007
6726031,2014,2015-06-06,1942,2014-10-28,1907,40913,0636,2,5,7,1942,0,0,0,F,0,6A66,HIGHLAND,YUCCA,0,NA,Y,A,-,N,NA,NA,NA,NA,NA,NA,NA,NA,NA,N,4,0,1,2,A,-,10,21950,A,N,G,B,B,A,H,-,C,A,0,Y,NA,NA,NA,Y,NA,A,07,0,0,1,0,1,0,0,0,0,-,-,NA,NA,LOS ANGELES,LOS ANGELES,-118.33873006,34.10318003
6726035,2014,2015-06-08,1942,2014-10-17,0810,38001,0678,5,5,7,1942,0,0,0,F,0,06A63,MELROSE AV,HOBART BL,10,E,N,A,-,N,NA,NA,NA,NA,NA,NA,NA,NA,NA,N,4,0,3,3,A,-,04,21703,NA,N,C,C,A,A,H,-,A,D,0,NA,NA,NA,NA,Y,NA,A,01,0,0,3,0,0,0,0,0,0,-,-,NA,NA,LOS ANGELES,LOS ANGELES,-118.30571704,34.08353
6726038,2014,2014-12-09,1942,2014-07-27,2055,36503,637,7,5,7,1942,0,0,0,NA,0,6A79,FRANKLIN AV,GOWER ST,5,W,N,A,-,N,NA,NA,NA,NA,NA,NA,NA,NA,NA,N,4,0,2,2,A,-,03,22350,NA,F,C,C,A,A,H,-,C,A,0,NA,NA,NA,NA,Y,NA,-,99,0,0,2,0,0,0,0,0,0,-,-,NA,NA,LOS ANGELES,LOS ANGELES,-118.32245649,34.10525
6726042,2014,2014-12-09,1942,2014-07-09,2315,38906,1406,3,5,7,1942,0,0,0,N,0,14A25,OVERLAND AV,REGENT ST,0,NA,Y,A,-,N,NA,NA,NA,NA,NA,NA,NA,NA,NA,N,3,0,1,2,A,-,10,21950,C,F,G,B,B,A,H,-,C,D,0,Y,NA,NA,NA,Y,NA,-,99,0,1,0,0,1,0,0,0,0,-,-,NA,NA,LOS ANGELES,LOS ANGELES,-118.40881002,34.02105006
6726045,2014,2015-01-02,1942,2014-10-03,1030,41529,1453,5,5,7,1942,0,0,0,N,0,14A27,GLENCOE AV,MAXELLA,300,N,N,A,-,N,NA,NA,NA,NA,NA,NA,NA,NA,NA,Y,4,0,1,2,A,-,08,22107,NA,N,B,C,A,A,H,-,A,A,0,NA,NA,NA,Y,Y,NA,A,01,0,0,1,0,0,0,0,0,0,-,-,NA,NA,LOS ANGELES,LOS ANGELES,-118.44091802,33.98786856
6726046,2014,2014-12-09,1942,2014-07-07,2000,40315,1467,1,5,7,1942,0,0,0,N,0,8T35,PARK TERRACE DR,CENTER DR,0,NA,Y,A,-,N,NA,NA,NA,NA,NA,NA,NA,NA,NA,N,4,0,1,2,A,-,09,21801,A,F,D,C,A,A,H,-,C,A,0,NA,NA,NA,NA,Y,NA,-,99,0,0,1,0,0,0,0,0,0,-,-,NA,NA,LOS ANGELES,LOS ANGELES,-118.39275,33.97780011
6726050,2014,2014-12-09,1942,2014-07-08,1615,37416,1412,2,5,7,1942,0,0,0,N,0,8TL26,MAIN ST,BROOKS AV,0,NA,Y,A,-,N,NA,NA,NA,NA,NA,NA,NA,NA,NA,N,4,0,1,2,A,-,09,21801,A,F,D,C,A,A,H,-,A,A,0,NA,NA,NA,NA,Y,NA,-,99,0,0,1,0,0,0,0,0,0,-,-,NA,NA,LOS ANGELES,LOS ANGELES,-118.47413007,33.9923101
6726053,2014,2015-01-27,1942,2014-11-06,1745,38706,1427,4,5,7,1942,0,0,0,N,0,7A22,SEPULVEDA BL,PALMS,0,NA,Y,A,-,N,NA,NA,NA,NA,NA,NA,NA,NA,NA,N,4,0,1,2,A,-,21,22106,NA,N,D,C,A,A,H,-,C,A,0,NA,NA,NA,NA,Y,NA,I,19,0,0,1,0,0,0,0,0,0,-,-,NA,NA,LOS ANGELES,LOS ANGELES,-118.42220008,34.01924012
6726057,2014,2015-01-15,1942,2014-11-02,0430,39150,2006,7,5,7,1942,0,0,0,NA,0,6A31W3,MELROSE AV,KINGSLEY DR,25,W,N,A,B,N,NA,NA,NA,NA,NA,NA,NA,NA,NA,Y,4,0,1,2,A,-,08,22107,NA,F,C,E,A,A,H,-,C,D,0,NA,NA,NA,NA,Y,NA,A,01,0,0,1,0,0,0,0,0,0,-,-,NA,NA,LOS ANGELES,LOS ANGELES,-118.30354238,34.08353165
6726058,2014,2014-12-09,1942,2014-07-30,0800,35433,2156,3,5,7,1942,0,0,0,NA,0,21A5,VICTORY,CANOGA,800,W,N,A,-,N,NA,NA,NA,NA,NA,NA,NA,NA,NA,N,4,0,1,2,A,-,09,21803,A,F,A,G,A,A,H,-,A,D,0,NA,Y,NA,NA,Y,NA,-,99,0,0,1,0,0,0,1,0,0,-,-,NA,NA,LOS ANGELES,LOS ANGELES,-118.60007604,34.1880082
6726061,2014,2016-01-12,1942,2014-07-25,2205,40662,1846,5,5,7,1942,0,0,0,R,0,18A35,IMPERIAL HWY,COMPTON AV,0,NA,Y,A,-,N,NA,NA,NA,NA,NA,NA,NA,NA,NA,N,3,0,1,2,A,-,09,21801,A,N,D,C,A,A,H,-,C,A,0,NA,NA,Y,NA,Y,NA,A,01,0,1,0,0,0,0,0,0,1,-,-,NA,NA,LOS ANGELES,LOS ANGELES,-118.24628011,33.92949001
6726065,2014,2014-12-30,1942,2014-07-03,1400,40724,1827,4,5,7,1942,0,0,0,R,0,18A17,HOLMES AV,97TH ST,150,N,N,A,-,N,NA,NA,NA,NA,NA,NA,NA,NA,NA,Y,4,0,2,4,A,-,03,22350,NA,N,C,E,A,A,H,-,A,D,0,NA,NA,NA,NA,Y,NA,A,01,0,0,2,0,0,0,0,0,0,-,-,NA,NA,LOS ANGELES,LOS ANGELES,-118.24080633,33.94858136
6726069,2014,2015-01-05,1942,2014-07-05,1315,32129,1822,6,5,7,1942,0,0,0,R,0,5A85W2,BROADWAY,COLDEN AV,0,NA,Y,A,-,N,NA,NA,NA,NA,NA,NA,NA,NA,NA,N,4,0,1,2,A,-,08,22107,NA,N,A,C,A,A,H,-,A,A,0,NA,NA,NA,NA,Y,NA,A,01,0,0,1,0,0,0,0,0,0,-,-,NA,NA,LOS ANGELES,LOS ANGELES,-118.27840011,33.94918005
6726073,2014,2016-01-12,1942,2014-07-06,1515,41431,1804,7,5,7,1942,0,0,0,R,0,NA,AVALON,88TH PL,12,S,N,A,-,N,NA,NA,NA,NA,NA,NA,NA,NA,NA,N,3,0,1,2,A,-,11,21956,A,N,G,B,D,A,H,-,A,D,0,Y,NA,NA,NA,Y,NA,N,60,0,1,0,0,1,0,0,0,0,-,-,NA,NA,LOS ANGELES,LOS ANGELES,-118.26514,33.95643709
6726074,2014,2016-06-03,9550,2014-08-16,2150,020605,NA,6,2,9,1900,0,1,3,NA,2,602,RT 60,FULLERTON RD,1500,W,N,A,-,Y,LA,7,60,-,-,19.18,H,-,E,N,4,0,2,2,A,-,03,22350,NA,F,C,C,A,A,H,-,D,D,1,NA,NA,NA,NA,Y,NA,A,07,0,0,2,0,0,0,0,0,0,-,-,33.99408,-117.90645,LOS ANGELES,UNINCORPORATED,-117.91038658,33.99422319
6726077,2014,2014-12-09,1942,2014-07-09,2140,36025,1824,3,5,7,1942,0,0,0,R,0,18U3,CENTRAL AV,98TH ST,50,N,N,A,-,N,NA,NA,NA,NA,NA,NA,NA,NA,NA,N,4,0,1,2,A,-,03,22350,NA,N,C,C,A,A,H,-,C,A,0,NA,NA,NA,NA,Y,NA,A,01,0,0,1,0,0,0,0,0,0,-,-,NA,NA,LOS ANGELES,LOS ANGELES,-118.25406909,33.94754712
6726078,2014,2016-06-06,9550,2014-08-16,2025,18150,NA,6,2,3,1964,0,1,1,NA,2,651,RT 605,FLORENCE AV,300,S,N,A,-,Y,LA,7,605,-,R,9.155,R,1,N,Y,4,0,1,3,A,-,03,22350,NA,N,C,C,A,A,H,-,C,D,1,NA,NA,NA,NA,Y,NA,A,01,0,0,1,0,0,0,0,0,0,-,-,33.93643,-118.09834,LOS ANGELES,SANTA FE SPRINGS,-118.09970688,33.93506442
6726163,2014,2014-12-09,9550,2014-08-12,0750,20765,NA,2,1,9,1900,0,3,5,NA,2,001,WORKMAN MILL RD,MISSION MILL RD,0,NA,Y,A,-,N,NA,NA,NA,NA,NA,NA,NA,NA,NA,Y,4,0,1,2,A,-,17,21451,A,N,A,C,A,A,H,-,A,A,0,NA,NA,NA,NA,Y,NA,A,01,0,0,1,0,0,0,0,0,0,-,-,34.01548,-118.04431,LOS ANGELES,UNINCORPORATED,-118.04403008,34.01535008
6726167,2014,2014-12-09,9550,2014-08-11,0805,20700,NA,1,1,9,1900,0,3,5,NA,2,002,MEYER RD,LEFFINGWELL RD,0,NA,Y,A,-,N,NA,NA,NA,NA,NA,NA,NA,NA,NA,Y,4,0,2,2,A,-,09,21801,A,N,D,C,A,A,H,-,A,A,0,NA,NA,NA,NA,Y,NA,A,01,0,0,2,0,0,0,0,0,0,-,-,33.92112,-118.03815,LOS ANGELES,UNINCORPORATED,-118.03801011,33.92087012
6726168,2014,2014-12-09,1942,2014-07-06,1645,33937,1842,7,5,7,1942,0,0,0,R,0,18A35,MAIN ST,111TH ST,0,NA,Y,A,-,N,NA,NA,NA,NA,NA,NA,NA,NA,NA,N,4,0,4,2,A,-,03,22350,NA,N,C,C,A,A,H,-,A,D,0,NA,NA,NA,NA,Y,NA,A,01,0,0,4,0,0,0,0,0,0,-,-,NA,NA,LOS ANGELES,LOS ANGELES,-118.27389007,33.93478009
6726171,2014,2014-12-09,9525,2014-08-11,2010,019491,NA,1,2,9,1900,0,3,5,NA,2,002,HOLLENBECK AV,COVINA BL,0,NA,Y,A,-,N,NA,NA,NA,NA,NA,NA,NA,NA,NA,Y,3,0,2,2,A,-,09,21801,A,N,D,C,A,A,H,-,B,A,0,NA,NA,NA,NA,Y,NA,A,01,0,1,1,0,0,0,0,0,0,-,-,34.09941,-117.89886,LOS ANGELES,UNINCORPORATED,-117.89898005,34.09940005
6726175,2014,2016-05-16,9550,2014-08-20,0525,20025,NA,3,3,9,1900,0,1,1,NA,2,650,RT 605,PECK RD,700,N,N,A,-,Y,LA,7,605,-,R,16.78,H,-,S,Y,4,0,2,3,A,-,03,22350,NA,N,C,C,A,A,H,-,D,D,1,NA,NA,NA,NA,Y,NA,A,01,0,0,2,0,0,0,0,0,0,-,-,34.02097,-118.03502,LOS ANGELES,UNINCORPORATED,-118.03572651,34.02843571
6726179,2014,2016-05-16,9550,2014-08-20,0415,20360,NA,3,3,6,1949,0,1,1,NA,2,651,RT 605,IMPERIAL HWY,1000,N,N,A,-,Y,LA,7,605,-,R,8.07,H,-,N,Y,4,0,1,1,A,-,08,22107,NA,N,E,I,A,A,H,-,C,D,1,NA,NA,NA,NA,Y,NA,A,01,0,0,1,0,0,0,0,0,0,-,-,33.92231,-118.10431,LOS ANGELES,NORWALK,-118.10444678,33.9200425
6726183,2014,2016-05-16,9550,2014-08-19,0835,019954,NA,2,1,6,1949,0,1,1,NA,2,651,RT 605,IMPERIAL HWY,500,S,N,B,-,Y,LA,7,605,-,R,7.76,H,-,N,N,4,0,1,2,A,-,03,22350,NA,N,C,C,A,A,H,-,A,D,1,NA,NA,NA,NA,Y,NA,A,01,0,0,1,0,0,0,0,0,0,-,-,33.91669,-118.10456,LOS ANGELES,NORWALK,-118.10461629,33.91574673
6726187,2014,2016-06-17,9550,2014-08-19,0300,17398,NA,2,3,6,1949,0,1,1,NA,2,651,RT 605,ROSECRANS AV,3960,N,N,A,-,Y,LA,7,605,-,R,7.59,H,-,S,Y,2,0,1,1,A,-,08,22107,NA,N,E,I,A,A,H,-,D,D,1,NA,NA,NA,NA,Y,NA,A,01,1,0,0,0,0,0,0,0,0,-,-,33.92074,-118.10476,LOS ANGELES,NORWALK,-118.1049513,33.913495760000004
6726191,2014,2016-06-11,9550,2014-08-18,1020,019954,NA,1,1,5,1919,0,1,3,NA,2,092,RT 91,ARTESIA BL,250,W,N,A,-,Y,LA,7,91,-,R,19.38,H,-,W,N,4,0,1,3,A,-,03,22350,NA,N,C,C,A,A,H,-,A,D,1,NA,NA,NA,NA,Y,NA,A,07,0,0,1,0,0,0,0,0,0,-,-,33.87346,-118.06015,LOS ANGELES,CERRITOS,-118.06095589,33.87367596
6726195,2014,2016-05-23,9550,2014-08-18,0925,020861,NA,1,1,6,1949,0,1,1,NA,2,501,RT 5,CARMENITA RD,2000,N,N,A,-,Y,LA,7,5,-,-,2.79,H,-,N,N,4,0,1,2,A,-,03,22350,NA,N,C,C,A,A,H,-,A,D,1,NA,NA,NA,NA,Y,NA,A,01,0,0,1,0,0,0,0,0,0,-,-,33.89853,-118.05555,LOS ANGELES,NORWALK,-118.0521216,33.89671554
6726199,2014,2016-06-11,9550,2014-08-18,0910,019954,NA,1,1,5,1919,0,1,3,NA,2,091,RT 91,PIONEER BL,50,W,N,A,-,Y,LA,7,91,-,R,18.08,H,-,W,Y,4,0,1,2,A,-,03,22350,NA,N,C,C,A,A,H,-,A,D,1,NA,NA,NA,NA,Y,NA,A,01,0,0,1,0,0,0,0,0,0,-,-,33.87662,-118.08483,LOS ANGELES,CERRITOS,-118.08273141,33.87645635
6726203,2014,2016-05-16,9550,2014-08-18,0910,20070,NA,1,1,6,1949,0,1,1,NA,2,651,RT 605,FILESTONE BLVD,300,N,N,A,-,Y,LA,7,605,-,R,8.47,H,-,N,Y,4,0,5,4,D,-,00,NA,NA,N,C,C,A,A,H,-,A,D,1,NA,NA,NA,NA,Y,NA,-,-,0,0,5,0,0,0,0,0,0,-,-,33.9268,-118.10341,LOS ANGELES,NORWALK,-118.10369481,33.92576686
6726207,2014,2016-05-23,9550,2014-08-18,0735,20392,NA,1,1,6,1920,0,1,1,NA,2,500,RT 5,LAKEWOOD BL,2320,S,N,A,-,Y,LA,7,5,-,-,7.85,H,-,S,Y,4,0,3,2,A,-,07,21658,A,N,B,C,A,A,H,-,A,D,1,NA,NA,NA,NA,Y,NA,A,01,0,0,3,0,0,0,0,0,0,-,-,33.95337,-118.10575,LOS ANGELES,DOWNEY,-118.10579483,33.9534833
6726211,2014,2016-05-16,9550,2014-08-17,1833,20282,NA,7,2,5,1919,0,1,1,NA,2,652,RT 605,SOUTH ST,2000,N,N,A,-,Y,LA,7,605,-,R,4.13,H,-,N,Y,4,0,4,2,A,-,08,22107,NA,N,B,C,A,A,H,-,A,D,1,NA,NA,NA,NA,Y,NA,A,01,0,0,4,0,0,0,0,0,0,-,-,33.86232,-118.09715,LOS ANGELES,CERRITOS,-118.0977077,33.86366365
6726215,2014,2015-01-16,1900,2014-11-05,2353,529458,1620,3,5,5,1977,0,0,0,NA,0,160T,WEISER AV,215TH PL,25,N,N,A,-,N,NA,NA,NA,NA,NA,NA,NA,NA,NA,N,4,0,2,2,A,-,03,22350,NA,N,A,E,A,A,H,-,C,D,0,NA,NA,NA,NA,Y,NA,A,07,0,0,2,0,0,0,0,0,0,-,-,NA,NA,LOS ANGELES,CARSON,-118.25021098,33.83336856
6726231,2014,2015-01-16,1922,2014-11-05,0830,5998,NA,3,5,6,1922,0,0,0,NA,0,NA,BALDWIN AV,CEDAR LN,50,N,N,A,-,N,NA,NA,NA,NA,NA,NA,NA,NA,NA,N,4,0,1,2,A,-,09,21804,A,N,G,B,-,A,H,-,A,D,0,Y,NA,NA,NA,Y,NA,-,NA,0,0,1,0,1,0,0,0,0,-,-,NA,NA,LOS ANGELES,EL MONTE,-118.05359526,34.07678401
6726235,2014,2015-01-15,1922,2014-11-08,1914,658,56,6,5,6,1922,0,0,0,NA,0,004,DURFEE AV,DENHOLM,200,S,N,A,-,N,NA,NA,NA,NA,NA,NA,NA,NA,NA,Y,4,0,3,5,A,-,08,22107,NA,N,C,C,A,A,H,-,C,D,0,NA,NA,NA,NA,Y,NA,-,NA,0,0,3,0,0,0,0,0,0,-,-,NA,NA,LOS ANGELES,EL MONTE,-118.01493591,34.05794082
6726239,2014,2015-01-16,1922,2014-11-09,0541,651,NA,7,5,6,1922,0,0,0,NA,0,003,GARVEY AV,EDWARDS ST,100,E,N,A,-,N,NA,NA,NA,NA,NA,NA,NA,NA,NA,Y,4,0,1,2,A,-,08,22107,NA,N,C,E,A,A,H,-,B,D,0,NA,NA,NA,NA,Y,Y,A,01,0,0,1,0,0,0,0,0,0,-,-,NA,NA,LOS ANGELES,EL MONTE,-118.04874056,34.06273783
6726241,2014,2014-12-09,9525,2014-08-14,0950,12772,NA,4,1,9,1900,0,3,5,NA,2,004,PUENTE AV,VALLEY BL,20,N,N,A,-,N,NA,NA,NA,NA,NA,NA,NA,NA,NA,Y,4,0,1,2,A,-,03,22350,NA,N,C,C,A,A,H,-,A,D,0,NA,NA,NA,NA,Y,NA,A,01,0,0,1,0,0,0,0,0,0,-,-,34.04385,-117.98894,LOS ANGELES,UNINCORPORATED,-117.9885482,34.04444387
6726243,2014,2014-12-09,1925,2014-09-30,1920,17837,NA,2,5,6,1925,0,0,0,NA,0,003,S CHEVY CHASE DR,RALEIGH ST,0,NA,Y,A,-,N,NA,NA,NA,NA,NA,NA,NA,NA,NA,N,4,0,1,2,C,-,18,NA,NA,N,G,B,A,A,H,-,C,D,0,NA,NA,NA,NA,Y,NA,-,-,0,0,1,0,0,0,0,0,0,-,-,NA,NA,LOS ANGELES,GLENDALE,-118.23958008,34.13809008
6726245,2014,2016-01-12,9525,2014-08-13,0750,14637,NA,3,1,9,1900,0,3,5,NA,2,002,COVINA BL,WESTRIDGE AV,20,E,N,A,-,N,NA,NA,NA,NA,NA,NA,NA,NA,NA,N,3,0,1,2,A,-,08,22107,NA,F,B,G,A,A,H,-,A,D,0,NA,Y,NA,NA,Y,NA,A,01,0,1,0,0,0,0,1,0,0,-,-,34.09936,-117.87099,LOS ANGELES,UNINCORPORATED,-117.8710641,34.09944054
6726247,2014,2014-12-09,1942,2014-09-30,0845,35737,678,2,5,7,1942,0,0,0,NA,0,6A45,SANTA MONICA BL,OXFORD AV,1,E,N,A,-,N,NA,NA,NA,NA,NA,NA,NA,NA,NA,N,4,0,1,2,A,-,10,21950,A,N,G,B,B,A,H,-,A,A,0,Y,NA,NA,NA,Y,NA,A,07,0,0,1,0,1,0,0,0,0,-,-,NA,NA,LOS ANGELES,LOS ANGELES,-118.3077967,34.09077
6726249,2014,2014-12-09,9525,2014-08-17,0845,018997,NA,7,1,9,1900,0,3,5,NA,2,002,MYRTLE AV,WYLAND WY,12,S,N,A,-,N,NA,NA,NA,NA,NA,NA,NA,NA,NA,Y,4,0,2,2,A,-,09,21801,A,N,D,C,A,A,H,-,A,A,0,NA,NA,NA,NA,Y,NA,A,01,0,0,2,0,0,0,0,0,0,-,-,34.11855,-118.00135,LOS ANGELES,UNINCORPORATED,-118.00131,34.1184371
6726251,2014,2014-12-09,1942,2014-09-23,1335,38023,0645,2,5,7,1942,0,0,0,F,0,6FB1,HOLLYWOOD BL,HIGHLAND AV,0,NA,Y,A,-,N,NA,NA,NA,NA,NA,NA,NA,NA,NA,N,4,0,1,2,A,-,09,21801,A,N,A,C,A,A,H,-,A,A,0,NA,NA,NA,NA,Y,NA,A,07,0,0,1,0,0,0,0,0,0,-,-,NA,NA,LOS ANGELES,LOS ANGELES,-118.33869004,34.10155004
6726252,2014,2014-12-09,9550,2014-09-30,1823,19293,NA,2,2,9,1900,0,3,5,NA,2,002,RUTLAND AV,LANETT AV,405,N,N,A,-,N,NA,NA,NA,NA,NA,NA,NA,NA,NA,N,3,0,1,2,A,-,09,21804,A,N,G,G,A,A,H,-,A,D,0,NA,Y,NA,NA,Y,NA,L,04,0,1,0,0,0,0,1,0,0,-,-,33.94354,-118.04545,LOS ANGELES,UNINCORPORATED,-118.04543,33.94359173
6726253,2014,2016-01-12,9525,2014-08-16,0310,020544,NA,6,3,9,1900,0,3,5,NA,2,003,LARK ELLEN AV,DUBESOR ST,13,N,N,A,-,N,NA,NA,NA,NA,NA,NA,NA,NA,NA,Y,3,0,2,2,A,-,01,23152,A,N,A,C,A,A,H,-,C,A,0,NA,NA,NA,NA,Y,Y,A,01,0,1,1,0,0,0,0,0,0,-,-,34.04692,-117.91831,LOS ANGELES,UNINCORPORATED,-117.91834513,34.04681068
6726255,2014,2014-12-09,1942,2014-09-27,1135,40743,649,6,5,7,1942,0,0,0,NA,0,6A63,SUNSET BL,HARVARD,30,W,N,A,-,N,NA,NA,NA,NA,NA,NA,NA,NA,NA,N,3,0,1,2,A,-,08,22107,NA,N,D,G,A,A,H,-,A,A,0,NA,Y,NA,NA,Y,NA,A,01,0,1,0,0,0,0,1,0,0,-,-,NA,NA,LOS ANGELES,LOS ANGELES,-118.3044489,34.09813
6726256,2014,2016-06-02,9550,2014-09-30,2250,20700,NA,2,3,9,1900,0,1,3,NA,2,600,RT 60,7TH AV,800,W,N,A,-,Y,LA,7,60,-,-,14.11,H,-,W,Y,4,0,1,3,A,-,03,22350,NA,N,C,C,A,A,H,-,C,D,1,NA,NA,NA,NA,Y,NA,A,01,0,0,1,0,0,0,0,0,0,-,-,34.0118,-117.5924,LOS ANGELES,UNINCORPORATED,-117.99005322,34.02165111
6726257,2014,2014-12-09,9550,2014-08-18,1745,17511,NA,1,2,9,1900,0,2,4,NA,1,032,GALE AV,LATCHFORD AV,0,NA,Y,A,-,N,NA,NA,NA,NA,NA,NA,NA,NA,NA,Y,4,0,2,2,A,-,09,21801,A,N,D,C,A,A,H,-,A,D,0,NA,NA,NA,NA,Y,NA,A,01,0,0,2,0,0,0,0,0,0,-,-,34.01854,-117.98441,LOS ANGELES,UNINCORPORATED,-117.98469012,34.0184601
6726259,2014,2014-12-09,1942,2014-09-28,0155,41018,0646,7,5,7,1942,0,0,0,F,0,6FB22,LAS PALMAS,HOLLYWOOD BL,25,S,N,A,-,N,NA,NA,NA,NA,NA,NA,NA,NA,NA,N,4,0,1,2,A,-,17,22517,NA,N,B,C,A,A,H,-,C,D,0,NA,NA,NA,NA,Y,NA,A,01,0,0,1,0,0,0,0,0,0,-,-,NA,NA,LOS ANGELES,LOS ANGELES,-118.33612912,34.10148144
6726260,2014,2016-06-03,9550,2014-09-21,0300,20688,NA,7,3,1,1932,0,1,3,NA,2,600,RT 60,CROSSROADS PARKWAY,300,W,N,A,-,Y,LA,7,60,-,-,12.57,H,-,W,Y,3,0,1,3,A,-,01,23152,A,N,C,C,A,A,D,-,D,D,1,NA,NA,NA,NA,Y,Y,A,01,0,1,0,0,0,0,0,0,0,-,-,34.02926,-118.01471,LOS ANGELES,INDUSTRY,-118.0135868,34.0291999
6726261,2014,2014-12-09,9550,2014-08-15,1525,020709,NA,5,2,9,1900,0,3,5,NA,2,002,COLE RD,LAMBERT RD,0,NA,Y,A,-,N,NA,NA,NA,NA,NA,NA,NA,NA,NA,Y,3,0,2,2,A,-,09,21801,A,N,D,C,A,A,H,-,A,A,0,NA,NA,NA,NA,Y,NA,A,01,0,1,1,0,0,0,0,0,0,-,-,33.93922,-118.00545,LOS ANGELES,UNINCORPORATED,-118.00548005,33.93915005
6726263,2014,2014-12-09,1942,2014-09-26,1545,41692,0643,5,5,7,1942,0,0,0,F,0,6A45,FULLER AV,HAWTHORN AV,0,NA,Y,A,-,N,NA,NA,NA,NA,NA,NA,NA,NA,NA,N,4,0,1,2,A,-,12,22450,A,N,D,G,A,A,H,-,A,A,0,NA,Y,NA,NA,Y,NA,A,01,0,0,1,0,0,0,1,0,0,-,-,NA,NA,LOS ANGELES,LOS ANGELES,-118.34898012,34.09982005