CASE_ID,ACCIDENT_YEAR,PROC_DATE,JURIS,COLLISION_DATE,COLLISION_TIME,OFFICER_ID,REPORTING_DISTRICT,DAY_OF_WEEK,CHP_SHIFT,POPULATION,CNTY_CITY_LOC,SPECIAL_COND,BEAT_TYPE,CHP_BEAT_TYPE,CITY_DIVISION_LAPD,CHP_BEAT_CLASS,BEAT_NUMBER,PRIMARY_RD,SECONDARY_RD,DISTANCE,DIRECTION,INTERSECTION,WEATHER_1,WEATHER_2,STATE_HWY_IND,CALTRANS_COUNTY,CALTRANS_DISTRICT,STATE_ROUTE,ROUTE_SUFFIX,POSTMILE_PREFIX,POSTMILE,LOCATION_TYPE,RAMP_INTERSECTION,SIDE_OF_HWY,TOW_AWAY,COLLISION_SEVERITY,NUMBER_KILLED,NUMBER_INJURED,PARTY_COUNT,PRIMARY_COLL_FACTOR,PCF_CODE_OF_VIOL,PCF_VIOL_CATEGORY,PCF_VIOLATION,PCF_VIOL_SUBSECTION,HIT_AND_RUN,TYPE_OF_COLLISION,MVIW,PED_ACTION,ROAD_SURFACE,ROAD_COND_1,ROAD_COND_2,LIGHTING,CONTROL_DEVICE,CHP_ROAD_TYPE,PEDESTRIAN_ACCIDENT,BICYCLE_ACCIDENT,MOTORCYCLE_ACCIDENT,TRUCK_ACCIDENT,NOT_PRIVATE_PROPERTY,ALCOHOL_INVOLVED,STWD_VEHTYPE_AT_FAULT,CHP_VEHTYPE_AT_FAULT,COUNT_SEVERE_INJ,COUNT_VISIBLE_INJ,COUNT_COMPLAINT_PAIN,COUNT_PED_KILLED,COUNT_PED_INJURED,COUNT_BICYCLIST_KILLED,COUNT_BICYCLIST_INJURED,COUNT_MC_KILLED,COUNT_MC_INJURED,PRIMARY_RAMP,SECONDARY_RAMP,LATITUDE,LONGITUDE,COUNTY,CITY,POINT_X,POINT_Y
6731785,2014,2015-01-22,9530,2014-11-16,1040,20624,NA,7,1,7,1942,0,1,1,NA,2,400,RT 405,NORMANDIE AV,528,S,N,A,-,Y,NA,NA,405,NA,NA,NA,NA,NA,NA,Y,3,0,4,3,A,-,07,21658,A,N,C,C,A,A,H,-,A,D,0,NA,NA,NA,NA,Y,NA,A,01,0,2,2,0,0,0,0,0,0,-,-,33.85991,-118.29507,LOS ANGELES,LOS ANGELES,-118.29507001,33.85992205
6731788,2014,2015-01-26,1955,2014-11-21,1243,30381,30,5,5,6,1955,0,0,0,NA,0,002,SUMNER AV,HARRISON AV,250,N,N,A,-,N,NA,NA,NA,NA,NA,NA,NA,NA,NA,N,4,0,1,2,A,-,03,22350,NA,N,D,C,A,A,H,-,A,D,0,NA,NA,NA,NA,Y,NA,A,01,0,0,1,0,0,0,0,0,0,-,-,NA,NA,LOS ANGELES,POMONA,-117.74241465,34.09967499
6731789,2014,2015-01-22,1942,2014-11-23,1605,39217,1078,7,5,7,1942,0,0,0,J,0,17TL12,VENTURA BL,LIBBIT AV,100,E,N,A,-,N,NA,NA,NA,NA,NA,NA,NA,NA,NA,Y,4,0,2,2,A,-,04,21703,NA,N,C,C,A,A,H,-,A,D,0,NA,NA,NA,NA,Y,NA,A,01,0,0,2,0,0,0,0,0,0,-,-,NA,NA,LOS ANGELES,LOS ANGELES,-118.48769434,34.15691584
6731792,2014,2015-01-26,1941,2014-11-21,1733,10542,NA,5,5,7,1941,0,0,0,NA,0,NA,PARAMOUNT BL,COOLIDGE ST,0,NA,Y,A,-,N,NA,NA,NA,NA,NA,NA,NA,NA,NA,Y,4,0,1,2,A,-,09,21801,A,N,D,C,A,A,H,-,C,D,0,NA,NA,Y,NA,Y,NA,A,NA,0,0,1,0,0,0,0,0,1,-,-,NA,NA,LOS ANGELES,LONG BEACH,-118.15999013,33.87336002
6731793,2014,2015-01-22,1942,2014-11-29,1420,3708,1035,6,5,7,1942,0,0,0,J,0,21T63,VICTORY BL,WHITE OAK AV,0,NA,Y,A,-,N,NA,NA,NA,NA,NA,NA,NA,NA,NA,Y,3,0,2,2,A,-,09,21801,A,N,D,C,A,A,H,-,A,A,0,NA,NA,NA,NA,Y,NA,A,01,0,2,0,0,0,0,0,0,0,-,-,NA,NA,LOS ANGELES,LOS ANGELES,-118.51849002,34.18662007
6731796,2014,2015-01-26,1941,2014-11-21,1803,6007,NA,5,5,7,1941,0,0,0,NA,0,NA,DEL AMO BL,LONG BEACH BL,78,W,N,A,-,N,NA,NA,NA,NA,NA,NA,NA,NA,NA,N,4,0,1,2,A,-,11,21954,A,N,G,B,D,A,H,-,C,A,0,Y,NA,NA,Y,Y,NA,N,NA,0,0,1,0,1,0,0,0,0,-,-,NA,NA,LOS ANGELES,LONG BEACH,-118.19413613,33.84680101
6731797,2014,2015-01-22,1942,2014-11-21,1855,40639,1044,5,5,7,1942,0,0,0,J,0,21T61,RESEDA BL,HATTERAS ST,0,NA,Y,A,-,N,NA,NA,NA,NA,NA,NA,NA,NA,NA,Y,3,0,2,2,A,-,09,21801,A,N,A,C,A,A,H,-,C,A,0,NA,NA,NA,NA,Y,NA,A,01,0,1,1,0,0,0,0,0,0,-,-,NA,NA,LOS ANGELES,LOS ANGELES,-118.53602009,34.17745003
6731801,2014,2015-01-22,1942,2014-11-23,1355,39217,1047,7,5,7,1942,0,0,0,J,0,17TL12,WHITE OAK AV,BULLOCK ST,0,NA,Y,A,-,N,NA,NA,NA,NA,NA,NA,NA,NA,NA,Y,3,0,1,2,A,-,09,21801,A,N,-,C,A,A,H,-,A,D,0,NA,NA,NA,NA,Y,NA,A,07,0,1,0,0,0,0,0,0,0,-,-,NA,NA,LOS ANGELES,LOS ANGELES,-118.51875008,34.17963007
6731804,2014,2015-01-26,1941,2014-11-27,1118,10126,NA,4,5,7,1941,0,0,0,NA,0,NA,4TH ST,TILE AV,0,NA,Y,A,-,N,NA,NA,NA,NA,NA,NA,NA,NA,NA,Y,2,0,1,2,A,-,09,21802,A,N,D,C,A,A,H,-,A,A,0,NA,NA,Y,NA,Y,NA,A,NA,1,0,0,0,0,0,0,0,1,-,-,NA,NA,LOS ANGELES,LONG BEACH,-118.17418004,33.77171002
6731805,2014,2015-01-22,1942,2014-11-21,0815,39085,1089,5,5,7,1942,0,0,0,J,0,15TL47,WOODLEY AV,VENTURA BL,36,S,N,A,-,N,NA,NA,NA,NA,NA,NA,NA,NA,NA,N,3,0,1,2,A,-,10,21950,A,N,G,B,B,A,H,-,A,-,0,Y,NA,NA,NA,Y,NA,A,07,0,1,0,0,1,0,0,0,0,-,-,NA,NA,LOS ANGELES,LOS ANGELES,-118.48365855,34.15626126
6731808,2014,2015-01-26,1941,2014-11-29,1609,6042,NA,6,5,7,1941,0,0,0,NA,0,NA,20TH ST,LONG BEACH BL,165,E,N,A,-,N,NA,NA,NA,NA,NA,NA,NA,NA,NA,N,4,0,1,2,A,-,05,21650,1,N,H,G,A,A,H,-,A,A,0,NA,Y,NA,NA,Y,NA,L,NA,0,0,1,0,0,0,1,0,0,-,-,NA,NA,LOS ANGELES,LONG BEACH,-118.18892805,33.79350171
6731809,2014,2015-01-22,1942,2014-11-22,1545,38471,1047,6,5,7,1942,0,0,0,J,0,16TL26,HATTERAS ST,WHITE OAK AV,53,W,N,A,-,N,NA,NA,NA,NA,NA,NA,NA,NA,NA,N,4,0,1,2,A,-,10,21950,C,N,A,B,C,A,H,-,A,A,0,Y,NA,NA,NA,Y,NA,A,01,0,0,1,0,1,0,0,0,0,-,-,NA,NA,LOS ANGELES,LOS ANGELES,-118.51893491,34.17668789
6731810,2014,2015-01-26,9530,2014-11-15,2125,20776,NA,6,2,9,1900,0,3,5,NA,2,001,BEACH ST,FLORENCE AV,200,S,N,-,-,N,NA,NA,NA,NA,NA,NA,NA,NA,NA,N,3,0,1,2,A,-,03,22350,NA,F,-,-,-,-,-,-,-,-,0,Y,NA,NA,NA,Y,NA,-,99,0,1,0,0,1,0,0,0,0,-,-,33.97342,-118.24122,LOS ANGELES,UNINCORPORATED,-118.24224852,33.9741916
6731813,2014,2015-01-22,1942,2014-11-15,0102,36801,1503,6,5,7,1942,0,0,0,O,0,15A3,SHERMAN WAY,LAUREL CANYON,1000,E,N,A,-,N,NA,NA,NA,NA,NA,NA,NA,NA,NA,Y,4,0,1,1,A,-,03,22350,NA,N,E,I,A,A,H,-,C,D,0,NA,NA,NA,NA,Y,NA,A,01,0,0,1,0,0,0,0,0,0,-,-,NA,NA,LOS ANGELES,LOS ANGELES,-118.39332564,34.2011651
6731814,2014,2015-01-22,9530,2014-11-16,2015,20793,NA,7,2,6,1972,0,1,1,NA,2,400,RT 405,VAN NESS AV,90,N,N,A,-,Y,NA,NA,405,NA,NA,NA,NA,NA,NA,Y,3,0,1,1,A,-,08,22107,NA,F,E,I,A,A,H,-,D,D,0,NA,NA,NA,NA,Y,NA,A,01,0,1,0,0,0,0,0,0,0,-,-,33.86219,-118.31917,LOS ANGELES,TORRANCE,-118.31914566,33.86226934
6731816,2014,2015-02-02,1941,2014-11-26,1126,5048,NA,3,5,7,1941,0,0,0,NA,0,NA,6TH ST,PACIFIC AV,0,NA,Y,A,-,N,NA,NA,NA,NA,NA,NA,NA,NA,NA,Y,4,0,1,2,-,-,-,NA,NA,N,D,C,A,A,H,-,A,A,0,NA,NA,NA,NA,Y,Y,-,-,0,0,1,0,0,0,0,0,0,-,-,NA,NA,LOS ANGELES,LONG BEACH,-118.19372012,33.77414012
6731817,2014,2015-01-22,1942,2014-11-19,1355,39971,1555,3,5,7,1942,0,0,0,O,0,16T26,LANKERSHIM BL,BURBANK BL,150,N,N,A,-,N,NA,NA,NA,NA,NA,NA,NA,NA,NA,N,4,0,1,2,A,-,09,21804,A,N,D,C,A,A,H,-,A,D,0,NA,NA,Y,NA,Y,NA,A,01,0,0,1,0,0,0,0,0,1,-,-,NA,NA,LOS ANGELES,LOS ANGELES,-118.37925428,34.17252086
6731820,2014,2015-01-26,1941,2014-11-28,1536,5462,NA,5,5,7,1941,0,0,0,NA,0,NA,7TH,PEPPER TREE LN,0,NA,Y,A,-,N,NA,NA,NA,NA,NA,NA,NA,NA,NA,Y,3,0,1,2,A,-,08,22100,A,N,D,C,A,A,H,-,A,A,0,NA,NA,NA,NA,Y,NA,A,NA,0,1,0,0,0,0,0,0,0,-,-,NA,NA,LOS ANGELES,LONG BEACH,-118.10867011,33.77426011
6731821,2014,2015-01-22,1942,2014-11-22,2105,36336,1555,6,5,7,1942,0,0,0,O,0,9TL57,MAGNOLIA BL,KLUMP AV,150,W,N,A,-,N,NA,NA,NA,NA,NA,NA,NA,NA,NA,Y,4,0,1,2,A,-,01,23152,A,N,C,E,A,A,H,-,C,D,0,NA,NA,NA,NA,Y,Y,A,01,0,0,1,0,0,0,0,0,0,-,-,NA,NA,LOS ANGELES,LOS ANGELES,-118.3762549,34.16493463
6731824,2014,2015-01-26,1941,2014-11-26,2027,10573,NA,3,5,7,1941,0,0,0,NA,0,NA,7TH ST,NEBRASKA AV,83,W,N,A,-,N,NA,NA,NA,NA,NA,NA,NA,NA,NA,Y,4,0,5,2,A,-,09,21804,A,N,D,C,A,A,H,-,C,D,0,NA,NA,NA,NA,Y,NA,A,NA,0,0,5,0,0,0,0,0,0,-,-,NA,NA,LOS ANGELES,LONG BEACH,-118.17394256,33.77534
6731825,2014,2015-01-22,1942,2014-11-16,1640,35346,1523,7,5,7,1942,0,0,0,O,0,15A39,COLDWATER CANYON AV,SYLVAN ST,20,N,N,A,-,N,NA,NA,NA,NA,NA,NA,NA,NA,NA,NA,3,0,3,2,A,-,03,22350,NA,N,C,C,A,A,H,-,B,D,0,NA,NA,NA,NA,Y,NA,A,07,0,1,2,0,0,0,0,0,0,-,-,NA,NA,LOS ANGELES,LOS ANGELES,-118.41379047,34.18492486
6731828,2014,2015-01-26,1941,2014-11-23,2240,5877,NA,7,5,7,1941,0,0,0,NA,0,NA,PACIFIC AV,5TH ST,0,NA,Y,A,-,N,NA,NA,NA,NA,NA,NA,NA,NA,NA,N,2,0,1,2,A,-,11,21954,A,N,G,B,D,A,H,-,C,A,0,Y,NA,NA,NA,Y,NA,N,NA,1,0,0,0,1,0,0,0,0,-,-,NA,NA,LOS ANGELES,LONG BEACH,-118.19372009,33.77294003
6731829,2014,2015-01-22,1942,2014-11-21,1440,39884,1505,5,5,7,1942,0,0,0,O,0,15A43,SHERMAN WAY,TUJUNGA AV,0,NA,Y,A,-,N,NA,NA,NA,NA,NA,NA,NA,NA,NA,Y,2,0,1,2,A,-,12,21453,A,N,D,C,A,A,H,-,A,A,0,NA,NA,NA,NA,Y,NA,A,01,1,0,0,0,0,0,0,0,0,-,-,NA,NA,LOS ANGELES,LOS ANGELES,-118.3790301,34.20118003
6731830,2014,2015-01-22,9530,2014-11-12,1028,20923,NA,3,1,5,1915,0,3,5,NA,2,003,ATLANTIC AV,LINSLEY ST,0,NA,Y,A,-,N,NA,NA,NA,NA,NA,NA,NA,NA,NA,N,4,0,1,2,A,-,09,21802,A,N,D,C,A,A,H,-,A,D,0,NA,NA,NA,NA,Y,NA,A,07,0,0,1,0,0,0,0,0,0,-,-,33.89054,-118.1929,LOS ANGELES,COMPTON,-118.19304006,33.89061008
6731832,2014,2015-01-26,1941,2014-11-26,1129,10574,NA,3,5,7,1941,0,0,0,NA,0,NA,ANAHEIM ST,E ANAHEIM 1438,4,E,N,A,-,N,NA,NA,NA,NA,NA,NA,NA,NA,NA,N,4,0,1,2,D,-,00,NA,NA,N,D,G,A,A,H,-,A,D,0,NA,Y,NA,NA,Y,NA,-,-,0,0,1,0,0,0,1,0,0,-,-,NA,NA,LOS ANGELES,LONG BEACH,NA,NA
6731833,2014,2015-01-22,1942,2014-11-21,0830,39819,NA,5,5,7,1942,0,0,0,NA,0,NA,LAUREL CANYON BL,MORRISON ST,0,NA,Y,A,-,N,NA,NA,NA,NA,NA,NA,NA,NA,NA,N,4,0,1,2,A,-,09,21802,A,N,B,C,A,A,H,-,A,D,0,NA,NA,NA,NA,Y,NA,A,01,0,0,1,0,0,0,0,0,0,-,-,NA,NA,LOS ANGELES,LOS ANGELES,-118.39649014,34.16030001
6731834,2014,2015-01-22,9530,2014-11-08,0015,20714,NA,6,3,9,1900,0,3,5,NA,2,001,MACE PL,FLORENCE AV,187,S,N,A,-,N,NA,NA,NA,NA,NA,NA,NA,NA,NA,Y,3,0,1,2,A,-,01,23152,A,M,A,E,A,A,H,-,C,D,0,NA,NA,NA,NA,Y,Y,A,01,0,1,0,0,0,0,0,0,0,-,-,33.9743,-118.2515,LOS ANGELES,UNINCORPORATED,-118.25145702,33.97423719
6731836,2014,2015-01-26,1941,2014-11-26,0957,3764,NA,3,5,7,1941,0,0,0,NA,0,NA,SANTA FE AV,CAMERON ST,0,NA,Y,A,-,N,NA,NA,NA,NA,NA,NA,NA,NA,NA,Y,4,0,2,2,A,-,09,21802,A,N,D,C,A,A,H,-,A,A,0,NA,NA,NA,NA,Y,NA,A,NA,0,0,2,0,0,0,0,0,0,-,-,NA,NA,LOS ANGELES,LONG BEACH,-118.21553001,33.82352012
6731837,2014,2015-01-22,1942,2014-11-24,1830,38765,1015,1,5,7,1942,0,0,0,J,0,21T65,WHITE OAK AV,VALERIO ST,12,S,N,A,-,N,NA,NA,NA,NA,NA,NA,NA,NA,NA,Y,3,0,1,2,A,-,10,21950,A,N,G,B,B,A,H,-,C,A,0,Y,NA,NA,NA,Y,NA,A,01,0,1,0,0,1,0,0,0,0,-,-,NA,NA,LOS ANGELES,LOS ANGELES,-118.5186,34.20473708
6731838,2014,2015-01-22,9530,2014-11-14,1835,20868,NA,5,2,7,1942,0,1,1,NA,2,110,RT 110,190TH ST,50,S,N,A,-,Y,NA,NA,110,NA,NA,NA,NA,NA,NA,Y,4,0,1,3,A,-,07,21658,A,F,B,C,A,A,H,-,C,D,0,NA,NA,NA,NA,Y,NA,-,99,0,0,1,0,0,0,0,0,0,-,-,33.861,-118.285,LOS ANGELES,LOS ANGELES,-118.28511694,33.86097677
6731840,2014,2015-01-26,1941,2014-11-26,1040,5976,NA,3,5,7,1941,0,0,0,NA,0,NA,WARDLOW RD,WEBSTER AV,0,NA,Y,A,-,N,NA,NA,NA,NA,NA,NA,NA,NA,NA,N,4,0,1,2,A,-,10,21950,A,N,D,G,A,A,H,-,A,D,0,NA,Y,NA,NA,Y,NA,A,NA,0,0,1,0,0,0,1,0,0,-,-,NA,NA,LOS ANGELES,LONG BEACH,-118.22003012,33.82438008
6731843,2014,2015-04-25,1941,2014-11-12,1814,5615,NA,3,5,7,1941,0,0,0,NA,0,NA,PARAMOUNT BL,CANDLEWOOD ST,339,N,N,B,-,N,NA,NA,NA,NA,NA,NA,NA,NA,NA,N,1,1,0,2,A,-,11,21954,A,N,G,B,E,A,H,-,C,D,0,Y,NA,NA,NA,Y,NA,N,NA,0,0,0,1,0,0,0,0,0,-,-,NA,NA,LOS ANGELES,LONG BEACH,-118.15986,33.85446
6731844,2014,2015-01-22,1942,2014-11-09,0240,36885,1525,7,5,7,1942,0,0,0,O,0,15A85,LANKERSHIM BL,GILMORE ST,56,N,N,A,-,N,NA,NA,NA,NA,NA,NA,NA,NA,NA,N,2,0,4,6,A,-,01,23152,A,N,C,B,F,A,H,-,C,D,0,Y,NA,NA,NA,Y,Y,A,01,1,3,0,0,3,0,0,0,0,-,-,NA,NA,LOS ANGELES,LOS ANGELES,-118.38780699,34.18765357
6731847,2014,2015-01-22,1941,2014-11-17,1437,5048,NA,1,5,7,1941,0,0,0,NA,0,NA,PACIFIC COAST HWY,PINE,75,W,N,A,-,Y,NA,NA,NA,NA,NA,NA,NA,NA,NA,Y,4,0,1,2,A,-,07,21658,A,N,E,I,F,A,H,-,A,A,0,Y,NA,NA,NA,Y,NA,A,NA,0,0,1,0,1,0,0,0,0,-,-,NA,NA,LOS ANGELES,LONG BEACH,-118.19263633,33.78987
6731848,2014,2015-01-22,1941,2014-11-21,1524,6263,NA,5,5,7,1941,0,0,0,NA,0,NA,TEMPLE AV,10TH ST,10,W,N,B,-,N,NA,NA,NA,NA,NA,NA,NA,NA,NA,N,4,0,1,2,A,-,10,21950,A,N,G,B,B,A,H,-,A,A,0,Y,NA,NA,NA,Y,NA,D,NA,0,0,1,0,1,0,0,0,0,-,-,NA,NA,LOS ANGELES,LONG BEACH,-118.15896,33.77895
6731851,2014,2015-01-27,1941,2014-11-15,2102,6052,NA,6,5,7,1941,0,0,0,NA,0,901,TERMINO AV,N MAYFIELD ST,30,N,N,A,-,N,NA,NA,NA,NA,NA,NA,NA,NA,NA,N,3,0,1,2,A,-,-,NA,NA,N,A,C,A,A,H,-,C,D,0,NA,NA,Y,NA,Y,Y,O,NA,0,1,0,0,0,0,0,0,1,-,-,NA,NA,LOS ANGELES,LONG BEACH,-118.14592,33.77994227
6731852,2014,2015-01-22,1942,2014-11-01,1720,38161,1503,6,5,7,1942,0,0,0,O,0,15A1,LAUREL CANYON BL,SHERMAN WY,200,N,N,B,-,N,NA,NA,NA,NA,NA,NA,NA,NA,NA,Y,4,0,1,2,A,-,03,22350,NA,N,C,C,A,A,-,-,A,A,0,NA,NA,NA,NA,Y,NA,A,01,0,0,1,0,0,0,0,0,0,-,-,NA,NA,LOS ANGELES,LOS ANGELES,-118.39652,34.20120849
6731855,2014,2015-01-22,1941,2014-11-16,2301,10008,NA,7,5,7,1941,0,0,0,NA,0,NA,10TH ST,HOFFMAN AV,0,NA,Y,A,-,N,NA,NA,NA,NA,NA,NA,NA,NA,NA,Y,3,0,1,3,A,-,01,23152,A,N,C,E,A,A,H,-,C,A,0,NA,NA,NA,NA,Y,Y,A,NA,0,1,0,0,0,0,0,0,0,-,-,NA,NA,LOS ANGELES,LONG BEACH,-118.17366009,33.7790001
6731856,2014,2015-01-22,1942,2014-11-21,0645,38269,1512,5,5,7,1942,0,0,0,O,0,15EL4,BELLAIRE AV,VANOWEN ST,65,S,N,A,-,N,NA,NA,NA,NA,NA,NA,NA,NA,NA,N,3,0,1,2,A,-,09,21804,A,N,B,G,A,A,H,-,C,A,0,NA,Y,NA,NA,Y,NA,L,04,0,1,0,0,0,0,1,0,0,-,-,NA,NA,LOS ANGELES,LOS ANGELES,-118.40942258,34.19377182
6731859,2014,2015-01-27,1941,2014-11-15,1650,6052,NA,6,5,7,1941,0,0,0,NA,0,901,PACIFIC COAST HWY,RESERVOIR,17,W,N,A,-,Y,NA,NA,NA,NA,NA,NA,NA,NA,NA,Y,4,0,1,2,A,-,03,22350,NA,N,-,-,A,A,H,-,B,-,0,NA,NA,NA,NA,Y,NA,A,NA,0,0,1,0,0,0,0,0,0,-,-,NA,NA,LOS ANGELES,LONG BEACH,-118.14950583,33.78986
6731860,2014,2015-01-26,1942,2014-11-20,0730,33751,1517,4,5,7,1942,0,0,0,O,0,15A43,VANOWEN ST,VINELAND AV,30,E,N,A,-,N,NA,NA,NA,NA,NA,NA,NA,NA,NA,N,3,0,1,2,A,-,11,21954,A,N,G,B,D,A,H,-,A,-,0,Y,NA,NA,NA,Y,NA,N,60,0,1,0,0,1,0,0,0,0,-,-,NA,NA,LOS ANGELES,LOS ANGELES,-118.37020099,34.19395132
6731863,2014,2015-01-27,1941,2014-11-07,1016,10147,NA,5,5,7,1941,0,0,0,NA,0,NA,20TH ST,CHESTNUT AV,25,E,N,A,-,N,NA,NA,NA,NA,NA,NA,NA,NA,NA,N,4,0,1,2,A,-,09,21804,A,N,A,C,A,A,H,-,A,A,0,NA,NA,NA,NA,Y,NA,-,-,0,0,1,0,0,0,0,0,0,-,-,NA,NA,LOS ANGELES,LONG BEACH,-118.19635791,33.79347158
6731864,2014,2015-01-22,1942,2014-11-23,2105,38161,LA,7,5,7,1942,0,0,0,NA,0,15A28,BURBANK BL,COLFAX AV,200,W,N,A,-,N,NA,NA,NA,NA,NA,NA,NA,NA,NA,N,2,0,1,1,A,-,03,22350,NA,N,H,A,A,A,-,-,C,D,0,NA,NA,Y,NA,Y,NA,C,02,1,0,0,0,0,0,0,0,1,-,-,NA,NA,LOS ANGELES,LOS ANGELES,-118.38842987,34.17215
6731867,2014,2015-01-28,1941,2014-11-14,0522,10120,NA,5,5,7,1941,0,0,0,NA,0,NA,7TH ST,JUNIPERO AV,0,NA,Y,B,-,N,NA,NA,NA,NA,NA,NA,NA,NA,NA,Y,4,0,1,2,A,-,03,22350,NA,N,D,C,A,B,H,-,C,A,0,NA,NA,NA,NA,Y,NA,A,NA,0,0,1,0,0,0,0,0,0,-,-,NA,NA,LOS ANGELES,LONG BEACH,-118.1633501,33.77535002
6731868,2014,2015-01-22,1942,2014-11-23,0355,32361,15A11,7,5,7,1942,0,0,0,O,0,15A33,ETHEL AV,SHERMAN WY,264,N,N,A,-,N,NA,NA,NA,NA,NA,NA,NA,NA,NA,N,3,0,1,2,A,-,03,22350,NA,N,D,G,A,A,H,-,A,D,0,NA,Y,NA,NA,Y,NA,L,04,0,1,0,0,0,0,1,0,0,-,-,NA,NA,LOS ANGELES,LOS ANGELES,-118.41815664,34.20192409
6731871,2014,2015-01-22,9530,2014-11-29,0650,19722,NA,6,1,7,1942,0,1,1,NA,2,200,RT 105,SAN PEDRO ST,134,W,N,B,-,Y,NA,NA,105,NA,NA,NA,NA,NA,NA,Y,4,0,1,2,A,-,07,21658,A,N,C,C,A,A,H,-,A,D,0,NA,NA,NA,NA,Y,NA,A,07,0,0,1,0,0,0,0,0,0,-,-,33.92797,-118.27126,LOS ANGELES,LOS ANGELES,-118.27128451,33.92779644
6731872,2014,2015-01-22,1942,2014-11-15,1030,39703,1523,6,5,7,1942,0,0,0,O,0,16T23,VICTORY BL,BELLAIRE AV,2,E,N,A,-,N,NA,NA,NA,NA,NA,NA,NA,NA,NA,Y,4,0,2,3,A,-,07,21658,A,N,B,C,A,A,H,-,A,A,0,NA,NA,NA,NA,Y,NA,A,01,0,0,2,0,0,0,0,0,0,-,-,NA,NA,LOS ANGELES,LOS ANGELES,-118.4094234,34.18686
6731875,2014,2015-01-22,9530,2014-11-30,2325,20714,NA,7,3,7,1942,0,1,1,NA,2,200,RT 105,CENTRAL AV,350,W,N,B,-,Y,NA,NA,NA,NA,NA,NA,NA,NA,NA,Y,2,0,1,2,A,-,17,22517,NA,F,B,E,A,B,H,-,C,D,0,NA,NA,NA,NA,Y,NA,A,01,1,0,0,0,0,0,0,0,0,-,-,33.9644,-118.01656,LOS ANGELES,LOS ANGELES,-118.2553969,33.92806768
6731876,2014,2015-01-22,1942,2014-11-12,0930,39703,1557,3,5,7,1942,0,0,0,O,0,16T23,ADDISON ST,AUCKLAND AV,92,W,N,A,-,N,NA,NA,NA,NA,NA,NA,NA,NA,NA,Y,3,0,2,2,A,-,21,22106,NA,N,B,C,A,A,H,-,A,D,0,NA,NA,NA,NA,Y,NA,A,01,0,1,1,0,0,0,0,0,0,-,-,NA,NA,LOS ANGELES,LOS ANGELES,-118.36071353,34.16128727
6731879,2014,2015-01-22,1941,2014-11-17,1939,10581,NA,1,5,7,1941,0,0,0,NA,0,NA,LONG BEACH BL,S WARDLOW RD,45,N,N,A,-,N,NA,NA,NA,NA,NA,NA,NA,NA,NA,Y,4,0,1,2,A,-,01,23152,A,N,D,C,A,A,H,-,C,A,0,NA,NA,NA,NA,Y,Y,D,NA,0,0,1,0,0,0,0,0,0,-,-,NA,NA,LOS ANGELES,LONG BEACH,-118.18934457,33.81906335
6731880,2014,2015-01-22,1941,2014-11-20,1035,10229,NA,4,5,7,1941,0,0,0,NA,0,NA,10TH ST,TEMPLE AV,0,NA,Y,A,-,N,NA,NA,NA,NA,NA,NA,NA,NA,NA,N,2,0,1,2,A,-,11,21456,B,N,G,B,A,A,H,-,A,A,0,NA,NA,NA,NA,Y,NA,N,NA,1,0,0,0,0,0,0,0,0,-,-,NA,NA,LOS ANGELES,LONG BEACH,-118.15896004,33.77895
6731883,2014,2015-01-22,9530,2014-11-28,1120,20523,NA,5,1,9,1900,0,1,1,NA,2,210,RT 105,ALAMEDA ST,500,W,N,A,-,Y,NA,NA,105,NA,NA,NA,NA,NA,NA,Y,3,0,3,2,A,-,08,22107,NA,N,B,C,A,A,H,-,A,D,0,NA,NA,NA,NA,Y,NA,A,07,0,1,2,0,0,0,0,0,0,-,-,33.9288,-118.2277,LOS ANGELES,UNINCORPORATED,-118.22772044,33.92887968
6731884,2014,2015-01-26,1941,2014-11-17,1512,5092,NA,1,5,7,1941,0,0,0,NA,0,NA,REDONDO AV,HILL ST,0,S,N,A,-,N,NA,NA,NA,NA,NA,NA,NA,NA,NA,Y,2,0,6,5,A,-,07,21658,A,F,B,C,A,A,H,-,A,A,0,NA,NA,NA,NA,Y,NA,D,NA,1,0,5,0,0,0,0,0,0,-,-,NA,NA,LOS ANGELES,LONG BEACH,-118.15139004,33.79712002
6731887,2014,2015-01-22,1941,2014-11-17,0754,5098,NA,1,5,7,1941,0,0,0,NA,0,NA,PACIFIC COAST HWY,LOCUST AV,0,NA,Y,A,-,Y,NA,NA,NA,NA,NA,NA,NA,NA,NA,Y,4,0,1,2,A,-,10,21950,A,N,G,B,B,A,H,-,A,D,0,Y,NA,NA,NA,Y,NA,A,NA,0,0,1,0,1,0,0,0,0,-,-,NA,NA,LOS ANGELES,LONG BEACH,-118.19107012,33.78987004
6731888,2014,2015-01-22,1941,2014-11-20,2106,6066,NA,4,5,7,1941,0,0,0,NA,0,NA,REDONDO AV,11TH ST,0,NA,Y,A,-,N,NA,NA,NA,NA,NA,NA,NA,NA,NA,N,4,0,1,2,D,-,00,NA,NA,N,D,G,A,A,H,-,C,A,0,NA,Y,NA,NA,Y,NA,-,-,0,0,1,0,0,0,1,0,0,-,-,NA,NA,LOS ANGELES,LONG BEACH,-118.15243009,33.78077012
6731891,2014,2015-01-22,9530,2014-11-28,1630,020564,NA,5,2,7,1942,0,1,3,NA,1,470,RT 47,FERRY ST,300,S,N,A,-,Y,NA,NA,47,NA,NA,NA,NA,NA,NA,Y,3,0,1,2,A,-,07,21658,A,N,B,C,A,A,H,-,B,D,0,NA,NA,Y,NA,Y,NA,C,02,0,1,0,0,0,0,0,0,1,-,-,33.74943,-118.26194,LOS ANGELES,LOS ANGELES,-118.26194777,33.74944813