CASE_ID,ACCIDENT_YEAR,PROC_DATE,JURIS,COLLISION_DATE,COLLISION_TIME,OFFICER_ID,REPORTING_DISTRICT,DAY_OF_WEEK,CHP_SHIFT,POPULATION,CNTY_CITY_LOC,SPECIAL_COND,BEAT_TYPE,CHP_BEAT_TYPE,CITY_DIVISION_LAPD,CHP_BEAT_CLASS,BEAT_NUMBER,PRIMARY_RD,SECONDARY_RD,DISTANCE,DIRECTION,INTERSECTION,WEATHER_1,WEATHER_2,STATE_HWY_IND,CALTRANS_COUNTY,CALTRANS_DISTRICT,STATE_ROUTE,ROUTE_SUFFIX,POSTMILE_PREFIX,POSTMILE,LOCATION_TYPE,RAMP_INTERSECTION,SIDE_OF_HWY,TOW_AWAY,COLLISION_SEVERITY,NUMBER_KILLED,NUMBER_INJURED,PARTY_COUNT,PRIMARY_COLL_FACTOR,PCF_CODE_OF_VIOL,PCF_VIOL_CATEGORY,PCF_VIOLATION,PCF_VIOL_SUBSECTION,HIT_AND_RUN,TYPE_OF_COLLISION,MVIW,PED_ACTION,ROAD_SURFACE,ROAD_COND_1,ROAD_COND_2,LIGHTING,CONTROL_DEVICE,CHP_ROAD_TYPE,PEDESTRIAN_ACCIDENT,BICYCLE_ACCIDENT,MOTORCYCLE_ACCIDENT,TRUCK_ACCIDENT,NOT_PRIVATE_PROPERTY,ALCOHOL_INVOLVED,STWD_VEHTYPE_AT_FAULT,CHP_VEHTYPE_AT_FAULT,COUNT_SEVERE_INJ,COUNT_VISIBLE_INJ,COUNT_COMPLAINT_PAIN,COUNT_PED_KILLED,COUNT_PED_INJURED,COUNT_BICYCLIST_KILLED,COUNT_BICYCLIST_INJURED,COUNT_MC_KILLED,COUNT_MC_INJURED,PRIMARY_RAMP,SECONDARY_RAMP,LATITUDE,LONGITUDE,COUNTY,CITY,POINT_X,POINT_Y
6732758,2014,2015-01-21,1902,2014-11-24,1504,734,26,1,5,5,1902,0,0,0,NA,0,004,DUARTE RD,OAK AV,480,E,N,A,-,N,NA,NA,NA,NA,NA,NA,NA,NA,NA,N,4,0,1,2,A,-,09,21804,NA,N,D,C,A,A,H,-,A,D,0,NA,NA,NA,NA,Y,NA,-,NA,0,0,1,0,0,0,0,0,0,-,-,NA,NA,LOS ANGELES,ARCADIA,-118.06817,34.12409
6732785,2014,2015-01-20,1913,2014-11-19,2311,3920,65,3,5,4,1913,0,0,0,NA,0,004,FOOTHILL BL,CLAREMONT BL,0,NA,Y,A,-,N,NA,NA,NA,NA,NA,NA,NA,NA,NA,Y,4,0,1,2,A,-,12,21453,A,N,D,C,A,A,H,-,C,A,0,NA,NA,NA,NA,Y,NA,A,01,0,0,1,0,0,0,0,0,0,-,-,NA,NA,LOS ANGELES,CLAREMONT,-117.70301013,34.10683007
6732789,2014,2015-01-29,1913,2014-11-07,1158,3638,29,5,5,4,1913,0,0,0,NA,0,002,COLLEGE AV,6TH ST,81,S,N,A,-,N,NA,NA,NA,NA,NA,NA,NA,NA,NA,N,4,0,1,2,A,-,-,NA,NA,N,C,C,A,A,H,-,A,D,0,NA,NA,Y,NA,Y,NA,C,02,0,0,1,0,0,0,0,0,1,-,-,NA,NA,LOS ANGELES,CLAREMONT,-117.71495,34.09942799
6732793,2014,2015-01-20,1913,2014-11-06,1409,3831,44,4,5,4,1913,0,0,0,NA,0,003,INDIAN HILL BL,SCRIPPS DR,23,N,N,A,-,N,NA,NA,NA,NA,NA,NA,NA,NA,NA,Y,3,0,1,2,A,-,08,22107,NA,N,C,E,A,A,H,-,A,D,0,NA,NA,NA,NA,Y,NA,A,01,0,1,0,0,0,0,0,0,0,-,-,NA,NA,LOS ANGELES,CLAREMONT,-117.7203164,34.11614297
6732797,2014,2015-01-20,1913,2014-11-03,1601,3845,12,1,5,4,1913,0,0,0,NA,0,001,INDIAN HILL BL,8TH ST,0,NA,Y,A,-,N,NA,NA,NA,NA,NA,NA,NA,NA,NA,N,4,0,1,2,A,-,08,22107,NA,N,D,G,A,A,H,-,A,A,0,NA,Y,NA,NA,Y,NA,A,01,0,0,1,0,0,0,1,0,0,-,-,NA,NA,LOS ANGELES,CLAREMONT,-117.72026006,34.1016001
6732804,2014,2016-05-16,9550,2014-09-21,0255,20696,NA,7,3,9,1900,0,1,1,NA,2,650,RT 605,ROSE HILLS RD,500,N,N,A,-,Y,LA,7,605,-,R,15.85,H,-,S,Y,4,0,1,1,A,-,08,22107,NA,N,E,I,A,A,H,-,C,D,1,NA,NA,NA,NA,Y,NA,A,01,0,0,1,0,0,0,0,0,0,-,-,34.02354,-118.04184,LOS ANGELES,UNINCORPORATED,-118.04886449,34.02049707
6733123,2014,2015-01-22,1953,2014-11-24,1042,7176,1042,1,5,6,1953,0,0,0,NA,0,002,LOS ROBLES AV,WASHINGTON BL,15,S,N,A,-,N,NA,NA,NA,NA,NA,NA,NA,NA,NA,N,4,0,2,2,A,-,04,21703,NA,N,C,C,A,A,H,-,A,D,0,NA,NA,NA,NA,Y,NA,D,22,0,0,2,0,0,0,0,0,0,-,-,NA,NA,LOS ANGELES,PASADENA,-118.14164,34.16888887
6733200,2014,2015-01-23,1975,2014-11-04,0856,395,NA,2,5,6,1975,0,0,0,NA,0,TRAFFI,PUENTE AV,LYALL AV,0,NA,Y,A,-,N,NA,NA,NA,NA,NA,NA,NA,NA,NA,Y,3,0,1,3,A,-,09,21802,A,N,D,C,A,A,H,-,A,D,0,NA,NA,NA,NA,Y,NA,A,01,0,1,0,0,0,0,0,0,0,-,-,NA,NA,LOS ANGELES,WEST COVINA,-117.92172004,34.08276001
6733331,2014,2015-06-30,9540,2014-11-24,0125,016130,NA,1,3,9,1900,0,1,1,NA,2,510,RT 5,TEMPLIN HWY,3,N,N,A,-,Y,NA,NA,5,NA,NA,NA,NA,NA,NA,Y,4,0,1,2,A,-,03,22350,NA,N,E,C,A,-,H,-,D,D,0,NA,NA,NA,NA,Y,NA,A,01,0,0,1,0,0,0,0,0,0,-,-,34.60854,-118.71175,LOS ANGELES,UNINCORPORATED,-118.71178786,34.60854009
6733443,2014,2015-07-10,1975,2014-11-02,1712,354,NA,7,5,6,1975,0,0,0,NA,0,002,WORKMAN AV,CITRUS AV,173,W,N,A,-,N,NA,NA,NA,NA,NA,NA,NA,NA,NA,Y,4,0,2,2,A,-,09,21801,A,N,D,C,A,A,H,-,C,D,0,NA,NA,NA,NA,Y,NA,-,NA,0,0,2,0,0,0,0,0,0,-,-,NA,NA,LOS ANGELES,WEST COVINA,-117.89073984,34.07534863
6733527,2014,2015-01-16,1900,2014-11-16,2318,523660,1517,7,5,5,1954,0,0,0,NA,0,15IT3E,SLAUSON AV,SERAPIS AV,0,NA,Y,A,-,N,NA,NA,NA,NA,NA,NA,NA,NA,NA,Y,4,0,2,2,A,-,12,21453,A,N,D,C,A,A,H,-,C,A,0,NA,NA,NA,NA,Y,NA,A,01,0,0,2,0,0,0,0,0,0,-,-,NA,NA,LOS ANGELES,PICO RIVERA,-118.10098012,33.9696801
6733535,2014,2015-01-16,1902,2014-11-28,2226,685,21,5,5,5,1902,0,0,0,NA,0,004,HUNTINGTON DR,BALDWIN AV,0,NA,Y,A,-,N,NA,NA,NA,NA,NA,NA,NA,NA,NA,N,4,0,1,2,A,-,03,22350,NA,M,C,C,A,A,H,-,C,A,0,NA,NA,NA,NA,Y,NA,A,01,0,0,1,0,0,0,0,0,0,-,-,NA,NA,LOS ANGELES,ARCADIA,-118.05460009,34.13157012
6733539,2014,2015-01-16,1902,2014-11-29,1323,631,35,6,5,5,1902,0,0,0,NA,0,005,BALDWIN AV,LAS TUNAS AV,0,NA,Y,A,-,N,NA,NA,NA,NA,NA,NA,NA,NA,NA,Y,4,0,1,2,A,-,08,22107,NA,N,B,C,A,A,H,-,A,A,0,NA,NA,NA,NA,Y,NA,-,NA,0,0,1,0,0,0,0,0,0,-,-,NA,NA,LOS ANGELES,ARCADIA,-118.05231006,34.1077201
6733543,2014,2015-01-16,1902,2014-11-25,1902,659,23,2,5,5,1902,0,0,0,NA,0,002,SANTA ANITA AV,LE ROY AV,0,NA,Y,A,-,N,NA,NA,NA,NA,NA,NA,NA,NA,NA,Y,4,0,2,2,A,-,09,21801,A,N,D,C,A,A,H,-,D,D,0,NA,NA,NA,NA,Y,NA,-,NA,0,0,2,0,0,0,0,0,0,-,-,NA,NA,LOS ANGELES,ARCADIA,-118.03122001,34.1251901
6733547,2014,2015-01-16,1902,2014-11-26,0702,728,11,3,5,5,1902,0,0,0,NA,0,001,SANTA ANITA AV,RT 210,0,NA,Y,A,-,Y,NA,NA,NA,NA,NA,NA,NA,NA,NA,Y,4,0,1,2,A,-,12,21453,A,N,B,C,A,A,H,-,A,A,0,NA,NA,NA,NA,Y,NA,-,NA,0,0,1,0,0,0,0,0,0,-,-,NA,NA,LOS ANGELES,ARCADIA,-118.0316601,34.14795007
6733551,2014,2015-01-16,1902,2014-11-25,1223,728,14,2,5,5,1902,0,0,0,NA,0,002,SANTA ANITA AV,HUNTINGTON DR,36,S,N,A,-,N,NA,NA,NA,NA,NA,NA,NA,NA,NA,N,4,0,2,3,A,-,21,22106,NA,N,C,C,A,A,H,-,A,A,0,NA,NA,NA,NA,Y,NA,-,NA,0,0,2,0,0,0,0,0,0,-,-,NA,NA,LOS ANGELES,ARCADIA,-118.03151,34.14004
6733603,2014,2016-02-18,1953,2014-11-26,1458,0311,1953,3,5,6,1953,0,0,0,NA,0,001,CALIFORNIA BL,EL MOLINO AV,0,NA,Y,A,-,N,NA,NA,NA,NA,NA,NA,NA,NA,NA,Y,4,0,2,2,A,-,09,21801,A,N,A,C,A,A,H,-,A,A,0,NA,NA,NA,NA,Y,NA,D,22,0,0,2,0,0,0,0,0,0,-,-,NA,NA,LOS ANGELES,PASADENA,-118.13683002,34.13587003
6733604,2014,2015-01-20,1975,2014-11-08,0137,371,NA,6,5,6,1975,0,0,0,NA,0,002,WORKMAN AV,PHILLIPS,176,W,N,A,-,N,NA,NA,NA,NA,NA,NA,NA,NA,NA,Y,4,0,1,6,A,-,01,23152,A,N,B,E,A,A,H,-,C,D,0,NA,NA,NA,NA,Y,Y,-,NA,0,0,1,0,0,0,0,0,0,-,-,NA,NA,LOS ANGELES,WEST COVINA,-117.90564981,34.07546448
6733608,2014,2015-01-16,1975,2014-11-01,1910,402,NA,6,5,6,1975,0,0,0,NA,0,003,SUNSET AV,MERCED AV,0,NA,Y,B,-,N,NA,NA,NA,NA,NA,NA,NA,NA,NA,Y,4,0,1,2,A,-,09,21801,A,N,D,C,A,A,H,-,C,A,0,NA,NA,NA,NA,Y,NA,-,NA,0,0,1,0,0,0,0,0,0,-,-,NA,NA,LOS ANGELES,WEST COVINA,-117.94612011,34.06132006
6733612,2014,2016-02-18,1975,2014-11-07,1308,975,NA,5,5,6,1975,0,0,0,NA,0,001,ROWLAND AV,AZUSA AV,315,W,N,A,-,N,NA,NA,NA,NA,NA,NA,NA,NA,NA,N,4,0,1,2,A,-,09,21804,A,N,D,C,A,A,H,-,A,D,0,NA,NA,NA,NA,Y,NA,-,NA,0,0,1,0,0,0,0,0,0,-,-,NA,NA,LOS ANGELES,WEST COVINA,-117.90883769,34.0792
6733616,2014,2015-01-20,1975,2014-11-12,1838,315,CITRU,3,5,6,1975,0,0,0,NA,0,003,W MERCED AV,W MERCED AV 1112,0,NA,Y,A,-,N,NA,NA,NA,NA,NA,NA,NA,NA,NA,N,3,0,1,2,A,-,10,21952,NA,N,G,B,F,A,H,-,C,D,0,Y,NA,NA,NA,Y,Y,-,NA,0,1,0,0,1,0,0,0,0,-,-,NA,NA,LOS ANGELES,WEST COVINA,-117.94304700000001,34.059053
6733620,2014,2015-01-20,1975,2014-11-12,0640,349,NA,3,5,6,1975,0,0,0,NA,0,003,MERCED,SUNSET,0,NA,Y,B,-,N,NA,NA,NA,NA,NA,NA,NA,NA,NA,N,4,0,1,2,A,-,08,22107,NA,N,-,G,A,A,H,-,A,A,0,NA,Y,NA,NA,Y,NA,-,NA,0,0,1,0,0,0,1,0,0,-,-,NA,NA,LOS ANGELES,WEST COVINA,-117.94612011,34.06132006
6733624,2014,2016-02-18,1975,2014-11-01,0749,423,NA,6,5,6,1975,0,0,0,NA,0,001,PACIFIC AV,BROMLEY AV,0,NA,Y,B,C,N,NA,NA,NA,NA,NA,NA,NA,NA,NA,NA,4,0,1,2,A,-,12,21453,A,N,D,C,A,B,H,-,A,A,0,NA,NA,NA,NA,Y,NA,-,NA,0,0,1,0,0,0,0,0,0,-,-,NA,NA,LOS ANGELES,WEST COVINA,-117.9483601,34.0763201
6733628,2014,2016-02-17,1975,2014-11-05,1731,314,NA,3,5,6,1975,0,0,0,NA,0,002,AZUSA AV,MERCED AV,150,S,N,A,-,N,NA,NA,NA,NA,NA,NA,NA,NA,NA,N,4,0,1,3,A,-,03,22350,NA,N,C,C,A,A,H,-,C,A,0,NA,NA,NA,NA,Y,NA,-,NA,0,0,1,0,0,0,0,0,0,-,-,NA,NA,LOS ANGELES,WEST COVINA,-117.90804,34.05343878
6733632,2014,2015-01-20,1975,2014-11-06,0923,343,NA,4,5,6,1975,0,0,0,NA,0,001,BADILLO ST,LAKE ELLEN AV,0,NA,Y,A,-,N,NA,NA,NA,NA,NA,NA,NA,NA,NA,Y,3,0,4,3,A,-,12,21453,A,N,D,C,A,A,H,-,A,A,0,NA,NA,NA,NA,Y,NA,-,NA,0,1,3,0,0,0,0,0,0,-,-,NA,NA,LOS ANGELES,WEST COVINA,-117.9166001,34.08652008
6733636,2014,2015-01-20,1975,2014-11-08,1501,422,NA,6,5,6,1975,0,0,0,NA,0,005,AZUSA AV,THE HEIGHTS,7,S,N,A,-,N,NA,NA,NA,NA,NA,NA,NA,NA,NA,Y,3,0,1,2,A,-,07,21658,A,F,E,I,A,A,H,-,A,A,0,NA,NA,NA,NA,Y,NA,-,NA,0,1,0,0,0,0,0,0,0,-,-,NA,NA,LOS ANGELES,WEST COVINA,-117.91306,34.03571081
6733640,2014,2015-01-20,1953,2014-11-28,1831,1314,1953,5,5,6,1953,0,0,0,NA,0,003,CORSON ST,CRAIG AV,0,NA,Y,A,-,N,NA,NA,NA,NA,NA,NA,NA,NA,NA,Y,3,0,3,2,A,-,12,21453,A,N,D,C,A,A,H,-,A,A,0,NA,NA,NA,NA,Y,NA,A,07,0,2,1,0,0,0,0,0,0,-,-,NA,NA,LOS ANGELES,PASADENA,-118.1062601,34.15192002
6733668,2014,2015-01-20,1975,2014-11-13,1546,414,NA,4,5,6,1975,0,0,0,NA,0,005,AMAR,OFFICER CHILES,300,E,N,B,-,N,NA,NA,NA,NA,NA,NA,NA,NA,NA,Y,4,0,1,3,A,-,03,22350,NA,N,-,C,A,A,-,-,A,D,0,NA,NA,NA,NA,Y,NA,-,NA,0,0,1,0,0,0,0,0,0,-,-,NA,NA,LOS ANGELES,WEST COVINA,-117.912389,34.030143
6733671,2014,2015-01-16,1975,2014-11-02,1844,354,NA,7,5,6,1975,0,0,0,NA,0,003,WEST COVINA PKWY,SOUTH GARVEY AV,93,S,N,A,-,N,NA,NA,NA,NA,NA,NA,NA,NA,NA,Y,3,0,3,3,A,-,07,21658,A,N,B,C,A,A,H,-,C,D,0,NA,NA,NA,NA,Y,NA,-,NA,0,1,2,0,0,0,0,0,0,-,-,NA,NA,LOS ANGELES,WEST COVINA,-117.94171523,34.07155674
6733672,2014,2015-01-20,1975,2014-11-01,0022,399,NA,6,5,6,1975,0,0,0,NA,0,004,E MERCED AV,CRAIG DR,159,E,N,A,-,N,NA,NA,NA,NA,NA,NA,NA,NA,NA,Y,4,0,1,1,A,-,03,22350,NA,N,E,I,A,B,H,-,-,D,0,NA,NA,NA,NA,Y,NA,-,NA,0,0,1,0,0,0,0,0,0,-,-,NA,NA,LOS ANGELES,WEST COVINA,-117.93088631,34.05404673
6733675,2014,2015-01-16,1975,2014-11-02,1233,344,NA,7,5,6,1975,0,0,0,NA,0,003,VINCENT AV,PLAZA DR,0,NA,Y,A,-,N,NA,NA,NA,NA,NA,NA,NA,NA,NA,Y,4,0,2,4,A,-,03,22350,NA,N,C,C,A,A,H,-,A,A,0,NA,NA,NA,NA,Y,NA,-,NA,0,0,2,0,0,0,0,0,0,-,-,NA,NA,LOS ANGELES,WEST COVINA,-117.92690011,34.06972002
6733676,2014,2015-01-20,1975,2014-11-06,0631,353,NA,4,5,6,1975,0,0,0,NA,0,003,SUNSET AV,ROSEWAY AV,177,N,N,A,-,N,NA,NA,NA,NA,NA,NA,NA,NA,NA,N,3,0,1,2,A,-,10,21952,NA,N,D,B,F,A,H,-,B,D,0,Y,NA,NA,NA,Y,NA,-,NA,0,1,0,0,1,0,0,0,0,-,-,NA,NA,LOS ANGELES,WEST COVINA,-117.94203768,34.06526639
6733679,2014,2015-01-16,1975,2014-11-01,0658,427,NA,6,5,6,1975,0,0,0,NA,0,NA,AZUSA AV,RT 10,0,NA,Y,B,C,Y,NA,NA,NA,NA,NA,NA,NA,NA,NA,Y,4,0,3,2,A,-,03,22350,NA,N,C,C,A,A,D,-,A,A,0,NA,NA,NA,NA,Y,NA,-,NA,0,0,3,0,0,0,0,0,0,-,WF,NA,NA,LOS ANGELES,WEST COVINA,-117.90774007,34.07224005
6733680,2014,2015-01-20,1975,2014-11-14,1712,353,NA,5,5,6,1975,0,0,0,NA,0,004,VALINDA AV,CAMERON AV,0,NA,Y,A,-,N,NA,NA,NA,NA,NA,NA,NA,NA,NA,Y,3,0,2,3,A,-,09,21801,A,N,D,C,A,A,H,-,C,A,0,NA,NA,NA,NA,Y,NA,-,NA,0,2,0,0,0,0,0,0,0,-,-,NA,NA,LOS ANGELES,WEST COVINA,-117.92545011,34.06125004
6733681,2014,2014-12-31,1975,2014-11-20,0852,343,NA,4,5,6,1975,0,0,0,NA,0,004,N SUNSET AV,W BADILLO ST,0,NA,Y,A,-,N,NA,NA,NA,NA,NA,NA,NA,NA,NA,Y,4,0,2,2,A,-,12,21453,A,N,-,C,A,A,H,-,A,A,0,NA,NA,NA,NA,Y,NA,-,NA,0,0,2,0,0,0,0,0,0,-,-,NA,NA,LOS ANGELES,WEST COVINA,-117.93423008,34.08670009
6733685,2014,2016-02-17,1975,2014-11-21,0828,975,NA,5,5,6,1975,0,0,0,NA,0,004,AZUSA AV,STUART AV,190,S,N,A,-,N,NA,NA,NA,NA,NA,NA,NA,NA,NA,Y,4,0,1,3,A,-,03,22350,NA,N,C,C,A,B,H,-,A,D,0,NA,NA,NA,NA,Y,NA,-,NA,0,0,1,0,0,0,0,0,0,-,-,NA,NA,LOS ANGELES,WEST COVINA,-117.90784128,34.06823913
6733689,2014,2014-12-31,1975,2014-11-21,1333,671,NA,5,5,6,1975,0,0,0,NA,0,001,AZUSA AV,ROWLAND AV,300,N,N,A,-,N,NA,NA,NA,NA,NA,NA,NA,NA,NA,N,4,0,2,2,A,-,03,22350,NA,N,C,C,A,A,H,-,A,A,0,NA,NA,NA,NA,Y,NA,-,NA,0,0,2,0,0,0,0,0,0,-,-,NA,NA,LOS ANGELES,WEST COVINA,-117.90780894,34.08001237
6733693,2014,2015-01-12,1975,2014-11-17,1726,314,NA,1,5,6,1975,0,0,0,NA,0,002,WORKMAN AV,BARRANCA AV,220,W,N,A,-,N,NA,NA,NA,NA,NA,NA,NA,NA,NA,Y,4,0,2,2,A,-,08,22107,NA,N,D,C,A,A,H,-,C,D,0,NA,NA,NA,NA,Y,NA,-,NA,0,0,2,0,0,0,0,0,0,-,-,NA,NA,LOS ANGELES,WEST COVINA,-117.88201477,34.07527
6733696,2014,2015-01-23,1900,2014-11-25,0133,527696,0251,2,5,4,1945,0,0,0,NA,0,2BT,SLAUSON AV,MAYFLOWER AV,15,E,N,A,-,N,NA,NA,NA,NA,NA,NA,NA,NA,NA,Y,3,0,1,1,A,-,01,23152,A,M,E,I,A,A,H,-,C,A,0,NA,NA,NA,NA,Y,Y,D,22,0,1,0,0,0,0,0,0,0,-,-,NA,NA,LOS ANGELES,MAYWOOD,-118.18108091,33.98669554
6733697,2014,2015-01-12,1975,2014-11-16,1648,354,NA,7,5,6,1975,0,0,0,NA,0,003,WEST COVINA PKWY,VINCENT AV,0,W,N,A,-,N,NA,NA,NA,NA,NA,NA,NA,NA,NA,N,4,0,1,3,A,-,03,22350,NA,N,C,C,A,A,H,-,A,A,0,NA,NA,NA,NA,Y,NA,-,NA,0,0,1,0,0,0,0,0,0,-,-,NA,NA,LOS ANGELES,WEST COVINA,-117.92710004,34.06778011
6733700,2014,2015-01-23,1900,2014-11-07,1830,533011,0244,5,5,3,1914,0,0,0,NA,0,27T,WASHINGTON BL,FITZGERALD AV,0,NA,Y,A,-,N,NA,NA,NA,NA,NA,NA,NA,NA,NA,N,4,0,1,2,D,-,00,NA,NA,N,G,B,B,A,H,-,D,D,0,Y,NA,NA,NA,Y,Y,-,-,0,0,1,0,1,0,0,0,0,-,-,NA,NA,LOS ANGELES,COMMERCE,-118.16121003,34.00079007
6733701,2014,2015-01-12,1953,2014-11-22,0922,1314,1953,6,5,6,1953,0,0,0,NA,0,002,LOS ROBLES AV,ORANGE GROVE BL,0,NA,Y,A,-,N,NA,NA,NA,NA,NA,NA,NA,NA,NA,Y,3,0,2,2,A,-,05,21650,NA,F,A,C,A,A,H,-,A,A,0,NA,NA,NA,NA,Y,Y,A,01,0,1,1,0,0,0,0,0,0,-,-,NA,NA,LOS ANGELES,PASADENA,-118.14154001,34.15782009
6733705,2014,2015-01-12,1953,2014-11-22,1227,0211,1953,6,5,6,1953,0,0,0,NA,0,002,FAIR OAKS AV,WASHINGTON BL,0,NA,Y,A,-,N,NA,NA,NA,NA,NA,NA,NA,NA,NA,N,4,0,1,3,A,-,09,21801,A,F,D,C,A,A,H,-,A,A,0,NA,NA,NA,NA,Y,NA,A,01,0,0,1,0,0,0,0,0,0,-,-,NA,NA,LOS ANGELES,PASADENA,-118.15069003,34.16883005
6733708,2014,2015-01-23,1900,2014-11-16,0827,523831,0246,7,5,3,1914,0,0,0,NA,0,267,EASTERN AV,RANDOLPH ST,0,NA,Y,A,-,N,NA,NA,NA,NA,NA,NA,NA,NA,NA,Y,3,0,1,2,A,-,12,21453,A,N,D,C,A,A,H,-,A,A,0,NA,NA,NA,NA,Y,NA,D,22,0,1,0,0,0,0,0,0,0,-,-,NA,NA,LOS ANGELES,COMMERCE,-118.16316005,33.97937006
6733709,2014,2015-01-12,1953,2014-11-22,2247,4728,NA,6,5,6,1953,0,0,0,NA,0,005,RAYMOND AV,CORSON ST,0,NA,Y,A,-,N,NA,NA,NA,NA,NA,NA,NA,NA,NA,N,3,0,1,2,A,-,09,21802,A,F,D,G,A,A,H,-,C,A,0,NA,Y,NA,NA,Y,NA,A,08,0,1,0,0,0,0,1,0,0,-,-,NA,NA,LOS ANGELES,PASADENA,-118.14891013,34.15122004
6733713,2014,2014-12-31,1975,2014-11-16,1555,672,1975,7,5,6,1975,0,0,0,NA,0,004,E MERCED AV,E MERCED AV 1735,0,NA,N,A,-,N,NA,NA,NA,NA,NA,NA,NA,NA,NA,Y,4,0,1,2,A,-,08,22103,NA,N,D,C,A,A,H,-,A,D,0,NA,NA,NA,NA,Y,NA,-,NA,0,0,1,0,0,0,0,0,0,-,-,NA,NA,LOS ANGELES,WEST COVINA,-117.908801,34.053846
6733714,2014,2014-12-31,1953,2014-11-28,1546,5418,PASAD,5,5,6,1953,0,0,0,NA,0,004,SIERRA MADRE VILLA,RT 210,0,NA,Y,A,-,N,NA,NA,NA,NA,NA,NA,NA,NA,NA,N,3,0,1,2,A,-,05,21650,1,N,D,G,A,A,H,-,A,A,0,NA,Y,NA,NA,Y,NA,L,04,0,1,0,0,0,0,1,0,0,-,EF,NA,NA,LOS ANGELES,PASADENA,-118.08217006,34.14793009
6733717,2014,2014-12-31,1975,2014-11-21,0746,975,NA,5,5,6,1975,0,0,0,NA,0,003,SUNSET AV,FAIRGROVE AV,68,N,N,A,-,N,NA,NA,NA,NA,NA,NA,NA,NA,NA,N,4,0,2,2,A,-,03,22350,NA,N,C,C,A,B,H,-,A,A,0,NA,NA,NA,NA,Y,NA,-,NA,0,0,2,0,0,0,0,0,0,-,-,NA,NA,LOS ANGELES,WEST COVINA,-117.95899423,34.04932739
6733718,2014,2014-12-31,1953,2014-11-28,1745,5416,PASAD,5,5,6,1953,0,0,0,NA,0,004,E COLORADO BL,E COLORADO BL 2655,0,NA,N,A,-,N,NA,NA,NA,NA,NA,NA,NA,NA,NA,Y,3,0,1,3,A,-,03,22350,NA,N,C,E,A,A,H,-,D,D,0,NA,NA,NA,NA,Y,Y,A,01,0,1,0,0,0,0,0,0,0,-,-,NA,NA,LOS ANGELES,PASADENA,-118.095672,34.146116
6733721,2014,2014-12-31,1975,2014-11-26,0651,975,NA,3,5,6,1975,0,0,0,NA,0,002,PUENTE AV,HYACINTH AV,0,NA,Y,A,-,N,NA,NA,NA,NA,NA,NA,NA,NA,NA,N,4,0,1,2,A,-,07,21658,A,N,B,C,A,A,H,-,A,D,0,NA,NA,NA,NA,Y,NA,-,NA,0,0,1,0,0,0,0,0,0,-,-,NA,NA,LOS ANGELES,WEST COVINA,-117.91491008,34.08281011
6733722,2014,2014-12-31,1953,2014-11-28,2221,5651,1953,5,5,6,1953,0,0,0,NA,0,004,DEL MAR BL,SAN GABRIEL BL,0,NA,Y,A,-,N,NA,NA,NA,NA,NA,NA,NA,NA,NA,Y,4,0,5,2,A,-,12,21453,A,N,D,C,A,A,H,-,C,A,0,NA,NA,NA,NA,Y,NA,A,01,0,0,5,0,0,0,0,0,0,-,-,NA,NA,LOS ANGELES,PASADENA,-118.0946201,34.14213001
6733725,2014,2014-12-31,1975,2014-11-25,0733,353,NA,2,5,6,1975,0,0,0,NA,0,001,VINCENT AV,PUENTE AV,71,S,N,A,-,N,NA,NA,NA,NA,NA,NA,NA,NA,NA,Y,3,0,2,2,A,-,03,22350,NA,N,C,C,A,A,H,-,A,D,0,NA,NA,NA,NA,Y,NA,-,NA,0,1,1,0,0,0,0,0,0,-,-,NA,NA,LOS ANGELES,WEST COVINA,-117.92570765,34.08256591
6733726,2014,2015-01-12,1953,2014-11-30,0954,1003,1953,7,5,6,1953,0,0,0,NA,0,001,FAIR OAKS AV,CALIFORNIA BL,0,NA,Y,C,-,N,NA,NA,NA,NA,NA,NA,NA,NA,NA,Y,4,0,3,5,A,-,12,21453,A,N,-,C,A,B,H,-,A,A,0,NA,NA,NA,NA,Y,NA,A,07,0,0,3,0,0,0,0,0,0,-,-,NA,NA,LOS ANGELES,PASADENA,-118.15039009,34.13579008
6733729,2014,2014-12-31,1975,2014-11-23,1202,344,NA,7,5,6,1975,0,0,0,NA,0,002,GRAND AV,RT 10,0,NA,Y,A,-,N,NA,NA,NA,NA,NA,NA,NA,NA,NA,Y,4,0,1,2,D,-,00,NA,NA,N,D,C,A,A,H,-,A,A,0,NA,NA,NA,NA,Y,NA,-,-,0,0,1,0,0,0,0,0,0,-,WF,NA,NA,LOS ANGELES,WEST COVINA,-117.87246001,34.07190011
6733730,2014,2014-12-31,1953,2014-11-30,1308,7176,1953,7,5,6,1953,0,0,0,NA,0,002,LAKE AV,WASHINGTON BL,0,NA,Y,C,-,N,NA,NA,NA,NA,NA,NA,NA,NA,NA,Y,4,0,3,2,A,-,12,21453,A,N,D,C,A,B,H,-,A,-,0,NA,NA,NA,NA,Y,NA,A,01,0,0,3,0,0,0,0,0,0,-,-,NA,NA,LOS ANGELES,PASADENA,-118.13225001,34.16898009
6733731,2014,2015-01-29,1900,2014-12-04,1728,263565,1122,4,5,6,1992,0,0,0,NA,0,112T1,MILLING ST,DIVISION ST,0,NA,Y,A,-,N,NA,NA,NA,NA,NA,NA,NA,NA,NA,Y,4,0,3,3,A,-,01,23152,A,N,D,C,A,A,H,-,C,A,0,NA,NA,NA,NA,Y,Y,A,08,0,0,3,0,0,0,0,0,0,-,-,NA,NA,LOS ANGELES,LANCASTER,-118.1304201,34.69667001