CASE_ID,ACCIDENT_YEAR,PROC_DATE,JURIS,COLLISION_DATE,COLLISION_TIME,OFFICER_ID,REPORTING_DISTRICT,DAY_OF_WEEK,CHP_SHIFT,POPULATION,CNTY_CITY_LOC,SPECIAL_COND,BEAT_TYPE,CHP_BEAT_TYPE,CITY_DIVISION_LAPD,CHP_BEAT_CLASS,BEAT_NUMBER,PRIMARY_RD,SECONDARY_RD,DISTANCE,DIRECTION,INTERSECTION,WEATHER_1,WEATHER_2,STATE_HWY_IND,CALTRANS_COUNTY,CALTRANS_DISTRICT,STATE_ROUTE,ROUTE_SUFFIX,POSTMILE_PREFIX,POSTMILE,LOCATION_TYPE,RAMP_INTERSECTION,SIDE_OF_HWY,TOW_AWAY,COLLISION_SEVERITY,NUMBER_KILLED,NUMBER_INJURED,PARTY_COUNT,PRIMARY_COLL_FACTOR,PCF_CODE_OF_VIOL,PCF_VIOL_CATEGORY,PCF_VIOLATION,PCF_VIOL_SUBSECTION,HIT_AND_RUN,TYPE_OF_COLLISION,MVIW,PED_ACTION,ROAD_SURFACE,ROAD_COND_1,ROAD_COND_2,LIGHTING,CONTROL_DEVICE,CHP_ROAD_TYPE,PEDESTRIAN_ACCIDENT,BICYCLE_ACCIDENT,MOTORCYCLE_ACCIDENT,TRUCK_ACCIDENT,NOT_PRIVATE_PROPERTY,ALCOHOL_INVOLVED,STWD_VEHTYPE_AT_FAULT,CHP_VEHTYPE_AT_FAULT,COUNT_SEVERE_INJ,COUNT_VISIBLE_INJ,COUNT_COMPLAINT_PAIN,COUNT_PED_KILLED,COUNT_PED_INJURED,COUNT_BICYCLIST_KILLED,COUNT_BICYCLIST_INJURED,COUNT_MC_KILLED,COUNT_MC_INJURED,PRIMARY_RAMP,SECONDARY_RAMP,LATITUDE,LONGITUDE,COUNTY,CITY,POINT_X,POINT_Y
6739409,2014,2015-01-22,1942,2014-11-30,1500,39049,1351,7,5,7,1942,0,0,0,M,0,1T24,MARTIN LUTHER KING BL,BROADWAY PL,50,E,N,C,-,N,NA,NA,NA,NA,NA,NA,NA,NA,NA,N,3,0,1,2,A,-,08,22100,5,N,D,C,A,B,H,-,A,D,0,NA,NA,NA,NA,Y,NA,A,01,0,1,0,0,0,0,0,0,0,-,-,NA,NA,LOS ANGELES,LOS ANGELES,-118.27724536,34.01113226
6739410,2014,2015-01-20,1900,2014-11-19,1040,540658,1126,3,5,6,1992,0,0,0,NA,0,112T1,MOTOR LN,DRIVERS WY,74,W,N,A,-,N,NA,NA,NA,NA,NA,NA,NA,NA,NA,Y,4,0,1,2,A,-,05,21651,A,N,C,C,A,A,H,-,A,D,0,NA,NA,NA,NA,Y,NA,A,08,0,0,1,0,0,0,0,0,0,-,-,NA,NA,LOS ANGELES,LANCASTER,-118.14978558,34.6688681
6739413,2014,2015-01-21,1942,2014-11-29,1650,34458,1321,6,5,7,1942,0,0,0,M,0,4TL4,FLOWER ST,23RD ST,0,NA,Y,A,-,N,NA,NA,NA,NA,NA,NA,NA,NA,NA,Y,4,0,1,2,A,-,12,21453,A,N,D,C,A,A,H,-,C,A,0,NA,NA,NA,NA,Y,NA,A,01,0,0,1,0,0,0,0,0,0,-,-,NA,NA,LOS ANGELES,LOS ANGELES,-118.27300005,34.03015006
6739414,2014,2015-01-20,1900,2014-11-06,1500,531566,NA,4,5,6,1992,0,0,0,NA,0,112T1,10TH ST WEST,JACKMAN ST,420,N,N,A,-,N,NA,NA,NA,NA,NA,NA,NA,NA,NA,N,3,0,1,2,A,-,11,21954,A,M,A,B,D,A,H,-,A,D,0,Y,NA,NA,NA,Y,NA,N,60,0,1,0,0,1,0,0,0,0,-,-,NA,NA,LOS ANGELES,LANCASTER,-118.14811582,34.70196154
6739417,2014,2015-01-21,1942,2014-11-28,1830,34458,1395,5,5,7,1942,0,0,0,M,0,4TL4,64TH ST,SAN PEDRO ST,10,E,N,A,-,N,NA,NA,NA,NA,NA,NA,NA,NA,NA,N,4,0,1,2,A,-,09,21801,A,F,G,B,B,A,H,-,C,D,0,Y,NA,NA,NA,Y,NA,-,99,0,0,1,0,1,0,0,0,0,-,-,NA,NA,LOS ANGELES,LOS ANGELES,-118.26954708,33.98152
6739418,2014,2015-01-20,1900,2014-11-20,1730,527065,1127,4,5,6,1992,0,0,0,NA,0,111T1,AVENUE I,20TH ST WEST,41,E,N,A,-,N,NA,NA,NA,NA,NA,NA,NA,NA,NA,N,4,0,2,2,A,-,21,22106,NA,N,C,C,A,A,H,-,C,A,0,NA,NA,NA,NA,Y,NA,A,01,0,0,2,0,0,0,0,0,0,-,-,NA,NA,LOS ANGELES,LANCASTER,-118.16583388,34.70404872
6739421,2014,2015-01-21,1942,2014-11-24,1055,38399,1341,1,5,7,1942,0,0,0,M,0,1T11,BROADWAY AV,MARTIN LUTHER KING BL,0,NA,Y,A,-,N,NA,NA,NA,NA,NA,NA,NA,NA,NA,N,3,0,2,3,A,-,09,21801,A,F,B,C,B,A,H,-,A,A,0,Y,NA,NA,NA,Y,NA,A,01,0,1,1,0,1,0,0,0,0,-,-,NA,NA,LOS ANGELES,LOS ANGELES,-118.27741004,34.01113004
6739422,2014,2015-01-20,1900,2014-11-18,2050,263565,1127,2,5,6,1992,0,0,0,NA,0,112T1,AVENUE J,25TH ST WEST,0,NA,Y,A,-,N,NA,NA,NA,NA,NA,NA,NA,NA,NA,Y,4,0,2,2,A,-,12,21453,A,N,D,C,A,A,H,-,C,A,0,NA,NA,NA,NA,Y,NA,A,07,0,0,2,0,0,0,0,0,0,-,-,NA,NA,LOS ANGELES,LANCASTER,-118.1747601,34.68941008
6739425,2014,2015-01-23,1942,2014-11-27,0730,40008,1313,4,5,7,1942,0,0,0,M,0,13TL55,EAST WASHINGTON BL,S SAN PEDRO ST,0,NA,Y,A,-,N,NA,NA,NA,NA,NA,NA,NA,NA,NA,N,4,0,1,2,A,-,12,21453,A,F,D,C,A,A,H,-,A,A,0,NA,NA,NA,NA,Y,NA,-,-,0,0,1,0,0,0,0,0,0,-,-,NA,NA,LOS ANGELES,LOS ANGELES,-118.25745011,34.02762011
6739426,2014,2015-01-20,1900,2014-11-19,1730,263565,1132,3,5,6,1992,0,0,0,NA,0,112T1,AVENUE J,DIVISION ST,339,E,N,A,-,N,NA,NA,NA,NA,NA,NA,NA,NA,NA,N,4,0,1,2,A,-,03,22350,NA,N,C,C,A,A,H,-,C,D,0,NA,NA,NA,NA,Y,NA,A,07,0,0,1,0,0,0,0,0,0,-,-,NA,NA,LOS ANGELES,LANCASTER,-118.13037,34.68948
6739430,2014,2015-01-20,1900,2014-11-22,2011,263565,1121,6,5,6,1992,0,0,0,NA,0,112T1,20TH ST WEST,AVENUE H-4,0,NA,Y,A,-,N,NA,NA,NA,NA,NA,NA,NA,NA,NA,Y,4,0,2,3,A,-,09,21801,A,N,D,C,A,A,H,-,C,A,0,NA,NA,NA,NA,Y,NA,A,01,0,0,2,0,0,0,0,0,0,-,-,NA,NA,LOS ANGELES,LANCASTER,-118.16610004,34.71478012
6739434,2014,2015-01-20,1900,2014-11-23,0530,531566,1127,7,5,6,1992,0,0,0,NA,0,112T1,AVENUE K-4,DIVISION ST,187,E,N,A,-,N,NA,NA,NA,NA,NA,NA,NA,NA,NA,N,2,0,1,1,A,-,08,22107,NA,N,E,I,A,A,H,-,C,D,0,NA,NA,NA,NA,Y,NA,A,01,1,0,0,0,0,0,0,0,0,-,-,NA,NA,LOS ANGELES,LANCASTER,-118.12954942,34.67127557
6739438,2014,2015-01-20,1900,2014-11-26,0945,529699,1137,3,5,6,1992,0,0,0,NA,0,111T2,20TH ST E,AVENUE J,365,S,N,A,-,N,NA,NA,NA,NA,NA,NA,NA,NA,NA,Y,4,0,1,2,A,-,09,21804,A,N,D,C,A,A,H,-,A,D,0,NA,NA,NA,NA,Y,NA,A,01,0,0,1,0,0,0,0,0,0,-,-,NA,NA,LOS ANGELES,LANCASTER,-118.09477,34.68862934
6739442,2014,2015-01-22,1900,2014-11-13,1141,531566,1135,4,5,6,1992,0,0,0,NA,0,112T1,AVENUE J,17TH ST EAST,0,NA,Y,A,-,N,NA,NA,NA,NA,NA,NA,NA,NA,NA,Y,3,0,1,2,A,-,12,21453,A,N,D,C,A,A,D,-,A,A,0,NA,NA,NA,NA,Y,NA,A,01,0,1,0,0,0,0,0,0,0,-,-,NA,NA,LOS ANGELES,LANCASTER,-118.09921003,34.6895901
6739446,2014,2015-01-21,1900,2014-11-22,1215,531566,1134,6,5,6,1992,0,0,0,NA,0,112T1,4TH ST EAST,AVENUE L-4,0,NA,Y,A,-,N,NA,NA,NA,NA,NA,NA,NA,NA,NA,N,4,0,2,2,A,-,04,21703,NA,N,C,C,A,A,H,-,A,D,0,NA,NA,NA,NA,Y,NA,A,01,0,0,2,0,0,0,0,0,0,-,-,NA,NA,LOS ANGELES,LANCASTER,-118.12338002,34.65671009
6739450,2014,2015-02-19,1900,2014-11-23,1355,531566,1126,7,5,6,1992,0,0,0,NA,0,112T1,AVENUE J,10TH ST WEST,160,W,N,A,-,N,NA,NA,NA,NA,NA,NA,NA,NA,NA,N,4,0,2,2,A,-,03,22350,NA,N,C,C,A,A,H,-,A,A,0,NA,NA,NA,NA,Y,NA,A,01,0,0,2,0,0,0,0,0,0,-,-,NA,NA,LOS ANGELES,LANCASTER,-118.14855111,34.68944852
6739454,2014,2015-01-21,1900,2014-11-30,1035,531566,1127,7,5,6,1992,0,0,0,NA,0,112T1,AVENUE K,20TH ST WEST,45,E,N,A,-,N,NA,NA,NA,NA,NA,NA,NA,NA,NA,Y,4,0,5,2,A,-,09,21804,A,N,C,C,A,A,H,-,A,D,0,NA,NA,NA,NA,Y,NA,A,01,0,0,5,0,0,0,0,0,0,-,-,NA,NA,LOS ANGELES,LANCASTER,-118.16558065,34.67500157
6739474,2014,2015-03-11,1942,2014-11-21,1455,39889,1321,5,5,7,1942,0,0,0,M,0,2TL28,S BROADWAY,W 23RD ST,35,S,N,A,-,N,NA,NA,NA,NA,NA,NA,NA,NA,NA,N,4,0,1,2,A,-,03,22350,NA,N,C,C,A,A,H,-,A,A,0,NA,NA,NA,NA,Y,NA,A,01,0,0,1,0,0,0,0,0,0,-,-,NA,NA,LOS ANGELES,LOS ANGELES,-118.26807491,34.0279556
6739478,2014,2015-01-21,1942,2014-11-21,1050,38399,1375,5,5,7,1942,0,0,0,M,0,13T53,CENTRAL AV,55TH ST,70,N,N,A,-,N,NA,NA,NA,NA,NA,NA,NA,NA,NA,Y,4,0,1,3,A,-,06,21750,NA,N,B,C,A,A,H,-,A,A,0,NA,NA,NA,NA,Y,NA,A,07,0,0,1,0,0,0,0,0,0,-,-,NA,NA,LOS ANGELES,LOS ANGELES,-118.25646,33.99318197
6739482,2014,2015-01-21,1942,2014-11-22,1710,33452,1375,6,5,7,1942,0,0,0,M,0,1T24,CENTRAL AV,58TH ST,0,NA,Y,A,-,N,NA,NA,NA,NA,NA,NA,NA,NA,NA,N,4,0,1,2,A,-,09,21804,A,N,D,C,A,A,-,-,B,D,0,NA,NA,NA,NA,Y,NA,A,01,0,0,1,0,0,0,0,0,0,-,-,NA,NA,LOS ANGELES,LOS ANGELES,-118.25645008,33.99017007
6739486,2014,2015-01-21,1942,2014-11-21,2215,40325,1344,5,5,7,1942,0,0,0,M,0,13T53,42ND PL,AVALON BL,0,NA,Y,A,-,N,NA,NA,NA,NA,NA,NA,NA,NA,NA,N,4,0,1,2,A,-,10,21950,A,N,G,B,B,A,H,-,C,A,0,Y,NA,NA,NA,Y,NA,A,07,0,0,1,0,1,0,0,0,0,-,-,NA,NA,LOS ANGELES,LOS ANGELES,-118.26528007,34.00660009
6739490,2014,2015-01-22,1942,2014-11-24,1445,39889,1317,1,5,7,1942,0,0,0,M,0,4T4,WASHINGTON BL,LONG BEACH AV,0,NA,Y,A,-,N,NA,NA,NA,NA,NA,NA,NA,NA,NA,Y,4,0,3,3,A,-,09,21801,A,N,D,C,E,A,H,-,A,A,0,Y,NA,NA,NA,Y,NA,A,07,0,0,3,0,0,0,0,0,0,-,-,NA,NA,LOS ANGELES,LOS ANGELES,-118.24318009,34.02059011
6739494,2014,2015-01-21,1942,2014-11-25,1840,39889,1147,2,5,7,1942,0,0,0,K,0,13TL22,CYPRESS AV,ARVIA ST,9,S,N,A,-,N,NA,NA,NA,NA,NA,NA,NA,NA,NA,N,3,0,1,2,A,-,09,21801,A,N,D,G,A,A,H,-,C,D,0,NA,Y,NA,NA,Y,NA,A,01,0,1,0,0,0,0,1,0,0,-,-,NA,NA,LOS ANGELES,LOS ANGELES,-118.22971606,34.09642543
6739498,2014,2015-01-21,1942,2014-11-24,1715,41537,1143,1,5,7,1942,0,0,0,K,0,11A95,HYPERION AV,ROWENA AV,0,NA,Y,A,-,N,NA,NA,NA,NA,NA,NA,NA,NA,NA,Y,3,0,3,2,A,-,09,21801,NA,N,D,C,A,A,H,-,C,A,0,NA,NA,NA,NA,Y,NA,A,01,0,1,2,0,0,0,0,0,0,-,-,NA,NA,LOS ANGELES,LOS ANGELES,-118.27133006,34.10922009
6739502,2014,2015-01-23,1942,2014-11-21,0355,39761,1177,5,5,7,1942,0,0,0,K,0,11T32,AVENUE 28,FIGUEROA ST,0,NA,Y,A,-,N,NA,NA,NA,NA,NA,NA,NA,NA,NA,N,4,0,1,2,A,-,12,21453,A,N,D,C,A,A,H,-,C,A,0,NA,NA,NA,NA,Y,NA,A,01,0,0,1,0,0,0,0,0,0,-,-,NA,NA,LOS ANGELES,LOS ANGELES,-118.22119007,34.08479008
6739506,2014,2015-01-21,1942,2014-11-20,0145,25942,1104,4,5,7,1942,0,0,0,K,0,11A17,FIGUEROA ST,EAGLE VISTA ST,80,S,N,A,-,N,NA,NA,NA,NA,NA,NA,NA,NA,NA,Y,4,0,3,1,A,-,03,22350,NA,N,E,I,A,A,H,-,C,A,0,NA,NA,NA,NA,Y,NA,-,NA,0,0,3,0,0,0,0,0,0,-,-,NA,NA,LOS ANGELES,LOS ANGELES,-118.18605778,34.14211369
6739510,2014,2016-02-18,1942,2014-11-19,1620,40641,1136,3,5,7,1942,0,0,0,K,0,112L3,EAGLE ROCK BL,EL PASO DR,0,NA,Y,A,-,N,NA,NA,NA,NA,NA,NA,NA,NA,NA,Y,3,0,1,2,A,-,09,21802,NA,N,B,C,A,A,H,-,A,A,0,NA,NA,NA,NA,Y,NA,A,01,0,1,0,0,0,0,0,0,0,-,-,NA,NA,LOS ANGELES,LOS ANGELES,-118.22437001,34.12236009
6739518,2014,2016-02-18,1942,2014-11-14,1835,36284,1136,5,5,7,1942,0,0,0,K,0,NA,EAGLE ROCK BL,AVENUE 40,60,S,N,A,-,N,NA,NA,NA,NA,NA,NA,NA,NA,NA,N,4,0,1,2,A,-,05,21650,NA,N,B,G,A,A,H,-,C,D,0,NA,Y,NA,NA,Y,NA,L,04,0,0,1,0,0,0,1,0,0,-,-,NA,NA,LOS ANGELES,LOS ANGELES,-118.22900151,34.11991798
6739521,2014,2015-05-11,9525,2014-08-26,0947,013390,NA,2,1,9,1900,0,3,5,NA,2,003,AZUSA AV,GEMINI ST,0,NA,Y,A,-,N,NA,NA,NA,NA,NA,NA,NA,NA,NA,Y,4,0,1,2,A,-,12,21453,A,N,D,C,A,A,H,-,A,A,0,NA,NA,NA,NA,Y,NA,A,01,0,0,1,0,0,0,0,0,0,-,-,34.01884,-117.91986,LOS ANGELES,UNINCORPORATED,-117.92015007,34.01862003
6739556,2014,2015-06-24,1942,2014-11-18,2340,39724,1595,2,5,7,1942,0,0,0,O,0,9T57,LAUREL CANYON BL,MAXWELTON RD,240,N,N,A,-,N,NA,NA,NA,NA,NA,NA,NA,NA,NA,Y,4,0,1,2,A,-,01,23152,A,N,B,E,A,A,H,-,C,D,0,NA,NA,NA,NA,Y,Y,A,01,0,0,1,0,0,0,0,0,0,-,-,NA,NA,LOS ANGELES,LOS ANGELES,-118.39454959,34.14161998
6739710,2014,2015-01-22,1942,2014-11-07,2120,39022,0738,5,5,7,1942,0,0,0,G,0,6T7,4TH ST,HUDSON AV,160,W,N,A,-,N,NA,NA,NA,NA,NA,NA,NA,NA,NA,N,3,0,1,2,A,-,01,21200,5,N,H,G,A,A,H,-,C,D,0,NA,Y,NA,NA,Y,Y,L,04,0,1,0,0,0,0,1,0,0,-,-,NA,NA,LOS ANGELES,LOS ANGELES,-118.33282057,34.06641091
6739711,2014,2015-01-22,1942,2014-11-27,0110,40024,0646,4,5,7,1942,0,0,0,F,0,6T7,CAHUENGA BL,SELMA AV,240,N,N,A,-,N,NA,NA,NA,NA,NA,NA,NA,NA,NA,N,2,0,1,2,A,-,11,21955,NA,F,G,B,D,A,H,-,C,D,0,Y,NA,NA,NA,Y,NA,N,60,1,0,0,0,1,0,0,0,0,-,-,NA,NA,LOS ANGELES,LOS ANGELES,-118.32952073,34.10042819
6739712,2014,2015-01-22,1942,2014-11-13,1235,32565,0759,4,5,7,1942,0,0,0,G,0,20TL58,PICO BL,NORTON AV,8,E,N,B,-,N,NA,NA,NA,NA,NA,NA,NA,NA,NA,N,4,0,1,2,A,-,21,22106,NA,F,D,G,A,A,H,-,A,A,0,NA,Y,NA,NA,Y,NA,-,99,0,0,1,0,0,0,1,0,0,-,-,NA,NA,LOS ANGELES,LOS ANGELES,-118.3238138,34.04756762
6739713,2014,2015-01-22,1942,2014-11-21,1910,25495,1454,5,5,7,1942,0,0,0,N,0,7TL23,MINDANAO WY,LINCOLN BL,200,W,N,A,-,N,NA,NA,NA,NA,NA,NA,NA,NA,NA,N,4,0,3,2,A,-,03,22350,NA,F,C,C,A,A,H,-,C,D,0,NA,NA,NA,NA,Y,NA,-,99,0,0,3,0,0,0,0,0,0,-,-,NA,NA,LOS ANGELES,LOS ANGELES,-118.43950701,33.98018153
6739714,2014,2015-01-22,1942,2014-11-23,1930,37928,1235,7,5,7,1942,0,0,0,L,0,12A15,NORMANDIE AV,SLAUSON AV,8,S,N,A,-,N,NA,NA,NA,NA,NA,NA,NA,NA,NA,N,4,0,1,2,A,-,03,22350,NA,F,C,C,A,A,H,-,C,A,0,NA,NA,NA,NA,Y,NA,-,99,0,0,1,0,0,0,0,0,0,-,-,NA,NA,LOS ANGELES,LOS ANGELES,-118.30019056,33.98911806
6739715,2014,2015-01-22,1942,2014-11-20,1800,40529,1821,4,5,7,1942,0,0,0,R,0,12TL73,CENTURY BL,FIGUEROA ST,746,W,N,A,-,N,NA,NA,NA,NA,NA,NA,NA,NA,NA,N,4,0,1,2,A,-,03,22350,NA,F,B,B,E,A,H,-,C,D,0,Y,NA,NA,NA,Y,Y,-,99,0,0,1,0,1,0,0,0,0,-,-,NA,NA,LOS ANGELES,LOS ANGELES,-118.28510468,33.94552
6739716,2014,2015-01-22,1942,2014-11-26,1455,38007,0705,3,5,7,1942,0,0,0,G,0,7X52,WILLOUGHBY AV,LA BREA AV,0,NA,Y,A,-,N,NA,NA,NA,NA,NA,NA,NA,NA,NA,N,3,0,1,2,A,-,09,21801,A,N,D,G,A,A,H,-,A,A,0,NA,Y,NA,NA,Y,NA,-,NA,0,1,0,0,0,0,1,0,0,-,-,NA,NA,LOS ANGELES,LOS ANGELES,-118.34406002,34.08710007
6739717,2014,2015-01-22,1942,2014-11-10,0220,39546,0645,1,5,7,1942,0,0,0,F,0,6T7W3,HOLLYWOOD BL,HIGHLAND AV,0,NA,Y,A,-,N,NA,NA,NA,NA,NA,NA,NA,NA,NA,Y,2,0,1,2,A,-,09,21801,A,F,D,C,A,A,H,-,C,A,0,NA,NA,Y,NA,Y,NA,-,99,1,0,0,0,0,0,0,0,1,-,-,NA,NA,LOS ANGELES,LOS ANGELES,-118.33869004,34.10155004
6739718,2014,2015-01-22,1942,2014-11-22,1535,39436,1265,6,5,7,1942,0,0,0,L,0,5T25,NORMANDIE AV,83RD ST,0,NA,Y,A,-,N,NA,NA,NA,NA,NA,NA,NA,NA,NA,Y,3,0,1,2,A,-,10,21950,A,F,G,B,B,A,H,-,A,A,0,Y,NA,NA,NA,Y,NA,-,99,0,1,0,0,1,0,0,0,0,-,-,NA,NA,LOS ANGELES,LOS ANGELES,-118.30027008,33.96365009
6739719,2014,2015-01-22,1942,2014-11-22,1730,37306,1213,6,5,7,1942,0,0,0,L,0,12X55,WESTERN AV,SLAUSON AV,0,NA,Y,A,-,N,NA,NA,NA,NA,NA,NA,NA,NA,NA,Y,3,0,1,2,A,-,09,21801,A,F,A,C,A,A,H,-,B,A,0,NA,NA,Y,NA,Y,NA,-,99,0,1,0,0,0,0,0,0,1,-,-,NA,NA,LOS ANGELES,LOS ANGELES,-118.30895002,33.98915001
6739720,2014,2015-01-22,1942,2014-11-20,1130,40697,1849,4,5,7,1942,0,0,0,R,0,3T5,MONA BL,IMPERIAL HWY,0,NA,Y,A,-,N,NA,NA,NA,NA,NA,NA,NA,NA,NA,N,4,0,1,2,A,-,09,21801,A,F,-,C,A,A,H,-,A,A,0,NA,NA,NA,NA,Y,NA,-,99,0,0,1,0,0,0,0,0,0,-,-,NA,NA,LOS ANGELES,LOS ANGELES,-118.23035005,33.92900004
6739829,2014,2015-01-21,9565,2014-11-19,1520,17713,NA,3,2,9,1900,0,1,1,NA,2,060,RT 405,120TH ST,300,S,N,A,-,Y,NA,NA,405,NA,NA,NA,NA,NA,NA,N,4,0,1,2,A,-,03,22350,NA,N,C,C,A,A,H,-,A,D,0,NA,NA,NA,Y,Y,NA,G,25,0,0,1,0,0,0,0,0,0,-,-,33.92164,-118.36914,LOS ANGELES,UNINCORPORATED,-118.36916929,33.92164673
6739832,2014,2015-01-21,9565,2014-11-22,1100,020478,NA,6,1,7,1942,0,1,1,NA,2,064,RT 405,SKIRBALL CENTER DR,100,S,N,A,-,Y,NA,NA,405,NA,NA,NA,NA,NA,NA,Y,4,0,2,2,A,-,03,22350,NA,N,C,C,A,A,D,-,A,D,0,NA,NA,NA,NA,Y,NA,A,07,0,0,2,0,0,0,0,0,0,-,-,34.12071,-118.48044,LOS ANGELES,LOS ANGELES,-118.48032337,34.12061563
6739838,2014,2014-12-30,9565,2014-10-27,2009,20752,NA,1,2,7,1942,0,1,1,NA,2,064,RT 405,SEPULVEDA BL,1500,S,N,A,-,Y,NA,NA,405,NA,NA,NA,NA,NA,NA,Y,4,0,1,3,A,-,03,22350,NA,M,C,C,A,A,H,-,C,D,0,NA,NA,NA,NA,Y,NA,D,22,0,0,1,0,0,0,0,0,0,-,-,34.09226,-118.47575,LOS ANGELES,LOS ANGELES,-118.4757112,34.09226544
6739839,2014,2014-12-30,9565,2014-10-26,0300,020747,NA,7,3,5,1928,0,1,1,NA,2,012,RT 105,CRENSHAW BL,500,E,N,A,-,Y,NA,NA,NA,NA,NA,NA,NA,NA,NA,Y,3,0,1,2,A,-,01,23152,A,N,C,C,A,A,H,-,E,D,0,NA,NA,NA,NA,Y,Y,D,22,0,1,0,0,0,0,0,0,0,-,-,33.99256,-118.32378,LOS ANGELES,HAWTHORNE,-118.32478863,33.9254917
6740004,2014,2014-12-18,9550,2014-09-14,1410,20741,NA,7,2,9,1900,0,3,5,NA,2,005,PATHFINDER RD,WELLESLEY DR,0,NA,Y,A,-,N,NA,NA,NA,NA,NA,NA,NA,NA,NA,Y,4,0,3,2,A,-,09,21801,A,N,D,C,A,A,H,-,A,A,0,NA,NA,NA,NA,Y,NA,A,01,0,0,3,0,0,0,0,0,0,-,-,33.97459,-117.89163,LOS ANGELES,UNINCORPORATED,-117.89174013,33.97458003
6740008,2014,2016-06-11,9550,2014-09-14,0430,19808,NA,7,3,5,1908,0,1,3,NA,2,091,RT 91,RT 605,10,E,N,A,-,Y,LA,7,605,-,R,4.983,R,2,S,Y,4,0,1,1,A,-,03,22350,NA,N,E,I,A,A,H,-,C,D,1,NA,NA,Y,NA,Y,NA,C,02,0,0,1,0,0,0,0,0,1,TO,-,33.87825,-118.10274,LOS ANGELES,BELLFLOWER,-118.10232649,33.87550251
6740010,2015,2015-05-23,1942,2015-03-21,1400,34426,0443,6,5,7,1942,0,0,0,D,0,2TL28,CORNWELL ST,CHARLOTTE ST,146,S,N,A,-,N,NA,NA,NA,NA,NA,NA,NA,NA,NA,N,3,0,1,2,A,-,05,21650,NA,N,B,C,A,A,H,-,A,D,0,NA,NA,NA,NA,Y,NA,-,-,0,1,0,0,0,0,0,0,0,-,-,NA,NA,LOS ANGELES,LOS ANGELES,-118.20418591,34.05699652
6740012,2014,2016-06-04,9550,2014-09-14,2045,20321,NA,7,2,5,1919,0,1,1,NA,2,652,RT 605,SOUTH ST,200,N,N,A,-,Y,LA,7,605,-,R,4.13,H,-,N,Y,4,0,1,1,A,-,01,23152,A,N,E,I,A,A,H,-,C,D,1,NA,NA,NA,NA,Y,Y,A,01,0,0,1,0,0,0,0,0,0,-,-,33.8603,-118.0961,LOS ANGELES,CERRITOS,-118.0977077,33.86366365
6740014,2015,2015-05-15,9535,2015-01-28,2315,19725,NA,3,3,9,1900,0,3,5,NA,2,006,SAN GABRIEL BL,PLAZA DR,333,N,N,A,-,N,NA,NA,NA,NA,NA,NA,NA,NA,NA,Y,1,1,1,1,A,-,08,22107,NA,N,E,I,A,A,H,-,C,D,0,NA,NA,NA,NA,Y,NA,A,01,0,0,1,0,0,0,0,0,0,-,-,34.03384,-118.07595,LOS ANGELES,UNINCORPORATED,-118.07652963,34.03442165
6740016,2014,2014-12-18,9550,2014-09-14,1700,20755,NA,7,2,6,1949,0,1,1,NA,2,651,RT 605,IMPERIAL HWY,550,N,N,A,-,N,NA,NA,605,NA,NA,NA,NA,NA,NA,Y,3,0,1,1,A,-,08,22107,NA,N,E,I,A,A,H,-,A,D,0,NA,NA,NA,NA,Y,NA,A,01,0,1,0,0,0,0,0,0,0,-,-,33.9187,-118.1048,LOS ANGELES,NORWALK,-118.10476324,33.91869841
6740072,2014,2014-12-17,9540,2014-10-12,2100,20167,NA,7,2,9,1900,0,1,1,NA,2,509,RT 5,TEMPLIN HWY,7920,S,N,A,-,Y,NA,NA,5,NA,NA,NA,NA,NA,NA,Y,2,0,5,5,A,-,03,22350,NA,N,C,C,A,A,H,-,D,D,0,NA,NA,NA,Y,Y,NA,A,01,2,1,2,0,0,0,0,0,0,-,-,34.5538,-118.67139,LOS ANGELES,UNINCORPORATED,-118.67137037,34.55383345
6740163,2014,2016-06-29,9550,2014-11-17,1910,18952,NA,1,2,9,1900,0,1,1,NA,2,650,RT 605,SARAGOSA ST,2000,N,N,A,-,Y,LA,7,605,-,R,12.81,H,-,S,Y,4,0,2,2,A,-,03,22350,NA,N,C,C,A,A,H,-,D,D,1,NA,NA,NA,NA,Y,NA,D,22,0,0,2,0,0,0,0,0,0,-,-,33.97941,-118.07753,LOS ANGELES,UNINCORPORATED,-118.0737348,33.98310803
6740169,2014,2015-01-27,9550,2014-11-11,1250,17511,NA,2,1,9,1900,0,1,3,NA,2,601,RT 60,AZUSA AV,53,W,N,B,-,Y,NA,NA,60,NA,NA,NA,NA,NA,NA,Y,3,0,1,1,A,-,03,22350,NA,N,F,A,A,A,H,-,A,D,0,NA,NA,NA,Y,Y,NA,G,25,0,1,0,0,0,0,0,0,0,FR,-,33.9969,-117.93181,LOS ANGELES,UNINCORPORATED,-117.93179684,33.99699211
6740170,2014,2015-01-23,9550,2014-11-14,1430,15449,NA,5,2,6,1920,0,1,1,NA,2,150,RT 105,CLARK AV,300,E,N,A,-,Y,NA,NA,105,NA,NA,NA,NA,NA,NA,Y,4,0,2,3,A,-,03,22350,NA,N,C,C,A,A,H,-,A,D,0,NA,NA,NA,NA,Y,NA,A,01,0,0,2,0,0,0,0,0,0,-,-,33.91294,-118.13291,LOS ANGELES,DOWNEY,-118.13291011,33.9129668