CASE_ID,ACCIDENT_YEAR,PROC_DATE,JURIS,COLLISION_DATE,COLLISION_TIME,OFFICER_ID,REPORTING_DISTRICT,DAY_OF_WEEK,CHP_SHIFT,POPULATION,CNTY_CITY_LOC,SPECIAL_COND,BEAT_TYPE,CHP_BEAT_TYPE,CITY_DIVISION_LAPD,CHP_BEAT_CLASS,BEAT_NUMBER,PRIMARY_RD,SECONDARY_RD,DISTANCE,DIRECTION,INTERSECTION,WEATHER_1,WEATHER_2,STATE_HWY_IND,CALTRANS_COUNTY,CALTRANS_DISTRICT,STATE_ROUTE,ROUTE_SUFFIX,POSTMILE_PREFIX,POSTMILE,LOCATION_TYPE,RAMP_INTERSECTION,SIDE_OF_HWY,TOW_AWAY,COLLISION_SEVERITY,NUMBER_KILLED,NUMBER_INJURED,PARTY_COUNT,PRIMARY_COLL_FACTOR,PCF_CODE_OF_VIOL,PCF_VIOL_CATEGORY,PCF_VIOLATION,PCF_VIOL_SUBSECTION,HIT_AND_RUN,TYPE_OF_COLLISION,MVIW,PED_ACTION,ROAD_SURFACE,ROAD_COND_1,ROAD_COND_2,LIGHTING,CONTROL_DEVICE,CHP_ROAD_TYPE,PEDESTRIAN_ACCIDENT,BICYCLE_ACCIDENT,MOTORCYCLE_ACCIDENT,TRUCK_ACCIDENT,NOT_PRIVATE_PROPERTY,ALCOHOL_INVOLVED,STWD_VEHTYPE_AT_FAULT,CHP_VEHTYPE_AT_FAULT,COUNT_SEVERE_INJ,COUNT_VISIBLE_INJ,COUNT_COMPLAINT_PAIN,COUNT_PED_KILLED,COUNT_PED_INJURED,COUNT_BICYCLIST_KILLED,COUNT_BICYCLIST_INJURED,COUNT_MC_KILLED,COUNT_MC_INJURED,PRIMARY_RAMP,SECONDARY_RAMP,LATITUDE,LONGITUDE,COUNTY,CITY,POINT_X,POINT_Y
6748652,2014,2015-01-30,1900,2014-12-04,0536,520271,2843,4,5,5,1915,0,0,0,NA,0,285,SANTA FE AV,CYPRESS ST,23,W,N,B,-,N,NA,NA,NA,NA,NA,NA,NA,NA,NA,N,3,0,1,2,D,-,00,NA,NA,N,G,B,B,B,H,-,B,D,0,Y,NA,NA,NA,Y,NA,-,-,0,1,0,0,1,0,0,0,0,-,-,NA,NA,LOS ANGELES,COMPTON,-118.2161636,33.890613
6748656,2014,2015-01-30,1900,2014-12-05,1549,525109,2848,5,5,5,1915,0,0,0,NA,0,284F1,GREENLEAF BL,ALAMEDA ST,150,W,N,A,-,N,NA,NA,NA,NA,NA,NA,NA,NA,NA,Y,4,0,2,5,A,-,17,22109,NA,N,C,C,A,-,H,-,A,D,0,NA,NA,NA,NA,Y,NA,D,22,0,0,2,0,0,0,0,0,0,-,-,NA,NA,LOS ANGELES,COMPTON,-118.21859317,33.88122496
6748726,2014,2015-01-30,1975,2014-12-08,1642,380,NA,1,5,6,1975,0,0,0,NA,0,6F1,AMAR RD,AZUSA AV,65,W,N,A,-,N,NA,NA,NA,NA,NA,NA,NA,NA,NA,N,3,0,1,2,A,-,08,22107,NA,F,B,C,A,A,H,-,B,A,0,NA,NA,NA,NA,Y,NA,-,NA,0,1,0,0,0,0,0,0,0,-,-,NA,NA,LOS ANGELES,WEST COVINA,-117.91497033,34.03158684
6748742,2014,2015-01-27,1975,2014-11-16,1259,423,NA,7,5,6,1975,0,0,0,NA,0,003,MERCED AV,EVANWOOD AV,0,NA,Y,A,-,N,NA,NA,NA,NA,NA,NA,NA,NA,NA,Y,4,0,1,2,A,-,09,21804,A,N,D,C,A,A,H,-,A,D,0,NA,NA,NA,NA,Y,NA,-,NA,0,0,1,0,0,0,0,0,0,-,-,NA,NA,LOS ANGELES,WEST COVINA,-117.94344012,34.05934003
6748807,2014,2015-02-05,1972,2014-12-08,2008,17648,NA,1,5,6,1972,0,0,0,NA,0,NA,SEPULVEDA,PLUM AV,30,W,N,A,-,N,NA,NA,NA,NA,NA,NA,NA,NA,NA,Y,4,0,1,2,A,-,03,22350,NA,N,C,E,A,A,H,-,C,D,0,NA,NA,NA,NA,Y,NA,A,NA,0,0,1,0,0,0,0,0,0,-,-,NA,NA,LOS ANGELES,TORRANCE,-118.32652567,33.82139986
6748817,2014,2016-07-11,1900,2014-11-23,1448,530182,1013,7,5,3,1995,0,0,0,NA,0,101T4,RT 1,HEATHERCLIFF RD,528,W,N,A,-,Y,LA,7,1,-,-,54.44,H,-,S,Y,3,0,5,3,A,-,03,22350,NA,N,C,C,A,A,H,-,A,D,0,NA,NA,NA,NA,Y,NA,A,08,0,1,4,0,0,0,0,0,0,-,-,NA,NA,LOS ANGELES,MALIBU,-118.81026148,34.02155235
6748820,2014,2015-01-23,9535,2014-11-10,1440,20769,NA,1,2,5,1952,0,1,1,NA,2,104,RT 105,GARFIELD AV,75,W,N,A,-,Y,NA,NA,105,NA,NA,NA,NA,NA,NA,Y,2,0,1,2,A,-,08,22107,NA,N,F,A,A,A,H,-,A,D,0,NA,NA,Y,NA,Y,NA,D,22,1,0,0,0,0,0,0,0,1,-,-,33.91094,-118.16965,LOS ANGELES,PARAMOUNT,-118.16965006,33.91094176
6748828,2014,2015-01-27,9535,2014-11-21,1810,20814,NA,5,2,9,1900,0,2,4,NA,2,024,WHITTIER BL,BONNIE BEACH PL,0,NA,Y,A,-,N,NA,NA,NA,NA,NA,NA,NA,NA,NA,Y,4,0,1,3,A,-,09,21801,A,N,A,C,A,A,H,-,C,D,0,NA,NA,NA,Y,Y,NA,A,01,0,0,1,0,0,0,0,0,0,-,-,34.02392,-118.18126,LOS ANGELES,UNINCORPORATED,-118.18129011,34.02394009
6748841,2014,2015-01-26,1942,2014-11-27,0010,37589,1218,4,5,7,1942,0,0,0,L,0,12A3,54TH ST,HOOVER ST,0,NA,Y,A,-,N,NA,NA,NA,NA,NA,NA,NA,NA,NA,Y,4,0,2,4,A,-,12,21453,A,F,D,C,A,A,H,-,C,A,0,NA,NA,NA,NA,Y,NA,D,22,0,0,2,0,0,0,0,0,0,-,-,NA,NA,LOS ANGELES,LOS ANGELES,-118.28715005,33.99325004
6748846,2014,2015-02-05,1942,2014-12-07,1700,37724,1209,7,5,7,1942,0,0,0,L,0,3TL57,FIGUEROA ST,49TH ST,30,N,N,A,-,N,NA,NA,NA,NA,NA,NA,NA,NA,NA,N,4,0,1,2,A,-,21,22106,NA,N,B,C,A,A,H,-,B,D,0,NA,NA,NA,NA,Y,NA,D,22,0,0,1,0,0,0,0,0,0,-,-,NA,NA,LOS ANGELES,LOS ANGELES,-118.28272,33.99884228
6748848,2014,2015-01-27,9535,2014-11-01,1310,017595,NA,6,1,5,1948,0,1,3,NA,2,621,RT 60,RT 710,400,E,N,A,-,Y,NA,NA,NA,NA,NA,NA,NA,NA,NA,Y,3,0,5,2,A,-,07,21658,A,N,B,C,A,A,H,-,A,D,0,NA,NA,NA,NA,Y,NA,A,01,0,4,1,0,0,0,0,0,0,-,-,34.03665,-118.16203,LOS ANGELES,MONTEREY PARK,-118.16991051,34.03574876
6748850,2014,2015-02-12,1942,2014-12-08,0910,40686,1265,1,5,7,1942,0,0,0,L,0,12T41,MANCHESTER AV,NORMANDIE AV,9,W,N,A,-,N,NA,NA,NA,NA,NA,NA,NA,NA,NA,Y,4,0,1,2,A,-,03,22350,NA,N,C,C,A,A,H,-,A,A,0,NA,NA,NA,NA,Y,NA,I,11,0,0,1,0,0,0,0,0,0,-,-,NA,NA,LOS ANGELES,LOS ANGELES,-118.30029962,33.96001
6748854,2014,2015-01-22,1942,2014-12-09,1255,38707,1235,2,5,7,1942,0,0,0,L,0,3T5,SLAUSON AV,DENKER AV,0,N,N,A,-,N,NA,NA,NA,NA,NA,NA,NA,NA,NA,N,4,0,1,2,A,-,07,21658,A,N,B,C,A,A,H,-,A,A,0,NA,NA,NA,NA,Y,NA,-,-,0,0,1,0,0,0,0,0,0,-,-,NA,NA,LOS ANGELES,LOS ANGELES,-118.30452002,33.98915007
6748857,2014,2016-03-01,1942,2014-11-28,2130,41056,1232,5,5,7,1942,0,0,0,L,0,12T41,FLORENCE AV,WESTERN AV,19,E,N,A,-,N,NA,NA,NA,NA,NA,NA,NA,NA,NA,N,3,0,1,2,A,-,03,22350,NA,F,C,C,A,A,H,-,C,A,0,NA,NA,Y,NA,Y,NA,-,NA,0,1,0,0,0,0,0,0,1,-,-,NA,NA,LOS ANGELES,LOS ANGELES,-118.30891745,33.97457
6748861,2014,2015-02-05,1942,2014-12-04,1505,40440,1203,4,5,7,1942,0,0,0,L,0,3T57,48TH ST,CIMARRON AV,54,E,N,A,-,N,NA,NA,NA,NA,NA,NA,NA,NA,NA,Y,4,0,1,2,A,-,03,22350,NA,N,B,E,A,A,H,-,A,D,0,NA,NA,NA,NA,Y,NA,-,NA,0,0,1,0,0,0,0,0,0,-,-,NA,NA,LOS ANGELES,LOS ANGELES,-118.31587222,34.00003312
6748865,2014,2015-01-27,1942,2014-11-04,1400,40529,1243,2,5,7,1942,0,0,0,L,0,12T73,WEBSTER AV,68TH ST,50,N,N,A,-,N,NA,NA,NA,NA,NA,NA,NA,NA,NA,N,4,0,1,3,A,-,03,22350,NA,N,C,C,A,A,H,-,A,D,0,NA,NA,NA,Y,Y,NA,F,26,0,0,1,0,0,0,0,0,0,-,-,NA,NA,LOS ANGELES,LOS ANGELES,NA,NA
6748869,2014,2015-03-20,1942,2014-12-09,1530,40869,1253,2,5,7,1942,0,0,0,L,0,12T73,FLORENCE AV,HAAS AV,62,W,N,A,-,N,NA,NA,NA,NA,NA,NA,NA,NA,NA,N,4,0,2,4,A,-,03,22350,NA,N,C,C,A,A,H,-,A,D,0,NA,NA,NA,NA,Y,NA,A,01,0,0,2,0,0,0,0,0,0,-,-,NA,NA,LOS ANGELES,LOS ANGELES,-118.31705409999999,33.9746
6748873,2014,2015-04-08,1942,2014-12-12,1040,33599,1252,5,5,7,1942,0,0,0,L,0,3TL5,FLORENCE AV,NORMANDIE,0,NA,Y,B,-,N,NA,NA,NA,NA,NA,NA,NA,NA,NA,N,4,0,1,2,A,-,09,21800,D,F,D,C,A,B,H,-,A,B,0,NA,NA,NA,NA,Y,NA,-,99,0,0,1,0,0,0,0,0,0,-,-,NA,NA,LOS ANGELES,LOS ANGELES,-118.30030013,33.9745801
6748880,2014,2015-01-23,9535,2014-11-19,0755,20825,NA,3,1,9,1900,0,1,3,NA,2,601,RT 60,RT 710,400,E,N,A,-,Y,NA,NA,60,NA,NA,NA,NA,NA,NA,Y,4,0,1,2,A,-,08,22107,NA,N,B,C,A,A,H,-,A,D,0,NA,NA,NA,NA,Y,NA,A,01,0,0,1,0,0,0,0,0,0,-,-,34.03644,-118.16602,LOS ANGELES,UNINCORPORATED,-118.16600985,34.03637476
6748905,2014,2016-06-24,1976,2014-12-12,1318,884,NA,5,5,5,1976,0,0,0,NA,0,NA,WHITTIER BL,1ST AV,0,NA,Y,A,-,Y,LA,7,72,-,-,0.527,I,5,S,Y,4,0,2,2,A,-,12,21453,A,N,D,C,A,B,H,-,A,A,0,NA,NA,NA,NA,Y,NA,A,01,0,0,2,0,0,0,0,0,0,-,-,NA,NA,LOS ANGELES,WHITTIER,-117.98528885,33.94121625
6748906,2014,2016-06-24,1976,2014-12-11,0027,266,NA,4,5,5,1976,0,0,0,NA,0,NA,RT 72,SANTA GERTRUDES AV W,0,NA,Y,A,-,Y,LA,7,72,-,-,1.097,I,5,N,N,4,0,1,2,D,-,00,NA,NA,N,D,C,A,A,C,-,C,A,0,NA,NA,NA,NA,Y,NA,-,-,0,0,1,0,0,0,0,0,0,-,-,NA,NA,LOS ANGELES,WHITTIER,-117.99428887,33.94476503
6748907,2014,2015-02-02,1976,2014-12-10,1020,429,NA,3,5,5,1976,0,0,0,NA,0,002,MAGNOLIA AV,BROADWAY,0,NA,Y,A,-,N,NA,NA,NA,NA,NA,NA,NA,NA,NA,Y,4,0,1,2,A,-,09,21800,C,N,D,C,A,A,H,-,A,A,0,NA,NA,NA,NA,Y,NA,A,01,0,0,1,0,0,0,0,0,0,-,-,NA,NA,LOS ANGELES,WHITTIER,-118.05028001,33.98633006
6748908,2014,2016-02-17,1942,2014-12-01,1920,41112,0251,1,5,7,1942,0,0,0,B,0,20A39,7TH ST,RAMPART BL,0,NA,Y,A,-,N,NA,NA,NA,NA,NA,NA,NA,NA,NA,N,3,0,1,2,A,-,11,21954,A,F,G,B,E,A,H,-,B,D,0,Y,NA,NA,NA,Y,NA,N,60,0,1,0,0,1,0,0,0,0,-,-,NA,NA,LOS ANGELES,LOS ANGELES,-118.28326006,34.0593701
6748909,2014,2015-02-02,1942,2014-12-04,0850,41366,406,4,5,7,1942,0,0,0,NA,0,4A9,VIA MARISOL,MONTEREY RD,0,NA,Y,A,-,N,NA,NA,NA,NA,NA,NA,NA,NA,NA,Y,4,0,2,2,A,-,09,21801,A,N,A,C,A,A,H,-,A,A,0,NA,NA,NA,NA,Y,NA,A,01,0,0,2,0,0,0,0,0,0,-,-,NA,NA,LOS ANGELES,LOS ANGELES,-118.19018008,34.09365005
6748910,2014,2015-03-25,1942,2014-12-08,1235,25086,0185,1,5,7,1942,0,0,0,A,0,1MQ39,OLYMPIC BL,MAIN ST,40,W,N,A,-,N,NA,NA,NA,NA,NA,NA,NA,NA,NA,N,4,0,1,2,A,-,21,22106,NA,N,C,C,A,A,H,-,A,D,0,NA,NA,NA,NA,Y,NA,A,01,0,0,1,0,0,0,0,0,0,-,-,NA,NA,LOS ANGELES,LOS ANGELES,-118.25681227,34.04051918
6748911,2014,2015-03-25,1942,2014-12-03,1805,40936,0158,3,5,7,1942,0,0,0,A,0,1222,CERES AV,6TH ST,0,NA,Y,C,-,N,NA,NA,NA,NA,NA,NA,NA,NA,NA,N,4,0,1,2,A,-,09,21802,A,N,D,D,A,B,H,-,C,D,0,NA,NA,NA,NA,Y,NA,A,01,0,0,1,0,0,0,0,0,0,-,-,NA,NA,LOS ANGELES,LOS ANGELES,-118.24135013,34.03984004
6748912,2014,2016-02-18,1942,2014-12-09,1705,37611,12091,2,5,7,1942,0,0,0,L,0,0123,BROADWAY,2ND ST,0,NA,Y,A,-,N,NA,NA,NA,NA,NA,NA,NA,NA,NA,Y,4,0,1,2,A,-,12,21453,A,N,D,G,A,A,H,-,C,A,0,NA,Y,NA,NA,Y,NA,A,01,0,0,1,0,0,0,1,0,0,-,-,NA,NA,LOS ANGELES,LOS ANGELES,-118.2467,34.05241
6748913,2014,2015-02-02,1942,2014-12-08,1030,33869,0132,1,5,7,1942,0,0,0,A,0,1A61,1ST ST,HILL ST,0,NA,Y,A,-,N,NA,NA,NA,NA,NA,NA,NA,NA,NA,N,4,0,1,2,A,-,21,22106,NA,N,G,B,B,A,H,-,A,A,0,Y,NA,NA,NA,Y,NA,-,NA,0,0,1,0,1,0,0,0,0,-,-,NA,NA,LOS ANGELES,LOS ANGELES,-118.24662007,34.05434003
6748914,2014,2015-02-02,1942,2014-12-09,2045,41650,0152,2,5,7,1942,0,0,0,A,0,1A29,W 7TH ST,OLIVE ST,65,W,N,A,-,N,NA,NA,NA,NA,NA,NA,NA,NA,NA,N,4,0,5,2,A,-,04,21703,NA,N,C,C,A,A,H,-,C,D,0,NA,NA,NA,NA,Y,NA,A,01,0,0,5,0,0,0,0,0,0,-,-,NA,NA,LOS ANGELES,LOS ANGELES,-118.25569897,34.04670952
6748915,2014,2015-02-02,1942,2014-12-09,1920,39639,0162,2,5,7,1942,0,0,0,A,0,1T11,S HILL ST,W 8TH ST,19,S,N,A,-,N,NA,NA,NA,NA,NA,NA,NA,NA,NA,N,3,0,1,2,A,-,10,21950,A,N,B,B,B,A,H,-,C,A,0,Y,NA,NA,NA,Y,NA,A,01,0,1,0,0,1,0,0,0,0,-,-,NA,NA,LOS ANGELES,LOS ANGELES,-118.25586774,34.04440843
6748916,2014,2015-02-02,1942,2014-12-05,0500,38030,0246,5,5,7,1942,0,0,0,B,0,2A47,BONNIE BRAE,6TH ST,0,NA,Y,A,-,N,NA,NA,NA,NA,NA,NA,NA,NA,NA,N,3,0,1,2,A,-,10,21950,A,F,G,B,B,A,H,-,C,A,0,Y,NA,NA,NA,Y,NA,-,99,0,1,0,0,1,0,0,0,0,-,-,NA,NA,LOS ANGELES,LOS ANGELES,-118.27255004,34.05853
6748917,2014,2015-03-25,1942,2014-12-10,0655,37952,0236,3,5,7,1942,0,0,0,B,0,1TL24,ALVARADO ST,VALLEY ST,0,NA,Y,A,-,N,NA,NA,NA,NA,NA,NA,NA,NA,NA,Y,4,0,1,2,D,-,00,NA,NA,N,C,C,A,A,H,-,A,A,0,NA,NA,NA,NA,Y,NA,-,-,0,0,1,0,0,0,0,0,0,-,-,NA,NA,LOS ANGELES,LOS ANGELES,-118.27150999,34.06484011
6748918,2014,2015-02-02,1942,2014-12-07,2330,40325,0219,7,5,7,1942,0,0,0,B,0,11T21,SUNSET BL,BOYLSTON ST,54,W,N,A,-,N,NA,NA,NA,NA,NA,NA,NA,NA,NA,Y,3,0,1,2,A,-,11,21954,A,N,G,B,D,A,H,-,C,A,0,Y,NA,NA,NA,Y,Y,N,60,0,1,0,0,1,0,0,0,0,-,-,NA,NA,LOS ANGELES,LOS ANGELES,-118.24993015,34.06741209
6748919,2014,2015-02-02,1942,2014-12-04,1720,37451,0413,4,5,7,1942,0,0,0,D,0,4A53,E AVE 28,PASADENA AV,0,NA,Y,A,-,N,NA,NA,NA,NA,NA,NA,NA,NA,NA,N,4,0,1,2,A,-,10,21950,A,N,G,B,B,A,H,-,C,A,0,Y,NA,NA,NA,Y,NA,A,01,0,0,1,0,1,0,0,0,0,-,-,NA,NA,LOS ANGELES,LOS ANGELES,-118.21483004,34.07929011
6748920,2014,2015-02-02,1942,2014-12-04,0740,39541,0459,4,5,7,1942,0,0,0,D,0,4A59,1ST ST,RIVERA ST,0,NA,Y,B,-,N,NA,NA,NA,NA,NA,NA,NA,NA,NA,N,3,0,1,2,A,-,10,21950,A,N,G,B,B,B,-,-,A,D,0,Y,NA,NA,NA,Y,NA,A,01,0,1,0,0,1,0,0,0,0,-,-,NA,NA,LOS ANGELES,LOS ANGELES,-118.20133008,34.0399401
6748921,2014,2015-02-03,1942,2014-12-10,0945,39349,1035,3,5,7,1942,0,0,0,J,0,13TL53,S SPRING ST,W 2ND ST,38,S,N,A,-,N,NA,NA,NA,NA,NA,NA,NA,NA,NA,N,4,0,1,3,A,-,03,22350,NA,N,C,C,A,A,H,-,A,D,0,NA,NA,NA,NA,Y,NA,A,01,0,0,1,0,0,0,0,0,0,-,-,NA,NA,LOS ANGELES,LOS ANGELES,-118.24569804,34.05161851
6748922,2014,2015-02-03,1942,2014-12-14,1010,39349,0185,7,5,7,1942,0,0,0,A,0,13TL53,SANTEE ST,E 11TH ST,13,S,N,A,-,N,NA,NA,NA,NA,NA,NA,NA,NA,NA,N,3,0,1,2,A,-,10,21950,A,N,G,B,B,A,H,-,A,A,0,Y,NA,NA,NA,Y,NA,A,01,0,1,0,0,1,0,0,0,0,-,-,NA,NA,LOS ANGELES,LOS ANGELES,-118.2561347,34.03772088
6748923,2014,2015-02-03,1942,2014-12-14,1530,41487,0153,7,5,7,1942,0,0,0,A,0,1FB14,W 5TH ST,S BROADWAY,0,NA,Y,A,-,N,NA,NA,NA,NA,NA,NA,NA,NA,NA,N,3,0,1,2,A,-,12,21453,A,F,G,B,B,A,H,-,A,A,0,Y,NA,NA,NA,Y,NA,-,99,0,1,0,0,1,0,0,0,0,-,-,NA,NA,LOS ANGELES,LOS ANGELES,-118.25071013,34.048070010000004
6748924,2014,2015-02-03,1942,2014-12-13,0030,41629,0159,6,5,7,1942,0,0,0,A,0,1A85,ALAMEDA ST,7TH ST,15,N,N,A,-,N,NA,NA,NA,NA,NA,NA,NA,NA,NA,N,3,0,1,2,A,-,11,21954,A,N,G,B,E,A,H,-,C,D,0,Y,NA,NA,NA,Y,NA,N,60,0,1,0,0,1,0,0,0,0,-,-,NA,NA,LOS ANGELES,LOS ANGELES,-118.23864,34.035115
6748925,2014,2015-02-04,1942,2014-12-09,1600,37611,0424,2,5,7,1942,0,0,0,D,0,4T4,MISSION RD,N BROADWAY,8,S,N,A,-,N,NA,NA,NA,NA,NA,NA,NA,NA,NA,N,4,0,1,2,A,-,10,21950,A,F,G,B,B,A,H,-,A,A,0,Y,NA,NA,NA,Y,NA,-,99,0,0,1,0,1,0,0,0,0,-,-,NA,NA,LOS ANGELES,LOS ANGELES,-118.19655358,34.0738912
6748926,2014,2016-02-17,1942,2014-12-08,1640,37611,1394,1,5,7,1942,0,0,0,M,0,4T4,68TH ST,SAN PEDRO ST,0,NA,Y,A,-,N,NA,NA,NA,NA,NA,NA,NA,NA,NA,N,4,0,1,1,A,-,03,22350,NA,N,E,I,A,A,H,-,A,D,0,NA,NA,NA,NA,Y,NA,A,01,0,0,1,0,0,0,0,0,0,-,-,NA,NA,LOS ANGELES,LOS ANGELES,-118.26957006,33.97788004
6748927,2014,2015-02-03,1942,2014-12-09,0855,37952,1343,2,5,7,1942,0,0,0,M,0,4TL4,CENTRAL AV,41ST ST,0,NA,Y,A,-,N,NA,NA,NA,NA,NA,NA,NA,NA,NA,Y,3,0,2,3,A,-,09,21801,A,N,A,C,A,A,H,-,A,A,0,NA,NA,NA,NA,Y,NA,A,01,0,1,1,0,0,0,0,0,0,-,-,NA,NA,LOS ANGELES,LOS ANGELES,-118.25651002,34.00924009
6748928,2014,2015-02-03,1942,2014-12-09,1430,39889,1346,2,5,7,1942,0,0,0,M,0,1T24,VERNON AV,HOOPER AV,362,W,N,A,-,N,NA,NA,NA,NA,NA,NA,NA,NA,NA,N,2,0,1,2,A,-,11,21954,A,N,G,B,D,A,H,-,A,A,0,Y,NA,NA,NA,Y,NA,N,60,1,0,0,0,1,0,0,0,0,-,-,NA,NA,LOS ANGELES,LOS ANGELES,-118.25333194,34.00389889
6748929,2014,2015-02-04,1942,2014-12-15,1250,34998,0191,1,5,7,1942,0,0,0,A,0,1FB120,FIGUEROA ST,VENICE BL,0,NA,Y,A,-,N,NA,NA,NA,NA,NA,NA,NA,NA,NA,N,4,0,1,2,A,-,21,22106,NA,N,B,G,A,A,H,-,A,A,0,NA,Y,NA,NA,Y,NA,A,01,0,0,1,0,0,0,1,0,0,-,-,NA,NA,LOS ANGELES,LOS ANGELES,-118.27005001,34.0375101
6748930,2014,2015-02-03,1942,2014-12-09,1635,39889,0112,2,5,7,1942,0,0,0,A,0,1T24,ALISO ST,N BROADWAY,6,E,N,A,-,Y,NA,NA,NA,NA,NA,NA,NA,NA,NA,Y,3,0,2,2,A,-,01,23153,NA,N,B,C,A,A,H,-,C,A,0,NA,NA,NA,NA,Y,Y,A,01,0,1,1,0,0,0,0,0,0,-,-,NA,NA,LOS ANGELES,LOS ANGELES,-118.24257402,34.05677031
6748931,2014,2015-02-03,1942,2014-12-10,1910,41650,0159,3,5,7,1942,0,0,0,A,0,1A29,4TH ST,ALAMEDA ST,0,NA,Y,A,-,N,NA,NA,NA,NA,NA,NA,NA,NA,NA,Y,4,0,1,2,A,-,09,21801,A,N,A,C,A,A,H,-,C,A,0,NA,NA,NA,NA,Y,NA,A,01,0,0,1,0,0,0,0,0,0,-,-,NA,NA,LOS ANGELES,LOS ANGELES,-118.23813001,34.04330006
6748932,2014,2015-02-03,1942,2014-12-14,2110,40545,0181,7,5,7,1942,0,0,0,A,0,4T43,PICO BL,LA LIVE WY,550,E,N,A,-,N,NA,NA,NA,NA,NA,NA,NA,NA,NA,N,4,0,1,2,A,-,09,21804,A,N,G,B,B,A,H,-,C,A,0,Y,NA,NA,NA,Y,NA,A,01,0,0,1,0,1,0,0,0,0,-,-,NA,NA,LOS ANGELES,LOS ANGELES,-118.2701995,34.04156791
6748933,2014,2015-02-03,1942,2014-12-15,1420,40274,RD015,1,5,7,1942,0,0,0,NA,0,1A85,ALAMEDA,6TH ST,7,E,N,A,-,N,NA,NA,NA,NA,NA,NA,NA,NA,NA,NA,4,0,1,2,A,-,04,21703,NA,F,A,C,A,A,H,-,A,A,0,NA,NA,NA,NA,Y,NA,A,01,0,0,1,0,0,0,0,0,0,-,-,NA,NA,LOS ANGELES,LOS ANGELES,-118.29494483,34.17909448
6748934,2014,2015-02-03,1900,2014-12-01,1320,472724,0610,1,5,6,1985,0,0,0,NA,0,61T1,SOLEDAD CANYON RD,VALLEY CENTER DR,835,W,N,A,-,N,NA,NA,NA,NA,NA,NA,NA,NA,NA,Y,4,0,2,2,A,-,09,21801,A,N,D,C,A,A,H,-,A,D,0,NA,NA,NA,NA,Y,NA,A,01,0,0,2,0,0,0,0,0,0,-,-,NA,NA,LOS ANGELES,SANTA CLARITA,-118.50689,34.41937061
6748935,2014,2015-02-03,1900,2014-12-05,2120,458055,0613,5,5,6,1985,0,0,0,NA,0,64T1,SOLEDAD CANYON RD,VILNA AV,0,NA,Y,A,-,N,NA,NA,NA,NA,NA,NA,NA,NA,NA,Y,4,0,3,2,D,-,00,NA,NA,N,D,C,A,A,H,-,C,A,0,NA,NA,NA,NA,Y,NA,-,-,0,0,3,0,0,0,0,0,0,-,-,NA,NA,LOS ANGELES,SANTA CLARITA,-118.46110002,34.41600002
6748936,2014,2016-02-18,1900,2014-12-01,0217,428354,0617,1,5,6,1985,0,0,0,NA,0,61T1,GOLDEN VALLEY RD,SIERRA HWY,530,W,N,C,-,N,NA,NA,NA,NA,NA,NA,NA,NA,NA,Y,3,0,1,1,A,-,08,22107,NA,N,E,I,A,B,H,-,D,D,0,NA,NA,NA,NA,Y,NA,A,07,0,1,0,0,0,0,0,0,0,-,-,NA,NA,LOS ANGELES,SANTA CLARITA,-118.48668226,34.39620687
6748937,2014,2015-02-03,1900,2014-12-01,1521,480759,0625,1,5,6,1985,0,0,0,NA,0,62T1,ORCHARD VILLAGE RD,16TH ST,0,NA,Y,B,-,N,NA,NA,NA,NA,NA,NA,NA,NA,NA,Y,3,0,1,2,A,-,09,21801,A,N,D,C,A,A,H,-,A,A,0,NA,NA,NA,NA,Y,NA,A,07,0,1,0,0,0,0,0,0,0,-,-,NA,NA,LOS ANGELES,SANTA CLARITA,-118.54567,34.38767006
6748938,2014,2015-02-03,1900,2014-12-01,1935,412001,0613,1,5,6,1985,0,0,0,NA,0,63T1,WHITES CANYON RD,STILLMORE ST,0,NA,Y,B,-,N,NA,NA,NA,NA,NA,NA,NA,NA,NA,Y,3,0,1,2,A,-,12,21453,A,N,D,C,A,A,H,-,A,A,0,NA,NA,Y,NA,Y,NA,C,02,0,1,0,0,0,0,0,0,1,-,-,NA,NA,LOS ANGELES,SANTA CLARITA,-118.47217006,34.41836011
6748939,2014,2015-02-03,1900,2014-12-09,1410,407364,0642,2,5,6,1985,0,0,0,NA,0,64T1D,SECO CANYON RD,GUADILAMAR DR,184,N,N,A,-,N,NA,NA,NA,NA,NA,NA,NA,NA,NA,N,4,0,1,2,A,-,09,21804,A,N,C,C,A,A,H,-,A,D,0,NA,NA,NA,NA,Y,NA,A,01,0,0,1,0,0,0,0,0,0,-,-,NA,NA,LOS ANGELES,SANTA CLARITA,-118.53487197,34.44665352
6748940,2014,2015-02-03,1900,2014-12-03,1010,407364,0645,3,5,6,1985,0,0,0,NA,0,64T1D,NEWHALL RANCH RD,RYE CANYON RD,0,NA,Y,B,-,N,NA,NA,NA,NA,NA,NA,NA,NA,NA,Y,4,0,1,2,A,-,09,21453,C,N,D,C,A,B,H,-,A,A,0,NA,NA,NA,NA,Y,NA,A,01,0,0,1,0,0,0,0,0,0,-,-,NA,NA,LOS ANGELES,SANTA CLARITA,-118.57912009,34.44315009
6748941,2014,2015-02-03,1900,2014-12-03,1945,472724,0621,3,5,6,1985,0,0,0,NA,0,61T1,VALENCIA BL,MCBEAN PKWY,243,W,N,C,-,N,NA,NA,NA,NA,NA,NA,NA,NA,NA,Y,4,0,2,2,A,-,03,22350,NA,N,C,C,A,B,H,-,C,D,0,NA,NA,NA,NA,Y,NA,A,01,0,0,2,0,0,0,0,0,0,-,-,NA,NA,LOS ANGELES,SANTA CLARITA,-118.56079417,34.41325