CASE_ID,ACCIDENT_YEAR,PROC_DATE,JURIS,COLLISION_DATE,COLLISION_TIME,OFFICER_ID,REPORTING_DISTRICT,DAY_OF_WEEK,CHP_SHIFT,POPULATION,CNTY_CITY_LOC,SPECIAL_COND,BEAT_TYPE,CHP_BEAT_TYPE,CITY_DIVISION_LAPD,CHP_BEAT_CLASS,BEAT_NUMBER,PRIMARY_RD,SECONDARY_RD,DISTANCE,DIRECTION,INTERSECTION,WEATHER_1,WEATHER_2,STATE_HWY_IND,CALTRANS_COUNTY,CALTRANS_DISTRICT,STATE_ROUTE,ROUTE_SUFFIX,POSTMILE_PREFIX,POSTMILE,LOCATION_TYPE,RAMP_INTERSECTION,SIDE_OF_HWY,TOW_AWAY,COLLISION_SEVERITY,NUMBER_KILLED,NUMBER_INJURED,PARTY_COUNT,PRIMARY_COLL_FACTOR,PCF_CODE_OF_VIOL,PCF_VIOL_CATEGORY,PCF_VIOLATION,PCF_VIOL_SUBSECTION,HIT_AND_RUN,TYPE_OF_COLLISION,MVIW,PED_ACTION,ROAD_SURFACE,ROAD_COND_1,ROAD_COND_2,LIGHTING,CONTROL_DEVICE,CHP_ROAD_TYPE,PEDESTRIAN_ACCIDENT,BICYCLE_ACCIDENT,MOTORCYCLE_ACCIDENT,TRUCK_ACCIDENT,NOT_PRIVATE_PROPERTY,ALCOHOL_INVOLVED,STWD_VEHTYPE_AT_FAULT,CHP_VEHTYPE_AT_FAULT,COUNT_SEVERE_INJ,COUNT_VISIBLE_INJ,COUNT_COMPLAINT_PAIN,COUNT_PED_KILLED,COUNT_PED_INJURED,COUNT_BICYCLIST_KILLED,COUNT_BICYCLIST_INJURED,COUNT_MC_KILLED,COUNT_MC_INJURED,PRIMARY_RAMP,SECONDARY_RAMP,LATITUDE,LONGITUDE,COUNTY,CITY,POINT_X,POINT_Y
6750244,2014,2015-02-02,1942,2014-12-19,1830,38603,1958,5,5,7,1942,0,0,0,NA,0,9TL52,NAGLE AV,VARNA AV,75,S,N,B,-,N,NA,NA,NA,NA,NA,NA,NA,NA,NA,N,4,0,1,2,A,-,21,22106,NA,M,H,C,A,A,H,-,C,D,0,NA,NA,NA,NA,Y,NA,A,01,0,0,1,0,0,0,0,0,0,-,-,NA,NA,LOS ANGELES,LOS ANGELES,-118.44385517,34.24681063
6750248,2014,2015-01-29,1942,2014-12-20,0040,40643,1971,6,5,7,1942,0,0,0,NA,0,15T45,NORDHOFF ST,SEPULVEDA BL,110,W,N,A,-,N,NA,NA,NA,NA,NA,NA,NA,NA,NA,N,2,0,1,2,A,-,11,21955,NA,F,G,B,D,A,H,-,C,A,0,Y,NA,NA,NA,Y,NA,N,60,1,0,0,0,1,0,0,0,0,-,-,NA,NA,LOS ANGELES,LOS ANGELES,-118.46807329,34.23553
6750252,2014,2015-01-29,1942,2014-12-20,0035,37304,1658,6,5,7,1942,0,0,0,P,0,10T37,GREELEY ST,PINEWOOD AV,570,E,N,A,-,N,NA,NA,NA,NA,NA,NA,NA,NA,NA,Y,3,0,1,3,A,-,01,23152,A,N,D,E,A,A,H,-,C,D,0,NA,NA,NA,NA,Y,Y,A,01,0,1,0,0,0,0,0,0,0,-,-,NA,NA,LOS ANGELES,LOS ANGELES,-118.28405292,34.24883185
6750256,2014,2015-01-29,1942,2014-12-20,1855,34332,0905,6,5,7,1942,0,0,0,I,0,16T25,VISTA DEL MONTE AV,WYANDOTTE ST,0,NA,Y,B,-,N,NA,NA,NA,NA,NA,NA,NA,NA,NA,Y,4,0,2,2,A,-,12,21453,A,F,D,C,A,A,H,-,C,A,0,NA,NA,NA,NA,Y,NA,A,01,0,0,2,0,0,0,0,0,0,-,-,NA,NA,LOS ANGELES,LOS ANGELES,-118.45007013,34.20300001
6750260,2014,2015-01-29,1942,2014-12-20,1155,38603,0911,6,5,7,1942,0,0,0,I,0,9TL52,GAULT ST,SEPULVEDA BL,120,W,N,B,-,N,NA,NA,NA,NA,NA,NA,NA,NA,NA,Y,3,0,1,2,A,-,01,23152,A,M,C,E,A,A,H,-,A,D,0,NA,NA,NA,NA,Y,Y,A,07,0,1,0,0,0,0,0,0,0,-,-,NA,NA,LOS ANGELES,LOS ANGELES,-118.46659614,34.1993318
6750264,2014,2015-01-29,1942,2014-12-10,0805,38689,2115,3,5,7,1942,0,0,0,NA,0,21TL63,VALERIO ST,TOPANGA CANYON,38,W,N,A,-,N,NA,NA,NA,NA,NA,NA,NA,NA,NA,N,4,0,1,2,A,-,04,21703,NA,F,C,C,A,A,H,-,A,A,0,NA,NA,NA,NA,Y,NA,-,99,0,0,1,0,0,0,0,0,0,-,-,NA,NA,LOS ANGELES,LOS ANGELES,-118.60608547,34.20465
6750268,2014,2015-01-29,1942,2014-12-13,2310,32774,2187,6,5,7,1942,0,0,0,NA,0,15T45,DUMETZ RD,CANOGA AV,340,W,N,A,-,N,NA,NA,NA,NA,NA,NA,NA,NA,NA,Y,3,0,1,2,A,-,17,22109,NA,F,C,C,A,A,H,-,D,D,0,NA,NA,NA,NA,Y,NA,-,99,0,1,0,0,0,0,0,0,0,-,-,NA,NA,LOS ANGELES,LOS ANGELES,-118.59732146,34.15728236
6750271,2014,2015-01-29,1900,2014-12-01,2022,536339,0986,1,5,4,1979,0,0,0,NA,0,92T1,SUNSET BL,ALTA LOMA RD,50,E,N,B,-,N,NA,NA,NA,NA,NA,NA,NA,NA,NA,N,3,0,3,2,A,-,09,21804,A,N,A,C,A,A,H,-,C,D,0,NA,NA,NA,NA,Y,NA,A,07,0,1,2,0,0,0,0,0,0,-,-,NA,NA,LOS ANGELES,WEST HOLLYWOOD,-118.37765329,34.09358772
6750276,2014,2015-01-29,1942,2014-12-16,0219,40643,2103,2,5,7,1942,0,0,0,NA,0,9T53,TOPANGA CANYON BL,PARTHENIA ST,0,NA,Y,C,-,N,NA,NA,NA,NA,NA,NA,NA,NA,NA,Y,3,0,1,1,A,-,05,21650,NA,N,E,I,A,B,H,-,C,D,0,NA,NA,Y,NA,Y,NA,C,02,0,1,0,0,0,0,0,0,1,-,-,NA,NA,LOS ANGELES,LOS ANGELES,-118.60482005,34.22791001
6750279,2014,2015-01-29,1900,2014-12-02,1240,266037,0974,2,5,4,1979,0,0,0,NA,0,91T2,FAIRFAX AV,ROMAINE ST,225,N,N,C,-,N,NA,NA,NA,NA,NA,NA,NA,NA,NA,Y,3,0,2,1,A,-,03,22350,NA,N,E,I,A,B,H,-,A,B,0,NA,NA,NA,NA,Y,NA,A,01,0,2,0,0,0,0,0,0,0,-,-,NA,NA,LOS ANGELES,WEST HOLLYWOOD,-118.36156,34.08939705
6750280,2014,2015-01-29,1942,2014-12-18,2200,37304,1522,4,5,7,1942,0,0,0,O,0,10T37,ETHEL AV,SHERMAN WAY,20,S,N,A,-,N,NA,NA,NA,NA,NA,NA,NA,NA,NA,Y,3,0,2,1,A,-,01,23152,A,N,E,I,A,A,H,-,C,D,0,NA,NA,NA,NA,Y,NA,A,01,0,1,1,0,0,0,0,0,0,-,-,NA,NA,LOS ANGELES,LOS ANGELES,-118.41815,34.20114514
6750284,2014,2015-01-29,1942,2014-12-13,0005,38354,1025,6,5,7,1942,0,0,0,J,0,10T37,WHITE OAK AV,HART ST,133,S,N,B,-,N,NA,NA,NA,NA,NA,NA,NA,NA,NA,Y,4,0,1,4,A,-,03,22350,NA,F,C,C,A,A,H,-,C,A,0,NA,NA,NA,NA,Y,NA,A,01,0,0,1,0,0,0,0,0,0,-,-,NA,NA,LOS ANGELES,LOS ANGELES,-118.51858,34.19714517
6750288,2014,2015-01-29,1942,2014-12-18,2155,36565,1999,4,5,7,1942,0,0,0,NA,0,19T75,LANARK ST,CANTALOUPE AV,0,NA,Y,A,-,N,NA,NA,NA,NA,NA,NA,NA,NA,NA,Y,4,0,1,2,A,-,09,21802,A,F,D,C,A,A,H,-,C,A,0,NA,NA,NA,NA,Y,NA,A,01,0,0,1,0,0,0,0,0,0,-,-,NA,NA,LOS ANGELES,LOS ANGELES,-118.43415,34.21789003
6750292,2014,2015-01-29,1942,2014-12-19,1925,40184,1643,5,5,7,1942,0,0,0,P,0,16A35,PIERCE ST,SAN FERNANDO RD,50,W,N,A,-,N,NA,NA,NA,NA,NA,NA,NA,NA,NA,Y,4,0,2,2,A,-,01,23152,A,F,C,C,A,A,H,-,C,D,0,NA,NA,NA,NA,Y,Y,A,01,0,0,2,0,0,0,0,0,0,-,-,NA,NA,LOS ANGELES,LOS ANGELES,-118.41905604,34.26301136
6750296,2014,2016-02-18,1942,2014-12-08,2130,39096,1623,1,5,7,1942,0,0,0,P,0,17T13,CARL ST,PALA AV,400,E,N,A,-,N,NA,NA,NA,NA,NA,NA,NA,NA,NA,N,3,0,1,2,A,-,11,21954,A,F,G,B,D,A,H,-,C,D,0,Y,NA,NA,NA,Y,NA,N,60,0,1,0,0,1,0,0,0,0,-,-,NA,NA,LOS ANGELES,LOS ANGELES,-118.41766,34.26662
6750299,2014,2015-01-29,1900,2014-12-01,1437,526695,NA,1,5,5,1943,0,0,0,NA,0,212T3,PALM AV,LONG BEACH BL,0,NA,Y,B,-,N,NA,NA,NA,NA,NA,NA,NA,NA,NA,NA,4,0,1,2,A,-,12,22450,A,N,G,G,A,A,H,-,A,D,0,NA,Y,Y,NA,Y,NA,C,02,0,0,1,0,0,0,1,0,0,-,-,NA,NA,LOS ANGELES,LYNWOOD,-118.20921011,33.9137201
6750300,2014,2015-01-29,1942,2014-12-03,2145,39021,1668,3,5,7,1942,0,0,0,P,0,35T90,LA TUNA CANYON RD,TUJUNGA CANYON BL,5600,W,N,B,-,N,NA,NA,NA,NA,NA,NA,NA,NA,NA,Y,4,0,1,2,A,-,-,NA,NA,F,B,C,A,B,H,-,C,D,0,NA,NA,NA,NA,Y,NA,-,-,0,0,1,0,0,0,0,0,0,-,-,NA,NA,LOS ANGELES,LOS ANGELES,-118.28847052,34.23548505
6750315,2014,2015-01-29,1942,2014-12-02,2130,41477,1764,2,5,7,1942,0,0,0,Q,0,17A01,LASSEN ST,TAMPA,75,W,N,-,-,N,NA,NA,NA,NA,NA,NA,NA,NA,NA,Y,4,0,1,2,A,-,03,22350,NA,F,-,C,A,-,-,-,-,B,0,NA,NA,NA,NA,Y,NA,-,99,0,0,1,0,0,0,0,0,0,-,-,NA,NA,LOS ANGELES,LOS ANGELES,-118.55384772,34.24999613
6750319,2014,2015-01-29,1942,2014-12-17,0615,34420,1995,3,5,7,1942,0,0,0,NA,0,16TL25,VAN NUYS BL,LORNE ST,50,S,N,B,-,N,NA,NA,NA,NA,NA,NA,NA,NA,NA,N,4,0,1,3,A,-,03,22350,NA,F,C,C,A,B,H,-,C,D,0,NA,NA,NA,NA,Y,NA,-,99,0,0,1,0,0,0,0,0,0,-,-,NA,NA,LOS ANGELES,LOS ANGELES,-118.44878,34.21663285
6750328,2014,2015-01-09,1942,2014-09-23,0052,41591,0647,2,5,7,1942,0,0,0,F,0,6A45,HOLLYWOOD BL,GOWER ST,0,NA,Y,A,-,N,NA,NA,NA,NA,NA,NA,NA,NA,NA,N,4,0,1,2,A,-,12,21453,A,F,D,C,A,A,H,-,C,A,0,NA,NA,NA,NA,Y,NA,A,01,0,0,1,0,0,0,0,0,0,-,-,NA,NA,LOS ANGELES,LOS ANGELES,-118.32239002,34.10165006
6750344,2014,2015-01-22,1900,2014-09-18,2113,472742,0974,4,5,4,1979,0,0,0,NA,0,91T4,SANTA MONICA BL,CURSON AV,18,E,N,A,-,N,NA,NA,NA,NA,NA,NA,NA,NA,NA,N,4,0,1,2,A,-,09,21801,A,N,D,C,A,A,H,-,A,A,0,NA,NA,NA,NA,Y,NA,A,01,0,0,1,0,0,0,0,0,0,-,-,NA,NA,LOS ANGELES,WEST HOLLYWOOD,-118.35529066,34.09079
6750396,2014,2015-05-28,1942,2014-09-11,2115,37503,643,4,5,7,1942,0,0,0,NA,0,6A45,HIGHLAND AV,ODIN ST,0,NA,Y,A,-,N,NA,NA,NA,NA,NA,NA,NA,NA,NA,Y,4,0,1,2,A,-,03,22350,NA,F,D,C,A,A,H,-,C,A,0,NA,NA,NA,NA,Y,NA,-,99,0,0,1,0,0,0,0,0,0,-,-,NA,NA,LOS ANGELES,LOS ANGELES,-118.33646011,34.10990011
6750405,2014,2015-07-02,1942,2014-11-15,2240,40024,2038,6,5,7,1942,0,0,0,NA,0,20T59,7TH ST,SHATTO PL,8,E,N,A,-,N,NA,NA,NA,NA,NA,NA,NA,NA,NA,N,2,0,1,2,A,-,09,21801,A,F,B,C,A,A,H,-,C,D,0,NA,NA,Y,NA,Y,NA,-,99,1,0,0,0,0,0,0,0,1,-,-,NA,NA,LOS ANGELES,LOS ANGELES,-118.29030365,34.05974052
6750661,2014,2015-01-26,1900,2014-11-07,2345,438096,1321,5,5,5,1935,0,0,0,NA,0,132T1,MICHELSON ST,AUTRY AV,75,W,N,A,-,N,NA,NA,NA,NA,NA,NA,NA,NA,NA,Y,3,0,1,3,A,-,01,23152,A,N,B,E,A,A,H,-,C,D,0,NA,NA,NA,NA,Y,Y,-,NA,0,1,0,0,0,0,0,0,0,-,-,NA,NA,LOS ANGELES,LAKEWOOD,-118.12745651,33.85618
6750664,2014,2015-02-06,1976,2014-12-02,2040,297,NA,2,5,5,1976,0,0,0,NA,0,001,BAILEY ST,GREENLEAF AV,85,E,N,-,-,N,NA,NA,NA,NA,NA,NA,NA,NA,NA,Y,4,0,1,2,A,-,09,21804,A,N,H,D,A,C,B,-,C,A,0,NA,NA,NA,NA,Y,NA,A,01,0,0,1,0,0,0,0,0,0,-,-,NA,NA,LOS ANGELES,WHITTIER,-118.03710037,33.98087301
6750665,2014,2015-01-26,1976,2014-11-24,1033,HAUSE,WHITT,1,5,5,1976,0,0,0,NA,0,003,PAINTER AV,LA CUARTA ST,150,N,N,A,-,N,NA,NA,NA,NA,NA,NA,NA,NA,NA,N,4,0,1,2,A,-,11,21954,A,N,G,B,E,A,H,-,A,D,0,Y,NA,NA,NA,Y,NA,N,60,0,0,1,0,1,0,0,0,0,-,-,NA,NA,LOS ANGELES,WHITTIER,-118.03270611,33.96859111
6750669,2014,2015-01-26,1942,2014-11-02,0730,32963,1749,7,5,7,1942,0,0,0,Q,0,17A49,E ALLEY,HASKELL AV,15,E,N,-,-,N,NA,NA,NA,NA,NA,NA,NA,NA,NA,N,4,0,1,2,A,-,10,21950,C,F,G,B,F,-,-,-,-,D,0,Y,NA,NA,NA,Y,NA,-,99,0,0,1,0,1,0,0,0,0,-,-,NA,NA,LOS ANGELES,LOS ANGELES,NA,NA
6750670,2014,2015-01-26,1912,2014-11-16,1615,8981,BURBA,7,5,6,1912,0,0,0,NA,0,NA,SAN FERNANDO BL,BUENA VISTA,0,NA,Y,A,-,N,NA,NA,NA,NA,NA,NA,NA,NA,NA,N,4,0,1,2,D,-,00,NA,NA,M,G,B,E,A,H,-,B,D,0,Y,NA,NA,NA,Y,NA,-,-,0,0,1,0,1,0,0,0,0,-,-,NA,NA,LOS ANGELES,BURBANK,-118.33789005,34.19790005
6750673,2014,2015-01-26,1942,2014-11-14,1255,38444,0363,5,5,7,1942,0,0,0,C,0,3TL5,CRENSHAW BL,KING BL,120,S,N,A,-,N,NA,NA,NA,NA,NA,NA,NA,NA,NA,N,4,0,1,2,A,-,09,21804,A,N,H,G,A,A,H,-,A,D,0,NA,Y,NA,NA,Y,NA,A,01,0,0,1,0,0,0,1,0,0,-,-,NA,NA,LOS ANGELES,LOS ANGELES,-118.335124,34.010592
6750674,2014,2015-01-26,1931,2014-11-23,2237,5563,1931,7,5,5,1931,0,0,0,NA,0,003,SANTA FE AV,ZOE AV,0,NA,Y,A,-,N,NA,NA,NA,NA,NA,NA,NA,NA,NA,N,3,0,1,2,A,-,11,21955,NA,F,G,B,E,A,H,-,C,D,0,Y,NA,NA,NA,Y,Y,N,60,0,1,0,0,1,0,0,0,0,-,-,NA,NA,LOS ANGELES,HUNTINGTON PARK,-118.23030012,33.97951005
6750729,2014,2015-02-17,1902,2014-12-23,1749,732,29,2,5,5,1902,0,0,0,NA,0,005,SANTA ANITA AV,LAS FLORES AV,51,S,N,A,-,N,NA,NA,NA,NA,NA,NA,NA,NA,NA,N,4,0,1,2,A,-,03,22350,NA,N,C,C,A,A,H,-,C,D,0,NA,NA,NA,NA,Y,NA,-,NA,0,0,1,0,0,0,0,0,0,-,-,NA,NA,LOS ANGELES,ARCADIA,-118.03104589,34.11592021
6750788,2014,2015-01-27,1900,2014-11-16,1913,522643,0333,7,5,4,1939,0,0,0,NA,0,035,MANHATTAN BEACH BL,PRAIRIE AV,2,W,N,A,-,N,NA,NA,NA,NA,NA,NA,NA,NA,NA,N,4,0,1,1,A,-,08,22100,B,N,E,I,A,A,H,-,C,A,0,NA,NA,NA,NA,Y,NA,D,22,0,0,1,0,0,0,0,0,0,-,-,NA,NA,LOS ANGELES,LAWNDALE,-118.3438364,33.88738872
6750809,2014,2015-02-17,1955,2014-12-19,2250,30284,18,5,5,6,1955,0,0,0,NA,0,003,INDIAN HILL BL,SAN BERNARDINO AV,700,N,N,A,-,N,NA,NA,NA,NA,NA,NA,NA,NA,NA,Y,4,0,1,3,A,-,08,22107,NA,N,C,E,A,A,H,-,C,A,0,NA,NA,NA,NA,Y,NA,A,01,0,0,1,0,0,0,0,0,0,-,-,NA,NA,LOS ANGELES,POMONA,-117.71926,34.0777986
6750813,2014,2015-02-17,1955,2014-12-06,1443,41900,83,6,5,6,1955,0,0,0,NA,0,005,WHITE AV,MAYFAIR AV,32,N,N,A,-,N,NA,NA,NA,NA,NA,NA,NA,NA,NA,Y,4,0,2,2,A,-,03,22350,NA,N,C,C,A,A,H,-,A,D,0,NA,NA,NA,NA,Y,NA,D,22,0,0,2,0,0,0,0,0,0,-,-,NA,NA,LOS ANGELES,POMONA,-117.75821347,34.03895767
6750818,2014,2016-02-19,1900,2014-11-18,1500,527062,2603,2,5,6,1950,0,0,0,NA,0,263T1,PEAR BLOSSOM HWY,43RD ST EAST,19,E,N,A,-,N,NA,NA,NA,NA,NA,NA,NA,NA,NA,N,4,0,1,2,A,-,08,21460,5,N,D,C,A,A,H,-,A,A,0,NA,NA,NA,NA,Y,NA,A,01,0,0,1,0,0,0,0,0,0,-,-,NA,NA,LOS ANGELES,PALMDALE,-118.05108705,34.54274
6750829,2014,2015-02-17,1955,2014-12-08,1616,40624,7,1,5,6,1955,0,0,0,NA,0,003,PALOMARES ST,MONTEREY AV,0,NA,Y,A,-,N,NA,NA,NA,NA,NA,NA,NA,NA,NA,Y,4,0,1,2,A,-,12,22450,A,N,D,C,A,A,H,-,A,A,0,NA,NA,NA,NA,Y,NA,A,01,0,0,1,0,0,0,0,0,0,-,-,NA,NA,LOS ANGELES,POMONA,-117.74588001,34.06064004
6750834,2014,2015-01-30,1900,2014-11-29,1310,491337,2607,6,5,6,1950,0,0,0,NA,0,262T1,47TH ST,AVENUE R-12,173,S,N,A,-,N,NA,NA,NA,NA,NA,NA,NA,NA,NA,Y,4,0,2,2,A,-,03,22350,NA,M,C,C,A,A,H,-,A,D,0,NA,NA,NA,NA,Y,NA,D,22,0,0,2,0,0,0,0,0,0,-,-,NA,NA,LOS ANGELES,PALMDALE,-118.04517,34.56078576
6750837,2014,2015-03-03,1955,2014-11-30,1934,41897,0091,7,5,6,1955,0,0,0,NA,0,004,E MISSION BL,RESERVOIR ST,0,NA,Y,B,C,N,NA,NA,NA,NA,NA,NA,NA,NA,NA,Y,4,0,2,2,A,-,09,21801,A,N,A,C,A,B,H,-,C,A,0,NA,NA,NA,Y,Y,NA,F,26,0,0,2,0,0,0,0,0,0,-,-,NA,NA,LOS ANGELES,POMONA,-117.73261011,34.05554009
6750841,2014,2015-02-17,1955,2014-12-05,1648,40620,100,5,5,6,1955,0,0,0,NA,0,003,TOWNE AV,CENTER ST,0,NA,Y,B,-,N,NA,NA,NA,NA,NA,NA,NA,NA,NA,Y,3,0,3,2,A,-,09,21801,A,N,A,C,A,A,H,-,C,D,0,NA,NA,NA,NA,Y,NA,D,22,0,1,2,0,0,0,0,0,0,-,-,NA,NA,LOS ANGELES,POMONA,-117.74154003,34.06165006
6750849,2014,2015-02-05,1955,2014-11-29,1141,41897,0097,6,5,6,1955,0,0,0,NA,0,004,EAST 4TH ST,RESERVOIR ST,400,E,N,A,-,N,NA,NA,NA,NA,NA,NA,NA,NA,NA,N,3,0,1,2,A,-,09,21801,A,N,D,C,A,A,H,-,A,D,0,NA,NA,NA,Y,Y,NA,A,01,0,1,0,0,0,0,0,0,0,-,-,NA,NA,LOS ANGELES,POMONA,-117.73129381,34.05646409
6750850,2014,2015-01-28,1900,2014-11-24,1030,253807,2612,1,5,6,1950,0,0,0,NA,0,261T1,RANCHO VISTA BL,28TH ST WEST,200,E,N,A,-,N,NA,NA,NA,NA,NA,NA,NA,NA,NA,N,4,0,2,2,A,-,04,21703,NA,N,C,C,A,A,H,-,A,D,0,NA,NA,NA,NA,Y,NA,A,01,0,0,2,0,0,0,0,0,0,-,-,NA,NA,LOS ANGELES,PALMDALE,-118.180144,34.601733
6750853,2014,2016-02-17,1955,2014-12-11,1408,30381,14,4,5,6,1955,0,0,0,NA,0,003,HOLT AV,CLARK AV,0,NA,Y,A,-,N,NA,NA,NA,NA,NA,NA,NA,NA,NA,Y,3,0,1,2,A,-,12,21453,A,N,A,C,A,A,H,-,A,A,0,NA,NA,NA,NA,Y,NA,D,22,0,1,0,0,0,0,0,0,0,-,-,NA,NA,LOS ANGELES,POMONA,-117.72930005,34.06289004
6750869,2014,2015-02-10,1969,2014-12-29,2140,10130,PATRO,1,5,5,1969,0,0,0,NA,0,002,CALIFORNIA AV,TWEEDY BL,0,NA,Y,A,-,N,NA,NA,NA,NA,NA,NA,NA,NA,NA,Y,4,0,2,2,A,-,09,21801,A,N,D,C,A,A,H,-,C,A,0,NA,NA,NA,NA,Y,NA,D,22,0,0,2,0,0,0,0,0,0,-,-,NA,NA,LOS ANGELES,SOUTH GATE,-118.20754006,33.94440003
6750891,2014,2015-07-22,1955,2014-12-09,1432,30354,31,2,5,6,1955,0,0,0,NA,0,002,GAREY AV,DRAKE ST,0,NA,Y,A,-,N,NA,NA,NA,NA,NA,NA,NA,NA,NA,N,4,0,1,2,A,-,05,21651,B,M,A,G,A,-,H,-,A,A,0,NA,Y,NA,NA,Y,NA,A,01,0,0,1,0,0,0,1,0,0,-,-,NA,NA,LOS ANGELES,POMONA,-117.74858002,34.10603006
6750899,2014,2015-07-27,1955,2014-12-11,1448,30354,43,4,5,6,1955,0,0,0,NA,0,001,FAIRPLEX DR,RT 10,0,NA,Y,A,-,Y,NA,NA,NA,NA,NA,NA,NA,NA,NA,N,4,0,1,2,A,-,12,21453,A,N,B,C,A,A,H,-,A,A,0,NA,NA,NA,NA,Y,NA,-,-,0,0,1,0,0,0,0,0,0,-,EF,NA,NA,LOS ANGELES,POMONA,-117.78763002,34.07269001
6751036,2014,2015-07-20,1942,2014-12-20,0045,36305,411,6,5,7,1942,0,0,0,NA,0,1A85,PASADENA,BROADWAY,18,W,N,A,-,N,NA,NA,NA,NA,NA,NA,NA,NA,NA,Y,4,0,1,1,A,-,01,23152,A,N,E,I,A,A,H,-,C,D,0,NA,NA,NA,NA,Y,NA,A,01,0,0,1,0,0,0,0,0,0,-,-,NA,NA,LOS ANGELES,LOS ANGELES,-118.22416,34.07202
6751188,2014,2016-02-18,1913,2014-12-20,1114,3831,46,6,5,4,1913,0,0,0,NA,0,003,BASELINE RD,TOWNE AV,0,NA,Y,A,-,N,NA,NA,NA,NA,NA,NA,NA,NA,NA,Y,4,0,2,2,A,-,09,21801,A,N,-,C,A,A,H,-,A,A,0,NA,NA,NA,NA,Y,NA,A,01,0,0,2,0,0,0,0,0,0,-,-,NA,NA,LOS ANGELES,CLAREMONT,-117.73647011,34.12164009
6751192,2014,2015-07-18,1913,2014-12-18,0733,3831,NA,4,5,4,1913,0,0,0,NA,0,004,FOOTHILL BL,HARVARD AV,55,W,N,A,-,N,NA,NA,NA,NA,NA,NA,NA,NA,NA,Y,4,0,5,2,A,-,03,22350,NA,N,C,C,A,A,H,-,A,A,0,NA,NA,NA,NA,Y,NA,A,01,0,0,5,0,0,0,0,0,0,-,-,NA,NA,LOS ANGELES,CLAREMONT,-117.71688121,34.10718776
6751283,2014,2015-01-06,1900,2014-10-28,0835,526288,1332,2,5,5,1908,0,0,0,NA,0,133T1,CLARK AV,FOSTER RD,0,NA,Y,A,-,N,NA,NA,NA,NA,NA,NA,NA,NA,NA,Y,4,0,1,2,A,-,09,21801,A,N,A,C,A,A,H,-,A,A,0,NA,NA,NA,NA,Y,NA,A,01,0,0,1,0,0,0,0,0,0,-,-,NA,NA,LOS ANGELES,BELLFLOWER,-118.13413008,33.90973008
6751287,2014,2015-01-06,1900,2014-10-31,2129,528297,1335,5,5,5,1908,0,0,0,NA,0,133T1,DOWNEY AV,RAMONA ST,66,N,N,A,-,N,NA,NA,NA,NA,NA,NA,NA,NA,NA,N,4,0,1,2,A,-,04,21703,NA,N,C,C,A,A,H,-,C,D,0,NA,NA,NA,NA,Y,NA,A,NA,0,0,1,0,0,0,0,0,0,-,-,NA,NA,LOS ANGELES,BELLFLOWER,-118.15129,33.87307099
6751300,2014,2016-06-24,1976,2014-10-26,2225,328,NA,7,5,5,1976,0,0,0,NA,0,002,HADLEY ST,WHITTIER BL,9,N,N,A,-,Y,LA,7,72,-,-,5.501,I,5,N,Y,4,0,1,2,A,-,12,21453,A,N,H,G,A,A,H,-,C,A,0,NA,Y,NA,NA,Y,NA,L,04,0,0,1,0,0,0,1,0,0,-,-,NA,NA,LOS ANGELES,WHITTIER,-118.05372607,33.98297323
6751303,2014,2015-01-06,9535,2014-10-15,1855,19135,NA,3,2,9,1900,0,3,5,NA,2,002,DITMAN AV,LANFRANCO ST,100,N,N,A,-,N,NA,NA,NA,NA,NA,NA,NA,NA,NA,N,4,0,1,2,A,-,11,21954,A,N,G,B,D,A,H,-,C,D,0,Y,NA,NA,NA,Y,NA,N,60,0,0,1,0,1,0,0,0,0,-,-,34.02957,-118.18889,LOS ANGELES,UNINCORPORATED,-118.18932283,34.02956422
6751308,2014,2015-01-06,1900,2014-10-24,1315,472742,0973,5,5,4,1979,0,0,0,NA,0,91T4,FULLER AV,SANTA MONICA BL,0,NA,Y,A,-,N,NA,NA,NA,NA,NA,NA,NA,NA,NA,N,4,0,1,2,A,-,10,21950,A,N,G,B,B,A,H,-,A,A,0,Y,NA,NA,NA,Y,NA,A,01,0,0,1,0,1,0,0,0,0,-,-,NA,NA,LOS ANGELES,WEST HOLLYWOOD,-118.35010007,34.09076003
6751312,2014,2015-01-07,1900,2014-10-31,1021,472742,0972,5,5,4,1979,0,0,0,NA,0,91T4,MELROSE AV,CROFT AV,18,W,N,A,-,N,NA,NA,NA,NA,NA,NA,NA,NA,NA,Y,3,0,1,2,A,-,08,22102,NA,N,D,C,A,A,H,-,A,D,0,NA,NA,NA,NA,Y,NA,A,07,0,1,0,0,0,0,0,0,0,-,-,NA,NA,LOS ANGELES,WEST HOLLYWOOD,-118.37438124,34.0829751
6751319,2014,2015-01-06,1900,2014-10-27,1430,531120,1334,1,5,5,1908,0,0,0,NA,0,133,WOODRUFF AV,FLOWER ST,0,NA,Y,A,-,N,NA,NA,NA,NA,NA,NA,NA,NA,NA,Y,2,0,1,2,A,-,09,21801,A,N,D,C,A,A,H,-,A,A,0,NA,NA,NA,NA,Y,NA,A,01,1,0,0,0,0,0,0,0,0,-,-,NA,NA,LOS ANGELES,BELLFLOWER,NA,NA
6751323,2014,2015-01-06,1900,2014-10-31,2100,551356,1369,5,5,5,1952,0,0,0,NA,0,136F,ALONDRA BL,PASSAGE AV,150,W,N,C,-,N,NA,NA,NA,NA,NA,NA,NA,NA,NA,N,4,0,1,2,A,-,09,21804,A,N,C,C,A,B,H,-,C,D,0,NA,NA,NA,NA,Y,NA,A,NA,0,0,1,0,0,0,0,0,0,-,-,NA,NA,LOS ANGELES,PARAMOUNT,-118.14927317,33.8892944