CASE_ID,ACCIDENT_YEAR,PROC_DATE,JURIS,COLLISION_DATE,COLLISION_TIME,OFFICER_ID,REPORTING_DISTRICT,DAY_OF_WEEK,CHP_SHIFT,POPULATION,CNTY_CITY_LOC,SPECIAL_COND,BEAT_TYPE,CHP_BEAT_TYPE,CITY_DIVISION_LAPD,CHP_BEAT_CLASS,BEAT_NUMBER,PRIMARY_RD,SECONDARY_RD,DISTANCE,DIRECTION,INTERSECTION,WEATHER_1,WEATHER_2,STATE_HWY_IND,CALTRANS_COUNTY,CALTRANS_DISTRICT,STATE_ROUTE,ROUTE_SUFFIX,POSTMILE_PREFIX,POSTMILE,LOCATION_TYPE,RAMP_INTERSECTION,SIDE_OF_HWY,TOW_AWAY,COLLISION_SEVERITY,NUMBER_KILLED,NUMBER_INJURED,PARTY_COUNT,PRIMARY_COLL_FACTOR,PCF_CODE_OF_VIOL,PCF_VIOL_CATEGORY,PCF_VIOLATION,PCF_VIOL_SUBSECTION,HIT_AND_RUN,TYPE_OF_COLLISION,MVIW,PED_ACTION,ROAD_SURFACE,ROAD_COND_1,ROAD_COND_2,LIGHTING,CONTROL_DEVICE,CHP_ROAD_TYPE,PEDESTRIAN_ACCIDENT,BICYCLE_ACCIDENT,MOTORCYCLE_ACCIDENT,TRUCK_ACCIDENT,NOT_PRIVATE_PROPERTY,ALCOHOL_INVOLVED,STWD_VEHTYPE_AT_FAULT,CHP_VEHTYPE_AT_FAULT,COUNT_SEVERE_INJ,COUNT_VISIBLE_INJ,COUNT_COMPLAINT_PAIN,COUNT_PED_KILLED,COUNT_PED_INJURED,COUNT_BICYCLIST_KILLED,COUNT_BICYCLIST_INJURED,COUNT_MC_KILLED,COUNT_MC_INJURED,PRIMARY_RAMP,SECONDARY_RAMP,LATITUDE,LONGITUDE,COUNTY,CITY,POINT_X,POINT_Y
6753199,2014,2015-02-09,9590,2014-12-13,1910,20677,NA,6,2,7,1942,0,1,2,NA,2,073,RT 101,PILGRIMAGE BRIDGE,500,N,N,A,-,Y,NA,NA,101,NA,NA,NA,NA,NA,NA,Y,4,0,1,4,A,-,03,22350,NA,N,C,C,A,A,H,-,D,D,0,NA,NA,NA,NA,Y,NA,D,22,0,0,1,0,0,0,0,0,0,-,-,34.11863,-118.33791,LOS ANGELES,LOS ANGELES,-118.33793733,34.11861664
6753202,2015,2015-02-23,1972,2015-01-02,1020,18263,NA,5,5,6,1972,0,0,0,NA,0,NA,LOMITA,MEDICAL CENTER DR,130,W,N,A,-,N,NA,NA,NA,NA,NA,NA,NA,NA,NA,N,4,0,3,2,A,-,03,22350,NA,N,C,C,A,A,H,-,A,D,0,NA,NA,NA,NA,Y,NA,A,NA,0,0,3,0,0,0,0,0,0,-,-,NA,NA,LOS ANGELES,TORRANCE,-118.34520963,33.81327345
6753206,2015,2015-02-23,1972,2015-01-04,1246,15555,NA,7,5,6,1972,0,0,0,NA,0,NA,MAPLE AV,CALIFORNIA ST,0,NA,Y,A,-,N,NA,NA,NA,NA,NA,NA,NA,NA,NA,Y,3,0,1,2,A,-,09,21802,A,N,D,C,A,A,H,-,A,A,0,NA,NA,NA,NA,Y,NA,A,NA,0,1,0,0,0,0,0,0,0,-,-,NA,NA,LOS ANGELES,TORRANCE,-118.34012004,33.84179003
6753210,2015,2015-02-23,1942,2015-01-02,1912,40325,1391,5,5,7,1942,0,0,0,M,0,2T15,BROADWAY,FLORENCE AV,0,NA,Y,A,-,N,NA,NA,NA,NA,NA,NA,NA,NA,NA,N,4,0,1,2,A,-,12,21453,A,F,D,C,A,A,H,-,C,A,0,NA,NA,NA,NA,Y,NA,A,07,0,0,1,0,0,0,0,0,0,-,-,NA,NA,LOS ANGELES,LOS ANGELES,-118.27833007,33.97466012
6753214,2015,2015-02-23,1942,2015-01-01,0325,39062,0122,4,5,7,1942,0,0,0,A,0,1T11,TEMPLE ST,GRAND AV,0,NA,Y,A,-,N,NA,NA,NA,NA,NA,NA,NA,NA,NA,N,4,0,1,2,A,-,12,21453,A,N,D,C,A,A,H,-,C,A,0,NA,NA,NA,NA,Y,NA,A,01,0,0,1,0,0,0,0,0,0,-,-,NA,NA,LOS ANGELES,LOS ANGELES,-118.24644005,34.05814008
6753218,2015,2015-02-23,1942,2015-01-04,0620,37952,0111,7,5,7,1942,0,0,0,A,0,1TL24,CESAR E CHAVEZ AV,BUNKER HILL AV,50,E,N,A,-,N,NA,NA,NA,NA,NA,NA,NA,NA,NA,Y,4,0,1,2,A,-,03,22350,NA,N,C,C,A,A,H,-,C,D,0,NA,NA,NA,NA,Y,NA,A,07,0,0,1,0,0,0,0,0,0,-,-,NA,NA,LOS ANGELES,LOS ANGELES,-118.24453218,34.06116415
6753222,2015,2015-02-23,1942,2015-01-04,1620,38789,0415,7,5,7,1942,0,0,0,D,0,2T28,BROADWAY BL,DALY AV,0,NA,Y,A,-,N,NA,NA,NA,NA,NA,NA,NA,NA,NA,Y,4,0,1,2,A,-,09,21801,A,N,D,C,A,A,H,-,A,A,0,NA,NA,NA,NA,Y,NA,A,01,0,0,1,0,0,0,0,0,0,-,-,NA,NA,LOS ANGELES,LOS ANGELES,-118.21561007,34.07364004
6753226,2015,2015-02-23,1942,2015-01-02,1015,40008,0233,5,5,7,1942,0,0,0,B,0,4T43,BEVERLY BL,OCCIDENTAL,20,W,N,A,-,N,NA,NA,NA,NA,NA,NA,NA,NA,NA,N,4,0,1,2,A,-,21,22106,NA,N,D,C,A,A,H,-,A,D,0,NA,NA,NA,NA,Y,NA,A,08,0,0,1,0,0,0,0,0,0,-,-,NA,NA,LOS ANGELES,LOS ANGELES,-118.28020881,34.07096476
6753234,2015,2016-09-08,1972,2015-01-04,1259,18059,NA,7,5,6,1972,0,0,0,NA,0,NA,HAWTHORNE,186TH ST,200,N,N,A,-,Y,LA,7,107,-,-,3.98,H,-,N,Y,4,0,2,2,A,-,03,22350,NA,N,C,C,A,A,H,-,A,A,0,NA,NA,NA,NA,Y,NA,A,NA,0,0,2,0,0,0,0,0,0,-,-,NA,NA,LOS ANGELES,TORRANCE,-118.35245598,33.86245192
6753238,2015,2015-02-23,1972,2015-01-03,0756,18876,NA,6,5,6,1972,0,0,0,NA,0,NA,TORRANCE BL,CRENSHAW BL,0,NA,Y,A,-,N,NA,NA,NA,NA,NA,NA,NA,NA,NA,Y,4,0,2,2,A,-,12,21453,A,N,D,C,A,A,H,-,A,A,0,NA,NA,NA,NA,Y,NA,A,NA,0,0,2,0,0,0,0,0,0,-,-,NA,NA,LOS ANGELES,TORRANCE,-118.32871004,33.83634007
6753242,2015,2015-02-23,1972,2015-01-02,1038,17649,NA,5,5,6,1972,0,0,0,NA,0,NA,SEPULVEDA BL,HICKORY AV,0,NA,Y,A,-,N,NA,NA,NA,NA,NA,NA,NA,NA,NA,Y,4,0,1,2,A,-,12,21453,A,N,D,C,A,A,H,-,A,A,0,NA,NA,NA,NA,Y,NA,A,NA,0,0,1,0,0,0,0,0,0,-,-,NA,NA,LOS ANGELES,TORRANCE,-118.3345201,33.82310008
6753244,2015,2015-02-19,1906,2015-01-10,1930,1791,1906,6,5,5,1906,0,0,0,NA,0,002,LOS ANGELES ST,CENTER ST,0,NA,Y,C,-,N,NA,NA,NA,NA,NA,NA,NA,NA,NA,Y,4,0,2,2,A,-,09,21801,A,N,D,C,A,B,H,-,C,A,0,NA,NA,NA,NA,Y,NA,A,01,0,0,2,0,0,0,0,0,0,-,-,NA,NA,LOS ANGELES,BALDWIN PARK,-117.97797009,34.09208011
6753246,2015,2015-02-23,1972,2015-01-01,2021,19522,NA,4,5,6,1972,0,0,0,NA,0,NA,DEL AMO BL,VAN NESS AV,30,W,N,A,-,N,NA,NA,NA,NA,NA,NA,NA,NA,NA,Y,3,0,1,1,A,-,08,22107,NA,N,E,I,A,A,H,-,C,A,0,NA,NA,Y,NA,Y,NA,C,NA,0,1,0,0,0,0,0,0,1,-,-,NA,NA,LOS ANGELES,TORRANCE,-118.31786446,33.84681638
6753248,2015,2015-03-02,1906,2015-01-03,1729,2899,1906,6,5,5,1906,0,0,0,NA,0,001,FRANCISQUITO AV,FRANCISQUITO AV 13362,0,NA,Y,A,-,N,NA,NA,NA,NA,NA,NA,NA,NA,NA,N,4,0,1,2,A,-,08,22107,NA,F,B,G,A,A,H,-,B,D,0,NA,Y,NA,NA,Y,NA,A,01,0,0,1,0,0,0,1,0,0,-,-,NA,NA,LOS ANGELES,BALDWIN PARK,-117.980981,34.073616
6753250,2015,2016-09-08,1972,2015-01-03,1734,18059,NA,6,5,6,1972,0,0,0,NA,0,NA,HAWTHORNE,PACIFIC COAST HWY,200,N,N,A,-,Y,LA,7,107,-,-,0.04,H,-,S,Y,4,0,2,2,A,-,09,21801,A,N,D,C,A,A,H,-,C,D,0,NA,NA,NA,NA,Y,NA,A,NA,0,0,2,0,0,0,0,0,0,-,-,NA,NA,LOS ANGELES,TORRANCE,-118.35120124,33.80568306
6753251,2015,2015-02-19,1967,2015-01-08,1210,40217,904,4,5,2,1967,0,0,0,NA,0,NORTH,SPRING,CALIFORNIA AV,0,NA,Y,A,-,N,NA,NA,NA,NA,NA,NA,NA,NA,NA,Y,3,0,1,2,A,-,09,21801,A,N,A,C,A,A,H,-,A,A,0,NA,NA,NA,NA,Y,NA,A,01,0,1,0,0,0,0,0,0,0,-,-,NA,NA,LOS ANGELES,SIGNAL HILL,-118.18069009,33.81167003
6753254,2015,2015-02-23,1972,2015-01-05,1751,18874,NA,1,5,6,1972,0,0,0,NA,0,NA,EARL ST,EMERALD ST,480,N,N,A,-,N,NA,NA,NA,NA,NA,NA,NA,NA,NA,N,3,0,1,2,A,-,08,22107,NA,N,B,G,A,A,H,-,C,D,0,NA,Y,NA,NA,Y,Y,L,NA,0,1,0,0,0,0,1,0,0,-,-,NA,NA,LOS ANGELES,TORRANCE,-118.35806675,33.84267653
6753258,2015,2015-02-23,1972,2015-01-06,1404,18874,NA,2,5,6,1972,0,0,0,NA,0,NA,SEPULVEDA BL,ERIEL AV,0,NA,Y,A,-,N,NA,NA,NA,NA,NA,NA,NA,NA,NA,Y,4,0,1,3,A,-,09,21801,A,N,D,C,A,A,H,-,A,D,0,NA,NA,NA,NA,Y,NA,D,NA,0,0,1,0,0,0,0,0,0,-,-,NA,NA,LOS ANGELES,TORRANCE,-118.33019009,33.82223004
6753272,2015,2015-02-19,1965,2015-01-04,0704,3693,0B3F,7,5,5,1965,0,0,0,NA,0,B003,MICHIGAN AV,22ND ST,0,NA,Y,A,-,N,NA,NA,NA,NA,NA,NA,NA,NA,NA,Y,4,0,1,1,A,-,01,23152,A,N,E,I,A,A,H,-,A,D,0,NA,NA,NA,NA,Y,Y,A,07,0,0,1,0,0,0,0,0,0,-,-,NA,NA,LOS ANGELES,SANTA MONICA,-118.47163009,34.02449006
6753276,2015,2015-02-19,1965,2015-01-03,0126,3804,0B1G,6,5,5,1965,0,0,0,NA,0,B001,OLYMPIC DR,4TH ST,0,NA,Y,A,-,N,NA,NA,NA,NA,NA,NA,NA,NA,NA,N,4,0,1,2,A,-,12,21453,A,N,D,G,A,A,H,-,C,A,0,NA,Y,NA,NA,Y,NA,L,04,0,0,1,0,0,0,1,0,0,-,-,NA,NA,LOS ANGELES,SANTA MONICA,-118.49003008,34.01205003
6753280,2015,2015-02-19,1965,2015-01-08,0928,3553,0B3F,4,5,5,1965,0,0,0,NA,0,B003,CLOVERFIELD BL,MICHIGAN AV,331,N,N,A,-,N,NA,NA,NA,NA,NA,NA,NA,NA,NA,N,4,0,2,2,A,-,03,22350,NA,N,C,C,A,A,H,-,A,D,0,NA,NA,NA,NA,Y,NA,A,01,0,0,2,0,0,0,0,0,0,-,-,NA,NA,LOS ANGELES,SANTA MONICA,-118.4711771,34.02608964
6753284,2014,2015-02-10,9590,2014-12-04,0710,15178,NA,4,1,7,1942,0,1,1,NA,2,053,RT 110,PICO BL,200,N,N,A,-,Y,NA,NA,110,NA,NA,NA,NA,NA,NA,Y,4,0,2,3,A,-,03,22350,NA,N,C,C,A,A,H,-,A,D,0,NA,NA,NA,NA,Y,NA,A,01,0,0,2,0,0,0,0,0,0,-,-,34.04149,-118.27382,LOS ANGELES,LOS ANGELES,-118.27356399,34.04141208
6753286,2014,2015-01-28,9580,2014-11-03,1335,017228,NA,1,1,7,1942,0,1,3,NA,2,170,RT 170,SHERMAN WAY,200,N,N,A,-,Y,NA,NA,170,NA,NA,NA,NA,NA,NA,N,4,0,1,2,A,-,07,21658,A,N,B,C,A,A,H,-,A,D,0,NA,NA,NA,Y,Y,NA,A,01,0,0,1,0,0,0,0,0,0,-,-,34.2053,-118.40535,LOS ANGELES,LOS ANGELES,-118.40544275,34.20526093
6753287,2014,2015-01-28,9580,2014-11-06,1615,18322,NA,4,2,7,1942,0,1,3,NA,2,116,RT 118,PORTER RANCH DR,528,E,N,A,-,Y,NA,NA,118,NA,NA,NA,NA,NA,NA,Y,4,0,1,3,A,-,03,22350,NA,N,C,C,A,A,H,-,A,A,0,NA,NA,NA,NA,Y,NA,D,22,0,0,1,0,0,0,0,0,0,FR,-,34.27305,-118.5682,LOS ANGELES,LOS ANGELES,-118.56818802,34.273279960000004
6753288,2014,2015-02-10,9590,2014-12-07,0430,20753,NA,7,3,7,1942,0,1,1,NA,2,060,RT 10,HAUSER ST,50,E,N,A,-,Y,NA,NA,10,NA,NA,NA,NA,NA,NA,Y,3,0,1,1,A,-,01,23152,A,N,E,I,A,A,H,-,C,D,0,NA,NA,NA,NA,Y,Y,A,01,0,1,0,0,0,0,0,0,0,-,-,34.03364,-118.36092,LOS ANGELES,LOS ANGELES,-118.36092,34.03374563
6753298,2014,2015-01-28,9580,2014-11-02,2210,020404,NA,7,3,7,1942,0,1,3,NA,2,170,RT 170,SHELDON ST,100,S,N,A,-,Y,NA,NA,170,NA,NA,NA,NA,NA,NA,Y,4,0,1,2,A,-,01,23152,A,N,E,J,A,A,H,-,C,D,0,NA,NA,NA,NA,Y,Y,D,22,0,0,1,0,0,0,0,0,0,-,-,34.22738,-118.41054,LOS ANGELES,LOS ANGELES,-118.4106138,34.22740547
6753299,2014,2015-03-12,9580,2014-11-06,0615,019952,NA,4,1,7,1942,0,1,2,NA,2,102,RT 101,BALBOA BL,1320,S,N,-,-,Y,NA,NA,101,NA,NA,NA,NA,NA,NA,Y,3,0,4,4,A,-,03,22350,NA,N,C,C,A,A,H,-,A,D,0,NA,NA,NA,NA,Y,NA,A,07,0,2,2,0,0,0,0,0,0,-,-,34.16774,-118.49684,LOS ANGELES,LOS ANGELES,-118.4968375,34.16774387
6753300,2014,2015-02-10,9590,2014-12-05,0255,20527,NA,5,3,7,1942,0,1,1,NA,2,063,RT 10,FIGUEROA ST,500,W,N,A,-,Y,NA,NA,10,NA,NA,NA,NA,NA,NA,Y,4,0,1,1,A,-,01,23152,A,N,E,I,A,A,H,-,C,D,0,NA,NA,NA,NA,Y,Y,A,01,0,0,1,0,0,0,0,0,0,TO,-,34.03579,-118.26832,LOS ANGELES,LOS ANGELES,-118.2685074,34.03549766
6753304,2014,2015-02-10,9590,2014-12-05,1520,20342,NA,5,2,7,1942,0,1,1,NA,2,053,RT 110,11TH ST,50,N,N,A,-,Y,NA,NA,110,NA,NA,NA,NA,NA,NA,Y,3,0,1,1,A,-,08,22107,NA,N,F,A,A,A,H,-,A,D,0,NA,NA,Y,NA,Y,NA,C,02,0,1,0,0,0,0,0,0,1,-,-,34.04575,-118.27054,LOS ANGELES,LOS ANGELES,-118.27045758,34.04563396
6753307,2014,2015-01-28,9580,2014-11-05,1745,18185,NA,3,2,7,1942,0,1,3,NA,2,116,RT 118,DE SOTO AV,528,E,N,A,-,Y,NA,NA,118,NA,NA,NA,NA,NA,NA,Y,4,0,1,4,A,-,03,22350,NA,N,C,C,A,A,H,-,C,D,0,NA,NA,NA,NA,Y,NA,D,22,0,0,1,0,0,0,0,0,0,-,-,34.27336,-118.58577,LOS ANGELES,LOS ANGELES,-118.58577029,34.27333784
6753308,2014,2015-02-10,9590,2014-12-06,1531,19146,NA,6,2,7,1942,0,1,3,NA,2,031,RT 5,MAIN ST,150,N,N,A,-,Y,NA,NA,5,NA,NA,NA,NA,NA,NA,N,4,0,1,2,A,-,03,22350,NA,N,C,C,A,A,H,-,A,D,0,NA,NA,NA,NA,Y,NA,A,01,0,0,1,0,0,0,0,0,0,-,-,34.06665,-118.21641,LOS ANGELES,LOS ANGELES,-118.21641188,34.06664992
6753312,2014,2015-02-10,9590,2014-12-06,0217,20352,NA,6,3,7,1942,0,1,1,NA,2,053,RT 10,WASHINGTON BL,450,E,N,A,-,Y,NA,NA,NA,NA,NA,NA,NA,NA,NA,Y,3,0,1,1,A,-,01,23152,A,N,E,I,A,A,H,-,C,D,0,NA,NA,NA,NA,Y,Y,A,01,0,1,0,0,0,0,0,0,0,TO,-,34.03267,-118.27493,LOS ANGELES,LOS ANGELES,-118.36702439,34.03464198
6753314,2014,2015-01-28,9580,2014-11-04,1615,018185,NA,2,2,7,1942,0,1,1,NA,2,407,RT 405,NORDHOFF ST,1056,N,N,A,-,Y,NA,NA,405,NA,NA,NA,NA,NA,NA,Y,3,0,3,3,A,-,03,22350,NA,M,C,C,A,A,H,-,A,D,0,NA,NA,NA,NA,Y,NA,A,01,0,1,2,0,0,0,0,0,0,-,-,34.24452,-118.4732,LOS ANGELES,LOS ANGELES,-118.47309201,34.24451884
6753315,2015,2015-02-23,1942,2015-01-03,2020,30083,0235,6,5,7,1942,0,0,0,B,0,11T21,ALVARADO ST,BEVERLY BL,30,S,N,A,-,N,NA,NA,NA,NA,NA,NA,NA,NA,NA,N,4,0,1,2,A,-,03,22350,A,F,C,C,A,A,H,-,C,D,0,NA,NA,NA,NA,Y,NA,-,99,0,0,1,0,0,0,0,0,0,-,-,NA,NA,LOS ANGELES,LOS ANGELES,-118.27036751,34.06659785
6753318,2014,2015-01-28,9580,2014-11-04,0705,14900,NA,2,1,7,1942,1,4,S,NA,2,901,LUBAO AV,SHERMAN WAY,46,N,N,A,-,N,NA,NA,NA,NA,NA,NA,NA,NA,NA,N,4,0,1,2,A,-,08,22107,NA,N,E,I,A,A,H,-,A,D,0,NA,NA,NA,NA,Y,NA,A,01,0,0,1,0,0,0,0,0,0,-,-,34.20158,-118.56865,LOS ANGELES,LOS ANGELES,-118.56797268,34.20127617
6753319,2015,2015-02-23,1942,2015-01-04,0100,40730,0423,7,5,7,1942,0,0,0,D,0,2TL15,MAIN ST,MISSION RD,290,E,N,A,-,N,NA,NA,NA,NA,NA,NA,NA,NA,NA,Y,2,0,1,1,A,-,03,22350,NA,N,E,I,A,A,H,-,C,D,0,NA,NA,NA,NA,Y,Y,D,22,1,0,0,0,0,0,0,0,0,-,-,NA,NA,LOS ANGELES,LOS ANGELES,-118.20527168,34.06576338
6753323,2014,2015-02-10,1942,2014-12-31,1130,30380,0174,3,5,7,1942,0,0,0,A,0,4T43,S LOS ANGELES ST,9TH ST EAST,228,N,N,A,-,N,NA,NA,NA,NA,NA,NA,NA,NA,NA,Y,4,0,1,3,C,-,18,NA,NA,N,H,G,A,A,H,-,A,D,0,NA,Y,NA,NA,Y,NA,-,-,0,0,1,0,0,0,1,0,0,-,-,NA,NA,LOS ANGELES,LOS ANGELES,-118.25350044,34.04109743
6753326,2014,2015-03-12,9580,2014-11-03,1955,019715,NA,1,2,7,1942,0,1,2,NA,2,102,RT 101,WOODMAN AV,800,N,N,A,-,Y,NA,NA,101,NA,NA,NA,NA,NA,NA,N,4,0,1,3,A,-,03,22350,NA,N,C,C,A,A,H,-,D,D,0,NA,NA,NA,NA,Y,NA,D,22,0,0,1,0,0,0,0,0,0,-,-,34.15584,-118.4354,LOS ANGELES,LOS ANGELES,-118.43540043,34.15574291
6753330,2014,2015-03-12,9580,2014-11-03,1810,018780,NA,1,2,7,1942,0,1,2,NA,2,105,RT 101,SHOUP AV,150,S,N,A,-,Y,NA,NA,101,NA,NA,NA,NA,NA,NA,N,4,0,1,2,A,-,03,22350,NA,N,C,C,A,A,H,-,C,D,0,NA,NA,NA,NA,Y,NA,D,22,0,0,1,0,0,0,0,0,0,-,-,34.1692,-118.6121,LOS ANGELES,LOS ANGELES,-118.61213355,34.16924802
6753342,2014,2015-03-12,9580,2014-11-02,0010,020153,NA,7,3,7,1942,0,1,2,NA,2,102,RT 101,VAN NUYS BL,500,S,N,A,-,Y,NA,NA,101,NA,NA,NA,NA,NA,NA,Y,4,0,1,2,A,-,08,22107,NA,N,B,C,A,A,H,-,C,D,0,NA,NA,NA,NA,Y,NA,A,01,0,0,1,0,0,0,0,0,0,-,-,34.15552,-118.44419,LOS ANGELES,LOS ANGELES,-118.44420869,34.15539478
6753351,2014,2015-01-28,9580,2014-11-05,1015,15952,NA,3,1,7,1942,0,1,1,NA,2,407,RT 405,SATICOY ST,366,N,N,A,-,Y,NA,NA,405,NA,NA,NA,NA,NA,NA,Y,4,0,1,5,A,-,03,22350,NA,N,C,C,A,A,H,-,A,D,0,NA,NA,NA,NA,Y,NA,A,01,0,0,1,0,0,0,0,0,0,-,-,34.20981,-118.47355,LOS ANGELES,LOS ANGELES,-118.47343287,34.20980885
6753395,2014,2015-02-11,9540,2014-12-20,1730,19856,NA,6,2,9,1900,0,1,1,NA,1,503,RT 5,WELDON CANYON RD,700,S,N,B,-,Y,NA,NA,5,NA,NA,NA,NA,NA,NA,N,4,0,1,4,A,-,03,22350,NA,N,C,C,A,A,H,-,D,D,0,NA,NA,NA,NA,Y,NA,A,01,0,0,1,0,0,0,0,0,0,-,-,34.33934,-118.51799,LOS ANGELES,UNINCORPORATED,-118.51795183,34.33941953
6753403,2014,2015-02-11,9540,2014-12-21,0005,19444,NA,7,3,9,1900,0,2,4,NA,2,032,CHIQUITO CANYON RD,RT 126,2640,N,N,A,-,N,NA,NA,NA,NA,NA,NA,NA,NA,NA,Y,2,0,2,1,A,-,03,22350,NA,N,E,I,A,A,H,-,D,D,0,NA,NA,NA,NA,Y,NA,D,23,1,1,0,0,0,0,0,0,0,-,-,34.42626,-118.65806,LOS ANGELES,UNINCORPORATED,-118.65830327,34.42672408
6753407,2014,2015-02-11,9540,2014-12-16,0720,14277,NA,2,1,9,1900,0,3,5,NA,2,200,DAVENPORT RD,SUMMIT KNOLL RD,2112,W,N,B,-,N,NA,NA,NA,NA,NA,NA,NA,NA,NA,Y,3,0,1,1,A,-,03,22350,NA,N,E,I,A,B,H,-,A,D,0,NA,NA,NA,NA,Y,NA,D,22,0,1,0,0,0,0,0,0,0,-,-,34.47863,-118.36699,LOS ANGELES,UNINCORPORATED,-118.36452342,34.47898173
6753425,2015,2015-02-20,1953,2015-01-02,1604,0366,1953,5,5,6,1953,0,0,0,NA,0,002,FAIR OAKS AV,MONTANA ST,50,S,N,A,-,N,NA,NA,NA,NA,NA,NA,NA,NA,NA,N,4,0,2,2,A,-,09,21801,A,N,D,C,A,A,H,-,A,A,0,NA,NA,NA,NA,Y,NA,A,01,0,0,2,0,0,0,0,0,0,-,-,NA,NA,LOS ANGELES,PASADENA,-118.15079,34.18075289
6753441,2014,2015-03-09,9540,2014-12-19,0955,18202,NA,5,1,9,1900,0,1,3,NA,1,145,RT 14,PLACERITA CANYON RD,1073,S,N,A,-,Y,NA,NA,14,NA,NA,NA,NA,NA,NA,Y,3,0,2,2,A,-,08,22107,NA,N,C,E,A,A,H,-,A,D,0,NA,NA,NA,Y,Y,NA,F,26,0,1,1,0,0,0,0,0,0,-,-,34.37571,-118.49615,LOS ANGELES,UNINCORPORATED,-118.49610141,34.37565463
6753445,2014,2015-02-11,9540,2014-12-17,1720,18502,NA,3,2,6,1985,0,1,3,NA,1,142,RT 14,NEWHALL AV,1584,N,N,B,-,Y,NA,NA,14,NA,NA,NA,NA,NA,NA,N,4,0,1,2,A,-,-,NA,NA,N,C,C,A,A,-,-,C,D,0,NA,NA,NA,Y,Y,NA,A,01,0,0,1,0,0,0,0,0,0,FR,-,34.36927,-118.50078,LOS ANGELES,SANTA CLARITA,-118.50102003,34.36940408
6753449,2014,2015-02-11,9540,2014-12-16,1615,19788,NA,2,2,7,1942,0,1,1,NA,1,501,RT 5,SAN FERNANDO MISSION BL,150,N,N,B,-,Y,NA,NA,5,NA,NA,NA,NA,NA,NA,N,4,0,1,2,A,-,03,22350,NA,N,B,C,A,B,H,-,A,D,0,NA,NA,NA,Y,Y,NA,A,08,0,0,1,0,0,0,0,0,0,-,-,34.27662,-118.45309,LOS ANGELES,LOS ANGELES,-118.45299139,34.276723
6753453,2014,2015-02-11,9540,2014-12-12,0235,019900,NA,5,3,9,1900,0,1,3,NA,1,145,RT 14,NEWHALL AV,2150,N,N,B,C,Y,NA,NA,14,NA,NA,NA,NA,NA,NA,Y,3,0,1,1,A,-,08,22107,NA,N,E,I,A,B,H,-,D,D,0,NA,NA,NA,Y,Y,NA,G,25,0,1,0,0,0,0,0,0,0,-,-,34.37093,-118.50044,LOS ANGELES,UNINCORPORATED,-118.50047854,34.37094985
6753457,2014,2015-02-11,9540,2014-12-12,0815,18759,NA,5,1,9,1900,0,1,3,NA,2,146,RT 14,AGUA DULCE CYN RD,1000,N,N,C,-,Y,NA,NA,14,NA,NA,NA,NA,NA,NA,Y,4,0,1,1,A,-,03,22350,NA,N,E,I,A,B,H,-,A,D,0,NA,NA,NA,NA,Y,NA,D,22,0,0,1,0,0,0,0,0,0,-,-,34.46905,-118.32112,LOS ANGELES,UNINCORPORATED,-118.32115003,34.46908806
6753461,2014,2015-02-26,9540,2014-12-12,0443,19192,NA,5,3,7,1942,0,1,1,NA,1,503,RT 5,ROXFORD ST,2640,N,N,C,-,Y,NA,NA,5,NA,NA,NA,NA,NA,NA,Y,4,0,2,2,A,-,08,22107,NA,N,C,E,A,B,H,-,D,D,0,NA,NA,NA,Y,Y,NA,D,22,0,0,2,0,0,0,0,0,0,-,-,34.30888,-118.48528,LOS ANGELES,LOS ANGELES,-118.48517707,34.30897553
6753465,2014,2015-02-17,9540,2014-12-12,0337,20875,NA,5,3,9,1900,0,1,1,NA,1,502,RT 5,GAVIN CANYON,1500,S,N,C,-,Y,NA,NA,5,NA,NA,NA,NA,NA,NA,Y,4,0,1,1,A,-,08,22107,NA,N,E,I,A,B,H,-,D,D,0,NA,NA,NA,Y,Y,NA,G,25,0,0,1,0,0,0,0,0,0,-,-,34.34859,-118.53827,LOS ANGELES,UNINCORPORATED,-118.53829731,34.34851841
6753469,2014,2015-01-28,9540,2014-11-30,1330,19298,NA,7,1,9,1900,0,1,1,NA,2,508,RT 5,HASLEY CANYON RD,30,N,N,B,C,Y,NA,NA,5,NA,NA,NA,NA,NA,NA,N,4,0,1,2,A,-,03,22350,NA,F,B,C,A,B,H,-,A,A,0,NA,NA,NA,NA,Y,NA,D,22,0,0,1,0,0,0,0,0,0,-,-,34.45619,-118.61566,LOS ANGELES,UNINCORPORATED,-118.61588912,34.45620113
6753498,2014,2015-02-11,9540,2014-12-28,1712,19816,NA,7,2,9,1900,0,1,1,NA,2,507,RT 5,BISCAILUZ DR,300,N,N,A,-,Y,NA,NA,5,NA,NA,NA,NA,NA,NA,N,4,0,4,3,A,-,03,22350,NA,N,C,C,A,A,H,-,B,D,0,NA,NA,NA,NA,Y,NA,D,22,0,0,4,0,0,0,0,0,0,-,-,34.45043,-118.6138,LOS ANGELES,UNINCORPORATED,-118.61378914,34.45043843
6753502,2014,2016-06-24,9540,2014-12-21,1958,18721,NA,7,2,9,1900,0,1,3,NA,2,126,RT 126,WOLCOTT WY,674,W,N,A,-,Y,LA,7,126,-,R,3.43,H,-,W,Y,3,0,3,2,A,-,03,22350,NA,N,C,C,A,A,H,-,C,D,1,NA,NA,NA,Y,Y,NA,G,25,0,2,1,0,0,0,0,0,0,-,-,34.42504,-118.64005,LOS ANGELES,UNINCORPORATED,-118.63992052,34.42507364