CASE_ID,ACCIDENT_YEAR,PROC_DATE,JURIS,COLLISION_DATE,COLLISION_TIME,OFFICER_ID,REPORTING_DISTRICT,DAY_OF_WEEK,CHP_SHIFT,POPULATION,CNTY_CITY_LOC,SPECIAL_COND,BEAT_TYPE,CHP_BEAT_TYPE,CITY_DIVISION_LAPD,CHP_BEAT_CLASS,BEAT_NUMBER,PRIMARY_RD,SECONDARY_RD,DISTANCE,DIRECTION,INTERSECTION,WEATHER_1,WEATHER_2,STATE_HWY_IND,CALTRANS_COUNTY,CALTRANS_DISTRICT,STATE_ROUTE,ROUTE_SUFFIX,POSTMILE_PREFIX,POSTMILE,LOCATION_TYPE,RAMP_INTERSECTION,SIDE_OF_HWY,TOW_AWAY,COLLISION_SEVERITY,NUMBER_KILLED,NUMBER_INJURED,PARTY_COUNT,PRIMARY_COLL_FACTOR,PCF_CODE_OF_VIOL,PCF_VIOL_CATEGORY,PCF_VIOLATION,PCF_VIOL_SUBSECTION,HIT_AND_RUN,TYPE_OF_COLLISION,MVIW,PED_ACTION,ROAD_SURFACE,ROAD_COND_1,ROAD_COND_2,LIGHTING,CONTROL_DEVICE,CHP_ROAD_TYPE,PEDESTRIAN_ACCIDENT,BICYCLE_ACCIDENT,MOTORCYCLE_ACCIDENT,TRUCK_ACCIDENT,NOT_PRIVATE_PROPERTY,ALCOHOL_INVOLVED,STWD_VEHTYPE_AT_FAULT,CHP_VEHTYPE_AT_FAULT,COUNT_SEVERE_INJ,COUNT_VISIBLE_INJ,COUNT_COMPLAINT_PAIN,COUNT_PED_KILLED,COUNT_PED_INJURED,COUNT_BICYCLIST_KILLED,COUNT_BICYCLIST_INJURED,COUNT_MC_KILLED,COUNT_MC_INJURED,PRIMARY_RAMP,SECONDARY_RAMP,LATITUDE,LONGITUDE,COUNTY,CITY,POINT_X,POINT_Y
6754201,2014,2015-02-05,9590,2014-12-10,1830,17148,NA,3,2,7,1942,0,1,1,NA,2,060,RT 10,WESTERN AV,100,W,N,A,-,Y,NA,NA,10,NA,NA,NA,NA,NA,NA,Y,4,0,1,2,A,-,03,22350,NA,N,C,C,A,A,H,-,C,D,0,NA,NA,NA,NA,Y,NA,A,01,0,0,1,0,0,0,0,0,0,-,-,34.03704,-118.30978,LOS ANGELES,LOS ANGELES,-118.3097792,34.03705794
6754202,2014,2015-02-05,9590,2014-12-10,1758,20663,NA,3,2,7,1942,0,1,2,NA,2,042,RT 101,4TH ST,200,N,N,A,-,Y,NA,NA,101,NA,NA,NA,NA,NA,NA,Y,4,0,1,3,A,-,-,NA,NA,N,C,C,A,A,H,-,D,D,0,NA,NA,NA,NA,Y,NA,A,01,0,0,1,0,0,0,0,0,0,-,-,34.04363,-118.22097,LOS ANGELES,LOS ANGELES,-118.22099888,34.04362919
6754203,2014,2015-02-05,9590,2014-12-10,1314,18510,NA,3,1,7,1942,0,1,2,NA,2,073,RT 101,HIGHLAND AV,1000,N,N,A,-,Y,NA,NA,NA,NA,NA,NA,NA,NA,NA,Y,3,0,1,1,A,-,08,22107,NA,N,E,I,A,A,H,-,A,D,0,NA,NA,NA,NA,Y,NA,A,01,0,1,0,0,0,0,0,0,0,TO,-,34.11064,-118.33792,LOS ANGELES,LOS ANGELES,NA,NA
6754204,2014,2015-02-05,9590,2014-12-09,1821,20663,NA,2,2,7,1942,0,1,2,NA,2,071,RT 101,MISSION RD,100,N,N,A,-,Y,NA,NA,NA,NA,NA,NA,NA,NA,NA,N,4,0,1,4,A,-,03,22350,NA,F,C,C,A,A,H,-,D,D,0,NA,NA,NA,NA,Y,NA,A,01,0,0,1,0,0,0,0,0,0,-,-,34.0628,-118.2271,LOS ANGELES,LOS ANGELES,-118.22695066,34.05270299
6754205,2014,2015-02-05,9590,2014-12-10,0600,15982,NA,3,1,7,1942,0,1,2,NA,2,070,RT 101,VIGNES ST,100,N,N,A,-,Y,NA,NA,101,NA,NA,NA,NA,NA,NA,N,4,0,1,2,A,-,03,22350,NA,F,C,C,A,A,H,-,D,D,0,NA,NA,NA,NA,Y,NA,A,07,0,0,1,0,0,0,0,0,0,-,-,34.05363,-118.23266,LOS ANGELES,LOS ANGELES,-118.23265854,34.05365247
6754206,2014,2015-02-05,9590,2014-12-09,1215,17867,NA,2,1,7,1942,0,1,2,NA,2,071,RT 101,VERMONT AV,500,S,N,A,-,Y,NA,NA,NA,NA,NA,NA,NA,NA,NA,N,4,0,1,2,A,-,03,22350,NA,N,C,C,A,A,H,-,A,D,0,NA,NA,NA,NA,Y,NA,A,01,0,0,1,0,0,0,0,0,0,FR,-,34.07802,-118.20767,LOS ANGELES,LOS ANGELES,-118.29031413,34.07947822
6754207,2014,2016-04-14,9590,2014-12-10,0005,20677,NA,3,3,7,1942,0,1,1,NA,2,021,RT 10,CESAR CHAVEZ AV,60,W,N,A,-,Y,NA,NA,10,NA,NA,NA,NA,NA,NA,Y,4,0,1,2,A,-,08,22107,NA,F,B,C,A,A,H,-,C,D,0,NA,NA,NA,NA,Y,NA,-,99,0,0,1,0,0,0,0,0,0,-,-,34.05352,-118.22262,LOS ANGELES,LOS ANGELES,-118.22263914,34.05354004
6754208,2014,2015-02-05,9590,2014-12-09,1630,20788,NA,2,2,7,1942,0,1,1,NA,2,020,RT 10,SOTO ST,500,E,N,A,-,Y,NA,NA,10,NA,NA,NA,NA,NA,NA,N,4,0,1,2,A,-,07,21658,A,N,B,C,A,A,H,-,B,D,0,NA,NA,NA,NA,Y,NA,A,01,0,0,1,0,0,0,0,0,0,-,-,34.05538,-118.19652,LOS ANGELES,LOS ANGELES,-118.19652006,34.05540344
6754209,2014,2015-02-05,9590,2014-12-08,1953,19281,NA,1,2,7,1942,0,1,1,NA,2,061,RT 10,HAUSER BL,50,W,N,A,-,Y,NA,NA,10,NA,NA,NA,NA,NA,NA,Y,3,0,2,2,A,-,08,22107,NA,N,B,C,A,A,H,-,C,D,0,NA,NA,NA,NA,Y,NA,A,01,0,1,1,0,0,0,0,0,0,-,-,34.03406,-118.36339,LOS ANGELES,LOS ANGELES,-118.36338349,34.03410324
6754210,2014,2015-02-05,9590,2014-12-08,1500,15982,NA,1,2,7,1942,0,1,1,NA,2,062,RT 10,OAK ST,100,W,N,A,-,Y,NA,NA,10,NA,NA,NA,NA,NA,NA,N,4,0,1,2,A,-,03,22350,NA,N,C,C,A,A,H,-,A,D,0,NA,NA,NA,NA,Y,NA,A,07,0,0,1,0,0,0,0,0,0,-,-,34.03795,-118.2774,LOS ANGELES,LOS ANGELES,-118.27740192,34.03799135
6754211,2014,2015-02-05,9590,2014-12-08,0615,16642,NA,1,1,7,1942,0,1,1,NA,2,053,RT 110,1ST ST,150,S,N,A,-,Y,NA,NA,NA,NA,NA,NA,NA,NA,NA,Y,4,0,1,1,A,-,08,22107,NA,N,F,A,A,A,H,-,B,D,0,NA,NA,Y,NA,Y,NA,C,02,0,0,1,0,0,0,0,0,1,-,-,34.03741,-118.27525,LOS ANGELES,LOS ANGELES,NA,NA
6754424,2014,2015-02-17,1942,2014-12-27,1350,36238,1385,6,5,7,1942,0,0,0,M,0,4T6,60TH ST,AVALON BL,180,W,N,A,-,N,NA,NA,NA,NA,NA,NA,NA,NA,NA,N,2,0,1,2,A,-,11,21954,A,N,G,B,D,A,H,-,A,D,0,Y,NA,NA,Y,Y,NA,N,60,1,0,0,0,1,0,0,0,0,-,-,NA,NA,LOS ANGELES,LOS ANGELES,-118.26519,33.98563
6754425,2014,2015-02-10,1942,2014-12-26,0615,34426,1385,5,5,7,1942,0,0,0,M,0,2T15,AVALON BL,GAGE AV,0,NA,Y,A,-,N,NA,NA,NA,NA,NA,NA,NA,NA,NA,N,2,0,1,2,A,-,05,21650,1,N,D,G,A,A,H,-,C,A,0,NA,Y,NA,NA,Y,NA,L,04,1,0,0,0,0,0,1,0,0,-,-,NA,NA,LOS ANGELES,LOS ANGELES,-118.26519011,33.98248012
6754477,2014,2015-02-10,1942,2014-12-04,1715,34252,0909,4,5,7,1942,0,0,0,I,0,19A85,WOODMAN AV,VALERIO ST,0,NA,Y,B,-,N,NA,NA,NA,NA,NA,NA,NA,NA,NA,N,4,0,1,2,A,-,09,21801,A,N,D,C,A,A,H,-,C,A,0,NA,NA,NA,NA,Y,NA,A,01,0,0,1,0,0,0,0,0,0,-,-,NA,NA,LOS ANGELES,LOS ANGELES,-118.43125013,34.20482004
6754479,2014,2015-02-10,1942,2014-12-01,0915,30452,0911,1,5,7,1942,0,0,0,I,0,9TL53,SEPULVEDA BL,SHERMAN WAY,200,N,N,A,-,N,NA,NA,NA,NA,NA,NA,NA,NA,NA,N,4,0,1,2,A,-,07,21658,A,N,C,C,A,A,H,-,A,D,0,NA,NA,NA,Y,Y,NA,F,26,0,0,1,0,0,0,0,0,0,-,-,NA,NA,LOS ANGELES,LOS ANGELES,-118.4662,34.20179859
6754480,2014,2015-02-10,1942,2014-12-09,0959,40065,0941,2,5,7,1942,0,0,0,I,0,19T75,BURBANK BL,VAN NUYS BL,5,E,N,A,-,N,NA,NA,NA,NA,NA,NA,NA,NA,NA,N,4,0,1,2,A,-,10,21950,A,N,G,B,B,A,H,-,A,A,0,Y,NA,NA,NA,Y,NA,D,22,0,0,1,0,1,0,0,0,0,-,-,NA,NA,LOS ANGELES,LOS ANGELES,-118.4487235,34.172110000000004
6754485,2014,2015-02-10,1942,2014-12-26,0210,38765,1513,5,5,7,1942,0,0,0,O,0,21T65,WHITSETT AV,VANOWEN ST,200,N,N,A,-,N,NA,NA,NA,NA,NA,NA,NA,NA,NA,Y,3,0,2,3,A,-,01,23152,A,N,-,-,A,A,H,-,C,D,0,NA,NA,NA,NA,Y,Y,A,01,0,1,1,0,0,0,0,0,0,-,-,NA,NA,LOS ANGELES,LOS ANGELES,-118.40528,34.19449856
6754489,2014,2015-01-23,1942,2014-10-28,0848,39354,0822,2,5,7,1942,0,0,0,H,0,8X11,PALISADES DR,SUNSET BL,300,N,N,A,-,N,NA,NA,NA,NA,NA,NA,NA,NA,NA,Y,4,0,1,2,A,-,03,22350,NA,N,D,J,A,A,H,-,A,D,0,NA,NA,NA,Y,Y,NA,A,01,0,0,1,0,0,0,0,0,0,-,-,NA,NA,LOS ANGELES,LOS ANGELES,-118.55207202,34.04520835
6754490,2014,2015-02-13,1942,2014-12-11,1455,37966,0773,4,5,7,1942,0,0,0,G,0,6TL4,VENICE BL,HAUSER BL,107,E,N,B,-,N,NA,NA,NA,NA,NA,NA,NA,NA,NA,Y,2,0,1,3,A,-,03,22350,NA,N,C,C,A,A,H,-,A,D,0,NA,NA,Y,Y,Y,NA,C,02,1,0,0,0,0,0,0,0,1,-,-,NA,NA,LOS ANGELES,LOS ANGELES,-118.35826318,34.04403264
6754491,2014,2015-01-27,1942,2014-11-18,2125,25495,0753,2,5,7,1942,0,0,0,G,0,7TL23,FAIRFAX AV,PICO BL,485,N,N,A,-,N,NA,NA,NA,NA,NA,NA,NA,NA,NA,Y,3,0,1,4,A,-,01,23152,A,N,B,C,A,A,H,-,C,D,0,NA,NA,NA,NA,Y,Y,A,01,0,1,0,0,0,0,0,0,0,-,-,NA,NA,LOS ANGELES,LOS ANGELES,-118.3663282,34.0527865
6754492,2014,2015-02-17,1942,2014-12-08,1510,40773,0758,1,5,7,1942,0,0,0,G,0,7T38,MUIRFIELD RD,12TH ST,260,N,N,A,-,N,NA,NA,NA,NA,NA,NA,NA,NA,NA,N,4,0,1,2,A,-,21,22106,NA,N,B,C,A,A,H,-,A,D,0,NA,NA,NA,NA,Y,NA,A,01,0,0,1,0,0,0,0,0,0,-,-,NA,NA,LOS ANGELES,LOS ANGELES,-118.33309248,34.05283744
6754493,2014,2015-02-17,1942,2014-12-22,1230,33294,1525,1,5,7,1942,0,0,0,O,0,35M74,VICTORY BL,BECK AV,120,E,N,A,-,N,NA,NA,NA,NA,NA,NA,NA,NA,NA,N,4,0,2,2,A,-,03,22350,NA,F,C,C,A,A,H,-,A,A,0,NA,NA,NA,NA,Y,NA,-,99,0,0,2,0,0,0,0,0,0,-,-,NA,NA,LOS ANGELES,LOS ANGELES,-118.38301395,34.18669
6754625,2014,2016-06-04,9550,2014-09-05,1320,15040,NA,5,1,6,1949,0,1,1,NA,2,655,RT 605,FIRESTONE BL,1000,N,N,A,-,Y,LA,7,605,-,R,8.6,H,-,N,Y,4,0,8,2,A,-,08,22107,NA,N,C,C,A,A,H,-,A,D,1,NA,NA,NA,NA,Y,NA,D,22,0,0,8,0,0,0,0,0,0,-,-,33.92745,-118.10325,LOS ANGELES,NORWALK,-118.10315029,33.92762769
6754629,2014,2015-01-14,9550,2014-09-09,0630,20795,NA,2,1,9,1900,0,3,5,NA,2,002,MILLS AV,MULBERRY DR,70,S,N,A,-,N,NA,NA,NA,NA,NA,NA,NA,NA,NA,Y,4,0,1,3,A,-,03,22350,NA,N,C,C,A,A,H,-,A,A,0,NA,NA,NA,NA,Y,NA,D,22,0,0,1,0,0,0,0,0,0,-,-,33.94268,-118.02791,LOS ANGELES,UNINCORPORATED,-118.0278432,33.94276969
6754633,2014,2016-06-02,9550,2014-09-17,0845,16109,NA,3,1,9,1900,0,1,3,NA,2,600,RT 60,7TH AV,1750,E,N,A,-,Y,LA,7,60,-,-,14.63,H,-,E,Y,4,0,2,2,A,-,03,22350,NA,N,C,C,A,A,H,-,A,D,1,NA,NA,NA,NA,Y,NA,A,01,0,0,2,0,0,0,0,0,0,-,-,34.01417,-117.98314,LOS ANGELES,UNINCORPORATED,-117.98428809,34.01533001
6754637,2014,2016-06-02,9550,2014-09-19,1128,18455,NA,5,1,1,1932,0,1,3,NA,2,602,RT 60,FAIRWAY DR,900,W,N,B,-,Y,LA,7,60,-,R,21.34,H,-,W,Y,4,0,2,3,A,-,03,22350,NA,N,C,C,A,A,H,-,A,D,1,NA,NA,NA,NA,Y,NA,A,07,0,0,2,0,0,0,0,0,0,-,-,33.99394,-117.87439,LOS ANGELES,INDUSTRY,-117.87296998,33.99600653
6754647,2014,2015-02-10,1953,2014-12-07,1407,7176,1953,7,5,6,1953,0,0,0,NA,0,005,DEL MAR BL,RAYMOND AV,10,W,N,A,-,N,NA,NA,NA,NA,NA,NA,NA,NA,NA,N,3,0,1,2,A,-,04,21703,NA,F,C,C,A,A,H,-,A,A,0,NA,NA,NA,NA,Y,NA,A,01,0,1,0,0,0,0,0,0,0,-,-,NA,NA,LOS ANGELES,PASADENA,-118.14886298,34.14057
6754657,2014,2015-02-10,9590,2014-12-01,0705,16243,NA,1,1,7,1942,0,1,3,NA,2,095,RT 2,TRENT WY,300,E,N,B,-,Y,NA,NA,NA,NA,NA,NA,NA,NA,NA,Y,4,0,1,3,A,-,03,22350,NA,F,C,C,A,A,H,-,A,D,0,NA,NA,NA,NA,Y,NA,-,99,0,0,1,0,0,0,0,0,0,-,-,NA,NA,LOS ANGELES,LOS ANGELES,NA,NA
6754670,2014,2015-02-10,1942,2014-12-11,0930,40791,1259,4,5,7,1942,0,0,0,L,0,12T41,CENTRAL AV,FLORENCE AV,18,S,N,A,-,N,NA,NA,NA,NA,NA,NA,NA,NA,NA,N,4,0,2,2,A,-,03,22350,NA,M,C,C,A,A,H,-,A,A,0,NA,NA,NA,NA,Y,NA,-,99,0,0,2,0,0,0,0,0,0,-,-,NA,NA,LOS ANGELES,LOS ANGELES,-118.25645912,33.97471064
6754686,2014,2016-02-17,1928,2014-12-08,2224,387,H504,1,5,5,1928,0,0,0,NA,0,0H2,120TH ST,BIRCH AV,0,NA,Y,A,-,N,NA,NA,NA,NA,NA,NA,NA,NA,NA,N,3,0,1,2,A,-,12,21453,A,M,-,G,A,A,H,-,C,A,0,NA,Y,NA,NA,Y,Y,-,NA,0,1,0,0,0,0,1,0,0,-,-,NA,NA,LOS ANGELES,HAWTHORNE,-118.35029006,33.92366007
6754713,2014,2016-03-09,9550,2014-01-30,1952,019869,NA,4,2,6,1949,0,1,1,NA,2,500,RT 5,PIONEER BL,1000,N,N,B,-,Y,LA,7,5,-,-,5.37,H,-,N,N,4,0,2,2,A,-,03,22350,NA,N,C,C,A,B,H,-,D,D,1,NA,NA,NA,NA,Y,NA,A,01,0,0,2,0,0,0,0,0,0,-,-,33.9231,-118.08387,LOS ANGELES,NORWALK,-118.08378544,33.92282157
6754715,2014,2015-02-10,1942,2014-12-12,1515,31573,0706,5,5,7,1942,0,0,0,G,0,34MQ09,MELROSE AV,HIGHLAND AV,150,E,N,A,-,N,NA,NA,NA,NA,NA,NA,NA,NA,NA,N,4,0,1,3,A,-,04,21703,NA,F,C,C,A,A,H,-,A,A,0,NA,NA,NA,NA,Y,NA,-,99,0,0,1,0,0,0,0,0,0,-,-,NA,NA,LOS ANGELES,LOS ANGELES,-118.33808556,34.08347
6754719,2014,2015-02-09,1942,2014-12-05,1510,31255,0838,5,5,7,1942,0,0,0,H,0,7TL38,LE CONTE AV,LEVERING AV,15,E,N,A,-,N,NA,NA,NA,NA,NA,NA,NA,NA,NA,N,3,0,1,2,A,-,-,NA,NA,F,C,C,A,A,H,-,A,A,0,NA,NA,NA,NA,Y,NA,-,99,0,1,0,0,0,0,0,0,0,-,-,NA,NA,LOS ANGELES,LOS ANGELES,-118.4491106,34.0636317
6754790,2014,2016-06-29,9550,2014-12-20,1720,20689,NA,6,2,9,1900,0,1,1,NA,2,650,RT 605,SLAUSON AV,1000,N,N,A,-,Y,LA,7,605,-,R,11.77,H,-,S,Y,4,0,1,2,A,-,03,22350,NA,N,C,C,A,A,H,-,D,D,1,NA,NA,NA,NA,Y,NA,A,01,0,0,1,0,0,0,0,0,0,-,-,33.97231,-118.08095,LOS ANGELES,UNINCORPORATED,-118.08198811,33.96998921
6754799,2014,2015-07-30,9550,2014-12-20,0630,12-436,NA,6,1,9,1900,0,3,5,NA,2,001,LYNALAN AV,ROSE HEDGE DR,0,NA,Y,A,-,N,NA,NA,NA,NA,NA,NA,NA,NA,NA,N,4,0,1,2,A,-,10,21950,A,M,G,B,B,A,H,-,D,D,0,Y,NA,NA,NA,Y,NA,-,99,0,0,1,0,1,0,0,0,0,-,-,33.97609,-118.0582,LOS ANGELES,UNINCORPORATED,-118.05813001,33.97613006
6754818,2015,2015-02-24,1942,2015-01-12,1825,40735,1617,1,5,7,1942,0,0,0,P,0,21TL62,FENWICK ST,FOOTHILL BL,52,E,N,A,-,N,NA,NA,NA,NA,NA,NA,NA,NA,NA,Y,4,0,1,2,A,-,01,23152,A,N,C,C,A,A,H,-,C,D,0,NA,NA,NA,NA,Y,Y,D,22,0,0,1,0,0,0,0,0,0,-,-,NA,NA,LOS ANGELES,LOS ANGELES,-118.32584,34.26149
6754822,2015,2015-02-24,1942,2015-01-12,1830,40735,1617,1,5,7,1942,0,0,0,P,0,21TL62,FENWICK ST,FOOTHILL BL,150,W,N,A,-,N,NA,NA,NA,NA,NA,NA,NA,NA,NA,Y,4,0,1,2,A,-,01,23152,A,N,B,C,A,A,H,-,C,D,0,NA,NA,NA,NA,Y,Y,D,22,0,0,1,0,0,0,0,0,0,-,-,NA,NA,LOS ANGELES,LOS ANGELES,-118.32616669,34.26120678
6754832,2015,2015-02-25,1900,2015-01-10,0545,232758,1414,6,5,1,1932,0,0,0,NA,0,141T2,HACIENDA BL,STAFFORD ST,0,NA,Y,A,-,N,NA,NA,NA,NA,NA,NA,NA,NA,NA,Y,3,0,2,2,A,-,12,21453,A,N,D,C,A,A,H,-,B,A,0,NA,NA,NA,NA,Y,NA,J,48,0,1,1,0,0,0,0,0,0,-,-,NA,NA,LOS ANGELES,INDUSTRY,-117.95716003,34.02352006
6754836,2015,2015-02-25,1900,2015-01-17,1451,524694,1628,6,5,5,1977,0,0,0,NA,0,164T1,AVALON BL,213TH ST,214,S,N,A,-,N,NA,NA,NA,NA,NA,NA,NA,NA,NA,N,4,0,2,2,A,-,09,21801,A,N,D,C,A,A,H,-,A,A,0,NA,NA,NA,NA,Y,NA,J,48,0,0,2,0,0,0,0,0,0,-,-,NA,NA,LOS ANGELES,CARSON,-118.263775,33.834779
6754903,2014,2015-02-04,1900,2014-12-17,1941,536339,0974,3,5,4,1979,0,0,0,NA,0,92T1,FOUNTAIN AV,SIERRA BONITA AV,80,W,N,A,-,N,NA,NA,NA,NA,NA,NA,NA,NA,NA,N,3,0,1,3,A,-,08,22107,NA,N,B,C,A,A,H,-,C,D,0,NA,NA,NA,NA,Y,NA,A,07,0,1,0,0,0,0,0,0,0,-,-,NA,NA,LOS ANGELES,WEST HOLLYWOOD,-118.35419374,34.0944
6754904,2014,2015-02-04,1900,2014-12-14,0900,472742,0972,7,5,4,1979,0,0,0,NA,0,91T3,LA CIENEGA BL,MELROSE AV,0,NA,Y,A,-,N,NA,NA,NA,NA,NA,NA,NA,NA,NA,Y,4,0,2,2,A,-,09,21801,A,N,A,C,A,A,H,-,A,A,0,NA,NA,NA,NA,Y,NA,A,01,0,0,2,0,0,0,0,0,0,-,-,NA,NA,LOS ANGELES,WEST HOLLYWOOD,-118.37652001,34.08194007
6754905,2014,2015-02-04,1900,2014-12-19,0835,529488,0977,5,5,4,1979,0,0,0,NA,0,94F,PALM AV,HARRATT ST,150,S,N,A,-,N,NA,NA,NA,NA,NA,NA,NA,NA,NA,Y,4,0,1,2,A,-,09,21804,B,N,B,C,A,A,H,-,A,D,0,NA,NA,NA,NA,Y,NA,A,01,0,0,1,0,0,0,0,0,0,-,-,NA,NA,LOS ANGELES,WEST HOLLYWOOD,-118.38290177,34.08919859
6754906,2014,2016-02-18,1900,2014-12-22,1734,536339,0975,1,5,4,1979,0,0,0,NA,0,92T1,NORTON AV,HAVENHURST DR,0,NA,Y,A,-,N,NA,NA,NA,NA,NA,NA,NA,NA,NA,N,3,0,1,2,A,-,09,21801,A,N,D,C,A,A,H,-,C,D,0,NA,NA,Y,NA,Y,NA,A,01,0,1,0,0,0,0,0,0,0,-,-,NA,NA,LOS ANGELES,WEST HOLLYWOOD,-118.36747011,34.09177006
6754907,2014,2016-02-17,1900,2014-12-19,0312,532236,0977,5,5,4,1979,0,0,0,NA,0,93T4,SANTA MONICA BL,LA CIENEGA BL,0,NA,Y,A,-,N,NA,NA,NA,NA,NA,NA,NA,NA,NA,N,3,0,1,2,A,-,11,21456,B,N,G,B,B,A,H,-,C,A,0,Y,NA,NA,NA,Y,Y,N,60,0,1,0,0,1,0,0,0,0,-,-,NA,NA,LOS ANGELES,WEST HOLLYWOOD,-118.37632006,34.08939006
6754908,2014,2015-02-04,1900,2014-12-25,1920,530181,0972,4,5,4,1979,0,0,0,NA,0,92H,SHERBOURNE DR,BONNER DR,26,N,N,A,-,N,NA,NA,NA,NA,NA,NA,NA,NA,NA,Y,4,0,1,2,A,-,09,21802,A,M,D,C,A,A,H,-,C,D,0,NA,NA,Y,NA,Y,NA,A,01,0,0,1,0,0,0,0,0,1,-,-,NA,NA,LOS ANGELES,WEST HOLLYWOOD,-118.38096935,34.07800335
6754909,2014,2015-02-04,1900,2014-12-28,2026,536339,NA,7,5,4,1979,0,0,0,NA,0,92T1,SUNSET BL,QUEENS RD,0,NA,Y,A,-,N,NA,NA,NA,NA,NA,NA,NA,NA,NA,N,4,0,1,2,A,-,08,22107,NA,N,C,C,A,A,H,-,D,D,0,NA,NA,Y,NA,Y,NA,C,02,0,0,1,0,0,0,0,0,1,-,-,NA,NA,LOS ANGELES,WEST HOLLYWOOD,-118.3747501,34.09476008
6754910,2014,2015-02-04,1900,2014-12-18,2324,519547,0973,4,5,4,1979,0,0,0,NA,0,93T3,LA BREA AV,SANTA MONICA BL,0,NA,Y,A,-,N,NA,NA,NA,NA,NA,NA,NA,NA,NA,Y,4,0,1,3,D,-,00,NA,NA,N,A,C,A,A,H,-,C,A,0,NA,NA,NA,NA,Y,Y,-,-,0,0,1,0,0,0,0,0,0,-,-,NA,NA,LOS ANGELES,WEST HOLLYWOOD,-118.34408007,34.09070004
6754911,2014,2015-02-09,1953,2014-12-21,1315,7176,1953,7,5,6,1953,0,0,0,NA,0,001,CALIFORNIA BL,ORANGE GROVE BL,0,NA,Y,A,-,N,NA,NA,NA,NA,NA,NA,NA,NA,NA,Y,4,0,1,1,A,-,-,NA,NA,N,E,I,A,A,H,-,A,A,0,NA,NA,NA,NA,Y,NA,A,01,0,0,1,0,0,0,0,0,0,-,-,NA,NA,LOS ANGELES,PASADENA,-118.15899009,34.13573005
6754912,2014,2015-02-04,1953,2014-12-20,0803,7176,1953,6,5,6,1953,0,0,0,NA,0,004,ALTADENA DR,NINA ST,0,NA,Y,B,-,N,NA,NA,NA,NA,NA,NA,NA,NA,NA,Y,3,0,1,2,A,-,09,21801,A,N,D,C,A,A,H,-,A,A,0,NA,NA,NA,NA,Y,NA,A,01,0,1,0,0,0,0,0,0,0,-,-,NA,NA,LOS ANGELES,PASADENA,-118.09863,34.14702005
6754913,2014,2015-02-04,1953,2014-12-20,1357,7176,1953,6,5,6,1953,0,0,0,NA,0,003,SIERRA MADRE VILLA,FOOTHILL FWY,0,NA,Y,A,-,Y,NA,NA,NA,NA,NA,NA,NA,NA,NA,N,4,0,1,2,A,-,04,21703,NA,N,C,C,A,A,H,-,A,A,0,NA,NA,NA,NA,Y,NA,A,01,0,0,1,0,0,0,0,0,0,-,-,NA,NA,LOS ANGELES,PASADENA,-118.08249008,34.1500801
6754914,2014,2015-02-09,1953,2014-12-20,0113,9039,1953,6,5,6,1953,0,0,0,NA,0,004,N ALTADENA DR,N ALTADENA DR 1154,0,NA,N,A,-,N,NA,NA,NA,NA,NA,NA,NA,NA,NA,Y,4,0,1,1,A,-,08,22107,NA,N,E,I,A,A,H,-,C,A,0,NA,NA,NA,NA,Y,NA,A,01,0,0,1,0,0,0,0,0,0,-,-,NA,NA,LOS ANGELES,PASADENA,-118.098367,34.165994
6754915,2014,2015-02-04,1953,2014-12-19,2155,5472,1953,5,5,6,1953,0,0,0,NA,0,004,EAST FOOTHILL BL,E FOOTHILL BL 3199,0,NA,N,A,-,N,NA,NA,NA,NA,NA,NA,NA,NA,NA,N,4,0,4,2,A,-,21,22106,NA,N,D,C,A,A,H,-,C,D,0,NA,NA,NA,NA,Y,NA,A,01,0,0,4,0,0,0,0,0,0,-,-,NA,NA,LOS ANGELES,PASADENA,-118.084322,34.150049
6754916,2014,2015-02-04,1953,2014-12-19,0508,4728,PASAD,5,5,6,1953,0,0,0,NA,0,005,FAIR OAKS AV,DEL MAR BL,0,NA,Y,A,-,N,NA,NA,NA,NA,NA,NA,NA,NA,NA,Y,3,0,1,2,A,-,12,21453,A,N,D,C,A,A,H,-,C,A,0,NA,NA,NA,NA,Y,Y,A,01,0,1,0,0,0,0,0,0,0,-,-,NA,NA,LOS ANGELES,PASADENA,-118.15043001,34.1406201
6754917,2014,2015-02-04,1953,2014-12-18,1900,5281,1953,4,5,6,1953,0,0,0,NA,0,001,MARENGO AV,GLENARM ST,0,NA,Y,A,-,N,NA,NA,NA,NA,NA,NA,NA,NA,NA,Y,4,0,1,2,A,-,12,21453,A,N,D,C,A,A,H,-,C,A,0,NA,NA,NA,NA,Y,NA,A,01,0,0,1,0,0,0,0,0,0,-,-,NA,NA,LOS ANGELES,PASADENA,-118.14580013,34.12755003
6754918,2014,2015-02-04,1953,2014-12-18,1827,5281,1953,4,5,6,1953,0,0,0,NA,0,001,MARENGO AV,ALPINE ST,300,S,N,A,-,N,NA,NA,NA,NA,NA,NA,NA,NA,NA,Y,4,0,1,2,A,-,03,22350,NA,N,C,C,A,A,H,-,C,A,0,NA,NA,NA,NA,Y,NA,A,01,0,0,1,0,0,0,0,0,0,-,-,NA,NA,LOS ANGELES,PASADENA,-118.14581309,34.12886738
6754919,2014,2015-02-09,1953,2014-12-23,1549,5281,1953,2,5,6,1953,0,0,0,NA,0,001,COLORADO BL,VINEDO AV,100,W,N,A,-,N,NA,NA,NA,NA,NA,NA,NA,NA,NA,N,4,0,2,2,A,-,04,21703,NA,N,C,C,A,A,H,-,A,A,0,NA,NA,NA,NA,Y,NA,A,01,0,0,2,0,0,0,0,0,0,-,-,NA,NA,LOS ANGELES,PASADENA,-118.09645962,34.14613109