CASE_ID,ACCIDENT_YEAR,PROC_DATE,JURIS,COLLISION_DATE,COLLISION_TIME,OFFICER_ID,REPORTING_DISTRICT,DAY_OF_WEEK,CHP_SHIFT,POPULATION,CNTY_CITY_LOC,SPECIAL_COND,BEAT_TYPE,CHP_BEAT_TYPE,CITY_DIVISION_LAPD,CHP_BEAT_CLASS,BEAT_NUMBER,PRIMARY_RD,SECONDARY_RD,DISTANCE,DIRECTION,INTERSECTION,WEATHER_1,WEATHER_2,STATE_HWY_IND,CALTRANS_COUNTY,CALTRANS_DISTRICT,STATE_ROUTE,ROUTE_SUFFIX,POSTMILE_PREFIX,POSTMILE,LOCATION_TYPE,RAMP_INTERSECTION,SIDE_OF_HWY,TOW_AWAY,COLLISION_SEVERITY,NUMBER_KILLED,NUMBER_INJURED,PARTY_COUNT,PRIMARY_COLL_FACTOR,PCF_CODE_OF_VIOL,PCF_VIOL_CATEGORY,PCF_VIOLATION,PCF_VIOL_SUBSECTION,HIT_AND_RUN,TYPE_OF_COLLISION,MVIW,PED_ACTION,ROAD_SURFACE,ROAD_COND_1,ROAD_COND_2,LIGHTING,CONTROL_DEVICE,CHP_ROAD_TYPE,PEDESTRIAN_ACCIDENT,BICYCLE_ACCIDENT,MOTORCYCLE_ACCIDENT,TRUCK_ACCIDENT,NOT_PRIVATE_PROPERTY,ALCOHOL_INVOLVED,STWD_VEHTYPE_AT_FAULT,CHP_VEHTYPE_AT_FAULT,COUNT_SEVERE_INJ,COUNT_VISIBLE_INJ,COUNT_COMPLAINT_PAIN,COUNT_PED_KILLED,COUNT_PED_INJURED,COUNT_BICYCLIST_KILLED,COUNT_BICYCLIST_INJURED,COUNT_MC_KILLED,COUNT_MC_INJURED,PRIMARY_RAMP,SECONDARY_RAMP,LATITUDE,LONGITUDE,COUNTY,CITY,POINT_X,POINT_Y
6754920,2014,2015-02-04,1953,2014-12-23,1502,3775,NA,2,5,6,1953,0,0,0,NA,0,NA,WASHINGTON BL,CATALINA AV,0,NA,Y,A,-,N,NA,NA,NA,NA,NA,NA,NA,NA,NA,Y,3,0,2,2,A,-,09,21801,A,N,D,C,A,A,H,-,A,A,0,NA,NA,NA,NA,Y,NA,A,01,0,1,1,0,0,0,0,0,0,-,-,NA,NA,LOS ANGELES,PASADENA,-118.12960012,34.16900004
6754921,2014,2015-02-04,1953,2014-12-23,1352,4980,1953,2,5,6,1953,0,0,0,NA,0,003,WASHINGTON BL,SINALOA AV,0,NA,Y,A,-,N,NA,NA,NA,NA,NA,NA,NA,NA,NA,Y,4,0,2,2,A,-,09,21801,A,N,D,C,A,A,C,-,A,A,0,NA,NA,NA,NA,Y,NA,A,01,0,0,2,0,0,0,0,0,0,-,-,NA,NA,LOS ANGELES,PASADENA,-118.11543008,34.16912007
6754926,2014,2015-02-03,1900,2014-12-27,1935,516682,0533,6,5,5,1959,0,0,0,NA,0,53H,WALNUT GROVE AV,FERN AV,528,N,N,A,-,N,NA,NA,NA,NA,NA,NA,NA,NA,NA,N,4,0,1,3,A,-,09,21804,A,N,D,C,A,A,H,-,C,D,0,NA,NA,NA,NA,Y,NA,A,07,0,0,1,0,0,0,0,0,0,-,-,NA,NA,LOS ANGELES,ROSEMEAD,-118.0819419,34.06048764
6754927,2014,2015-02-03,1900,2014-12-17,0820,515594,0560,3,5,3,1968,0,0,0,NA,0,53T1,CHICO AV,GARVEY AV,64,S,N,C,-,N,NA,NA,NA,NA,NA,NA,NA,NA,NA,N,4,0,1,2,A,-,05,21460,A,M,B,C,A,B,H,-,A,D,0,NA,NA,NA,NA,Y,NA,-,99,0,0,1,0,0,0,0,0,0,-,-,NA,NA,LOS ANGELES,SOUTH EL MONTE,-118.06002834,34.06256452
6754928,2014,2015-02-03,1900,2014-12-14,1718,526292,0525,7,5,4,1971,0,0,0,NA,0,52T1,FREER ST,SANTA ANITA AV,40,W,N,A,-,N,NA,NA,NA,NA,NA,NA,NA,NA,NA,Y,4,0,1,1,A,-,08,22107,NA,N,E,I,A,A,H,-,C,A,0,NA,NA,NA,NA,Y,NA,A,01,0,0,1,0,0,0,0,0,0,-,-,NA,NA,LOS ANGELES,TEMPLE CITY,-118.02939986,34.10042109
6754929,2014,2015-02-03,1938,2014-12-08,1354,184,215,1,5,4,1938,0,0,0,NA,0,003,FRUIT ST,FOOTHILL BL,346,N,N,A,-,N,NA,NA,NA,NA,NA,NA,NA,NA,NA,Y,3,0,2,3,A,-,09,21801,A,N,D,C,A,A,H,-,A,A,0,NA,NA,NA,NA,Y,NA,A,01,0,1,1,0,0,0,0,0,0,-,-,NA,NA,LOS ANGELES,LA VERNE,-117.76169,34.11322821
6754930,2014,2015-02-03,1938,2014-12-05,1855,619,218,5,5,4,1938,0,0,0,NA,0,003,FOOTHILL BL,TOWNE CENTER DR,485,W,N,A,-,N,NA,NA,NA,NA,NA,NA,NA,NA,NA,Y,3,0,1,2,A,-,-,NA,NA,N,B,C,A,A,H,-,C,A,0,NA,NA,NA,NA,Y,NA,A,01,0,1,0,0,0,0,0,0,0,-,-,NA,NA,LOS ANGELES,LA VERNE,-117.75967979,34.11145084
6754965,2014,2016-06-24,1972,2014-12-22,1643,12309,NA,1,5,6,1972,0,0,0,NA,0,NA,SPENCER,HAWTHORNE BL,0,NA,Y,A,-,Y,LA,7,107,-,-,2.764,I,5,N,Y,4,0,1,2,A,-,12,21453,A,N,-,-,A,A,-,-,B,A,0,NA,NA,NA,NA,Y,NA,-,NA,0,0,1,0,0,0,0,0,0,-,-,NA,NA,LOS ANGELES,TORRANCE,-118.35362789,33.84500235
6754966,2014,2015-02-05,1972,2014-12-20,1739,18874,NA,6,5,6,1972,0,0,0,NA,0,NA,CABRILLO AV,220TH ST,0,NA,Y,A,-,N,NA,NA,NA,NA,NA,NA,NA,NA,NA,Y,3,0,3,5,A,-,12,22450,A,N,A,C,A,A,H,-,C,A,0,NA,NA,NA,NA,Y,NA,A,NA,0,2,1,0,0,0,0,0,0,-,-,NA,NA,LOS ANGELES,TORRANCE,-118.3143901,33.82788012
6754967,2014,2015-02-05,1972,2014-12-22,1407,19522,NA,1,5,6,1972,0,0,0,NA,0,NA,LOMITA BL,HAWTHORNE BL,100,W,N,A,-,N,NA,NA,NA,NA,NA,NA,NA,NA,NA,Y,4,0,2,4,A,-,09,21801,A,N,D,C,A,A,H,-,A,D,0,NA,NA,NA,NA,Y,NA,-,NA,0,0,2,0,0,0,0,0,0,-,-,NA,NA,LOS ANGELES,TORRANCE,-118.35150864,33.81611538
6754968,2014,2015-02-05,1972,2014-12-14,1942,15555,NA,7,5,6,1972,0,0,0,NA,0,NA,PACIFIC COAST HWY,NEWTON,150,E,N,A,-,Y,NA,NA,NA,NA,NA,NA,NA,NA,NA,Y,3,0,1,2,A,-,09,21801,A,N,H,A,A,A,H,-,C,D,0,NA,NA,NA,NA,Y,NA,A,NA,0,1,0,0,0,0,0,0,0,-,-,NA,NA,LOS ANGELES,TORRANCE,-118.3379525,33.79565691
6754969,2014,2015-02-05,1972,2014-12-18,1931,19767,NA,4,5,6,1972,0,0,0,NA,0,NA,HAWTHORNE BL,EMERALD ST,210,N,N,-,-,N,NA,NA,NA,NA,NA,NA,NA,NA,NA,N,4,0,1,2,A,-,03,22350,NA,N,-,-,A,A,H,-,-,D,0,NA,NA,NA,NA,Y,NA,A,NA,0,0,1,0,0,0,0,0,0,-,-,NA,NA,LOS ANGELES,TORRANCE,-118.35384,33.84193598
6754970,2014,2015-02-05,1972,2014-12-18,0650,14197,NA,4,5,6,1972,0,0,0,NA,0,NA,VAN NESS AV,ENGRACIA,0,NA,Y,A,-,N,NA,NA,NA,NA,NA,NA,NA,NA,NA,Y,4,0,1,2,A,-,09,21802,A,N,D,C,A,A,H,-,A,A,0,NA,NA,NA,NA,Y,NA,D,NA,0,0,1,0,0,0,0,0,0,-,-,NA,NA,LOS ANGELES,TORRANCE,-118.31649012,33.83745006
6754971,2014,2015-02-05,1972,2014-12-19,2313,19966,NA,5,5,6,1972,0,0,0,NA,0,NA,190TH ST,INGLEWOOD AV,310,E,N,A,-,N,NA,NA,NA,NA,NA,NA,NA,NA,NA,Y,3,0,1,1,A,-,08,22107,NA,N,E,I,A,A,H,-,C,D,0,NA,NA,NA,NA,Y,NA,A,NA,0,1,0,0,0,0,0,0,0,-,-,NA,NA,LOS ANGELES,TORRANCE,-118.36041092,33.8582841
6754972,2014,2015-02-05,1972,2014-12-16,1421,12309,NA,2,5,6,1972,0,0,0,NA,0,NA,PRAIRIE,171ST ST,35,S,N,C,-,N,NA,NA,NA,NA,NA,NA,NA,NA,NA,Y,4,0,1,1,A,-,08,22107,NA,N,E,I,A,B,H,-,A,D,0,NA,NA,NA,NA,Y,NA,A,NA,0,0,1,0,0,0,0,0,0,-,-,NA,NA,LOS ANGELES,TORRANCE,-118.34406396,33.87595521
6754973,2014,2015-02-05,1972,2014-12-17,0643,16610,NA,3,5,6,1972,0,0,0,NA,0,NA,182ND ST,GREVILLEA,0,NA,Y,B,-,N,NA,NA,NA,NA,NA,NA,NA,NA,NA,Y,4,0,2,2,A,-,09,21801,A,N,A,C,A,B,H,-,A,D,0,NA,NA,NA,NA,Y,NA,A,NA,0,0,2,0,0,0,0,0,0,-,-,NA,NA,LOS ANGELES,TORRANCE,-118.35440013,33.86550011
6754974,2014,2015-02-05,1962,2014-12-11,1406,102,1962,4,5,4,1962,0,0,0,NA,0,024,SAN GABRIEL BL,N RAILROAD TRACKS,52,N,N,A,-,N,NA,NA,NA,NA,NA,NA,NA,NA,NA,N,4,0,1,2,A,-,12,21367,B,F,G,B,E,A,H,-,A,A,0,Y,NA,NA,NA,Y,NA,A,01,0,0,1,0,1,0,0,0,0,-,-,NA,NA,LOS ANGELES,SAN GABRIEL,-118.09093,34.09647
6755030,2014,2015-02-05,1900,2014-12-15,1750,524695,2924,1,5,5,1990,0,0,0,NA,0,292K4,GRAND AV,MONTEFINO AV,31,S,N,A,-,N,NA,NA,NA,NA,NA,NA,NA,NA,NA,N,4,0,1,2,A,-,11,21950,B,N,G,B,B,A,H,-,C,A,0,Y,NA,NA,NA,Y,NA,N,60,0,0,1,0,1,0,0,0,0,-,-,NA,NA,LOS ANGELES,DIAMOND BAR,-117.81468789,34.00235345
6755066,2014,2015-07-27,1900,2014-12-18,1245,266037,0972,4,5,4,1979,0,0,0,NA,0,91T2,MELROSE AV,WESTBOURNE DR,127,E,N,B,-,N,NA,NA,NA,NA,NA,NA,NA,NA,NA,Y,3,0,1,3,A,-,06,21754,NA,N,-,C,A,A,H,-,A,D,0,NA,NA,Y,NA,Y,NA,C,02,0,1,0,0,0,0,0,0,1,-,-,NA,NA,LOS ANGELES,WEST HOLLYWOOD,-118.37931138,34.08195802
6755077,2014,2015-07-27,1953,2014-12-21,2024,2316,PASAD,7,5,6,1953,0,0,0,NA,0,003,FOOTHILL BL,OAK AV,0,NA,Y,A,-,N,NA,NA,NA,NA,NA,NA,NA,NA,NA,Y,4,0,1,2,A,-,08,22100,B,N,B,C,A,A,H,-,C,D,0,NA,NA,NA,NA,Y,NA,A,01,0,0,1,0,0,0,0,0,0,-,-,NA,NA,LOS ANGELES,PASADENA,-118.10765002,34.14995002
6755262,2014,2015-02-05,1900,2014-12-13,1940,453009,0972,6,5,4,1979,0,0,0,NA,0,91T1,ROBERTSON BL,EL TOVAR PL,0,NA,Y,A,-,N,NA,NA,NA,NA,NA,NA,NA,NA,NA,N,2,0,1,2,D,-,00,NA,NA,N,G,B,E,A,H,-,-,D,0,Y,NA,NA,NA,Y,NA,-,-,1,0,0,0,1,0,0,0,0,-,-,NA,NA,LOS ANGELES,WEST HOLLYWOOD,-118.3855201,34.08149006
6755281,2014,2015-02-06,1929,2014-12-18,2214,195,1929,4,5,3,1929,0,0,0,NA,0,002,HERMOSA AV,29TH ST,0,NA,Y,A,-,N,NA,NA,NA,NA,NA,NA,NA,NA,NA,N,3,0,1,2,A,-,08,22107,NA,N,A,-,A,A,H,-,C,D,0,NA,Y,NA,NA,Y,Y,L,04,0,1,0,0,0,0,1,0,0,-,-,NA,NA,LOS ANGELES,HERMOSA BEACH,-118.40630007,33.87391006
6755291,2014,2015-02-06,1900,2014-12-18,1605,531921,0532,4,5,5,1959,0,0,0,NA,0,53APM,GARVEY AV,DEQUINE AV,90,E,N,B,-,N,NA,NA,NA,NA,NA,NA,NA,NA,NA,Y,4,0,2,3,A,-,03,22350,NA,N,C,C,A,A,H,-,A,D,0,NA,NA,NA,NA,Y,NA,A,08,0,0,2,0,0,0,0,0,0,-,-,NA,NA,LOS ANGELES,ROSEMEAD,-118.1066935,34.06265322
6755299,2014,2015-02-05,1976,2014-12-12,1157,339,NA,5,5,3,1964,0,0,0,NA,0,NA,TELEGRAPH RD,GATEWAY PLZ,57,W,N,C,-,N,NA,NA,NA,NA,NA,NA,NA,NA,NA,N,4,0,1,2,A,-,21,22106,NA,N,C,C,A,B,H,-,A,A,0,NA,NA,NA,NA,Y,NA,A,01,0,0,1,0,0,0,0,0,0,-,-,NA,NA,LOS ANGELES,SANTA FE SPRINGS,-118.04892100000001,33.941715
6755300,2014,2015-02-05,1976,2014-12-08,1620,746,NA,1,5,3,1964,0,0,0,NA,0,NA,LOS NIETOS RD,GREENLEAF AV,0,NA,Y,A,-,N,NA,NA,NA,NA,NA,NA,NA,NA,NA,Y,3,0,1,2,A,-,09,21801,A,N,D,C,A,A,H,-,B,A,0,NA,NA,NA,NA,Y,NA,A,08,0,1,0,0,0,0,0,0,0,-,-,NA,NA,LOS ANGELES,SANTA FE SPRINGS,-118.05612012,33.94693004
6755301,2014,2015-02-05,1944,2014-12-10,0918,259,SOUTH,3,5,4,1944,0,0,0,NA,0,001,SEPULVEDA BL,3RD ST,124,S,N,A,-,Y,NA,NA,NA,NA,NA,NA,NA,NA,NA,Y,4,0,1,2,A,-,09,21801,A,N,D,C,A,A,H,-,A,D,0,NA,NA,Y,NA,Y,NA,A,01,0,0,1,0,0,0,0,0,1,-,-,NA,NA,LOS ANGELES,MANHATTAN BEACH,-118.39606585,33.8809999
6755310,2014,2015-02-05,1900,2014-12-06,1624,524061,0523,6,5,4,1971,0,0,0,NA,0,52T1PM,TEMPLE CITY BL,LEMON ST,0,NA,Y,A,-,N,NA,NA,NA,NA,NA,NA,NA,NA,NA,N,4,0,1,2,A,-,04,21703,NA,N,C,C,A,A,H,-,A,A,0,NA,NA,NA,NA,Y,NA,A,07,0,0,1,0,0,0,0,0,0,-,-,NA,NA,LOS ANGELES,TEMPLE CITY,-118.06303007,34.11741002
6755311,2014,2015-02-05,1900,2014-12-03,1500,529472,0530,3,5,5,1959,0,0,0,NA,0,54K1AM,WALNUT GROVE AV,GRAND AV,22,S,N,B,C,N,NA,NA,NA,NA,NA,NA,NA,NA,NA,N,4,0,1,2,A,-,03,22350,NA,N,C,C,A,B,H,-,A,A,0,NA,NA,NA,NA,Y,NA,A,01,0,0,1,0,0,0,0,0,0,-,-,NA,NA,LOS ANGELES,ROSEMEAD,-118.08362695,34.09171066
6755331,2014,2015-02-06,9530,2014-12-04,0950,020686,NA,4,1,9,1900,0,1,1,NA,2,120,RT 110,228TH ST,1273,S,N,B,-,Y,NA,NA,110,NA,NA,NA,NA,NA,NA,Y,4,0,1,5,A,-,03,22350,NA,N,C,C,A,B,H,-,A,D,0,NA,NA,NA,NA,Y,NA,A,01,0,0,1,0,0,0,0,0,0,-,-,33.81538,-118.28756,LOS ANGELES,UNINCORPORATED,-118.28742253,33.81538042
6755346,2014,2015-02-06,9530,2014-12-08,1015,019694,NA,1,1,6,1972,0,1,1,NA,2,400,RT 405,WESTERN AV,275,S,N,A,-,Y,NA,NA,405,NA,NA,NA,NA,NA,NA,N,4,0,1,2,A,-,03,22350,NA,N,C,C,A,A,H,-,A,D,0,NA,NA,NA,NA,Y,NA,A,01,0,0,1,0,0,0,0,0,0,-,-,33.86002,-118.30803,LOS ANGELES,TORRANCE,-118.30803188,33.85991275
6755347,2014,2015-02-06,9530,2014-12-08,0850,13604,NA,1,1,9,1900,0,3,5,NA,2,001,NADEAU ST,MAIE AV,0,NA,Y,A,-,N,NA,NA,NA,NA,NA,NA,NA,NA,NA,Y,4,0,1,2,A,-,09,21801,A,N,D,C,A,A,H,-,A,A,0,NA,NA,NA,NA,Y,NA,A,08,0,0,1,0,0,0,0,0,0,-,-,33.9672,-118.2446,LOS ANGELES,UNINCORPORATED,-118.2444601,33.96742012
6755348,2014,2015-02-06,9530,2014-12-03,1040,18594,NA,3,1,5,1943,0,1,1,NA,2,200,RT 105,ALAMEDA ST,528,E,N,C,-,Y,NA,NA,105,NA,NA,NA,NA,NA,NA,Y,4,0,2,1,A,-,03,22350,NA,N,E,I,A,B,H,-,A,D,0,NA,NA,NA,NA,Y,NA,A,01,0,0,2,0,0,0,0,0,0,-,-,33.92769,-118.2301,LOS ANGELES,LYNWOOD,-118.23022943,33.92823961
6755349,2014,2015-02-10,9530,2014-12-03,1618,18594,NA,3,2,5,1943,0,1,1,NA,2,200,RT 105,ALAMEDA ST,1056,E,N,B,C,Y,NA,NA,105,NA,NA,NA,NA,NA,NA,Y,4,0,1,1,A,-,03,22350,NA,N,E,I,A,B,H,-,A,D,0,NA,NA,NA,NA,Y,NA,A,01,0,0,1,0,0,0,0,0,0,-,-,33.92712,-118.215,LOS ANGELES,LYNWOOD,-118.21506378,33.92697379
6755350,2014,2015-02-06,9530,2014-12-06,1900,020665,NA,6,2,7,1941,0,1,1,NA,2,420,RT 405,RT 710,160,S,N,A,-,Y,NA,NA,NA,NA,NA,NA,NA,NA,NA,Y,4,0,1,1,A,-,08,22107,NA,N,H,J,A,A,H,-,C,D,0,NA,NA,NA,NA,Y,NA,A,01,0,0,1,0,0,0,0,0,0,-,-,33.4935,-118.1224,LOS ANGELES,LONG BEACH,-118.20759,33.82657
6755363,2014,2015-02-06,1900,2014-12-14,1703,432023,0972,7,5,4,1979,0,0,0,NA,0,92F,SANTA MONICA BL,HANCOCK AV,120,W,N,A,-,N,NA,NA,NA,NA,NA,NA,NA,NA,NA,N,4,0,1,2,A,-,07,21658,A,N,C,G,A,A,H,-,C,A,0,NA,Y,NA,NA,Y,NA,A,01,0,0,1,0,0,0,1,0,0,-,-,NA,NA,LOS ANGELES,WEST HOLLYWOOD,-118.38178698,34.08652241
6755391,2014,2015-02-05,1900,2014-12-16,1514,263565,1137,2,5,6,1992,0,0,0,NA,0,111T2,27TH ST E,AVENUE J14,345,N,N,C,-,N,NA,NA,NA,NA,NA,NA,NA,NA,NA,Y,2,0,1,4,A,-,08,22107,NA,N,G,B,E,B,H,-,A,D,0,Y,NA,NA,NA,Y,NA,A,08,1,0,0,0,1,0,0,0,0,-,-,NA,NA,LOS ANGELES,LANCASTER,-118.08133609,34.67795591
6755392,2014,2015-02-05,1900,2014-12-15,1649,442237,1126,1,5,6,1992,0,0,0,NA,0,112T1,10TH ST W,COMMERCE CENTER DR,12,S,N,A,-,N,NA,NA,NA,NA,NA,NA,NA,NA,NA,N,3,0,1,2,A,-,10,21950,A,N,G,B,B,A,H,-,B,A,0,Y,NA,NA,NA,Y,NA,A,01,0,1,0,0,1,0,0,0,0,-,-,NA,NA,LOS ANGELES,LANCASTER,-118.14786906,34.6724471
6755393,2014,2015-02-05,1900,2014-12-10,0710,263565,1127,3,5,6,1992,0,0,0,NA,0,111T2,LANCASTER BL,21ST ST W,528,E,N,A,-,N,NA,NA,NA,NA,NA,NA,NA,NA,NA,N,4,0,1,2,A,-,21,22106,NA,N,H,C,A,A,H,-,A,D,0,NA,NA,NA,NA,Y,NA,A,01,0,0,1,0,0,0,0,0,0,-,-,NA,NA,LOS ANGELES,LANCASTER,-118.16664709,34.69659783
6755394,2014,2015-02-05,1900,2014-12-10,1745,263565,1125,3,5,6,1992,0,0,0,NA,0,111T2,AVENUE J,10TH ST W,0,NA,Y,A,-,N,NA,NA,NA,NA,NA,NA,NA,NA,NA,N,4,0,1,2,A,-,05,21650,1,F,D,G,A,A,H,-,C,A,0,NA,Y,NA,NA,Y,NA,L,04,0,0,1,0,0,0,1,0,0,-,-,NA,NA,LOS ANGELES,LANCASTER,-118.14802012,34.6894501
6755395,2014,2015-02-05,1900,2014-12-13,1631,442237,1136,6,5,6,1992,0,0,0,NA,0,112T1,AVENUE I,40TH ST E,0,NA,Y,A,-,N,NA,NA,NA,NA,NA,NA,NA,NA,NA,Y,3,0,2,2,A,-,09,21802,A,N,D,C,A,A,H,-,B,A,0,NA,NA,NA,NA,Y,NA,A,01,0,1,1,0,0,0,0,0,0,-,-,NA,NA,LOS ANGELES,LANCASTER,-118.05921008,34.70460007
6755396,2014,2015-02-05,1900,2014-12-09,1109,528221,1127,2,5,6,1992,0,0,0,NA,0,111T2,DRIVERS WY,MOTOR LN,0,NA,Y,A,-,N,NA,NA,NA,NA,NA,NA,NA,NA,NA,Y,4,0,1,2,A,-,09,21801,A,N,D,C,A,A,H,-,A,A,0,NA,NA,NA,NA,Y,NA,A,07,0,0,1,0,0,0,0,0,0,-,-,NA,NA,LOS ANGELES,LANCASTER,-118.14954006,34.66887005
6755397,2014,2015-02-05,1900,2014-12-06,1954,263565,1122,6,5,6,1992,0,0,0,NA,0,112T1,DIVISION ST,MILLING ST,0,NA,Y,A,-,N,NA,NA,NA,NA,NA,NA,NA,NA,NA,N,4,0,1,2,D,-,00,NA,NA,F,H,B,B,A,H,-,C,A,0,Y,NA,NA,NA,Y,NA,-,-,0,0,1,0,1,0,0,0,0,-,-,NA,NA,LOS ANGELES,LANCASTER,-118.1304201,34.69667001
6755398,2014,2015-02-05,1900,2014-12-05,1815,263565,1125,5,5,6,1992,0,0,0,NA,0,1815,LANCASTER BL,17TH ST W,59,W,N,A,-,N,NA,NA,NA,NA,NA,NA,NA,NA,NA,N,3,0,1,3,A,-,09,21802,A,N,H,G,A,A,H,-,C,A,0,NA,Y,NA,NA,Y,NA,L,04,0,1,0,0,0,0,1,0,0,-,-,NA,NA,LOS ANGELES,LANCASTER,-118.16154588,34.69673
6755399,2014,2015-02-05,1900,2014-12-14,1455,236790,1136,7,5,6,1992,0,0,0,NA,0,111T2,AVENUE J,40TH ST E,312,E,N,A,-,N,NA,NA,NA,NA,NA,NA,NA,NA,NA,Y,3,0,1,1,A,-,08,22107,NA,N,F,A,A,A,H,-,A,D,0,NA,NA,NA,NA,Y,NA,A,07,0,1,0,0,0,0,0,0,0,-,-,NA,NA,LOS ANGELES,LANCASTER,-118.05821438,34.68994155
6755411,2014,2015-02-04,1900,2014-12-10,1855,196195,1418,3,5,1,1932,0,0,0,NA,0,141T5,CALE AV,AZUSA AV,30,E,N,A,-,N,NA,NA,NA,NA,NA,NA,NA,NA,NA,Y,4,0,1,2,D,-,00,NA,NA,N,C,C,A,A,H,-,C,A,0,NA,NA,NA,NA,Y,NA,-,-,0,0,1,0,0,0,0,0,0,-,-,NA,NA,LOS ANGELES,INDUSTRY,-117.93076203,34.00015969
6755412,2014,2015-02-04,1900,2014-12-10,1055,290645,1416,3,5,1,1932,0,0,0,NA,0,141T3,COLIMA RD,STONER CREEK RD,17,W,N,B,-,N,NA,NA,NA,NA,NA,NA,NA,NA,NA,Y,3,0,1,2,A,-,09,21801,A,N,D,C,A,A,H,-,A,A,0,NA,NA,Y,NA,Y,NA,A,01,0,1,0,0,0,0,0,0,1,-,-,NA,NA,LOS ANGELES,INDUSTRY,-117.91347479,33.98996945
6755413,2014,2015-02-04,1900,2014-12-05,1745,406363,1416,5,5,1,1932,0,0,0,NA,0,141T5,CASTLETON ST,STONER CREEK RD,0,NA,Y,A,-,N,NA,NA,NA,NA,NA,NA,NA,NA,NA,Y,4,0,4,3,A,-,09,21801,A,N,D,C,A,A,H,-,C,A,0,NA,NA,NA,NA,Y,NA,A,07,0,0,4,0,0,0,0,0,0,-,-,NA,NA,LOS ANGELES,INDUSTRY,-117.91313011,33.99258006
6755414,2014,2015-02-04,1900,2014-12-01,1845,451502,1431,1,5,4,1937,0,0,0,NA,0,143T1P,HACIENDA BL,NELSON AV,0,NA,Y,A,-,N,NA,NA,NA,NA,NA,NA,NA,NA,NA,Y,4,0,1,2,A,-,04,21703,NA,N,C,C,A,A,H,-,C,A,0,NA,NA,NA,NA,Y,NA,A,07,0,0,1,0,0,0,0,0,0,-,-,NA,NA,LOS ANGELES,LA PUENTE,-117.95770005,34.02633009
6755421,2014,2015-02-04,1900,2014-12-03,1830,263103,0975,3,5,4,1979,0,0,0,NA,0,92K2,FAIRFAX AV,FOUNTAIN AV,0,NA,Y,C,-,N,NA,NA,NA,NA,NA,NA,NA,NA,NA,Y,4,0,1,2,A,-,09,21801,A,N,A,C,A,B,H,-,C,A,0,NA,NA,NA,NA,Y,NA,A,01,0,0,1,0,0,0,0,0,0,-,-,NA,NA,LOS ANGELES,WEST HOLLYWOOD,-118.36154011000001,34.09446009
6755430,2014,2015-02-04,1900,2014-12-15,1500,451502,1430,1,5,4,1937,0,0,0,NA,0,143T1P,AMAR RD,ORANGE AV,0,NA,Y,A,-,N,NA,NA,NA,NA,NA,NA,NA,NA,NA,N,4,0,1,2,A,-,09,21801,A,N,D,G,A,A,H,-,A,-,0,NA,Y,NA,NA,Y,NA,A,01,0,0,1,0,0,0,1,0,0,-,-,NA,NA,LOS ANGELES,LA PUENTE,-117.96787013,34.04883003
6755433,2014,2015-02-04,1902,2014-12-09,1417,728,13,2,5,5,1902,0,0,0,NA,0,003,BALDWIN AV,RT 210,0,NA,Y,A,-,Y,NA,NA,NA,NA,NA,NA,NA,NA,NA,Y,3,0,2,3,A,-,01,23152,A,N,C,C,A,A,H,-,A,A,0,NA,NA,NA,NA,Y,Y,-,NA,0,1,1,0,0,0,0,0,0,-,-,NA,NA,LOS ANGELES,ARCADIA,-118.05033005,34.14900004
6755434,2014,2015-02-03,1902,2014-12-12,1741,631,8,5,5,5,1902,0,0,0,NA,0,001,COLORADO BL,2ND AV,0,NA,Y,B,-,N,NA,NA,NA,NA,NA,NA,NA,NA,NA,N,3,0,1,2,A,-,-,NA,NA,N,G,B,B,A,H,-,C,A,0,Y,NA,NA,NA,Y,NA,-,NA,0,1,0,0,1,0,0,0,0,-,-,NA,NA,LOS ANGELES,ARCADIA,-118.02531013,34.14558009
6755437,2014,2015-02-03,1951,2014-12-13,1217,716,NA,6,5,3,1951,0,0,0,NA,0,002,VIA CORTA,TEJON PL,0,NA,Y,A,-,N,NA,NA,NA,NA,NA,NA,NA,NA,NA,N,3,0,1,2,A,-,08,22107,NA,N,B,G,A,A,H,-,A,D,0,NA,Y,NA,NA,Y,NA,A,01,0,1,0,0,0,0,1,0,0,-,-,NA,NA,LOS ANGELES,PALOS VERDES EST,-118.39024005,33.79982005
6755440,2014,2015-02-03,1900,2014-12-08,1143,266037,0976,1,5,4,1979,0,0,0,NA,0,91T2,ROSEWOOD AV,KINGS RD,0,NA,Y,A,-,N,NA,NA,NA,NA,NA,NA,NA,NA,NA,Y,4,0,2,5,A,-,09,21802,NA,N,D,C,A,A,H,-,A,A,0,NA,NA,NA,NA,Y,NA,A,01,0,0,2,0,0,0,0,0,0,-,-,NA,NA,LOS ANGELES,WEST HOLLYWOOD,-118.37222008,34.08015005
6755449,2014,2015-02-04,1942,2014-12-05,1655,39028,9999,5,5,7,1942,0,0,0,NA,0,18TL39,RT 110,37TH ST,51,S,N,A,-,Y,NA,NA,NA,NA,NA,NA,NA,NA,NA,Y,4,0,1,3,A,-,03,22350,NA,F,B,C,A,A,H,-,C,A,0,NA,NA,NA,NA,Y,NA,A,01,0,0,1,0,0,0,0,0,0,-,-,NA,NA,LOS ANGELES,LOS ANGELES,NA,NA
6755452,2014,2015-02-06,9590,2014-11-17,1900,16611,NA,1,2,7,1942,0,1,1,NA,2,061,RT 10,10TH AV,100,E,N,A,-,Y,NA,NA,10,NA,NA,NA,NA,NA,NA,N,3,0,1,2,A,-,03,22350,NA,N,C,C,A,A,H,-,C,D,0,NA,NA,NA,NA,Y,NA,A,01,0,1,0,0,0,0,0,0,0,-,-,34.03456,-118.34257,LOS ANGELES,LOS ANGELES,-118.34256967,34.03455366