CASE_ID,ACCIDENT_YEAR,PROC_DATE,JURIS,COLLISION_DATE,COLLISION_TIME,OFFICER_ID,REPORTING_DISTRICT,DAY_OF_WEEK,CHP_SHIFT,POPULATION,CNTY_CITY_LOC,SPECIAL_COND,BEAT_TYPE,CHP_BEAT_TYPE,CITY_DIVISION_LAPD,CHP_BEAT_CLASS,BEAT_NUMBER,PRIMARY_RD,SECONDARY_RD,DISTANCE,DIRECTION,INTERSECTION,WEATHER_1,WEATHER_2,STATE_HWY_IND,CALTRANS_COUNTY,CALTRANS_DISTRICT,STATE_ROUTE,ROUTE_SUFFIX,POSTMILE_PREFIX,POSTMILE,LOCATION_TYPE,RAMP_INTERSECTION,SIDE_OF_HWY,TOW_AWAY,COLLISION_SEVERITY,NUMBER_KILLED,NUMBER_INJURED,PARTY_COUNT,PRIMARY_COLL_FACTOR,PCF_CODE_OF_VIOL,PCF_VIOL_CATEGORY,PCF_VIOLATION,PCF_VIOL_SUBSECTION,HIT_AND_RUN,TYPE_OF_COLLISION,MVIW,PED_ACTION,ROAD_SURFACE,ROAD_COND_1,ROAD_COND_2,LIGHTING,CONTROL_DEVICE,CHP_ROAD_TYPE,PEDESTRIAN_ACCIDENT,BICYCLE_ACCIDENT,MOTORCYCLE_ACCIDENT,TRUCK_ACCIDENT,NOT_PRIVATE_PROPERTY,ALCOHOL_INVOLVED,STWD_VEHTYPE_AT_FAULT,CHP_VEHTYPE_AT_FAULT,COUNT_SEVERE_INJ,COUNT_VISIBLE_INJ,COUNT_COMPLAINT_PAIN,COUNT_PED_KILLED,COUNT_PED_INJURED,COUNT_BICYCLIST_KILLED,COUNT_BICYCLIST_INJURED,COUNT_MC_KILLED,COUNT_MC_INJURED,PRIMARY_RAMP,SECONDARY_RAMP,LATITUDE,LONGITUDE,COUNTY,CITY,POINT_X,POINT_Y
6763745,2014,2016-06-29,9550,2014-11-02,1440,20765,NA,7,2,9,1900,0,1,1,NA,2,650,RT 605,WASHINGTON BL,1000,N,N,A,-,Y,LA,7,605,-,R,12.27,H,-,S,N,4,0,1,1,C,-,18,NA,NA,N,E,J,A,A,H,-,A,D,1,NA,NA,NA,NA,Y,NA,-,-,0,0,1,0,0,0,0,0,0,-,-,33.97496,-118.08179,LOS ANGELES,UNINCORPORATED,-118.07915549,33.97687421
6763746,2014,2016-06-29,9550,2014-11-01,1430,20743,NA,6,2,9,1900,0,1,3,NA,2,600,RT 60,RT 605,1250,E,N,B,-,Y,LA,7,60,-,-,12,H,-,W,Y,3,0,1,2,A,-,08,22107,NA,N,C,C,A,A,H,-,A,D,1,NA,NA,NA,NA,Y,NA,A,01,0,1,0,0,0,0,0,0,0,-,-,34.03233,-118.02332,LOS ANGELES,UNINCORPORATED,-118.02269209,34.03200056
6763747,2014,2015-01-21,9550,2014-11-01,1450,20765,NA,6,2,9,1900,0,3,5,NA,2,005,COLIMA RD,NOGALES ST,1000,E,N,A,-,N,NA,NA,NA,NA,NA,NA,NA,NA,NA,N,3,0,1,2,A,-,05,21650,1,N,D,G,A,A,H,-,A,D,0,NA,Y,NA,NA,Y,NA,L,04,0,1,0,0,0,0,1,0,0,-,-,33.98762,-117.88731,LOS ANGELES,UNINCORPORATED,-117.88602962,33.98731475
6763748,2014,2015-01-21,9550,2014-11-01,0810,20755,NA,6,1,6,1949,0,1,1,NA,2,500,RT 5,NORWALK BL,800,N,N,B,-,Y,NA,NA,5,NA,NA,NA,NA,NA,NA,Y,4,0,2,1,A,-,03,22350,NA,N,E,I,A,B,H,-,A,D,0,NA,NA,NA,NA,Y,NA,A,01,0,0,2,0,0,0,0,0,0,-,-,33.91678,-118.07978,LOS ANGELES,NORWALK,-118.07973473,33.91681185
6763749,2014,2015-01-21,9550,2014-11-01,0815,20743,NA,6,1,9,1900,0,1,3,NA,2,601,RT 60,AZUSA AV,5200,W,N,C,-,Y,NA,NA,60,NA,NA,NA,NA,NA,NA,Y,3,0,1,1,A,-,08,22107,NA,N,E,I,A,B,H,-,A,D,0,NA,NA,NA,NA,Y,NA,A,01,0,1,0,0,0,0,0,0,0,-,-,34.0019,-117.94747,LOS ANGELES,UNINCORPORATED,-117.94748951,34.00183632
6763750,2014,2016-06-15,9550,2014-11-07,1815,20664,NA,5,2,4,1936,0,1,1,NA,2,501,RT 5,ARTESIA BL,250,N,N,A,-,Y,ORA,12,5,-,-,44.35,H,-,S,N,4,0,1,3,A,-,07,21658,A,N,B,C,A,A,H,-,C,D,0,NA,NA,Y,NA,Y,NA,A,08,0,0,1,0,0,0,0,0,1,-,-,33.87527,-118.01198,LOS ANGELES,LA MIRADA,-118.01091534,33.87437058
6763751,2014,2015-01-21,9550,2014-11-09,0225,20469,NA,7,3,5,1976,0,1,1,NA,2,650,RT 605,BEVERLY BL,1000,N,N,A,-,Y,NA,NA,NA,NA,NA,NA,NA,NA,NA,Y,2,0,3,2,A,-,01,23152,A,N,B,C,A,A,H,-,C,D,0,NA,NA,NA,NA,Y,Y,A,01,1,1,1,0,0,0,0,0,0,-,-,33.93707,-118.09769,LOS ANGELES,WHITTIER,-118.06153768,34.00635838
6763752,2014,2015-01-21,9550,2014-11-09,1230,20727,NA,7,1,9,1900,0,3,5,NA,2,004,PEPPER BROOK WY,SUMMER LAWN WY,0,NA,Y,A,-,N,NA,NA,NA,NA,NA,NA,NA,NA,NA,Y,3,0,3,2,A,-,01,23152,A,N,A,C,A,A,H,-,A,A,0,NA,NA,NA,NA,Y,Y,A,01,0,2,1,0,0,0,0,0,0,-,-,33.99296,-117.93888,LOS ANGELES,UNINCORPORATED,-117.93884008,33.9929801
6763753,2014,2015-01-21,9550,2014-11-06,1800,19117,NA,4,2,9,1900,0,3,5,NA,2,005,FULLERTON RD,COLIMA RD,0,NA,Y,A,-,N,NA,NA,NA,NA,NA,NA,NA,NA,NA,N,4,0,1,2,A,-,17,21451,A,N,D,C,A,A,H,-,C,D,0,NA,NA,NA,NA,Y,NA,A,01,0,0,1,0,0,0,0,0,0,-,-,33.98795,-117.90593,LOS ANGELES,UNINCORPORATED,-117.90569008,33.98836012
6763754,2014,2016-07-11,9550,2014-11-06,0845,18412,NA,4,1,5,1908,0,1,3,NA,2,091,RT 91,CLARK AV,100,E,N,A,-,Y,LA,7,91,-,R,15.15,H,-,E,N,4,0,1,2,A,-,03,22350,NA,N,C,C,A,A,H,-,A,D,1,NA,NA,NA,NA,Y,NA,A,01,0,0,1,0,0,0,0,0,0,-,-,33.87646,-118.13214,LOS ANGELES,BELLFLOWER,-118.13338878,33.87689066
6763755,2014,2015-01-27,9550,2014-11-06,0517,13935,NA,4,3,9,1900,0,2,4,NA,1,022,TELEGRAPH RD,VICTORIA AV,0,NA,Y,A,-,N,NA,NA,NA,NA,NA,NA,NA,NA,NA,Y,4,0,2,2,A,-,12,21453,A,N,D,C,A,A,H,-,C,A,0,NA,NA,NA,NA,Y,NA,-,-,0,0,2,0,0,0,0,0,0,-,-,33.93305,-118.036,LOS ANGELES,UNINCORPORATED,-118.03604004,33.93295004
6763756,2014,2015-01-21,9550,2014-11-05,1915,20824,NA,3,2,9,1900,0,2,4,NA,1,023,MULBERRY DR,MILLS AV,0,NA,Y,A,-,N,NA,NA,NA,NA,NA,NA,NA,NA,NA,Y,4,0,1,3,A,-,09,21801,A,N,D,C,A,A,H,-,C,A,0,NA,NA,NA,NA,Y,NA,A,01,0,0,1,0,0,0,0,0,0,-,-,33.94213,-118.02757,LOS ANGELES,UNINCORPORATED,-118.0276401,33.94286012
6763757,2014,2015-01-21,9550,2014-11-02,1430,15449,NA,7,2,5,1952,0,1,1,NA,2,151,RT 105,PARAMOUNT BL,1109,E,N,A,-,Y,NA,NA,105,NA,NA,NA,NA,NA,NA,Y,4,0,1,2,A,-,03,22350,NA,N,C,C,A,A,H,-,A,D,0,NA,NA,NA,NA,Y,NA,A,01,0,0,1,0,0,0,0,0,0,-,-,33.91208,-118.15551,LOS ANGELES,PARAMOUNT,-118.15552068,33.91218946
6763758,2014,2015-01-21,9550,2014-11-05,1730,17511,NA,3,2,9,1900,0,1,3,NA,2,601,RT 60,HACIENDA BL,1400,E,N,A,-,Y,NA,NA,60,NA,NA,NA,NA,NA,NA,Y,3,0,1,2,A,-,08,22107,NA,N,B,C,A,A,H,-,B,D,0,NA,NA,NA,NA,Y,NA,A,01,0,1,0,0,0,0,0,0,0,-,-,34.00533,-117.95922,LOS ANGELES,UNINCORPORATED,-117.95920102,34.0053948
6763759,2014,2015-01-21,9550,2014-11-05,1350,18271,NA,3,1,9,1900,0,1,3,NA,2,600,RT 60,HACIENDA BL,500,W,N,A,-,Y,NA,NA,60,NA,NA,NA,NA,NA,NA,N,4,0,1,2,A,-,03,22350,NA,N,C,C,A,A,H,-,A,D,0,NA,NA,NA,NA,Y,NA,A,01,0,0,1,0,0,0,0,0,0,-,-,34.00852,-117.96995,LOS ANGELES,UNINCORPORATED,-117.96995098,34.00851668
6763760,2014,2016-07-11,9550,2014-11-05,0800,18531,NA,3,1,7,1941,0,1,3,NA,2,090,RT 91,PARAMOUNT BL,800,W,N,A,-,Y,LA,7,91,-,R,13.44,H,-,E,N,4,0,1,2,A,-,03,22350,NA,N,C,C,A,A,H,-,A,D,1,NA,NA,NA,NA,Y,NA,A,07,0,0,1,0,0,0,0,0,0,-,-,33.87582,-118.16206,LOS ANGELES,LONG BEACH,-118.16299179,33.87600907
6763892,2014,2015-07-14,1947,2014-11-21,0730,084P,1947,5,5,5,1947,0,0,0,NA,0,00B,WHITTIER BL,VAIL AV,0,NA,Y,A,-,N,NA,NA,NA,NA,NA,NA,NA,NA,NA,Y,4,0,2,2,A,-,09,21801,A,N,A,C,A,A,H,-,A,A,0,NA,NA,NA,NA,Y,NA,A,01,0,0,2,0,0,0,0,0,0,-,-,NA,NA,LOS ANGELES,MONTEBELLO,-118.11928006,34.01235003
6763994,2014,2015-07-09,9550,2014-11-06,0625,9995,NA,4,1,3,1964,0,1,1,NA,2,501,RT 5,ALONDRA BL,170,S,N,A,-,Y,NA,NA,5,NA,NA,NA,NA,NA,NA,Y,4,0,1,2,A,-,08,22107,NA,N,B,C,A,A,H,-,A,D,0,NA,NA,NA,NA,Y,NA,A,07,0,0,1,0,0,0,0,0,0,-,-,33.8876,-118.03534,LOS ANGELES,SANTA FE SPRINGS,-118.03531913,33.88763859
6764001,2014,2016-02-17,1942,2014-12-14,0618,38818,0354,7,5,7,1942,0,0,0,C,0,3A63,7TH AV,36TH ST,200,N,N,A,-,N,NA,NA,NA,NA,NA,NA,NA,NA,NA,Y,4,0,1,3,A,-,03,22350,NA,N,B,E,A,B,H,-,A,D,0,NA,NA,NA,NA,Y,NA,A,01,0,0,1,0,0,0,0,0,0,-,-,NA,NA,LOS ANGELES,LOS ANGELES,-118.324775,34.02353
6764002,2014,2015-02-03,1942,2014-12-18,0225,40463,0327,4,5,7,1942,0,0,0,C,0,5TL21,27TH ST,MONMOUTH AV,100,W,N,A,-,N,NA,NA,NA,NA,NA,NA,NA,NA,NA,Y,4,0,1,2,A,-,03,22350,NA,N,B,E,A,A,H,-,C,D,0,NA,NA,NA,NA,Y,NA,A,08,0,0,1,0,0,0,0,0,0,-,-,NA,NA,LOS ANGELES,LOS ANGELES,-118.2852894,34.0303
6764003,2014,2015-02-03,1942,2014-12-08,0815,41618,0313,1,5,7,1942,0,0,0,C,0,3A41,10TH AV,ADAMS ST,0,NA,Y,A,-,N,NA,NA,NA,NA,NA,NA,NA,NA,NA,NA,4,0,1,2,A,-,10,21950,A,N,G,B,B,A,H,-,A,A,0,Y,NA,NA,NA,Y,NA,A,01,0,0,1,0,1,0,0,0,0,-,-,NA,NA,LOS ANGELES,LOS ANGELES,-118.32842003,34.03261
6764004,2014,2015-02-03,1942,2014-12-18,2250,40463,0397,4,5,7,1942,0,0,0,C,0,3TL5,NORMANDIE AV,43RD ST,0,NA,Y,A,-,N,NA,NA,NA,NA,NA,NA,NA,NA,NA,N,4,0,1,2,A,-,09,21801,A,N,D,C,A,A,H,-,C,D,0,NA,NA,Y,NA,Y,NA,A,01,0,0,1,0,0,0,0,0,1,-,-,NA,NA,LOS ANGELES,LOS ANGELES,-118.30020009,34.0055101
6764005,2014,2016-02-18,1942,2014-12-19,1125,33599,0321,5,5,7,1942,0,0,0,C,0,3TL5,JEFFERSON BL,LA CIENEGA BL,40,E,N,A,-,N,NA,NA,NA,NA,NA,NA,NA,NA,NA,N,4,0,3,2,A,-,04,21703,NA,N,C,C,A,A,H,-,A,D,0,NA,NA,NA,NA,Y,NA,A,07,0,0,3,0,0,0,0,0,0,-,-,NA,NA,LOS ANGELES,LOS ANGELES,-118.37194825,34.02652829
6764006,2014,2016-03-14,1942,2014-12-09,1740,39291,0313,2,5,7,1942,0,0,0,C,0,3TL57,ADAMS BL,CRENSHAW BL,150,W,N,A,-,N,NA,NA,NA,NA,NA,NA,NA,NA,NA,Y,4,0,2,2,A,-,09,21804,A,F,D,C,A,A,H,-,C,A,0,NA,NA,NA,NA,Y,NA,A,01,0,0,2,0,0,0,0,0,0,-,-,NA,NA,LOS ANGELES,LOS ANGELES,-118.33550414,34.03258
6764007,2014,2015-02-03,1942,2014-12-06,1800,40385,0359,6,5,7,1942,0,0,0,C,0,3A34,JEFFERSON BL,FLOWER ST,0,NA,Y,A,-,N,NA,NA,NA,NA,NA,NA,NA,NA,NA,Y,3,0,1,2,A,-,12,21453,A,N,D,C,A,A,H,-,C,A,0,NA,NA,NA,NA,Y,NA,A,01,0,1,0,0,0,0,0,0,0,-,-,NA,NA,LOS ANGELES,LOS ANGELES,-118.27873009,34.02138004
6764008,2014,2015-02-03,1942,2014-12-08,1430,40059,0396,1,5,7,1942,0,0,0,C,0,3TL5,VERMONT AV,40TH PL,0,NA,Y,A,-,N,NA,NA,NA,NA,NA,NA,NA,NA,NA,Y,4,0,1,2,A,-,09,21801,A,N,D,C,A,A,H,-,A,D,0,NA,NA,NA,NA,Y,NA,A,01,0,0,1,0,0,0,0,0,0,SO,-,NA,NA,LOS ANGELES,LOS ANGELES,-118.29154009,34.01023011
6764009,2014,2015-02-03,1942,2014-12-13,1530,40440,0328,6,5,7,1942,0,0,0,C,0,18TL39,HOOVER ST,32ND ST,0,NA,Y,A,-,N,NA,NA,NA,NA,NA,NA,NA,NA,NA,Y,3,0,2,2,A,-,09,21801,A,N,D,C,A,A,H,-,A,A,0,NA,NA,NA,NA,Y,NA,A,01,0,1,1,0,0,0,0,0,0,-,-,NA,NA,LOS ANGELES,LOS ANGELES,-118.28397011,34.02556008
6764010,2014,2015-02-03,1942,2014-12-12,1330,40440,0361,5,5,7,1942,0,0,0,C,0,3T57,LA BREA BL,COLISEUM ST,0,NA,Y,A,-,N,NA,NA,NA,NA,NA,NA,NA,NA,NA,Y,3,0,2,2,A,-,03,22350,NA,N,A,C,A,A,H,-,A,A,0,NA,NA,NA,NA,Y,NA,A,01,0,1,1,0,0,0,0,0,0,-,-,NA,NA,LOS ANGELES,LOS ANGELES,-118.35559007,34.01831006
6764011,2014,2015-02-03,1942,2014-12-14,1320,40697,0327,7,5,7,1942,0,0,0,C,0,12T41,FIGUEROA ST,33RD ST,100,S,N,A,-,N,NA,NA,NA,NA,NA,NA,NA,NA,NA,N,4,0,2,2,A,-,09,21804,A,N,D,C,A,A,H,-,A,D,0,NA,NA,NA,NA,Y,NA,A,01,0,0,2,0,0,0,0,0,0,-,-,NA,NA,LOS ANGELES,LOS ANGELES,-118.27944228,34.02279135
6764012,2014,2015-02-03,1942,2014-12-15,1710,33065,0374,1,5,7,1942,0,0,0,C,0,12TL45,ARLINGTON AV,MARTIN LUTHER KING,65,N,N,A,-,N,NA,NA,NA,NA,NA,NA,NA,NA,NA,N,4,0,1,2,A,-,03,22350,NA,F,C,C,A,A,H,-,C,A,0,NA,NA,NA,NA,Y,NA,-,99,0,0,1,0,0,0,0,0,0,-,-,NA,NA,LOS ANGELES,LOS ANGELES,-118.31825,34.01099827
6764013,2014,2015-02-03,1942,2014-12-02,1400,38911,0328,2,5,7,1942,0,0,0,C,0,NA,30TH ST,UNIVERSITY AV,0,NA,Y,A,-,N,NA,NA,NA,NA,NA,NA,NA,NA,NA,N,4,0,1,2,A,-,05,21650,1,N,H,G,A,A,H,-,A,A,0,NA,Y,NA,NA,Y,NA,L,04,0,0,1,0,0,0,1,0,0,-,-,NA,NA,LOS ANGELES,LOS ANGELES,-118.28172008,34.02669007
6764014,2014,2015-02-03,1942,2014-12-04,1750,40487,0336,4,5,7,1942,0,0,0,C,0,20A54,ARLINGTON AV,W 30TH ST,0,NA,Y,A,-,N,NA,NA,NA,NA,NA,NA,NA,NA,NA,Y,3,0,1,2,A,-,09,21802,A,N,D,C,A,A,H,-,C,A,0,NA,NA,NA,NA,Y,NA,A,01,0,1,0,0,0,0,0,0,0,-,-,NA,NA,LOS ANGELES,LOS ANGELES,-118.31766,34.02738
6764015,2014,2015-02-03,1942,2014-12-10,1530,36911,0508,3,5,7,1942,0,0,0,E,0,5T25,SEPULVEDA BL,HALLDALE AV,0,NA,Y,A,-,N,NA,NA,NA,NA,NA,NA,NA,NA,NA,N,2,0,1,2,A,-,09,21801,A,N,D,C,A,A,H,-,A,D,0,NA,NA,Y,NA,Y,NA,B,07,1,0,0,0,0,0,0,0,1,-,-,NA,NA,LOS ANGELES,LOS ANGELES,-118.30144008,33.81422002
6764016,2014,2016-03-15,1942,2014-12-09,0050,35936,0319,2,5,7,1942,0,0,0,C,0,3TL5,23RD ST,FIGUEROA WY,0,NA,Y,B,-,N,NA,NA,NA,NA,NA,NA,NA,NA,NA,N,4,0,2,2,A,-,12,21453,A,F,D,C,A,A,H,-,C,D,0,NA,NA,NA,NA,Y,NA,A,01,0,0,2,0,0,0,0,0,0,-,-,NA,NA,LOS ANGELES,LOS ANGELES,-118.27496,34.03108005
6764017,2014,2015-02-03,1942,2014-12-15,2210,36646,0396,1,5,7,1942,0,0,0,C,0,18T23,VERNON AV,VERMONT AV,250,E,N,B,-,N,NA,NA,NA,NA,NA,NA,NA,NA,NA,N,4,0,4,2,A,-,03,22350,NA,F,C,C,A,A,H,-,C,D,0,NA,NA,NA,NA,Y,NA,-,99,0,0,4,0,0,0,0,0,0,-,-,NA,NA,LOS ANGELES,LOS ANGELES,-118.29074687,34.00369
6764018,2014,2015-02-03,1942,2014-12-09,0645,40059,0504,2,5,7,1942,0,0,0,E,0,5TL21,190TH ST,HARBORGATE WY,509,W,N,A,-,N,NA,NA,NA,NA,NA,NA,NA,NA,NA,Y,2,0,17,2,A,-,05,21650,NA,N,A,C,A,A,H,-,A,A,0,NA,NA,NA,NA,Y,NA,A,01,1,1,15,0,0,0,0,0,0,-,-,NA,NA,LOS ANGELES,LOS ANGELES,-118.3051533,33.8583686
6764019,2014,2015-02-03,1942,2014-12-07,1015,41586,0519,7,5,7,1942,0,0,0,E,0,5A55,SANFORD AV,PACIFIC COAST HWY,3,N,N,A,-,N,NA,NA,NA,NA,NA,NA,NA,NA,NA,Y,3,0,1,1,A,-,01,23152,A,N,E,I,A,A,H,-,A,A,0,NA,NA,NA,NA,Y,Y,A,07,0,1,0,0,0,0,0,0,0,-,-,NA,NA,LOS ANGELES,LOS ANGELES,-118.25101063,33.79089821
6764020,2014,2015-02-03,1942,2014-12-07,0225,41231,0363,7,5,7,1942,0,0,0,C,0,12T41,SANTA ROSALIA DR,AUGUST ST,100,W,N,A,-,N,NA,NA,NA,NA,NA,NA,NA,NA,NA,Y,2,0,1,5,A,-,01,23152,A,M,C,E,A,A,H,-,C,D,0,NA,NA,NA,NA,Y,Y,A,01,1,0,0,0,0,0,0,0,0,-,-,NA,NA,LOS ANGELES,LOS ANGELES,-118.34727,34.01596
6764021,2014,2015-02-03,1942,2014-12-02,1805,38316,0351,2,5,7,1942,0,0,0,C,0,3A74,EXPOSITION BL,HARCOURT,0,NA,Y,B,-,N,NA,NA,NA,NA,NA,NA,NA,NA,NA,N,3,0,1,2,A,-,03,22350,NA,N,H,G,A,B,H,-,C,A,0,NA,Y,NA,NA,Y,NA,A,01,0,1,0,0,0,0,1,0,0,-,-,NA,NA,LOS ANGELES,LOS ANGELES,-118.35077012,34.02454012
6764022,2014,2016-02-18,1942,2014-12-02,1720,37733,0396,2,5,7,1942,0,0,0,C,0,NA,42ND PL,HOOVER ST,0,NA,Y,C,-,N,NA,NA,NA,NA,NA,NA,NA,NA,NA,N,4,0,1,2,A,-,10,21950,A,N,G,B,B,B,H,-,C,A,0,Y,NA,NA,NA,Y,NA,A,07,0,0,1,0,1,0,0,0,0,-,-,NA,NA,LOS ANGELES,LOS ANGELES,-118.28722001,34.00640005
6764023,2014,2015-02-03,1942,2014-12-04,1230,33118,555,4,5,7,1942,0,0,0,NA,0,5A55,PACIFIC AV,UPLAND AV,0,NA,Y,A,-,N,NA,NA,NA,NA,NA,NA,NA,NA,NA,N,3,0,1,2,A,-,11,21954,A,N,G,B,E,A,H,-,A,D,0,Y,NA,NA,NA,Y,NA,N,60,0,1,0,0,1,0,0,0,0,-,-,NA,NA,LOS ANGELES,LOS ANGELES,-118.28764004,33.74933004
6764024,2014,2015-02-03,1942,2014-12-07,0810,37654,0521,7,5,7,1942,0,0,0,E,0,5A15,ANAHEIM ST,GATE 12,0,NA,Y,A,-,N,NA,NA,NA,NA,NA,NA,NA,NA,NA,Y,4,0,1,2,A,-,07,21658,A,N,D,C,A,A,H,-,A,D,0,NA,NA,NA,NA,Y,NA,A,01,0,0,1,0,0,0,0,0,0,-,-,NA,NA,LOS ANGELES,LOS ANGELES,NA,NA
6764025,2014,2015-02-03,1942,2014-12-08,0615,40686,0504,1,5,7,1942,0,0,0,E,0,12T41,TORRANCE BL,NORMANDIE AV,0,NA,Y,A,-,N,NA,NA,NA,NA,NA,NA,NA,NA,NA,Y,4,0,1,2,A,-,12,21453,A,N,D,C,A,A,H,-,B,A,0,NA,NA,NA,NA,Y,NA,A,01,0,0,1,0,0,0,0,0,0,-,-,NA,NA,LOS ANGELES,LOS ANGELES,-118.29962007,33.84196005
6764026,2014,2015-02-03,1942,2014-12-08,0550,39991,0514,1,5,7,1942,0,0,0,E,0,0515,PACIFIC COAST HWY,WILMINGTON BL,175,W,N,A,-,Y,NA,NA,NA,NA,NA,NA,NA,NA,NA,N,3,0,1,2,A,-,-,NA,NA,F,G,G,A,A,H,-,A,A,0,NA,Y,NA,NA,Y,NA,-,99,0,1,0,0,0,0,1,0,0,-,-,NA,NA,LOS ANGELES,LOS ANGELES,-118.27562344,33.79051666
6764027,2014,2015-02-03,1942,2014-12-10,1720,36911,0564,3,5,7,1942,0,0,0,E,0,5T25,HARBOR BL,5TH ST,52,S,N,A,-,N,NA,NA,NA,NA,NA,NA,NA,NA,NA,N,3,0,1,2,A,-,-,NA,NA,N,C,G,A,A,H,-,B,D,0,NA,Y,NA,NA,Y,NA,A,01,0,1,0,0,0,0,1,0,0,-,SO,NA,NA,LOS ANGELES,LOS ANGELES,-118.2798089,33.74039826
6764028,2014,2015-02-03,1942,2014-12-06,1935,40476,0528,6,5,7,1942,0,0,0,E,0,5TL21,WATSON AV,PACIFIC COAST HWY,10,S,N,A,-,Y,NA,NA,NA,NA,NA,NA,NA,NA,NA,N,3,0,1,2,A,-,05,21650,1,F,D,G,A,A,H,-,C,A,0,NA,Y,NA,NA,Y,NA,-,99,0,1,0,0,0,0,1,0,0,-,-,NA,NA,LOS ANGELES,LOS ANGELES,-118.24811856,33.7909026
6764029,2014,2015-02-03,1942,2014-12-20,1850,41579,0363,6,5,7,1942,0,0,0,C,0,3A18,MARLTON AV,LOCKLAND DR,150,W,N,A,-,N,NA,NA,NA,NA,NA,NA,NA,NA,NA,N,3,0,1,2,A,-,11,21954,A,N,G,B,D,A,H,-,C,D,0,Y,NA,NA,NA,Y,NA,A,01,0,1,0,0,1,0,0,0,0,-,-,NA,NA,LOS ANGELES,LOS ANGELES,-118.34148298,34.00978013
6764030,2014,2015-02-03,1942,2014-12-14,1540,39747,0355,7,5,7,1942,0,0,0,C,0,3A31,WESTERN AV,MARTIN LUTHER KING BL,75,N,N,A,-,N,NA,NA,NA,NA,NA,NA,NA,NA,NA,N,3,0,1,2,A,-,05,21650,1,N,H,G,A,A,H,-,A,A,0,NA,Y,NA,NA,Y,NA,L,04,0,1,0,0,0,0,1,0,0,-,NO,NA,NA,LOS ANGELES,LOS ANGELES,-118.30892626,34.01105567
6764031,2014,2015-02-03,1942,2014-12-04,0805,36852,0329,4,5,7,1942,0,0,0,C,0,3A57,FIGUEROA ST,30TH ST,0,NA,Y,A,-,N,NA,NA,NA,NA,NA,NA,NA,NA,NA,N,4,0,1,2,A,-,08,22107,NA,N,H,G,A,A,H,-,A,D,0,NA,Y,NA,NA,Y,NA,A,07,0,0,1,0,0,0,1,0,0,-,-,NA,NA,LOS ANGELES,LOS ANGELES,-118.27800008,34.02506001
6764032,2014,2015-02-03,1942,2014-12-12,2150,35775,0391,5,5,7,1942,0,0,0,C,0,3A41,STOCKER,DON MIGUEL,150,W,N,B,-,N,NA,NA,NA,NA,NA,NA,NA,NA,NA,Y,3,0,1,2,A,-,03,22350,NA,N,E,I,A,B,H,-,C,A,0,NA,NA,NA,NA,Y,NA,A,01,0,1,0,0,0,0,0,0,0,-,-,NA,NA,LOS ANGELES,LOS ANGELES,-118.35120066,34.00471345
6764033,2014,2015-02-03,1942,2014-12-19,0845,26217,0392,5,5,7,1942,0,0,0,C,0,25MQ22,CRENSHAW BL,VERNON AV,0,NA,Y,A,-,N,NA,NA,NA,NA,NA,NA,NA,NA,NA,Y,4,0,1,2,A,-,12,21453,A,N,D,C,A,A,G,-,A,A,0,NA,NA,NA,NA,Y,NA,-,-,0,0,1,0,0,0,0,0,0,-,-,NA,NA,LOS ANGELES,LOS ANGELES,-118.33196008,34.00361009
6764061,2014,2015-02-03,1900,2014-12-02,1651,516536,0245,2,5,3,1914,0,0,0,NA,0,27T,MALT AV,YATES AV,0,NA,Y,C,-,N,NA,NA,NA,NA,NA,NA,NA,NA,NA,Y,4,0,1,2,A,-,09,21802,A,N,D,C,A,B,H,-,B,D,0,NA,NA,NA,NA,Y,NA,A,01,0,0,1,0,0,0,0,0,0,-,-,NA,NA,LOS ANGELES,COMMERCE,-118.13836011,33.99101009
6764062,2014,2015-02-03,1900,2014-12-02,2155,525284,0245,2,5,3,1914,0,0,0,NA,0,23A,GARFIELD AV,TELEGRAPH RD,0,NA,Y,B,C,N,NA,NA,NA,NA,NA,NA,NA,NA,NA,N,4,0,1,2,A,-,12,21453,A,N,D,C,A,B,H,-,C,A,0,NA,NA,NA,NA,Y,NA,A,01,0,0,1,0,0,0,0,0,0,-,-,NA,NA,LOS ANGELES,COMMERCE,-118.13716013,33.98795008
6764064,2014,2015-02-03,1900,2014-12-07,2000,415651,0242,7,5,3,1914,0,0,0,NA,0,27H,OLYMPIC BL,GOODRICH BL,20,E,N,A,-,N,NA,NA,NA,NA,NA,NA,NA,NA,NA,N,4,0,1,2,A,-,09,21801,A,N,A,C,A,A,H,-,C,A,0,NA,NA,NA,NA,Y,NA,A,01,0,0,1,0,0,0,0,0,0,-,-,NA,NA,LOS ANGELES,COMMERCE,-118.15584613,34.01573663
6764082,2014,2015-02-03,1923,2014-12-13,1634,453,318,6,5,3,1923,0,0,0,NA,0,33L1D,ROSECRANS AV,VILLAGE DR,220,E,N,A,-,N,NA,NA,NA,NA,NA,NA,NA,NA,NA,N,4,0,4,3,A,-,03,22350,NA,N,C,C,A,A,H,-,A,A,0,NA,NA,NA,NA,Y,NA,A,07,0,0,4,0,0,0,0,0,0,-,-,NA,NA,LOS ANGELES,EL SEGUNDO,-118.39211634,33.90194075