CASE_ID,ACCIDENT_YEAR,PROC_DATE,JURIS,COLLISION_DATE,COLLISION_TIME,OFFICER_ID,REPORTING_DISTRICT,DAY_OF_WEEK,CHP_SHIFT,POPULATION,CNTY_CITY_LOC,SPECIAL_COND,BEAT_TYPE,CHP_BEAT_TYPE,CITY_DIVISION_LAPD,CHP_BEAT_CLASS,BEAT_NUMBER,PRIMARY_RD,SECONDARY_RD,DISTANCE,DIRECTION,INTERSECTION,WEATHER_1,WEATHER_2,STATE_HWY_IND,CALTRANS_COUNTY,CALTRANS_DISTRICT,STATE_ROUTE,ROUTE_SUFFIX,POSTMILE_PREFIX,POSTMILE,LOCATION_TYPE,RAMP_INTERSECTION,SIDE_OF_HWY,TOW_AWAY,COLLISION_SEVERITY,NUMBER_KILLED,NUMBER_INJURED,PARTY_COUNT,PRIMARY_COLL_FACTOR,PCF_CODE_OF_VIOL,PCF_VIOL_CATEGORY,PCF_VIOLATION,PCF_VIOL_SUBSECTION,HIT_AND_RUN,TYPE_OF_COLLISION,MVIW,PED_ACTION,ROAD_SURFACE,ROAD_COND_1,ROAD_COND_2,LIGHTING,CONTROL_DEVICE,CHP_ROAD_TYPE,PEDESTRIAN_ACCIDENT,BICYCLE_ACCIDENT,MOTORCYCLE_ACCIDENT,TRUCK_ACCIDENT,NOT_PRIVATE_PROPERTY,ALCOHOL_INVOLVED,STWD_VEHTYPE_AT_FAULT,CHP_VEHTYPE_AT_FAULT,COUNT_SEVERE_INJ,COUNT_VISIBLE_INJ,COUNT_COMPLAINT_PAIN,COUNT_PED_KILLED,COUNT_PED_INJURED,COUNT_BICYCLIST_KILLED,COUNT_BICYCLIST_INJURED,COUNT_MC_KILLED,COUNT_MC_INJURED,PRIMARY_RAMP,SECONDARY_RAMP,LATITUDE,LONGITUDE,COUNTY,CITY,POINT_X,POINT_Y
6771155,2014,2015-02-06,1909,2014-12-17,1829,563,1909,3,5,4,1909,0,0,0,NA,0,NORTH,FOSTER BRIDGE BL,EMIL AV,29,E,N,A,-,N,NA,NA,NA,NA,NA,NA,NA,NA,NA,N,4,0,1,2,A,-,12,22450,A,N,D,G,A,A,H,-,C,D,0,NA,Y,NA,NA,Y,NA,L,04,0,0,1,0,0,0,1,0,0,-,-,NA,NA,LOS ANGELES,BELL GARDENS,-118.14162872,33.96997832
6771159,2014,2015-02-06,1909,2014-12-15,2122,488,1945,1,5,4,1909,0,0,0,NA,0,NORTH,EASTERN AV,CLARA ST,20,S,N,A,-,N,NA,NA,NA,NA,NA,NA,NA,NA,NA,N,2,0,1,2,A,-,08,22101,D,N,G,B,B,A,H,-,C,A,0,Y,NA,NA,NA,Y,NA,-,NA,1,0,0,0,1,0,0,0,0,-,-,NA,NA,LOS ANGELES,BELL GARDENS,-118.16545759,33.96312552
6771163,2014,2015-02-09,1931,2014-12-18,0730,5302,1931,4,5,5,1931,0,0,0,NA,0,001,BELGRAVE AV,SANTA FE AV,0,NA,Y,A,-,N,NA,NA,NA,NA,NA,NA,NA,NA,NA,Y,3,0,1,2,A,-,09,21802,A,N,D,C,A,A,H,-,A,A,0,NA,NA,NA,NA,Y,NA,A,01,0,1,0,0,0,0,0,0,0,-,-,NA,NA,LOS ANGELES,HUNTINGTON PARK,-118.23032012,33.98712005
6771167,2014,2015-02-09,1931,2014-12-19,1253,5302,1931,5,5,5,1931,0,0,0,NA,0,001,ALAMEDA ST,RANDOLPH ST,0,NA,Y,A,-,N,NA,NA,NA,NA,NA,NA,NA,NA,NA,Y,4,0,1,2,D,-,00,NA,NA,N,D,C,A,A,H,-,A,A,0,NA,NA,NA,NA,Y,NA,-,-,0,0,1,0,0,0,0,0,0,-,-,NA,NA,LOS ANGELES,HUNTINGTON PARK,-118.23701001,33.98674
6771171,2014,2015-02-06,1931,2014-12-19,1405,5196,1931,5,5,5,1931,0,0,0,NA,0,004,SATURN AV,MILES AV,6,E,N,A,-,N,NA,NA,NA,NA,NA,NA,NA,NA,NA,N,3,0,1,2,A,-,12,21453,A,F,D,B,B,A,H,-,A,A,0,Y,NA,NA,NA,Y,NA,-,99,0,1,0,0,1,0,0,0,0,-,-,NA,NA,LOS ANGELES,HUNTINGTON PARK,-118.21901025,33.97689
6771196,2014,2015-02-11,1942,2014-12-10,1725,38471,1035,3,5,7,1942,0,0,0,J,0,16TL26,LINDLEY AV,VICTORY BL,0,NA,Y,A,-,N,NA,NA,NA,NA,NA,NA,NA,NA,NA,Y,4,0,1,2,A,-,12,21453,A,N,A,C,A,A,H,-,C,A,0,NA,NA,NA,NA,Y,NA,-,-,0,0,1,0,0,0,0,0,0,-,-,NA,NA,LOS ANGELES,LOS ANGELES,-118.52728001,34.18661005
6771200,2014,2015-02-06,1942,2014-12-09,1640,33340,1029,2,5,7,1942,0,0,0,J,0,16T24,WOODLEY AV,HART ST,0,NA,Y,A,-,N,NA,NA,NA,NA,NA,NA,NA,NA,NA,Y,4,0,1,2,A,-,09,21802,NA,N,D,C,A,A,H,-,C,D,0,NA,NA,NA,NA,Y,Y,A,01,0,0,1,0,0,0,0,0,0,-,-,NA,NA,LOS ANGELES,LOS ANGELES,-118.48367,34.19751006
6771203,2014,2015-03-25,1942,2014-12-13,2000,41484,LAPD,6,5,7,1942,0,0,0,NA,0,10A1,SHERMAN WY,FORBES,0,NA,Y,A,-,N,NA,NA,NA,NA,NA,NA,NA,NA,NA,N,4,0,2,2,A,-,09,21800,D,N,D,C,A,A,H,-,C,D,0,NA,NA,NA,NA,Y,NA,A,01,0,0,2,0,0,0,0,0,0,-,-,NA,NA,LOS ANGELES,LOS ANGELES,-118.49895011,34.20122005
6771204,2014,2015-03-25,1942,2014-12-08,0635,38689,1007,1,5,7,1942,0,0,0,J,0,21TL61,SATICOY ST,FORBES AV,395,E,N,A,-,N,NA,NA,NA,NA,NA,NA,NA,NA,NA,Y,3,0,2,2,A,-,09,21801,A,N,A,C,A,A,H,-,A,A,0,NA,NA,NA,NA,Y,NA,A,08,0,1,1,0,0,0,0,0,0,-,-,NA,NA,LOS ANGELES,LOS ANGELES,-118.49798584,34.20843
6771207,2014,2015-02-11,1942,2014-12-15,1310,37737,1033,1,5,7,1942,0,0,0,J,0,15TL44,ERWIN ST,RESEDA BL,335,W,N,A,-,N,NA,NA,NA,NA,NA,NA,NA,NA,NA,Y,3,0,1,2,A,-,09,21804,A,N,D,C,A,A,H,-,A,D,0,NA,NA,NA,NA,Y,NA,A,01,0,1,0,0,0,0,0,0,0,-,-,NA,NA,LOS ANGELES,LOS ANGELES,-118.53713577,34.18389
6771208,2014,2015-02-11,1942,2014-12-04,1550,35786,1037,4,5,7,1942,0,0,0,J,0,10A83,WHITE OAK AV,VICTORY BL,0,NA,Y,B,-,N,NA,NA,NA,NA,NA,NA,NA,NA,NA,NA,4,0,1,2,A,-,12,21453,A,N,A,C,A,A,H,-,A,A,0,NA,NA,NA,NA,Y,NA,A,01,0,0,1,0,0,0,0,0,0,-,-,NA,NA,LOS ANGELES,LOS ANGELES,-118.51849002,34.18662007
6771211,2014,2015-02-18,1942,2014-12-10,1830,41531,1034,3,5,7,1942,0,0,0,J,0,10X18,VICTORY BL,ETIWANDA ST,0,NA,Y,A,-,N,NA,NA,NA,NA,NA,NA,NA,NA,NA,N,4,0,2,2,A,-,12,21453,A,N,A,C,A,A,H,-,C,A,0,NA,NA,NA,NA,Y,NA,A,01,0,0,2,0,0,0,0,0,0,-,-,NA,NA,LOS ANGELES,LOS ANGELES,-118.53169006,34.18656009
6771212,2014,2015-02-11,1942,2014-12-07,2200,37601.,1033,7,5,7,1942,0,0,0,J,0,10X94,VICTORY BL,RESEDA BL,0,NA,Y,A,-,N,NA,NA,NA,NA,NA,NA,NA,NA,NA,N,4,0,3,2,A,-,09,21801,A,N,B,C,A,A,H,-,C,A,0,NA,NA,NA,NA,Y,NA,A,07,0,0,3,0,0,0,0,0,0,-,-,NA,NA,LOS ANGELES,LOS ANGELES,-118.53602012,34.18657009
6771215,2014,2015-02-11,1942,2014-12-16,2010,39724,1031,2,5,7,1942,0,0,0,J,0,15T43,VICTORY BL,TAMPA AV,0,NA,Y,C,-,N,NA,NA,NA,NA,NA,NA,NA,NA,NA,Y,4,0,1,2,A,-,09,21801,A,N,A,C,A,B,H,-,C,A,0,NA,NA,NA,NA,Y,NA,A,01,0,0,1,0,0,0,0,0,0,-,-,NA,NA,LOS ANGELES,LOS ANGELES,-118.55349004,34.18657001
6771216,2014,2015-02-11,1942,2014-12-09,1405,41462,WVAL,2,5,7,1942,0,0,0,NA,0,10A17,VAN OWEN ST,AMESTOY AV,15,W,N,A,-,N,NA,NA,NA,NA,NA,NA,NA,NA,NA,Y,4,0,1,2,A,-,08,22107,NA,N,A,C,A,A,H,-,A,A,0,NA,NA,NA,NA,Y,NA,A,01,0,0,1,0,0,0,0,0,0,-,-,NA,NA,LOS ANGELES,LOS ANGELES,-118.50555952,34.19387
6771219,2014,2015-02-11,1942,2014-12-16,1645,40207,1003,2,5,7,1942,0,0,0,J,0,10TL34,ROSCOE BL,RESEDA AV,375,E,N,B,-,N,NA,NA,NA,NA,NA,NA,NA,NA,NA,N,4,0,2,2,A,-,09,21804,A,N,D,C,A,A,H,-,B,D,0,NA,NA,NA,NA,Y,NA,A,01,0,0,2,0,0,0,0,0,0,-,-,NA,NA,LOS ANGELES,LOS ANGELES,-118.5348424,34.22074
6771220,2014,2015-02-11,1942,2014-12-11,1510,38603,1063,4,5,7,1942,0,0,0,J,0,15TL42,VENTURA BL,RESEDA BL,550,E,N,B,-,N,NA,NA,NA,NA,NA,NA,NA,NA,NA,Y,3,0,2,2,A,-,09,21801,A,N,D,C,A,A,H,-,A,D,0,NA,NA,NA,NA,Y,NA,A,07,0,1,1,0,0,0,0,0,0,-,-,NA,NA,LOS ANGELES,LOS ANGELES,-118.53443616,34.1681208
6771223,2014,2015-02-11,1942,2014-12-16,1035,31931,1028,2,5,7,1942,0,0,0,J,0,9T55,VAN OWEN ST,HAYVENHURST AV,0,NA,Y,B,-,N,NA,NA,NA,NA,NA,NA,NA,NA,NA,Y,3,0,1,2,A,-,12,21453,A,N,D,D,A,B,H,-,A,A,0,NA,NA,NA,NA,Y,NA,A,01,0,1,0,0,0,0,0,0,0,-,-,NA,NA,LOS ANGELES,LOS ANGELES,-118.49240005,34.19390011
6771224,2014,2015-02-11,1942,2014-12-10,2140,40219,1063,3,5,7,1942,0,0,0,J,0,10A39,BURBANK BL,YOLANDA ST,200,W,N,A,-,N,NA,NA,NA,NA,NA,NA,NA,NA,NA,Y,4,0,1,1,A,-,03,22350,NA,N,E,I,A,A,H,-,C,D,0,NA,NA,NA,NA,Y,NA,A,01,0,0,1,0,0,0,0,0,0,-,-,NA,NA,LOS ANGELES,LOS ANGELES,-118.54138936,34.1723527
6771227,2014,2015-02-11,1942,2014-12-15,0705,30825,1011,1,5,7,1942,0,0,0,J,0,17TL15,WYANDOTTE ST,TAMPA AV,0,NA,Y,A,-,N,NA,NA,NA,NA,NA,NA,NA,NA,NA,Y,4,0,1,2,A,-,09,21802,A,N,D,C,A,A,H,-,A,A,0,NA,NA,NA,NA,Y,NA,A,01,0,0,1,0,0,0,0,0,0,-,-,NA,NA,LOS ANGELES,LOS ANGELES,-118.55348005,34.20290003
6771228,2014,2015-02-11,1942,2014-12-02,0904,40065,1011,2,5,7,1942,0,0,0,J,0,10TL37,SATICOY ST,CALVIN AV,225,E,N,C,-,N,NA,NA,NA,NA,NA,NA,NA,NA,NA,N,4,0,1,2,A,-,04,21703,NA,N,C,C,A,B,H,-,A,D,0,NA,NA,NA,NA,Y,NA,A,07,0,0,1,0,0,0,0,0,0,-,-,NA,NA,LOS ANGELES,LOS ANGELES,-118.55496709,34.20835
6771231,2014,2015-02-11,1942,2014-12-10,1850,41396,1049,3,5,7,1942,0,0,0,J,0,10X98,BURBANK BL,WOODLEY AV,0,NA,Y,A,-,N,NA,NA,NA,NA,NA,NA,NA,NA,NA,Y,4,0,1,2,A,-,04,21703,NA,N,C,C,A,A,H,-,C,D,0,NA,NA,NA,NA,Y,Y,A,01,0,0,1,0,0,0,0,0,0,-,-,NA,NA,LOS ANGELES,LOS ANGELES,-118.47577003,34.17171002
6771232,2014,2015-02-11,1942,2014-12-03,2210,40639,1063,3,5,7,1942,0,0,0,J,0,17T13,TOPEKA DR,VENTURA BL,29,S,N,B,-,N,NA,NA,NA,NA,NA,NA,NA,NA,NA,Y,2,0,2,2,A,-,09,21802,A,N,A,C,A,B,H,-,C,A,0,NA,NA,NA,NA,Y,NA,A,07,1,1,0,0,0,0,0,0,0,-,-,NA,NA,LOS ANGELES,LOS ANGELES,-118.5466,34.17240045
6771235,2014,2015-02-11,1942,2014-12-12,1910,37304,1045,5,5,7,1942,0,0,0,J,0,10T37,WHITE OAK AV,OXNARD ST,0,NA,Y,A,-,N,NA,NA,NA,NA,NA,NA,NA,NA,NA,Y,3,0,4,2,A,-,12,21453,A,N,D,C,A,A,H,-,C,D,0,NA,NA,NA,NA,Y,Y,A,01,0,2,2,0,0,0,0,0,0,-,-,NA,NA,LOS ANGELES,LOS ANGELES,-118.51850004,34.18014001
6771236,2014,2015-02-11,1942,2014-12-14,1100,30830,0984,7,5,7,1942,0,0,0,I,0,16TL23,VENTURA BL,KESTER AV,0,NA,Y,A,-,N,NA,NA,NA,NA,NA,NA,NA,NA,NA,Y,4,0,1,2,A,-,09,21801,A,N,A,C,A,A,H,-,A,A,0,NA,NA,NA,NA,Y,NA,A,01,0,0,1,0,0,0,0,0,0,-,-,NA,NA,LOS ANGELES,LOS ANGELES,-118.45743,34.15235005
6771239,2014,2015-02-17,1942,2014-12-13,1100,40398,1045,6,5,7,1942,0,0,0,J,0,19TL75,WHITE OAK AV,OXNARD ST,0,NA,Y,A,-,N,NA,NA,NA,NA,NA,NA,NA,NA,NA,Y,3,0,1,3,A,-,12,21453,A,N,F,C,A,A,H,-,A,A,0,NA,NA,NA,NA,Y,NA,-,-,0,1,0,0,0,0,0,0,0,-,-,NA,NA,LOS ANGELES,LOS ANGELES,-118.51850004,34.18014001
6771240,2014,2015-02-18,1942,2014-12-21,1530,33340,0938,7,5,7,1942,0,0,0,I,0,15T42,FULTON AV,OXNARD ST,0,NA,Y,A,-,N,NA,NA,NA,NA,NA,NA,NA,NA,NA,Y,4,0,1,2,A,-,12,21453,A,N,C,C,A,A,H,-,A,A,0,NA,NA,NA,NA,Y,NA,-,-,0,0,1,0,0,0,0,0,0,-,-,NA,NA,LOS ANGELES,LOS ANGELES,-118.42251001,34.17940005
6771243,2014,2015-02-11,1942,2014-12-12,2340,41479,1063,5,5,7,1942,0,0,0,J,0,10E2,VENTURA BL,BURBANK BL,0,NA,Y,A,-,N,NA,NA,NA,NA,NA,NA,NA,NA,NA,Y,4,0,1,2,A,-,12,21453,A,N,B,C,A,A,H,-,C,A,0,NA,NA,NA,NA,Y,NA,A,01,0,0,1,0,0,0,0,0,0,-,-,NA,NA,LOS ANGELES,LOS ANGELES,-118.54277004,34.17151006
6771244,2014,2015-02-11,1942,2014-12-16,0950,30989,0919,2,5,7,1942,0,0,0,I,0,19T73,WOODMAN AV,WYANDOTTE ST,150,S,N,C,-,N,NA,NA,NA,NA,NA,NA,NA,NA,NA,Y,4,0,1,2,A,-,03,22350,NA,N,C,C,A,B,H,-,A,D,0,NA,NA,NA,NA,Y,NA,A,07,0,0,1,0,0,0,0,0,0,-,-,NA,NA,LOS ANGELES,LOS ANGELES,-118.43126,34.20264857
6771247,2014,2015-02-11,1942,2014-12-09,1105,38185,1029,2,5,7,1942,0,0,0,J,0,21TL61,SHERMAN WY,GLORIA AV,8,E,N,A,-,N,NA,NA,NA,NA,NA,NA,NA,NA,NA,N,3,0,1,2,A,-,10,21950,A,N,G,B,B,A,H,-,A,A,0,Y,NA,NA,NA,Y,NA,A,07,0,1,0,0,1,0,0,0,0,-,-,NA,NA,LOS ANGELES,LOS ANGELES,-118.47927359,34.20125
6771248,2014,2015-02-11,1942,2014-12-12,1705,27595,0938,5,5,7,1942,0,0,0,I,0,19TL72,VICTORY BL,NAGLE AV,40,E,N,B,-,N,NA,NA,NA,NA,NA,NA,NA,NA,NA,Y,4,0,4,2,A,-,09,21804,A,N,D,C,A,A,H,-,C,D,0,NA,NA,NA,NA,Y,NA,A,01,0,0,4,0,0,0,0,0,0,-,-,NA,NA,LOS ANGELES,LOS ANGELES,-118.42348798,34.18668
6771251,2014,2015-02-10,1942,2014-12-09,1800,26319,1015,2,5,7,1942,0,0,0,J,0,19T74,WHITE OAK AV,SATICOY ST,0,NA,Y,A,-,N,NA,NA,NA,NA,NA,NA,NA,NA,NA,N,4,0,1,2,A,-,09,21801,B,N,D,C,A,A,H,-,C,A,0,NA,NA,NA,NA,Y,NA,A,01,0,0,1,0,0,0,0,0,0,-,-,NA,NA,LOS ANGELES,LOS ANGELES,-118.51860001,34.20841011
6771252,2014,2015-02-11,1942,2014-12-11,1315,38603,0985,4,5,7,1942,0,0,0,I,0,15TL42,VENTURA BL,STANSBURY AV,0,NA,Y,B,-,N,NA,NA,NA,NA,NA,NA,NA,NA,NA,N,4,0,2,2,A,-,09,21801,A,N,D,C,A,A,H,-,A,D,0,NA,NA,NA,NA,Y,NA,A,01,0,0,2,0,0,0,0,0,0,-,-,NA,NA,LOS ANGELES,LOS ANGELES,-118.44116007,34.14967006
6771255,2014,2015-02-10,1942,2014-12-13,2105,38013,1075,6,5,7,1942,0,0,0,J,0,10T37,VENTURA BL,NESTLE AV,0,NA,Y,A,-,N,NA,NA,NA,NA,NA,NA,NA,NA,NA,Y,3,0,5,4,A,-,03,22350,NA,N,D,C,A,A,H,-,C,D,0,NA,NA,NA,NA,Y,NA,A,01,0,1,4,0,0,0,0,0,0,-,-,NA,NA,LOS ANGELES,LOS ANGELES,-118.52977005,34.16625003
6771256,2014,2015-03-25,1942,2014-12-11,1230,40337,0939,4,5,7,1942,0,0,0,I,0,16T26,VICTORY BL,MORSE AV,255,W,N,A,-,N,NA,NA,NA,NA,NA,NA,NA,NA,NA,N,3,0,1,2,A,-,09,21804,A,N,D,C,A,A,H,-,A,D,0,NA,NA,Y,NA,Y,NA,A,01,0,1,0,0,0,0,0,0,1,-,-,NA,NA,LOS ANGELES,LOS ANGELES,-118.41678164,34.18668
6771259,2014,2015-02-11,1942,2014-12-12,0655,38181,1028,5,5,7,1942,0,0,0,J,0,9TL55,SHERMAN WY,BALBOA BL,0,NA,Y,C,-,N,NA,NA,NA,NA,NA,NA,NA,NA,NA,Y,3,0,3,2,A,-,09,21801,A,N,D,C,A,B,H,-,A,A,0,NA,NA,NA,NA,Y,NA,A,01,0,1,2,0,0,0,0,0,0,-,-,NA,NA,LOS ANGELES,LOS ANGELES,-118.50112007,34.20123011
6771260,2014,2015-02-10,1942,2014-12-14,1300,39479,0938,7,5,7,1942,0,0,0,I,0,19TL76,FULTON AV,OXNARD ST,0,NA,Y,A,-,N,NA,NA,NA,NA,NA,NA,NA,NA,NA,N,3,0,4,3,A,-,12,21453,A,N,D,C,A,A,H,-,A,A,0,NA,NA,NA,NA,Y,NA,A,08,0,3,1,0,0,0,0,0,0,-,-,NA,NA,LOS ANGELES,LOS ANGELES,-118.42251001,34.17940005
6771263,2014,2015-02-11,1942,2014-12-12,1245,38603,1001,5,5,7,1942,0,0,0,J,0,9TL52,STRATHERN ST,TOPEKA DR,320,W,N,B,-,N,NA,NA,NA,NA,NA,NA,NA,NA,NA,N,3,0,1,2,A,-,03,22350,NA,N,D,G,A,A,H,-,A,D,0,NA,Y,NA,NA,Y,NA,L,04,0,1,0,0,0,0,1,0,0,-,-,NA,NA,LOS ANGELES,LOS ANGELES,-118.54702667,34.21562
6771264,2014,2015-02-11,1942,2014-12-13,1631,40574,0963,6,5,7,1942,0,0,0,I,0,9TL54,SEPULVEDA BL,OTSEGO ST,50,S,N,A,-,N,NA,NA,NA,NA,NA,NA,NA,NA,NA,Y,4,0,2,2,A,-,07,21658,A,N,C,C,A,A,H,-,C,D,0,NA,NA,NA,NA,Y,NA,A,01,0,0,2,0,0,0,0,0,0,-,-,NA,NA,LOS ANGELES,LOS ANGELES,-118.46615,34.16290285
6771267,2014,2015-02-11,1942,2014-12-05,1710,38603,1023,5,5,7,1942,0,0,0,J,0,9TL52,WILBUR AV,SHERMAN WY,0,NA,Y,B,-,N,NA,NA,NA,NA,NA,NA,NA,NA,NA,N,4,0,1,2,A,-,12,21453,A,N,D,C,A,A,H,-,C,A,0,NA,NA,NA,NA,Y,NA,A,07,0,0,1,0,0,0,0,0,0,-,-,NA,NA,LOS ANGELES,LOS ANGELES,-118.54476012,34.20117002
6771268,2014,2015-02-10,1942,2014-12-17,1250,40207,0984,3,5,7,1942,0,0,0,I,0,9TL52,VENTURA BL,KESTER AV,35,W,N,A,-,N,NA,NA,NA,NA,NA,NA,NA,NA,NA,N,3,0,1,2,A,-,03,22350,NA,N,C,C,A,A,H,-,A,A,0,NA,NA,NA,NA,Y,NA,A,01,0,1,0,0,0,0,0,0,0,-,-,NA,NA,LOS ANGELES,LOS ANGELES,-118.45754312,34.15236931
6771271,2014,2015-02-11,1942,2014-12-04,0930,40398,1049,4,5,7,1942,0,0,0,J,0,19TL75,VICTORY BL,DEMPSEY AV,0,NA,Y,A,-,N,NA,NA,NA,NA,NA,NA,NA,NA,NA,Y,4,0,2,2,A,-,09,21801,A,N,D,C,A,B,H,-,A,D,0,NA,NA,NA,NA,Y,NA,A,01,0,0,2,0,0,0,0,0,0,-,-,NA,NA,LOS ANGELES,LOS ANGELES,-118.47556,34.18664
6771272,2014,2015-02-11,1942,2014-12-24,0830,40972,0933,3,5,7,1942,0,0,0,I,0,9T53,SYLVAN ST,VAN NUYS BL,143,E,N,A,-,N,NA,NA,NA,NA,NA,NA,NA,NA,NA,Y,4,0,1,2,A,-,08,22107,NA,N,D,E,A,A,H,-,A,A,0,NA,NA,NA,NA,Y,NA,A,01,0,0,1,0,0,0,0,0,0,-,-,NA,NA,LOS ANGELES,LOS ANGELES,-118.44828808,34.18464629
6771275,2014,2015-02-11,1942,2014-12-05,1750,40731,1031,5,5,7,1942,0,0,0,J,0,21TL64,TAMPA AV,VICTORY BL,337,N,N,A,-,N,NA,NA,NA,NA,NA,NA,NA,NA,NA,Y,4,0,1,2,A,-,08,22107,NA,N,A,C,A,A,H,-,C,D,0,NA,NA,Y,NA,Y,NA,A,07,0,0,1,0,0,0,0,0,1,-,-,NA,NA,LOS ANGELES,LOS ANGELES,-118.55349,34.18749446
6771276,2014,2015-02-10,1942,2014-12-18,1555,38603,0932,4,5,7,1942,0,0,0,I,0,9TL52,VICTORY BL,COLUMBUS AV,30,E,N,B,-,N,NA,NA,NA,NA,NA,NA,NA,NA,NA,N,4,0,1,3,A,-,03,22350,NA,N,C,C,A,A,H,-,A,D,0,NA,NA,NA,NA,Y,NA,A,07,0,0,1,0,0,0,0,0,0,-,-,NA,NA,LOS ANGELES,LOS ANGELES,-118.46391098,34.18666
6771279,2014,2015-03-25,1942,2014-12-04,1705,33779,1078,4,5,7,1942,0,0,0,J,0,15T44,VENTURA BL,WOODLEY AV,450,W,N,A,-,N,NA,NA,NA,NA,NA,NA,NA,NA,NA,Y,4,0,4,4,A,-,03,22350,NA,N,C,C,A,A,H,-,C,A,0,NA,NA,NA,NA,Y,NA,A,01,0,0,4,0,0,0,0,0,0,-,-,NA,NA,LOS ANGELES,LOS ANGELES,-118.48512473,34.15656211
6771280,2014,2015-02-10,1942,2014-12-19,1400,40362,0926,5,5,7,1942,0,0,0,I,0,9A37W2,HAZELTINE AV,LEMAY ST,200,S,N,A,-,N,NA,NA,NA,NA,NA,NA,NA,NA,NA,N,3,0,1,2,A,-,17,22517,NA,N,A,G,A,A,H,-,A,D,0,NA,Y,NA,NA,Y,NA,A,01,0,1,0,0,0,0,1,0,0,-,-,NA,NA,LOS ANGELES,LOS ANGELES,-118.43998143,34.19140147
6771281,2014,2015-02-10,1942,2014-12-23,1135,39703,1037,2,5,7,1942,0,0,0,J,0,17T15,VAN OWEN ST,WILBUR AV,26,W,N,A,-,N,NA,NA,NA,NA,NA,NA,NA,NA,NA,Y,4,0,1,2,A,-,12,21453,A,N,D,C,A,A,H,-,A,A,0,NA,NA,NA,NA,Y,NA,A,07,0,0,1,0,0,0,0,0,0,-,-,NA,NA,LOS ANGELES,LOS ANGELES,-118.54483583,34.19385
6771285,2014,2015-02-10,1942,2014-12-23,2330,32774,1018,2,5,7,1942,0,0,0,J,0,10T37,SATICOY ST,HASKELL AV,0,NA,Y,A,-,N,NA,NA,NA,NA,NA,NA,NA,NA,NA,Y,3,0,2,3,A,-,12,21453,A,N,D,C,A,A,H,-,C,D,0,NA,NA,NA,NA,Y,NA,A,08,0,1,1,0,0,0,0,0,0,-,-,NA,NA,LOS ANGELES,LOS ANGELES,-118.47492013,34.20846012
6771305,2014,2015-02-10,1942,2014-12-25,1300,40207,1969,4,5,7,1942,0,0,0,NA,0,9T52,GARBER ST,VENA AV,111,W,N,A,-,N,NA,NA,NA,NA,NA,NA,NA,NA,NA,Y,3,0,1,2,A,-,01,23152,A,M,A,E,A,A,H,-,A,D,0,NA,NA,NA,NA,Y,Y,A,01,0,1,0,0,0,0,0,0,0,-,-,NA,NA,LOS ANGELES,LOS ANGELES,-118.429385,34.248869
6771309,2014,2016-02-17,1942,2014-12-24,2100,40820,1979,3,5,7,1942,0,0,0,NA,0,9T57,BRANFORD ST,SHARP AV,30,E,N,A,-,N,NA,NA,NA,NA,NA,NA,NA,NA,NA,Y,4,0,1,3,A,-,03,22350,NA,M,C,C,A,A,H,-,C,D,0,NA,NA,NA,NA,Y,NA,A,07,0,0,1,0,0,0,0,0,0,-,-,NA,NA,LOS ANGELES,LOS ANGELES,-118.4166039,34.23841269
6771310,2014,2015-02-10,1900,2014-12-07,2058,S23831,0251,7,5,4,1945,0,0,0,NA,0,20T,ATLANTIC BL,SLAUSON AV,0,NA,Y,A,-,N,NA,NA,NA,NA,NA,NA,NA,NA,NA,N,4,0,1,2,A,-,09,21801,A,N,D,C,A,A,H,-,C,A,0,NA,NA,NA,NA,Y,NA,A,07,0,0,1,0,0,0,0,0,0,-,-,NA,NA,LOS ANGELES,MAYWOOD,-118.18559012,33.9871401
6771313,2014,2015-02-10,1942,2014-12-20,2000,31652,1009,6,5,7,1942,0,0,0,J,0,9T53,WOODLEY AV,ROSCOE BL,560,S,N,B,-,N,NA,NA,NA,NA,NA,NA,NA,NA,NA,Y,4,0,1,1,A,-,01,23152,A,N,E,I,A,A,H,-,C,D,0,NA,NA,NA,NA,Y,Y,A,01,0,0,1,0,0,0,0,0,0,-,-,NA,NA,LOS ANGELES,LOS ANGELES,-118.48368493,34.21980398
6771314,2014,2015-02-10,1900,2014-12-10,0809,529395,0524,3,5,4,1971,0,0,0,NA,0,52T1AM,KEY WEST ST,PAL MAL AV,25,N,N,A,-,N,NA,NA,NA,NA,NA,NA,NA,NA,NA,N,2,0,1,2,A,-,10,21950,A,N,G,B,B,A,H,-,A,A,0,Y,NA,NA,NA,Y,NA,A,01,1,0,0,0,1,0,0,0,0,-,-,NA,NA,LOS ANGELES,TEMPLE CITY,-118.03776909,34.09576295
6771317,2014,2015-02-10,1942,2014-12-30,0900,40193,0933,2,5,7,1942,0,0,0,I,0,9T53,KESTER AV,ERWIN ST,0,NA,Y,B,-,N,NA,NA,NA,NA,NA,NA,NA,NA,NA,Y,4,0,1,2,A,-,09,21801,A,F,D,C,A,A,H,-,A,A,0,NA,NA,NA,NA,Y,NA,A,01,0,0,1,0,0,0,0,0,0,-,-,NA,NA,LOS ANGELES,LOS ANGELES,-118.4574601,34.18363009
6771321,2014,2015-02-10,1942,2014-12-07,1910,39281,1021,7,5,7,1942,0,0,0,J,0,10T37,AURA AV,WELBY WY,0,NA,Y,A,-,N,NA,NA,NA,NA,NA,NA,NA,NA,NA,Y,3,0,2,2,A,-,01,23152,A,N,D,C,A,A,H,-,C,D,0,NA,NA,NA,NA,Y,Y,A,01,0,2,0,0,0,0,0,0,0,-,-,NA,NA,LOS ANGELES,LOS ANGELES,-118.55460006,34.19294012