CASE_ID,ACCIDENT_YEAR,PROC_DATE,JURIS,COLLISION_DATE,COLLISION_TIME,OFFICER_ID,REPORTING_DISTRICT,DAY_OF_WEEK,CHP_SHIFT,POPULATION,CNTY_CITY_LOC,SPECIAL_COND,BEAT_TYPE,CHP_BEAT_TYPE,CITY_DIVISION_LAPD,CHP_BEAT_CLASS,BEAT_NUMBER,PRIMARY_RD,SECONDARY_RD,DISTANCE,DIRECTION,INTERSECTION,WEATHER_1,WEATHER_2,STATE_HWY_IND,CALTRANS_COUNTY,CALTRANS_DISTRICT,STATE_ROUTE,ROUTE_SUFFIX,POSTMILE_PREFIX,POSTMILE,LOCATION_TYPE,RAMP_INTERSECTION,SIDE_OF_HWY,TOW_AWAY,COLLISION_SEVERITY,NUMBER_KILLED,NUMBER_INJURED,PARTY_COUNT,PRIMARY_COLL_FACTOR,PCF_CODE_OF_VIOL,PCF_VIOL_CATEGORY,PCF_VIOLATION,PCF_VIOL_SUBSECTION,HIT_AND_RUN,TYPE_OF_COLLISION,MVIW,PED_ACTION,ROAD_SURFACE,ROAD_COND_1,ROAD_COND_2,LIGHTING,CONTROL_DEVICE,CHP_ROAD_TYPE,PEDESTRIAN_ACCIDENT,BICYCLE_ACCIDENT,MOTORCYCLE_ACCIDENT,TRUCK_ACCIDENT,NOT_PRIVATE_PROPERTY,ALCOHOL_INVOLVED,STWD_VEHTYPE_AT_FAULT,CHP_VEHTYPE_AT_FAULT,COUNT_SEVERE_INJ,COUNT_VISIBLE_INJ,COUNT_COMPLAINT_PAIN,COUNT_PED_KILLED,COUNT_PED_INJURED,COUNT_BICYCLIST_KILLED,COUNT_BICYCLIST_INJURED,COUNT_MC_KILLED,COUNT_MC_INJURED,PRIMARY_RAMP,SECONDARY_RAMP,LATITUDE,LONGITUDE,COUNTY,CITY,POINT_X,POINT_Y
6775252,2014,2015-02-17,1942,2014-12-28,1335,38017,2111,7,5,7,1942,0,0,0,NA,0,21T62,MECCA AV,VENTURA BL,48,S,N,A,-,N,NA,NA,NA,NA,NA,NA,NA,NA,NA,Y,4,0,2,2,A,-,08,22102,NA,N,B,C,A,A,H,-,A,D,0,NA,NA,NA,NA,Y,NA,A,01,0,0,2,0,0,0,0,0,0,-,-,NA,NA,LOS ANGELES,LOS ANGELES,-118.53753508,34.16920377
6775253,2014,2015-02-17,1942,2014-12-18,1250,38603,1989,4,5,7,1942,0,0,0,NA,0,9TL52,ROSCOE BL,SHELDON AV,1150,E,N,B,-,N,NA,NA,NA,NA,NA,NA,NA,NA,NA,Y,4,0,4,2,A,-,03,22350,NA,N,C,C,A,A,H,-,A,D,0,NA,NA,NA,NA,Y,NA,A,01,0,0,4,0,0,0,0,0,0,-,-,NA,NA,LOS ANGELES,LOS ANGELES,-118.41062843,34.22161
6775254,2014,2015-02-17,1942,2014-12-12,0600,38185,1998,5,5,7,1942,0,0,0,NA,0,21TL61,VAN NUYS BL,LANARK ST,6,N,N,B,C,N,NA,NA,NA,NA,NA,NA,NA,NA,NA,N,4,0,1,2,A,-,10,21950,A,N,G,B,B,B,H,-,A,A,0,Y,NA,NA,NA,Y,NA,A,01,0,0,1,0,1,0,0,0,0,-,-,NA,NA,LOS ANGELES,LOS ANGELES,-118.44876,34.21797646
6775255,2014,2015-02-17,1942,2014-12-12,1225,40337,1907,5,5,7,1942,0,0,0,NA,0,19T74,GLADSTONE AV,FERNMONT ST,70,S,N,C,-,N,NA,NA,NA,NA,NA,NA,NA,NA,NA,Y,4,0,1,2,A,-,03,22350,NA,N,C,E,A,B,H,-,A,D,0,NA,NA,NA,NA,Y,NA,A,01,0,0,1,0,0,0,0,0,0,-,-,NA,NA,LOS ANGELES,LOS ANGELES,-118.42139657,34.30478629
6775256,2014,2015-02-17,1942,2014-12-11,1815,31652,1915,4,5,7,1942,0,0,0,NA,0,19T73,POLK ST,DE GARMO AV,15,E,N,C,-,N,NA,NA,NA,NA,NA,NA,NA,NA,NA,Y,4,0,1,2,A,-,09,21804,A,N,D,C,A,B,H,-,-,D,0,NA,NA,NA,NA,Y,NA,A,01,0,0,1,0,0,0,0,0,0,-,-,NA,NA,LOS ANGELES,LOS ANGELES,-118.4511958,34.30628979
6775257,2014,2015-02-17,1942,2014-12-05,0950,40398,1993,5,5,7,1942,0,0,0,NA,0,19TL75,ROSCOE BL,NOBLE AV,50,W,N,B,-,N,NA,NA,NA,NA,NA,NA,NA,NA,NA,N,4,0,1,2,A,-,21,22106,NA,N,C,C,A,A,H,-,A,A,0,NA,NA,NA,NA,Y,NA,A,07,0,0,1,0,0,0,0,0,0,-,-,NA,NA,LOS ANGELES,LOS ANGELES,-118.4620151,34.22146
6775258,2014,2015-02-17,1942,2014-12-03,1000,40065,1909,3,5,7,1942,0,0,0,NA,0,10TL37,HUBBARD ST,SIMSHAW AV,480,W,N,C,-,N,NA,NA,NA,NA,NA,NA,NA,NA,NA,N,4,0,1,1,D,-,00,NA,NA,N,E,I,A,B,H,-,A,D,0,NA,NA,NA,NA,Y,NA,-,-,0,0,1,0,0,0,0,0,0,-,-,NA,NA,LOS ANGELES,LOS ANGELES,-118.4161406,34.32001591
6775259,2014,2015-02-17,1942,2014-12-04,1800,34796,969,4,5,7,1942,0,0,0,NA,0,19X74,COLDWATER CYN,ADDISON ST,40,S,N,A,-,N,NA,NA,NA,NA,NA,NA,NA,NA,NA,Y,4,0,2,2,A,-,08,22103,NA,N,D,C,A,A,H,-,C,D,0,NA,NA,NA,NA,Y,NA,A,01,0,0,2,0,0,0,0,0,0,-,-,NA,NA,LOS ANGELES,LOS ANGELES,-118.41379,34.16114029
6775260,2014,2015-02-17,1942,2014-12-25,1305,40207,1969,4,5,7,1942,0,0,0,NA,0,9T52,VENA AV,GARBER ST,30,N,N,A,-,N,NA,NA,NA,NA,NA,NA,NA,NA,NA,Y,3,0,1,2,A,-,01,23152,A,N,D,E,A,A,H,-,A,D,0,NA,NA,NA,NA,Y,Y,A,01,0,1,0,0,0,0,0,0,0,-,-,NA,NA,LOS ANGELES,LOS ANGELES,NA,NA
6775261,2014,2015-02-17,1900,2014-12-12,1425,491337,2612,5,5,6,1950,0,0,0,NA,0,262T1,35TH ST WEST,FAIRGREEN LN,55,S,N,A,-,N,NA,NA,NA,NA,NA,NA,NA,NA,NA,N,4,0,1,2,A,-,21,22106,NA,N,G,B,E,A,H,-,A,D,0,Y,NA,NA,NA,Y,NA,A,01,0,0,1,0,1,0,0,0,0,-,-,NA,NA,LOS ANGELES,PALMDALE,-118.19485036,34.61872106
6775262,2014,2015-05-29,1900,2014-12-16,1735,527062,2620,2,5,6,1950,0,0,0,NA,0,262T1,RANCHO VISTA BL,LOCKHEED WY,598,W,N,B,C,N,NA,NA,NA,NA,NA,NA,NA,NA,NA,Y,4,0,3,3,A,-,03,22350,NA,N,C,C,A,B,H,-,B,A,0,NA,NA,NA,NA,Y,NA,A,01,0,0,3,0,0,0,0,0,0,-,-,NA,NA,LOS ANGELES,PALMDALE,-118.118474,34.601831
6775263,2014,2015-02-17,1900,2014-12-18,1540,528503,2611,4,5,6,1950,0,0,0,NA,0,262T1,AVENUE R,5TH ST EAST,854,W,N,A,-,N,NA,NA,NA,NA,NA,NA,NA,NA,NA,N,4,0,1,2,A,-,03,22350,NA,N,C,C,A,A,H,-,A,D,0,NA,NA,NA,NA,Y,NA,A,01,0,0,1,0,0,0,0,0,0,-,-,NA,NA,LOS ANGELES,PALMDALE,-118.12333971,34.57250501
6775264,2014,2015-02-17,1900,2014-12-19,1308,491337,2608,5,5,6,1950,0,0,0,NA,0,262T1,AVENUE R,HASTINGS ST,44,W,N,A,-,N,NA,NA,NA,NA,NA,NA,NA,NA,NA,Y,4,0,1,1,A,-,08,22107,NA,N,F,A,A,A,H,-,A,D,0,NA,NA,NA,NA,Y,NA,A,07,0,0,1,0,0,0,0,0,0,-,-,NA,NA,LOS ANGELES,PALMDALE,-118.09165585,34.5727
6775265,2014,2015-04-16,1900,2014-12-22,1857,530043,2612,1,5,6,1950,0,0,0,NA,0,262T1,RANCHO VISTA BL,30TH ST WEST,101,E,N,A,-,N,NA,NA,NA,NA,NA,NA,NA,NA,NA,N,4,0,1,2,A,-,03,22350,NA,N,C,C,A,A,H,-,C,A,0,NA,NA,NA,NA,Y,NA,A,01,0,0,1,0,0,0,0,0,0,-,-,NA,NA,LOS ANGELES,PALMDALE,-118.18281524,34.60176905
6775266,2014,2015-02-17,1900,2014-12-23,1100,510899,2610,2,5,6,1950,0,0,0,NA,0,263T1,10TH ST EAST,PALMDALE BL,182,N,N,A,-,N,NA,NA,NA,NA,NA,NA,NA,NA,NA,Y,3,0,1,2,A,-,09,21804,A,N,D,C,A,A,H,-,A,D,0,NA,NA,NA,NA,Y,NA,A,01,0,1,0,0,0,0,0,0,0,-,-,NA,NA,LOS ANGELES,PALMDALE,-118.11187497,34.58004901
6775267,2014,2015-02-17,1955,2014-12-27,1955,41900,0030,6,5,6,1955,0,0,0,NA,0,002,FOOTHILL BL,GAREY AV,140,W,N,A,-,N,NA,NA,NA,NA,NA,NA,NA,NA,NA,Y,4,0,1,2,A,-,09,21804,A,N,D,C,A,A,H,-,C,D,0,NA,NA,NA,NA,Y,NA,A,01,0,0,1,0,0,0,0,0,0,-,-,NA,NA,LOS ANGELES,POMONA,-117.74855,34.10789
6775268,2014,2015-02-17,1955,2014-12-18,1532,40220,14,4,5,6,1955,0,0,0,NA,0,003,KINGSLEY AV,KARESH AV,250,W,N,B,-,N,NA,NA,NA,NA,NA,NA,NA,NA,NA,Y,4,0,1,3,A,-,03,22350,NA,N,C,C,A,A,H,-,A,D,0,NA,NA,NA,NA,Y,NA,A,01,0,0,1,0,0,0,0,0,0,-,-,NA,NA,LOS ANGELES,POMONA,-117.72369297,34.06678835
6775269,2014,2015-02-17,1913,2014-12-28,0226,41886,23,7,5,4,1913,0,0,0,NA,0,002,N TOWNE AV,RICHMOND DR,150,S,N,A,-,N,NA,NA,NA,NA,NA,NA,NA,NA,NA,Y,3,0,1,2,A,-,08,22107,NA,F,C,C,A,A,-,-,C,A,0,NA,NA,NA,NA,Y,NA,A,01,0,1,0,0,0,0,0,0,0,-,-,NA,NA,LOS ANGELES,CLAREMONT,-117.73683095,34.10882896
6775270,2014,2015-02-17,1955,2014-12-05,1526,41872,30,5,5,6,1955,0,0,0,NA,0,002,FOOTHILL BL,TOWNE AV,60,W,N,B,-,N,NA,NA,NA,NA,NA,NA,NA,NA,NA,N,4,0,1,2,A,-,03,22350,NA,F,C,C,A,A,H,-,A,A,0,NA,NA,NA,NA,Y,Y,A,01,0,0,1,0,0,0,0,0,0,-,-,NA,NA,LOS ANGELES,POMONA,-117.73708765,34.10704403
6775272,2014,2015-02-17,1900,2014-12-23,1715,514681,0642,2,5,6,1985,0,0,0,NA,0,64T1,NEWHALL RANCH RD,PARKWOOD LN,390,E,N,A,-,N,NA,NA,NA,NA,NA,NA,NA,NA,NA,Y,4,0,1,3,A,-,04,21703,NA,N,C,C,A,A,H,-,B,A,0,NA,NA,NA,NA,Y,NA,A,01,0,0,1,0,0,0,0,0,0,-,-,NA,NA,LOS ANGELES,SANTA CLARITA,-118.54407834,34.42819764
6775273,2014,2015-02-17,1900,2014-12-29,0010,506937,0641,1,5,6,1985,0,0,0,NA,0,62T1E,DECORO DR,VISTA DELGADO DR,225,S,N,A,-,N,NA,NA,NA,NA,NA,NA,NA,NA,NA,Y,2,0,1,1,A,-,03,22350,NA,F,E,I,A,A,H,-,C,D,0,NA,NA,NA,NA,Y,NA,A,01,1,0,0,0,0,0,0,0,0,-,-,NA,NA,LOS ANGELES,SANTA CLARITA,-118.53636,34.44254
6775274,2014,2015-02-17,1900,2014-12-29,1505,523421,0626,1,5,6,1985,0,0,0,NA,0,61T1,SIERRA HWY,PLACERITA CANYON RD,400,N,N,A,-,N,NA,NA,NA,NA,NA,NA,NA,NA,NA,Y,3,0,1,1,A,-,03,22350,NA,N,F,A,A,A,H,-,A,D,0,NA,NA,NA,NA,Y,NA,A,01,0,1,0,0,0,0,0,0,0,-,-,NA,NA,LOS ANGELES,SANTA CLARITA,-118.49353777,34.37910711
6775279,2014,2015-02-17,1900,2014-12-10,1109,253807,2612,3,5,6,1950,0,0,0,NA,0,261T1,RANCHO VISTA BL,10TH ST WEST,190,W,N,A,-,N,NA,NA,NA,NA,NA,NA,NA,NA,NA,N,3,0,1,2,A,-,11,21954,A,N,G,B,E,A,H,-,A,A,0,Y,NA,NA,NA,Y,NA,N,60,0,1,0,0,1,0,0,0,0,-,-,NA,NA,LOS ANGELES,PALMDALE,-118.148349,34.601719
6775280,2014,2015-02-17,1900,2014-12-12,2123,513465,2612,5,5,6,1950,0,0,0,NA,0,262T1,10TH ST WEST,RANCHO VISTA BL,1000,S,N,A,-,N,NA,NA,NA,NA,NA,NA,NA,NA,NA,N,3,0,1,2,A,-,09,21804,A,N,D,G,A,A,H,-,C,D,0,NA,Y,NA,NA,Y,NA,L,04,0,1,0,0,0,0,1,0,0,-,-,NA,NA,LOS ANGELES,PALMDALE,-118.147806,34.599064
6775377,2014,2015-02-11,1900,2014-12-06,1135,517022,0456,6,5,6,1949,0,0,0,NA,0,45T1D,SHOEMAKER RD,ALONDRA BL,0,NA,Y,A,-,N,NA,NA,NA,NA,NA,NA,NA,NA,NA,Y,4,0,1,4,A,-,12,21453,A,N,D,C,A,A,H,-,A,A,0,NA,NA,NA,NA,Y,NA,A,01,0,0,1,0,0,0,0,0,0,-,-,NA,NA,LOS ANGELES,NORWALK,-118.05538001,33.88774003
6775378,2014,2015-02-11,1900,2014-12-21,2037,517022,0469,7,5,4,1936,0,0,0,NA,0,46T1P,RAMSEY DR,LARWIN RD,172,N,N,A,-,N,NA,NA,NA,NA,NA,NA,NA,NA,NA,Y,3,0,1,2,A,-,01,23152,A,N,C,E,A,A,H,-,C,D,0,NA,NA,NA,NA,Y,Y,A,01,0,1,0,0,0,0,0,0,0,-,-,NA,NA,LOS ANGELES,LA MIRADA,-118.0374,33.9077216
6775379,2014,2015-02-11,1900,2014-12-20,0055,483167,0466,6,5,4,1936,0,0,0,NA,0,46T2,VALLEY VIEW AV,FIRESTONE BL N,100,S,N,A,-,N,NA,NA,NA,NA,NA,NA,NA,NA,NA,N,4,0,1,2,A,-,01,23152,A,N,B,C,A,A,H,-,C,D,0,NA,NA,NA,NA,Y,Y,A,01,0,0,1,0,0,0,0,0,0,-,-,NA,NA,LOS ANGELES,LA MIRADA,-118.02901802,33.88551881
6775380,2014,2015-02-11,1900,2014-12-20,0105,483167,0467,6,5,4,1936,0,0,0,NA,0,46T2,ROSECRANS AV,STANTON AV,1,E,N,A,-,N,NA,NA,NA,NA,NA,NA,NA,NA,NA,Y,3,0,1,1,A,-,01,23152,A,N,E,I,A,A,H,-,C,D,0,NA,NA,NA,NA,Y,Y,A,01,0,1,0,0,0,0,0,0,0,-,-,NA,NA,LOS ANGELES,LA MIRADA,-117.99301676,33.89847952
6775381,2014,2016-02-18,1900,2014-12-19,1820,279461,0453,5,5,6,1949,0,0,0,NA,0,43T1P,IMPERIAL HWY,WOODS AV,118,E,N,A,-,N,NA,NA,NA,NA,NA,NA,NA,NA,NA,N,4,0,1,2,A,-,09,21801,A,N,A,C,A,A,H,-,C,D,0,NA,NA,NA,NA,Y,NA,A,07,0,0,1,0,0,0,0,0,0,-,-,NA,NA,LOS ANGELES,NORWALK,-118.083592,33.91709746
6775382,2014,2016-02-18,1900,2014-12-19,1630,279461,0451,5,5,6,1949,0,0,0,NA,0,43T18,IMPERIAL HWY,ORR AND DAY RD,235,W,N,A,-,N,NA,NA,NA,NA,NA,NA,NA,NA,NA,N,4,0,3,2,A,-,03,22350,NA,N,C,C,A,A,H,-,A,D,0,NA,NA,NA,NA,Y,NA,A,01,0,0,3,0,0,0,0,0,0,-,-,NA,NA,LOS ANGELES,NORWALK,-118.09247109,33.91705
6775383,2014,2015-02-11,1900,2014-12-19,0805,442391,0465,5,5,4,1936,0,0,0,NA,0,46T1,LA MIRADA RD,OCASO AV,86,S,N,A,-,N,NA,NA,NA,NA,NA,NA,NA,NA,NA,Y,3,0,2,4,A,-,03,22350,NA,N,C,C,A,A,H,-,A,D,0,NA,NA,NA,NA,Y,NA,A,01,0,1,1,0,0,0,0,0,0,-,-,NA,NA,LOS ANGELES,LA MIRADA,-118.0036858,33.89184789
6775384,2014,2015-02-11,1900,2014-12-17,1652,517022,0465,3,5,4,1936,0,0,0,NA,0,46T1P,LA MIRADA BL,EXCELSIOR DR,0,NA,Y,A,-,N,NA,NA,NA,NA,NA,NA,NA,NA,NA,N,2,0,1,2,A,-,09,21801,A,N,A,G,A,A,H,-,B,A,0,NA,Y,NA,NA,Y,NA,A,07,1,0,0,0,0,0,1,0,0,-,-,NA,NA,LOS ANGELES,LA MIRADA,-118.00928003,33.89522009
6775385,2014,2015-02-11,1900,2014-12-14,0255,513418,0453,7,5,6,1949,0,0,0,NA,0,43T1,ROSECRANS AV,SYLVANWOOD AV,90,W,N,A,-,N,NA,NA,NA,NA,NA,NA,NA,NA,NA,N,3,0,2,4,A,-,08,22107,NA,M,C,E,A,A,H,-,C,D,0,NA,NA,NA,NA,Y,NA,A,07,0,2,0,0,0,0,0,0,0,-,-,NA,NA,LOS ANGELES,NORWALK,-118.09047596,33.9022
6775386,2014,2015-02-11,1900,2014-12-16,1540,526088,0462,2,5,4,1936,0,0,0,NA,0,46K2,LA MIRADA BL,GAGELY DR,180,N,N,C,-,N,NA,NA,NA,NA,NA,NA,NA,NA,NA,Y,4,0,2,2,A,-,09,21804,A,N,D,C,A,B,H,-,A,D,0,NA,NA,NA,NA,Y,NA,A,01,0,0,2,0,0,0,0,0,0,-,-,NA,NA,LOS ANGELES,LA MIRADA,-118.01213,33.91519
6775387,2014,2015-02-11,1900,2014-12-18,1740,292950,0455,4,5,6,1949,0,0,0,NA,0,45T1,PIONEER BL,MAPLEDALE AV,0,NA,Y,A,-,N,NA,NA,NA,NA,NA,NA,NA,NA,NA,N,4,0,1,2,A,-,09,21801,A,N,A,C,A,A,H,-,C,A,0,NA,NA,Y,NA,Y,NA,A,01,0,0,1,0,0,0,0,0,0,-,-,NA,NA,LOS ANGELES,NORWALK,-118.08280001,33.89846011
6775388,2014,2015-03-02,1900,2014-12-09,2340,520746,0453,2,5,6,1949,0,0,0,NA,0,43T1,FLATBUSH AV,FAIRTON ST,165,S,N,A,-,N,NA,NA,NA,NA,NA,NA,NA,NA,NA,Y,4,0,1,3,A,-,08,22107,NA,N,C,E,A,A,H,-,C,D,0,NA,NA,NA,NA,Y,NA,A,01,0,0,1,0,0,0,0,0,0,-,-,NA,NA,LOS ANGELES,NORWALK,-118.10653,33.89431756
6775389,2014,2015-03-02,1900,2014-12-17,1830,527125,0453,3,5,6,1949,0,0,0,NA,0,43T1,ROSECRANS AV,GREENSTONE AV,0,NA,Y,A,-,N,NA,NA,NA,NA,NA,NA,NA,NA,NA,Y,4,0,1,2,A,-,12,21453,A,N,B,C,A,A,H,-,C,A,0,NA,NA,NA,NA,Y,NA,-,-,0,0,1,0,0,0,0,0,0,-,-,NA,NA,LOS ANGELES,NORWALK,-118.05780012,33.90242005
6775390,2014,2015-02-11,1900,2014-12-24,1515,532572,0454,3,5,6,1949,0,0,0,NA,0,43T1,FOSTER RD,SAN ANTONIO DR,0,NA,Y,A,-,N,NA,NA,NA,NA,NA,NA,NA,NA,NA,Y,3,0,2,2,A,-,09,21801,A,N,B,C,A,A,H,-,A,A,0,NA,NA,NA,NA,Y,NA,A,07,0,1,1,0,0,0,0,0,0,-,-,NA,NA,LOS ANGELES,NORWALK,-118.07716001,33.90743001
6775391,2014,2016-02-18,1900,2014-12-10,1705,532572,0454,3,5,6,1949,0,0,0,NA,0,43T1,VOLUNTEER AV,IMPERIAL HWY,250,S,N,A,-,N,NA,NA,NA,NA,NA,NA,NA,NA,NA,N,4,0,1,2,A,-,03,22350,NA,M,G,B,D,A,H,-,C,D,0,Y,NA,NA,NA,Y,NA,A,01,0,0,1,0,1,0,0,0,0,-,-,NA,NA,LOS ANGELES,NORWALK,-118.06871558,33.91651687
6775392,2014,2015-02-11,9590,2014-12-13,1215,19146,NA,6,1,7,1942,0,1,1,NA,2,084,RT 5,RT 2,60,N,N,A,-,Y,NA,NA,5,NA,NA,NA,NA,NA,NA,Y,4,0,1,2,A,-,03,22350,NA,N,C,C,A,A,H,-,A,D,0,NA,NA,NA,NA,Y,NA,A,01,0,0,1,0,0,0,0,0,0,-,-,34.10368,-118.25117,LOS ANGELES,LOS ANGELES,-118.25123433,34.10359049
6775393,2014,2015-02-18,9590,2014-12-13,1018,020788,NA,6,1,7,1942,0,1,1,NA,2,060,RT 10,CRENSHAW BL,100,E,N,A,-,Y,NA,NA,10,NA,NA,NA,NA,NA,NA,N,4,0,2,3,C,-,18,NA,NA,N,C,C,E,A,H,-,A,D,0,Y,NA,NA,NA,Y,NA,-,-,0,0,2,0,1,0,0,0,0,-,-,34.0369,-118.31468,LOS ANGELES,LOS ANGELES,-118.3146817,34.03692694
6775394,2014,2015-02-11,9590,2014-12-11,1740,20748,NA,4,2,7,1942,0,1,1,NA,2,083,RT 5,RIVERSIDE DR,1000,S,N,A,-,Y,NA,NA,5,NA,NA,NA,NA,NA,NA,N,4,0,1,2,A,-,03,22350,NA,N,C,C,A,A,H,-,C,D,0,NA,NA,NA,NA,Y,NA,A,07,0,0,1,0,0,0,0,0,0,-,-,34.07471,-118.22028,LOS ANGELES,LOS ANGELES,-118.2194824,34.07464736
6775395,2014,2015-02-11,9590,2014-12-12,1100,20342,NA,5,1,7,1942,0,1,1,NA,2,012,RT 110,AVE 43,50,S,N,C,-,Y,NA,NA,NA,NA,NA,NA,NA,NA,NA,Y,3,0,2,1,A,-,08,22107,NA,N,E,I,A,B,F,-,A,D,0,NA,NA,NA,NA,Y,NA,A,01,0,1,1,0,0,0,0,0,0,-,-,34.09235,-118.20531,LOS ANGELES,LOS ANGELES,-118.20636,34.09317288
6775396,2014,2015-02-18,9590,2014-12-14,1720,20753,NA,7,2,7,1942,0,1,2,NA,2,042,RT 101,1ST ST,100,S,N,A,-,Y,NA,NA,101,NA,NA,NA,NA,NA,NA,Y,4,0,3,3,A,-,03,22350,NA,F,C,C,A,A,H,-,B,D,0,NA,NA,NA,NA,Y,NA,A,07,0,0,3,0,0,0,0,0,0,-,-,34.04656,-118.22112,LOS ANGELES,LOS ANGELES,-118.22118171,34.04654947
6775397,2014,2015-02-13,9590,2014-12-14,2200,20757,NA,7,3,7,1942,0,1,1,NA,2,085,RT 5,LOS FELIZ BL,1000,S,N,A,-,Y,NA,NA,5,NA,NA,NA,NA,NA,NA,Y,4,0,3,2,A,-,07,21658,A,N,B,C,A,A,H,-,C,D,0,NA,NA,NA,NA,Y,NA,A,01,0,0,3,0,0,0,0,0,0,-,-,34.11665,-118.26935,LOS ANGELES,LOS ANGELES,-118.26928371,34.11668542
6775398,2014,2015-02-11,9590,2014-12-12,2035,20344,NA,5,2,7,1942,0,1,1,NA,2,013,RT 110,AVE 26,500,N,N,B,-,Y,NA,NA,110,NA,NA,NA,NA,NA,NA,N,4,0,1,1,A,-,08,22107,NA,N,E,I,A,A,H,-,C,D,0,NA,NA,NA,NA,Y,NA,A,01,0,0,1,0,0,0,0,0,0,-,-,34.08335,-118.22229,LOS ANGELES,LOS ANGELES,-118.22213551,34.083138
6775399,2014,2015-02-11,9590,2014-12-07,0210,19780,NA,7,3,7,1942,0,1,1,NA,2,063,RT 10,VERMONT AV,125,E,N,A,-,Y,NA,NA,10,NA,NA,NA,NA,NA,NA,Y,2,0,2,5,A,-,01,23152,A,N,C,C,A,A,H,-,C,D,0,NA,NA,NA,NA,Y,Y,A,01,1,1,0,0,0,0,0,0,0,-,-,34.03704,-118.29052,LOS ANGELES,LOS ANGELES,-118.29051986,34.03705124
6775400,2014,2015-02-11,9590,2014-12-07,1625,017586,NA,7,2,7,1942,0,1,1,NA,2,061,RT 10,CRENSHAW BL,25,W,N,A,-,Y,NA,NA,10,NA,NA,NA,NA,NA,NA,Y,4,0,2,4,A,-,03,22350,NA,F,C,C,A,A,H,-,A,D,0,NA,NA,NA,NA,Y,NA,A,01,0,0,2,0,0,0,0,0,0,-,-,34.03511,-118.33356,LOS ANGELES,LOS ANGELES,-118.33356298,34.03516793
6775432,2014,2015-02-11,1953,2014-12-29,0854,0311,1953,1,5,6,1953,0,0,0,NA,0,002,LAKE AV,RIO GRANDE ST,0,NA,Y,A,-,N,NA,NA,NA,NA,NA,NA,NA,NA,NA,Y,4,0,1,2,A,-,09,21801,A,N,A,C,A,A,H,-,A,A,0,NA,NA,NA,NA,Y,NA,A,01,0,0,1,0,0,0,0,0,0,-,-,NA,NA,LOS ANGELES,PASADENA,-118.13218012,34.17061004
6775433,2014,2015-02-11,1953,2014-12-30,0615,9610,1953,2,5,6,1953,0,0,0,NA,0,005,DEL MAR BL,PASADENA AV,0,NA,Y,A,-,N,NA,NA,NA,NA,NA,NA,NA,NA,NA,Y,3,0,2,2,A,-,12,21453,A,N,D,C,A,A,H,-,A,A,0,NA,NA,NA,NA,Y,NA,A,01,0,1,1,0,0,0,0,0,0,-,-,NA,NA,LOS ANGELES,PASADENA,-118.15412013,34.14074008
6775434,2014,2015-02-11,1953,2014-12-30,1120,1421,1953,2,5,6,1953,0,0,0,NA,0,005,CALIFORNIA BL,WILSON AV,20,W,N,B,-,N,NA,NA,NA,NA,NA,NA,NA,NA,NA,Y,4,0,1,2,A,-,03,22350,NA,N,C,C,A,A,H,-,A,A,0,NA,NA,NA,NA,Y,NA,A,01,0,0,1,0,0,0,0,0,0,-,-,NA,NA,LOS ANGELES,PASADENA,-118.12803593,34.13591129
6775435,2014,2015-02-11,1953,2014-12-30,1426,3736,1953,2,5,6,1953,0,0,0,NA,0,002,NORTH LOS ROBLES AV,PARKE ST,50,S,N,C,-,N,NA,NA,NA,NA,NA,NA,NA,NA,NA,N,4,0,1,2,A,-,08,22107,NA,M,C,G,A,B,H,-,A,D,0,NA,Y,NA,NA,Y,NA,A,07,0,0,1,0,0,0,1,0,0,-,-,NA,NA,LOS ANGELES,PASADENA,-118.14152,34.15661289
6775442,2014,2016-06-24,1972,2014-12-30,1728,18874,NA,2,5,6,1972,0,0,0,NA,0,NA,HAWTHORN BL,190TH ST,600,S,N,C,-,N,NA,NA,NA,NA,NA,NA,NA,NA,NA,Y,4,0,1,2,A,-,03,22350,NA,N,C,C,A,B,H,-,C,A,0,NA,NA,NA,NA,Y,NA,A,NA,0,0,1,0,0,0,0,0,0,-,-,NA,NA,LOS ANGELES,TORRANCE,-118.353843,33.856571
6775446,2014,2015-02-06,1972,2014-12-30,2139,18192,NA,2,5,6,1972,0,0,0,NA,0,NA,CARSON,WESTERN,150,W,N,C,-,N,NA,NA,NA,NA,NA,NA,NA,NA,NA,Y,3,0,3,2,A,-,03,22350,NA,N,C,C,A,B,H,-,C,B,0,NA,NA,NA,NA,Y,NA,A,NA,0,1,2,0,0,0,0,0,0,-,-,NA,NA,LOS ANGELES,TORRANCE,-118.30952295,33.83149926
6775449,2014,2015-02-09,1972,2014-12-30,1220,14197,NA,2,5,6,1972,0,0,0,NA,0,NA,ANZA AV,PACIFIC COAST HWY,0,NA,Y,A,-,N,NA,NA,NA,NA,NA,NA,NA,NA,NA,N,4,0,1,2,A,-,11,21954,A,N,G,B,D,A,H,-,A,A,0,Y,NA,NA,NA,Y,NA,N,NA,0,0,1,0,1,0,0,0,0,-,-,NA,NA,LOS ANGELES,TORRANCE,-118.35789003,33.80769001