CASE_ID,ACCIDENT_YEAR,PROC_DATE,JURIS,COLLISION_DATE,COLLISION_TIME,OFFICER_ID,REPORTING_DISTRICT,DAY_OF_WEEK,CHP_SHIFT,POPULATION,CNTY_CITY_LOC,SPECIAL_COND,BEAT_TYPE,CHP_BEAT_TYPE,CITY_DIVISION_LAPD,CHP_BEAT_CLASS,BEAT_NUMBER,PRIMARY_RD,SECONDARY_RD,DISTANCE,DIRECTION,INTERSECTION,WEATHER_1,WEATHER_2,STATE_HWY_IND,CALTRANS_COUNTY,CALTRANS_DISTRICT,STATE_ROUTE,ROUTE_SUFFIX,POSTMILE_PREFIX,POSTMILE,LOCATION_TYPE,RAMP_INTERSECTION,SIDE_OF_HWY,TOW_AWAY,COLLISION_SEVERITY,NUMBER_KILLED,NUMBER_INJURED,PARTY_COUNT,PRIMARY_COLL_FACTOR,PCF_CODE_OF_VIOL,PCF_VIOL_CATEGORY,PCF_VIOLATION,PCF_VIOL_SUBSECTION,HIT_AND_RUN,TYPE_OF_COLLISION,MVIW,PED_ACTION,ROAD_SURFACE,ROAD_COND_1,ROAD_COND_2,LIGHTING,CONTROL_DEVICE,CHP_ROAD_TYPE,PEDESTRIAN_ACCIDENT,BICYCLE_ACCIDENT,MOTORCYCLE_ACCIDENT,TRUCK_ACCIDENT,NOT_PRIVATE_PROPERTY,ALCOHOL_INVOLVED,STWD_VEHTYPE_AT_FAULT,CHP_VEHTYPE_AT_FAULT,COUNT_SEVERE_INJ,COUNT_VISIBLE_INJ,COUNT_COMPLAINT_PAIN,COUNT_PED_KILLED,COUNT_PED_INJURED,COUNT_BICYCLIST_KILLED,COUNT_BICYCLIST_INJURED,COUNT_MC_KILLED,COUNT_MC_INJURED,PRIMARY_RAMP,SECONDARY_RAMP,LATITUDE,LONGITUDE,COUNTY,CITY,POINT_X,POINT_Y
6777107,2014,2016-02-18,1905,2014-11-30,1929,1137,211,7,5,4,1905,0,0,0,NA,0,052,SAN GABRIEL AV,4TH ST,246,S,N,B,-,N,NA,NA,NA,NA,NA,NA,NA,NA,NA,Y,4,0,1,5,A,-,21,22106,NA,N,C,C,A,B,H,-,C,D,0,NA,NA,NA,NA,Y,NA,-,NA,0,0,1,0,0,0,0,0,0,-,-,NA,NA,LOS ANGELES,AZUSA,-117.90886369,34.12737561
6777108,2014,2015-01-27,1905,2014-11-26,0728,1133,345,3,5,4,1905,0,0,0,NA,0,061,S CITRUS AV,GLADSTONE ST,120,N,N,A,-,N,NA,NA,NA,NA,NA,NA,NA,NA,NA,Y,4,0,1,2,A,-,09,21801,A,N,A,C,A,A,H,-,A,D,0,NA,NA,NA,NA,Y,NA,-,NA,0,0,1,0,0,0,0,0,0,-,-,NA,NA,LOS ANGELES,AZUSA,-117.89021,34.11446897
6777109,2014,2015-01-27,1905,2014-11-28,1753,1113,444,5,5,4,1905,0,0,0,NA,0,071,CITRUS AV,ARROW HWY,45,N,N,A,-,N,NA,NA,NA,NA,NA,NA,NA,NA,NA,N,4,0,1,2,A,-,03,22350,NA,N,C,C,A,A,-,-,C,A,0,NA,NA,NA,NA,Y,NA,-,NA,0,0,1,0,0,0,0,0,0,-,-,NA,NA,LOS ANGELES,AZUSA,-117.8902678,34.10693335
6777110,2014,2016-02-18,1905,2014-11-19,1522,1133,411,3,5,4,1905,0,0,0,NA,0,062,SAN GABRIEL,9TH ST,0,NA,Y,A,-,N,NA,NA,NA,NA,NA,NA,NA,NA,NA,N,4,0,1,2,A,-,10,21950,A,N,A,B,B,A,H,-,A,A,0,Y,NA,NA,NA,Y,NA,-,NA,0,0,1,0,1,0,0,0,0,-,-,NA,NA,LOS ANGELES,AZUSA,-117.90879013,34.13721002
6777121,2014,2015-01-28,1905,2014-11-24,1741,1101,311,1,5,4,1905,0,0,0,NA,0,072,SAN GABRIEL AV,5TH ST,401,N,N,A,-,N,NA,NA,NA,NA,NA,NA,NA,NA,NA,Y,3,0,2,3,A,-,11,21954,A,N,A,B,D,A,H,-,C,D,0,Y,NA,NA,NA,Y,NA,N,60,0,2,0,0,2,0,0,0,0,-,-,NA,NA,LOS ANGELES,AZUSA,-117.90883637,34.13094931
6777122,2014,2015-01-28,1965,2014-11-28,1105,2972,B2A,5,5,5,1965,0,0,0,NA,0,B002,OCEAN PARK BL,LINCOLN BL,13,W,N,A,-,N,NA,NA,NA,NA,NA,NA,NA,NA,NA,N,4,0,1,2,A,-,05,21202,A,M,A,G,A,A,H,-,A,A,0,NA,Y,NA,NA,Y,Y,-,99,0,0,1,0,0,0,1,0,0,-,-,NA,NA,LOS ANGELES,SANTA MONICA,-118.47635548,34.00693004
6777496,2015,2015-02-18,1976,2015-01-09,1905,255,NA,5,5,5,1976,0,0,0,NA,0,NA,JANINE DR,COLIMA RD,404,E,N,A,-,N,NA,NA,NA,NA,NA,NA,NA,NA,NA,N,3,0,1,2,A,-,10,21950,A,N,G,B,C,A,H,-,C,-,0,Y,NA,NA,NA,Y,NA,A,07,0,1,0,0,1,0,0,0,0,-,-,NA,NA,LOS ANGELES,WHITTIER,-118.00432422,33.94989507
6777497,2015,2015-02-19,1900,2015-01-11,1646,509,NA,7,5,5,1908,0,0,0,NA,0,NA,WARDMAN ST,PICKERING AV,6,E,N,C,-,N,NA,NA,NA,NA,NA,NA,NA,NA,NA,Y,4,0,1,1,A,-,03,22350,NA,N,F,A,A,B,H,-,A,D,0,NA,NA,Y,NA,Y,NA,C,02,0,0,1,0,0,0,0,0,1,-,-,NA,NA,LOS ANGELES,BELLFLOWER,-118.04206026,33.97725051
6777498,2015,2015-02-19,1976,2015-01-09,1807,203,NA,5,5,5,1976,0,0,0,NA,0,NA,HADLEY ST,COMSTOCK AV,0,NA,Y,A,-,N,NA,NA,NA,NA,NA,NA,NA,NA,NA,Y,3,0,1,2,A,-,09,21802,A,N,D,C,A,A,H,-,C,A,0,NA,NA,NA,NA,Y,NA,A,01,0,1,0,0,0,0,0,0,0,-,-,NA,NA,LOS ANGELES,WHITTIER,-118.03857008,33.98272008
6777499,2015,2015-02-19,1976,2015-01-09,0845,884,NA,5,5,5,1976,0,0,0,NA,0,004,COLIMA RD,YOUNGWOOD DR,0,NA,Y,A,-,N,NA,NA,NA,NA,NA,NA,NA,NA,NA,Y,3,0,2,3,A,-,09,21453,C,N,D,C,A,A,H,-,A,A,0,NA,NA,NA,NA,Y,NA,A,01,0,1,1,0,0,0,0,0,0,-,-,NA,NA,LOS ANGELES,WHITTIER,-118.00248004,33.95503005
6777500,2015,2015-02-19,1976,2015-01-08,1606,884,NA,4,5,5,1976,0,0,0,NA,0,NA,COLIMA RD,CARRETERA DR,0,NA,Y,A,-,N,NA,NA,NA,NA,NA,NA,NA,NA,NA,Y,4,0,2,2,A,-,12,21453,A,N,D,C,A,A,H,-,A,A,0,NA,NA,NA,NA,Y,NA,A,01,0,0,2,0,0,0,0,0,0,-,-,NA,NA,LOS ANGELES,WHITTIER,-118.00335013,33.95373002
6777724,2014,2015-01-28,9565,2014-11-22,1805,020801,NA,6,2,9,1900,0,3,5,NA,2,003,SLAUSON AV,LA TIJERA BL,24,N,N,A,-,N,NA,NA,NA,NA,NA,NA,NA,NA,NA,Y,4,0,1,2,A,-,09,21801,A,N,D,C,A,A,H,-,C,A,0,NA,NA,NA,NA,Y,NA,A,01,0,0,1,0,0,0,0,0,0,-,-,33.98725,-118.36568,LOS ANGELES,UNINCORPORATED,-118.36473,33.98741
6777729,2014,2015-03-02,9565,2014-12-15,2300,20785,NA,1,3,9,1900,0,2,4,NA,2,042,HAWTHORNE BL,LENNOX BL,0,NA,Y,B,-,N,NA,NA,NA,NA,NA,NA,NA,NA,NA,Y,4,0,2,2,A,-,12,21453,A,N,D,C,A,A,H,-,C,A,0,NA,NA,NA,NA,Y,NA,-,-,0,0,2,0,0,0,0,0,0,-,-,33.9384,-118.35307,LOS ANGELES,UNINCORPORATED,-118.3527201,33.93818012
6777736,2014,2015-02-03,9565,2014-11-22,0930,16326,NA,6,1,9,1900,0,3,5,NA,2,003,OVERHILL DR,SLAUSON AV,5,N,N,A,-,N,NA,NA,NA,NA,NA,NA,NA,NA,NA,N,4,0,1,2,A,-,-,NA,NA,N,B,D,A,A,H,-,A,A,0,NA,NA,NA,NA,Y,NA,A,01,0,0,1,0,0,0,0,0,0,-,-,33.98912,-118.35413,LOS ANGELES,UNINCORPORATED,-118.35408753,33.98890356
6777743,2014,2015-02-12,9565,2014-12-10,1930,20439,NA,3,2,9,1900,0,2,4,NA,2,022,NORMANDIE AV,105TH ST,30,N,N,A,-,N,NA,NA,NA,NA,NA,NA,NA,NA,NA,N,3,0,1,3,A,-,03,22350,NA,N,C,C,-,A,H,-,C,D,0,Y,NA,NA,NA,Y,NA,A,08,0,1,0,0,1,0,0,0,0,-,-,33.9395,-118.3003,LOS ANGELES,UNINCORPORATED,-118.30028198,33.94128226
6777752,2014,2015-02-12,9565,2014-12-22,1950,20518,NA,1,2,7,1942,0,1,1,NA,2,062,RT 405,EXPOSITION BL,100,S,N,A,-,Y,NA,NA,405,NA,NA,NA,NA,NA,NA,Y,3,0,4,2,A,-,07,21658,A,N,B,C,A,A,H,-,C,D,0,NA,NA,NA,NA,Y,NA,D,22,0,1,3,0,0,0,0,0,0,TO,-,34.03385,-118.43724,LOS ANGELES,LOS ANGELES,-118.43705507,34.03402884
6777766,2014,2015-02-12,1976,2014-12-31,1420,314,NA,3,5,5,1976,0,0,0,NA,0,003,LAMBERT RD,LAUREL AV,42,E,N,A,-,N,NA,NA,NA,NA,NA,NA,NA,NA,NA,N,4,0,1,2,A,-,03,22350,NA,N,C,C,A,A,H,-,A,A,0,NA,NA,NA,NA,Y,Y,A,01,0,0,1,0,0,0,0,0,0,-,-,NA,NA,LOS ANGELES,WHITTIER,-118.03440335,33.95564677
6777845,2015,2015-02-17,1900,2015-01-13,1130,516691,2813,2,5,5,1915,0,0,0,NA,0,282T1,ROSECRANS AV,ARANBE AV,0,NA,Y,A,-,N,NA,NA,NA,NA,NA,NA,NA,NA,NA,N,4,0,1,3,A,-,12,21453,A,N,D,C,A,A,H,-,A,A,0,NA,NA,NA,NA,Y,NA,A,07,0,0,1,0,0,0,0,0,0,-,-,NA,NA,LOS ANGELES,COMPTON,-118.23235003,33.90337005
6777849,2015,2015-02-18,1900,2015-01-13,0747,516691,2844,2,5,5,1915,0,0,0,NA,0,28ZT1,SANTA FE AV,ALONDRA BL,0,NA,Y,A,-,N,NA,NA,NA,NA,NA,NA,NA,NA,NA,Y,4,0,2,2,A,-,12,21453,A,N,B,C,A,A,H,-,A,A,0,NA,NA,NA,NA,Y,NA,-,-,0,0,2,0,0,0,0,0,0,-,-,NA,NA,LOS ANGELES,COMPTON,-118.21604006,33.8886001
6777869,2014,2015-02-12,1920,2014-12-27,0005,12323,NA,6,5,6,1920,0,0,0,NA,0,001,LAKEWOOD BL,MARGARET RD,105,N,N,A,-,N,NA,NA,NA,NA,NA,NA,NA,NA,NA,N,3,0,1,1,A,-,08,22107,NA,N,E,I,A,A,H,-,C,D,0,NA,NA,NA,NA,Y,NA,D,22,0,1,0,0,0,0,0,0,0,-,-,NA,NA,LOS ANGELES,DOWNEY,-118.12512145,33.93400125
6777873,2015,2016-09-13,1900,2015-01-10,0325,524006,2847,6,5,5,1915,0,0,0,NA,0,282E,E ALONDRA BL,RT 710,108,W,N,A,-,Y,LA,7,710,-,-,14.096,R,4,N,Y,4,0,1,2,A,-,03,22350,NA,F,C,C,A,A,H,-,C,D,0,NA,NA,NA,NA,Y,NA,D,22,0,0,1,0,0,0,0,0,0,-,NO,NA,NA,LOS ANGELES,COMPTON,-118.18825524,33.89117667
6777877,2015,2015-02-17,1900,2015-01-12,1040,516691,2826,1,5,5,1915,0,0,0,NA,0,282T1,ROSECRANS AV,GIBSON AV,225,W,N,A,-,N,NA,NA,NA,NA,NA,NA,NA,NA,NA,Y,3,0,1,3,A,-,08,22107,NA,N,C,E,A,A,H,-,A,D,0,NA,NA,NA,NA,Y,NA,A,01,0,1,0,0,0,0,0,0,0,-,-,NA,NA,LOS ANGELES,COMPTON,-118.19029994,33.90366334
6777879,2014,2015-02-03,1900,2014-12-22,2238,528119,0531,1,5,5,1959,0,0,0,NA,0,53T1E4,TEMPLE CITY BL,ELLIS LN,300,S,N,A,-,N,NA,NA,NA,NA,NA,NA,NA,NA,NA,N,4,0,1,2,D,-,00,NA,NA,N,D,C,A,A,H,-,C,D,0,NA,NA,NA,NA,Y,NA,-,-,0,0,1,0,0,0,0,0,0,-,-,NA,NA,LOS ANGELES,ROSEMEAD,-118.05863582,34.07933752
6777914,2015,2015-02-18,1900,2015-01-12,1725,525199,282J,1,5,5,1915,0,0,0,NA,0,283T1,ROSECRANS AV,BULLIS RD,0,NA,Y,A,-,N,NA,NA,NA,NA,NA,NA,NA,NA,NA,N,4,0,1,2,A,-,09,21453,C,F,D,C,A,A,H,-,C,A,0,NA,NA,Y,NA,Y,NA,A,01,0,0,1,0,0,0,0,0,1,-,-,NA,NA,LOS ANGELES,COMPTON,-118.20708012,33.90352002
6777915,2015,2015-02-18,1900,2015-01-13,1700,516691,2837,2,5,5,1915,0,0,0,NA,0,282T1,GREENLEAF BL,WILMINGTON AV,45,E,N,A,-,N,NA,NA,NA,NA,NA,NA,NA,NA,NA,N,4,0,1,2,A,-,21,22106,NA,N,D,G,A,A,H,-,A,D,0,NA,Y,NA,NA,Y,NA,A,01,0,0,1,0,0,0,1,0,0,-,-,NA,NA,LOS ANGELES,COMPTON,-118.23641211,33.88073379
6777916,2015,2015-02-18,1900,2015-01-10,1230,520027,2846,6,5,5,1915,0,0,0,NA,0,282T2,LONG BEACH BL,MYRRH ST,65,S,N,B,-,N,NA,NA,NA,NA,NA,NA,NA,NA,NA,N,4,0,1,2,A,-,21,22106,NA,N,B,C,A,B,H,-,A,D,0,NA,NA,NA,NA,Y,NA,A,08,0,0,1,0,0,0,0,0,0,-,-,NA,NA,LOS ANGELES,COMPTON,-118.20771011,33.89220194
6777961,2015,2015-02-19,1900,2015-01-10,0830,520027,2843,6,5,5,1915,0,0,0,NA,0,282T1,ALONDRA BL,SANTA FE AV,0,NA,Y,C,-,N,NA,NA,NA,NA,NA,NA,NA,NA,NA,Y,3,0,2,2,A,-,12,21453,A,N,D,C,A,B,H,-,A,D,0,NA,NA,NA,NA,Y,NA,A,01,0,1,1,0,0,0,0,0,0,-,-,NA,NA,LOS ANGELES,COMPTON,-118.21604006,33.8886001
6777962,2015,2017-07-20,1900,2015-01-19,1900,525199,2824,1,5,5,1915,0,0,0,NA,0,283T1,SANTA FE AV,PALMER ST,0,NA,Y,A,-,N,NA,NA,NA,NA,NA,NA,NA,NA,NA,N,3,0,1,2,A,-,10,21950,A,N,D,B,B,A,H,-,C,A,0,Y,NA,NA,NA,Y,NA,A,07,0,1,0,0,1,0,0,0,0,-,-,NA,NA,LOS ANGELES,COMPTON,-118.21594011,33.89832007
6777963,2015,2015-02-19,1900,2015-01-10,0340,523032,2840,6,5,5,1915,0,0,0,NA,0,283E,COMPTON BL,ALAMEDA ST,0,NA,Y,A,-,N,NA,NA,NA,NA,NA,NA,NA,NA,NA,Y,4,0,2,2,A,-,03,22350,NA,N,C,C,A,A,H,-,C,A,0,NA,NA,NA,NA,Y,NA,A,01,0,0,2,0,0,0,0,0,0,-,-,NA,NA,LOS ANGELES,COMPTON,-118.2204001,33.8959801
6777964,2015,2015-02-19,1900,2015-01-20,1906,531565,2836,2,5,5,1915,0,0,0,NA,0,283T1,GREENLEAF BL,WILMINGTON AV,0,NA,Y,A,-,N,NA,NA,NA,NA,NA,NA,NA,NA,NA,N,4,0,1,2,A,-,09,21801,A,N,B,C,A,A,H,-,C,A,0,NA,NA,NA,NA,Y,NA,A,01,0,0,1,0,0,0,0,0,0,-,-,NA,NA,LOS ANGELES,COMPTON,-118.23656007,33.88073011
6777985,2015,2015-02-19,1900,2015-01-08,0730,520027,2823,4,5,5,1915,0,0,0,NA,0,282T1,SANTA FE AV,OAKS ST,70,N,N,A,-,N,NA,NA,NA,NA,NA,NA,NA,NA,NA,N,4,0,1,2,A,-,08,22100,5,N,D,C,A,A,H,-,A,D,0,NA,NA,NA,NA,Y,NA,A,01,0,0,1,0,0,0,0,0,0,-,-,NA,NA,LOS ANGELES,COMPTON,-118.21642097,33.90981022
6777986,2015,2015-02-19,1900,2015-01-10,0330,524071,2834,6,5,5,1915,0,0,0,NA,0,281T1,WILMINGTON AV,ARTESIA BL,200,S,N,A,-,N,NA,NA,NA,NA,NA,NA,NA,NA,NA,Y,4,0,2,2,A,-,07,21658,A,N,C,C,A,A,H,-,C,D,0,NA,NA,NA,NA,Y,Y,A,01,0,0,2,0,0,0,0,0,0,-,-,NA,NA,LOS ANGELES,COMPTON,-118.23608217,33.87383249
6777987,2015,2015-02-19,1900,2015-01-12,1120,516691,2812,1,5,5,1915,0,0,0,NA,0,282T1,EL SEGUNDO BL,GRANDEE AV,172,W,N,A,-,N,NA,NA,NA,NA,NA,NA,NA,NA,NA,N,3,0,1,3,A,-,08,22107,NA,N,C,E,A,A,H,-,A,D,0,NA,NA,NA,NA,Y,NA,A,01,0,1,0,0,0,0,0,0,0,-,-,NA,NA,LOS ANGELES,COMPTON,-118.24372579,33.91621
6777988,2015,2015-02-19,1900,2015-01-08,2230,524071,2841,4,5,5,1915,0,0,0,NA,0,281T1,ALAMEDA ST,GREENLEAF BL,0,NA,Y,A,-,N,NA,NA,NA,NA,NA,NA,NA,NA,NA,Y,4,0,1,2,A,-,12,21453,A,F,D,C,A,A,H,-,C,A,0,NA,NA,NA,NA,Y,NA,A,01,0,0,1,0,0,0,0,0,0,-,-,NA,NA,LOS ANGELES,COMPTON,-118.21810013,33.88123005
6777989,2015,2015-02-19,1900,2015-01-13,0925,516691,2823,2,5,5,1915,0,0,0,NA,0,282T1,ROSECRANS AV,LONG BEACH BL,0,NA,Y,A,-,N,NA,NA,NA,NA,NA,NA,NA,NA,NA,N,4,0,1,3,A,-,12,21453,A,N,D,C,A,A,H,-,A,A,0,NA,NA,NA,NA,Y,NA,A,01,0,0,1,0,0,0,0,0,0,-,-,NA,NA,LOS ANGELES,COMPTON,-118.2084501,33.90350002
6777990,2015,2015-02-19,1900,2015-01-12,1850,472735,2844,1,5,5,1915,0,0,0,NA,0,287D,SANTA FE AV,ALONDRA BL,1095,S,N,A,-,N,NA,NA,NA,NA,NA,NA,NA,NA,NA,Y,4,0,1,2,A,-,08,22107,NA,N,B,E,A,A,H,-,C,D,0,NA,NA,NA,NA,Y,NA,A,01,0,0,1,0,0,0,0,0,0,-,-,NA,NA,LOS ANGELES,COMPTON,-118.21582109,33.88560282
6777991,2015,2015-02-19,1900,2015-01-09,1215,528224,2837,5,5,5,1915,0,0,0,NA,0,284,APRA ST,VICTORIA ST,19,E,-,A,-,N,NA,NA,NA,NA,NA,NA,NA,NA,NA,Y,3,0,1,2,A,-,09,21802,A,N,D,C,A,A,H,-,A,D,0,NA,NA,NA,NA,Y,NA,A,01,0,1,0,0,0,0,0,0,0,-,-,NA,NA,LOS ANGELES,COMPTON,-118.23113757,33.86799184
6778031,2014,2015-07-16,9565,2014-12-13,1020,17060,NA,6,1,9,1900,0,2,4,NA,2,021,VERMONT AV,89TH ST,20,N,N,A,-,N,NA,NA,NA,NA,NA,NA,NA,NA,NA,N,4,0,1,2,A,-,08,22107,NA,N,C,C,A,A,H,-,A,D,0,NA,NA,NA,NA,Y,NA,A,01,0,0,1,0,0,0,0,0,0,-,-,33.9572,-118.2918,LOS ANGELES,UNINCORPORATED,-118.29187762,33.95689285
6778045,2014,2015-01-29,1900,2014-10-10,1823,527443,2835,5,5,5,1915,0,0,0,NA,0,283T1,LAUREL ST,WILMINGTON AV,5,E,N,A,-,N,NA,NA,NA,NA,NA,NA,NA,NA,NA,N,4,0,1,2,A,-,05,21202,A,F,G,G,A,A,H,-,A,A,0,NA,Y,NA,NA,Y,NA,L,04,0,0,1,0,0,0,1,0,0,-,-,NA,NA,LOS ANGELES,COMPTON,-118.23735359,33.89278086
6778048,2014,2015-01-29,9590,2014-10-16,1550,20733,NA,4,2,7,1942,0,1,2,NA,2,072,RT 101,ODIN ST,200,S,N,A,-,Y,NA,NA,101,NA,NA,NA,NA,NA,NA,N,3,0,1,2,A,-,03,22350,NA,N,-,-,A,A,H,-,A,-,0,NA,NA,Y,NA,Y,NA,C,02,0,1,0,0,0,0,0,0,1,-,-,34.10954,-118.3332,LOS ANGELES,LOS ANGELES,-118.33320693,34.10953024
6778049,2014,2015-01-29,9590,2014-10-17,1610,20244,NA,5,2,7,1942,0,1,1,NA,2,053,RT 110,VENICE BL,500,S,N,A,-,Y,NA,NA,110,NA,NA,NA,NA,NA,NA,Y,4,0,1,2,A,-,03,22350,NA,F,C,C,A,A,H,-,A,D,0,NA,NA,NA,NA,Y,NA,A,01,0,0,1,0,0,0,0,0,0,-,-,34.03902,-118.27411,LOS ANGELES,LOS ANGELES,-118.27399417,34.03900341
6778050,2014,2015-01-29,9590,2014-10-18,1200,20342,NA,6,1,7,1942,0,1,1,NA,2,084,RT 5,FLETCHER DR,500,N,N,A,-,Y,NA,NA,5,NA,NA,NA,NA,NA,NA,Y,3,0,1,1,A,-,08,22107,NA,N,E,I,A,A,H,-,A,D,0,NA,NA,NA,NA,Y,NA,A,01,0,1,0,0,0,0,0,0,0,-,-,34.10836,-118.26104,LOS ANGELES,LOS ANGELES,-118.26070112,34.10903693
6778074,2014,2015-01-29,1946,2014-10-28,0728,P15,NA,2,5,4,1946,0,0,0,NA,0,001,FOOTHILL,MYRTLE,0,NA,Y,A,-,N,NA,NA,NA,NA,NA,NA,NA,NA,NA,N,4,0,1,2,A,-,12,21453,A,N,G,B,B,A,H,-,A,A,0,Y,NA,NA,NA,Y,NA,A,01,0,0,1,0,1,0,0,0,0,-,-,NA,NA,LOS ANGELES,MONROVIA,-118.00105006,34.15135011
6778075,2014,2015-01-29,1946,2014-10-26,0459,A3,1946,7,5,4,1946,0,0,0,NA,0,002,HUNTINGTON DR,MAYFLOWER,0,NA,Y,A,-,N,NA,NA,NA,NA,NA,NA,NA,NA,NA,Y,3,0,1,1,A,-,08,22107,NA,N,-,I,A,A,H,-,C,D,0,NA,NA,NA,NA,Y,NA,A,01,0,1,0,0,0,0,0,0,0,-,-,NA,NA,LOS ANGELES,MONROVIA,-118.00959,34.14039008
6778076,2014,2015-01-29,1946,2014-10-22,0829,P37,NA,3,5,4,1946,0,0,0,NA,0,002,HUNTINGTON,5TH,0,NA,Y,A,-,N,NA,NA,NA,NA,NA,NA,NA,NA,NA,N,4,0,1,2,A,-,10,21950,A,N,G,B,B,A,H,-,A,A,0,Y,NA,NA,NA,Y,NA,A,01,0,0,1,0,1,0,0,0,0,-,-,NA,NA,LOS ANGELES,MONROVIA,-118.02050009,34.14018006
6778200,2014,2015-07-16,9565,2014-12-10,1905,020487,NA,3,2,7,1942,0,1,1,NA,2,082,RT 10,SEPULVEDA BL,50,W,N,A,-,Y,NA,NA,10,NA,NA,NA,NA,NA,NA,Y,4,0,2,2,A,-,03,22350,NA,N,C,C,A,A,H,-,D,D,0,NA,NA,NA,NA,Y,NA,A,01,0,0,2,0,0,0,0,0,0,-,-,34.03143,-118.4306,LOS ANGELES,LOS ANGELES,-118.43061055,34.03158191
6778247,2014,2015-02-03,1946,2014-10-31,1227,25,NA,5,5,4,1946,0,0,0,NA,0,002,HUNTINGTON DR,MONTEREY,255,W,N,B,-,N,NA,NA,NA,NA,NA,NA,NA,NA,NA,Y,3,0,1,3,A,-,01,23153,A,N,C,C,A,A,H,-,A,A,0,NA,NA,NA,NA,Y,Y,D,22,0,1,0,0,0,0,0,0,0,-,-,NA,NA,LOS ANGELES,MONROVIA,-118.01504063,34.14030804
6778251,2015,2015-02-17,1900,2015-01-16,0540,462141,2113,5,5,5,1943,0,0,0,NA,0,212T4,ATLANTIC AV,ELMWOOD AV,0,NA,Y,A,-,N,NA,NA,NA,NA,NA,NA,NA,NA,NA,Y,3,0,1,2,A,-,12,21453,A,F,D,C,A,A,H,-,C,A,0,NA,NA,NA,NA,Y,Y,D,22,0,1,0,0,0,0,0,0,0,-,-,NA,NA,LOS ANGELES,LYNWOOD,-118.18483007,33.92769006
6778264,2014,2015-02-03,1946,2014-10-22,1758,P37,NA,3,5,4,1946,0,0,0,NA,0,002,MAGNOLIA,EVERGREEN,0,NA,Y,A,-,N,NA,NA,NA,NA,NA,NA,NA,NA,NA,Y,4,0,1,2,A,-,09,21800,C,N,D,C,A,A,H,-,A,A,0,NA,NA,NA,NA,Y,NA,D,22,0,0,1,0,0,0,0,0,0,-,-,NA,NA,LOS ANGELES,MONROVIA,-118.00511003,34.13492007
6778271,2014,2015-02-02,1946,2014-11-22,0103,510,NA,6,5,4,1946,0,0,0,NA,0,002,HUNTINGTON,ALTA VISTA,237,E,N,A,-,N,NA,NA,NA,NA,NA,NA,NA,NA,NA,Y,4,0,1,2,A,-,01,23152,E,N,D,E,A,A,H,-,C,D,0,NA,NA,NA,NA,Y,Y,I,11,0,0,1,0,0,0,0,0,0,-,-,NA,NA,LOS ANGELES,MONROVIA,-118.00663877,34.14041655
6778279,2014,2015-02-03,1946,2014-10-04,1818,P56,NA,6,5,4,1946,0,0,0,NA,0,003,CALIFORNIA,HURSTVIEW,21,N,N,A,-,N,NA,NA,NA,NA,NA,NA,NA,NA,NA,Y,4,0,1,2,A,-,03,22350,NA,N,C,C,A,A,H,-,B,D,0,NA,NA,NA,NA,Y,NA,D,22,0,0,1,0,0,0,0,0,0,-,-,NA,NA,LOS ANGELES,MONROVIA,-117.99502,34.13048758
6778326,2014,2015-07-17,9565,2014-12-09,2105,020442,NA,2,2,9,1900,0,3,5,NA,2,002,BERENDO AV,126TH ST,0,NA,Y,A,-,N,NA,NA,NA,NA,NA,NA,NA,NA,NA,N,4,0,3,2,A,-,08,22107,NA,F,D,C,A,A,H,-,D,D,0,NA,NA,NA,NA,Y,NA,-,99,0,0,3,0,0,0,0,0,0,-,-,33.91816,-118.29408,LOS ANGELES,UNINCORPORATED,-118.29406008,33.9183201
6778327,2014,2015-07-17,9565,2014-12-10,0030,020333,NA,3,3,9,1900,0,3,5,NA,2,005,FIJI WY,ADMIRALTY WY,2180,W,N,A,-,N,NA,NA,NA,NA,NA,NA,NA,NA,NA,Y,3,0,1,1,A,-,01,23152,A,N,E,I,A,A,H,-,C,D,0,NA,NA,NA,NA,Y,Y,A,01,0,1,0,0,0,0,0,0,0,-,-,33.97411,-118.44501,LOS ANGELES,UNINCORPORATED,-118.44466964,33.97445619
6778328,2014,2015-07-17,9565,2014-12-10,1800,020439,NA,3,2,9,1900,0,3,5,NA,2,002,CENTURY BL,BUDLONG AV,150,E,N,A,-,N,NA,NA,NA,NA,NA,NA,NA,NA,NA,N,4,0,1,2,A,-,08,22107,NA,N,D,C,A,A,H,-,C,D,0,NA,NA,NA,NA,Y,NA,A,07,0,0,1,0,0,0,0,0,0,-,-,33.9455,-118.2956,LOS ANGELES,UNINCORPORATED,-118.29565638,33.94549
6778329,2014,2015-07-17,9565,2014-12-21,0205,20595,NA,7,3,7,1942,0,1,1,NA,2,064,RT 405,SKIRBALL CENTER DR,1500,S,N,A,-,Y,NA,NA,405,NA,NA,NA,NA,NA,NA,Y,4,0,3,2,A,-,03,22350,NA,N,C,C,A,A,D,-,C,D,0,NA,NA,NA,NA,Y,NA,A,01,0,0,3,0,0,0,0,0,0,-,-,34.11712,-118.48176,LOS ANGELES,LOS ANGELES,-118.48171237,34.11711664
6778330,2014,2015-07-17,9565,2014-12-18,1520,17713,NA,4,2,9,1900,0,3,5,NA,2,002,IMPERIAL HWY,BUDLONG AV,0,NA,Y,A,-,N,NA,NA,NA,NA,NA,NA,NA,NA,NA,N,4,0,3,2,A,-,12,21453,A,N,D,C,A,A,H,-,A,D,0,NA,NA,NA,NA,Y,NA,A,07,0,0,3,0,0,0,0,0,0,-,-,33.93093,-118.29586,LOS ANGELES,UNINCORPORATED,-118.29589005,33.9309801