CASE_ID,ACCIDENT_YEAR,PROC_DATE,JURIS,COLLISION_DATE,COLLISION_TIME,OFFICER_ID,REPORTING_DISTRICT,DAY_OF_WEEK,CHP_SHIFT,POPULATION,CNTY_CITY_LOC,SPECIAL_COND,BEAT_TYPE,CHP_BEAT_TYPE,CITY_DIVISION_LAPD,CHP_BEAT_CLASS,BEAT_NUMBER,PRIMARY_RD,SECONDARY_RD,DISTANCE,DIRECTION,INTERSECTION,WEATHER_1,WEATHER_2,STATE_HWY_IND,CALTRANS_COUNTY,CALTRANS_DISTRICT,STATE_ROUTE,ROUTE_SUFFIX,POSTMILE_PREFIX,POSTMILE,LOCATION_TYPE,RAMP_INTERSECTION,SIDE_OF_HWY,TOW_AWAY,COLLISION_SEVERITY,NUMBER_KILLED,NUMBER_INJURED,PARTY_COUNT,PRIMARY_COLL_FACTOR,PCF_CODE_OF_VIOL,PCF_VIOL_CATEGORY,PCF_VIOLATION,PCF_VIOL_SUBSECTION,HIT_AND_RUN,TYPE_OF_COLLISION,MVIW,PED_ACTION,ROAD_SURFACE,ROAD_COND_1,ROAD_COND_2,LIGHTING,CONTROL_DEVICE,CHP_ROAD_TYPE,PEDESTRIAN_ACCIDENT,BICYCLE_ACCIDENT,MOTORCYCLE_ACCIDENT,TRUCK_ACCIDENT,NOT_PRIVATE_PROPERTY,ALCOHOL_INVOLVED,STWD_VEHTYPE_AT_FAULT,CHP_VEHTYPE_AT_FAULT,COUNT_SEVERE_INJ,COUNT_VISIBLE_INJ,COUNT_COMPLAINT_PAIN,COUNT_PED_KILLED,COUNT_PED_INJURED,COUNT_BICYCLIST_KILLED,COUNT_BICYCLIST_INJURED,COUNT_MC_KILLED,COUNT_MC_INJURED,PRIMARY_RAMP,SECONDARY_RAMP,LATITUDE,LONGITUDE,COUNTY,CITY,POINT_X,POINT_Y
6780479,2014,2015-02-11,9575,2014-12-27,1300,20530,NA,6,1,9,1900,0,2,4,NA,2,310,BIG TUJUNGA RD,ANGELES FOREST HWY,2640,W,N,A,-,N,NA,NA,NA,NA,NA,NA,NA,NA,NA,Y,2,0,1,1,A,-,08,22107,NA,N,E,I,A,A,H,-,A,D,0,NA,NA,Y,NA,Y,NA,C,02,1,0,0,0,0,0,0,0,1,-,-,34.29743,-118.16888,LOS ANGELES,UNINCORPORATED,-118.167789,34.296599
6780480,2014,2015-02-11,9575,2014-12-28,0950,19920,NA,7,1,6,1953,0,1,3,NA,2,040,RT 134 W,FAIR OAKS AV,350,W,N,A,-,Y,NA,NA,134,NA,NA,NA,NA,NA,NA,Y,3,0,1,2,A,-,07,21658,A,F,H,C,A,A,H,-,A,D,0,NA,NA,NA,NA,Y,NA,-,99,0,1,0,0,0,0,0,0,0,FR,-,34.15184,-118.15218,LOS ANGELES,PASADENA,-118.15203636,34.15143781
6780482,2014,2015-01-26,1942,2014-11-14,2225,40639,2147,5,5,7,1942,0,0,0,NA,0,21TL61,DE SOTO AV,GAULT ST,25,N,N,A,-,N,NA,NA,NA,NA,NA,NA,NA,NA,NA,Y,3,0,1,2,A,-,08,22107,NA,F,C,B,F,A,H,-,C,D,0,Y,NA,NA,NA,Y,NA,A,01,0,1,0,0,1,0,0,0,0,-,-,NA,NA,LOS ANGELES,LOS ANGELES,-118.58844,34.19926858
6780497,2014,2015-01-26,1961,2014-11-23,1530,10241,1961,7,5,3,1961,0,0,0,NA,0,002,4TH ST,BRAND BL,0,NA,Y,A,-,N,NA,NA,NA,NA,NA,NA,NA,NA,NA,N,4,0,1,2,A,-,08,22107,NA,N,D,C,A,A,H,-,A,A,0,NA,NA,NA,NA,Y,NA,-,NA,0,0,1,0,0,0,0,0,0,-,-,NA,NA,LOS ANGELES,SAN FERNANDO,-118.43533012,34.28499003
6780498,2014,2015-01-26,1900,2014-11-26,2147,517840,2619,3,5,6,1950,0,0,0,NA,0,264T1,RANCHO VISTA BL,10TH ST WEST,0,NA,Y,A,-,N,NA,NA,NA,NA,NA,NA,NA,NA,NA,N,4,0,1,2,A,-,11,21456,B,N,G,B,B,A,H,-,C,A,0,Y,NA,NA,NA,Y,NA,N,60,0,0,1,0,1,0,0,0,0,-,-,NA,NA,LOS ANGELES,PALMDALE,-118.14781,34.60174
6780501,2014,2015-01-26,1961,2014-11-30,1627,10281,1961,7,5,3,1961,0,0,0,NA,0,001,PICO ST,S WORKMAN ST,0,NA,Y,C,-,N,NA,NA,NA,NA,NA,NA,NA,NA,NA,N,4,0,1,2,A,-,08,22107,NA,N,D,C,A,B,H,-,A,D,0,NA,NA,NA,NA,Y,NA,-,NA,0,0,1,0,0,0,0,0,0,-,-,NA,NA,LOS ANGELES,SAN FERNANDO,-118.4467801,34.28553
6780505,2014,2015-01-26,1961,2014-11-25,1020,10241,1961,2,5,3,1961,0,0,0,NA,0,002,TRUMAN ST,BRAND BL,0,NA,Y,A,-,N,NA,NA,NA,NA,NA,NA,NA,NA,NA,N,4,0,1,2,A,-,08,22107,NA,N,D,C,A,A,H,-,A,A,0,NA,NA,NA,NA,Y,NA,-,NA,0,0,1,0,0,0,0,0,0,-,-,NA,NA,LOS ANGELES,SAN FERNANDO,-118.43940013,34.28199006
6780506,2014,2015-01-26,1900,2014-11-30,1235,491337,2624,7,5,6,1950,0,0,0,NA,0,262T1,50TH ST EAST,AVENUE M,0,NA,Y,B,-,N,NA,NA,NA,NA,NA,NA,NA,NA,NA,Y,3,0,6,2,A,-,09,21802,A,N,A,C,A,A,H,-,A,A,0,NA,NA,NA,NA,Y,NA,A,01,0,1,5,0,0,0,0,0,0,-,-,NA,NA,LOS ANGELES,PALMDALE,-118.0408901,34.6460201
6780509,2014,2015-02-12,1961,2014-11-23,1644,10160,1961,7,5,3,1961,0,0,0,NA,0,002,HUBBARD AV,4TH ST,0,NA,Y,A,-,N,NA,NA,NA,NA,NA,NA,NA,NA,NA,Y,4,0,1,2,A,-,09,21801,A,N,D,C,A,A,H,-,B,A,0,NA,NA,NA,NA,Y,NA,-,NA,0,0,1,0,0,0,0,0,0,-,-,NA,NA,LOS ANGELES,SAN FERNANDO,-118.4452001,34.29416007
6780510,2014,2015-01-26,1900,2014-11-12,0735,552336,2603,3,5,6,1950,0,0,0,NA,0,263T1,40TH ST E,AVENUE S-11,0,NA,Y,A,-,N,NA,NA,NA,NA,NA,NA,NA,NA,NA,Y,4,0,1,2,A,-,09,21802,A,N,D,C,A,A,H,-,A,A,0,NA,NA,NA,NA,Y,NA,A,01,0,0,1,0,0,0,0,0,0,-,-,NA,NA,LOS ANGELES,PALMDALE,-118.05853011,34.54729011
6780513,2014,2015-02-11,1961,2014-11-18,0830,10146,1961,2,5,3,1961,0,0,0,NA,0,001,FIRST ST,HAGAR ST,0,NA,Y,A,-,N,NA,NA,NA,NA,NA,NA,NA,NA,NA,Y,4,0,2,2,A,-,09,21804,A,N,B,C,A,A,H,-,A,A,0,NA,NA,NA,NA,Y,NA,-,NA,0,0,2,0,0,0,0,0,0,-,-,NA,NA,LOS ANGELES,SAN FERNANDO,-118.44076007,34.28500002
6780514,2014,2015-01-26,1900,2014-11-20,0656,491337,2603,4,5,6,1950,0,0,0,NA,0,262T1,30TH ST E,AVENUE S,0,NA,Y,A,-,N,NA,NA,NA,NA,NA,NA,NA,NA,NA,Y,4,0,1,1,A,-,08,22107,NA,N,E,I,A,A,H,-,A,A,0,NA,NA,NA,NA,Y,NA,A,08,0,0,1,0,0,0,0,0,0,-,-,NA,NA,LOS ANGELES,PALMDALE,-118.07627,34.55813
6780517,2014,2015-01-26,1961,2014-11-22,1525,7240,NA,6,5,3,1961,0,0,0,NA,0,NA,KALISHER ST,HOLLISTER ST,0,NA,Y,A,-,N,NA,NA,NA,NA,NA,NA,NA,NA,NA,N,4,0,1,2,A,-,09,21802,NA,N,D,C,A,A,H,-,A,-,0,NA,NA,Y,NA,Y,NA,C,02,0,0,1,0,0,0,0,0,0,-,-,NA,NA,LOS ANGELES,SAN FERNANDO,-118.44682003,34.28342001
6780519,2014,2015-02-12,1942,2014-12-19,0900,41239,0941,5,5,7,1942,0,0,0,I,0,15TL45,OXNARD ST,CEDROS AV,25,E,N,A,-,N,NA,NA,NA,NA,NA,NA,NA,NA,NA,N,2,0,1,2,A,-,11,21950,B,N,G,B,D,A,H,-,A,D,0,Y,NA,NA,NA,Y,NA,N,60,1,0,0,0,1,0,0,0,0,-,-,NA,NA,LOS ANGELES,LOS ANGELES,-118.45302749,34.17938
6780521,2014,2015-01-26,1961,2014-11-17,0720,6490,1961,1,5,3,1961,0,0,0,NA,0,001,8TH ST,HARDING AV,150,W,N,A,-,N,NA,NA,NA,NA,NA,NA,NA,NA,NA,N,2,0,1,2,A,-,11,21954,A,N,G,B,D,A,H,-,A,A,0,Y,NA,NA,NA,Y,NA,N,60,1,0,0,0,1,0,0,0,0,-,-,NA,NA,LOS ANGELES,SAN FERNANDO,-118.42700459,34.29911097
6780523,2014,2015-02-12,1942,2014-12-20,1540,40207,0931,6,5,7,1942,0,0,0,I,0,10736,VICTORY BL,LANGDON AV,40,E,N,A,-,N,NA,NA,NA,NA,NA,NA,NA,NA,NA,Y,4,0,2,2,A,-,03,22350,NA,N,C,C,A,A,H,-,A,A,0,NA,NA,NA,NA,Y,NA,A,07,0,0,2,0,0,0,0,0,0,-,-,NA,NA,LOS ANGELES,LOS ANGELES,-118.46880797,34.18665
6780525,2014,2015-02-11,1961,2014-11-26,1750,3790,1961,3,5,3,1961,0,0,0,NA,0,PATROL,5TH ST,HAGAR ST,0,NA,Y,A,-,N,NA,NA,NA,NA,NA,NA,NA,NA,NA,N,3,0,1,2,A,-,11,21954,A,N,G,B,D,A,H,-,C,D,0,Y,NA,NA,NA,Y,NA,N,60,0,1,0,0,1,0,0,0,0,-,-,NA,NA,LOS ANGELES,SAN FERNANDO,-118.43443003,34.28962009
6780529,2014,2015-02-12,1955,2014-11-21,0958,40668,50,5,5,6,1955,0,0,0,NA,0,001,WHITE AV,HOLT AV,6,N,N,A,-,N,NA,NA,NA,NA,NA,NA,NA,NA,NA,Y,4,0,1,2,A,-,03,22350,NA,N,C,C,A,A,H,-,A,A,0,NA,NA,NA,NA,Y,NA,A,01,0,0,1,0,0,0,0,0,0,-,-,NA,NA,LOS ANGELES,POMONA,-117.75903086,34.06219643
6780535,2014,2015-02-12,1955,2014-12-27,1729,40724,06,6,5,6,1955,0,0,0,NA,0,001,WHITE AV,MONTEREY AV,270,N,N,A,-,N,NA,NA,NA,NA,NA,NA,NA,NA,NA,NA,4,0,1,2,A,-,05,21650,1,F,B,G,A,A,H,-,C,A,0,NA,Y,NA,NA,Y,NA,L,04,0,0,1,0,0,0,1,0,0,-,-,NA,NA,LOS ANGELES,POMONA,-117.75900545,34.06105977
6780539,2014,2015-02-12,1955,2014-12-13,0050,40956,99,6,5,6,1955,0,0,0,NA,0,003,HOLT AV,RESERVOIR ST,0,NA,Y,B,-,N,NA,NA,NA,NA,NA,NA,NA,NA,NA,N,3,0,1,2,A,-,05,21650,1,N,G,G,A,B,H,-,C,A,0,NA,Y,NA,NA,Y,NA,L,04,0,1,0,0,0,0,1,0,0,-,-,NA,NA,LOS ANGELES,POMONA,-117.73282008,34.0628001
6780543,2014,2015-02-12,1955,2014-12-06,2025,41897,0001,6,5,6,1955,0,0,0,NA,0,005,MISSION BL,MAIN ST,0,NA,Y,A,-,N,NA,NA,NA,NA,NA,NA,NA,NA,NA,N,4,0,1,2,A,-,12,21453,A,N,D,G,A,A,H,-,E,A,0,NA,Y,NA,NA,Y,NA,L,04,0,0,1,0,0,0,1,0,0,-,-,NA,NA,LOS ANGELES,POMONA,-117.75222012,34.05506011
6780545,2014,2015-01-26,1942,2014-11-30,1130,38273,1039,7,5,7,1942,0,0,0,J,0,10TL35,VANOWEN ST,HASKELL AV,0,NA,Y,C,-,N,NA,NA,NA,NA,NA,NA,NA,NA,NA,Y,2,0,2,2,D,-,00,NA,NA,N,A,C,A,B,H,-,A,A,0,NA,NA,NA,NA,Y,NA,-,-,1,0,1,0,0,0,0,0,0,-,-,NA,NA,LOS ANGELES,LOS ANGELES,-118.47488007,34.19391009
6780547,2014,2015-02-12,1955,2014-12-20,2124,41138,0093,6,5,6,1955,0,0,0,NA,0,004,TOWNE AV,GRAND AV,6,S,N,A,-,N,NA,NA,NA,NA,NA,NA,NA,NA,NA,N,3,0,1,2,A,-,12,21453,A,F,D,B,B,A,H,-,C,A,0,Y,NA,NA,NA,Y,NA,A,01,0,1,0,0,1,0,0,0,0,-,-,NA,NA,LOS ANGELES,POMONA,-117.74105966,34.04803356
6780557,2014,2015-02-10,1925,2014-11-03,0954,24921,2,1,5,6,1925,0,0,0,NA,0,222,W MILFORD ST,ALY BET W MILFORD ST/CENTRAL AV,147,W,N,A,-,N,NA,NA,NA,NA,NA,NA,NA,NA,NA,N,3,0,1,2,A,-,-,NA,NA,N,D,G,A,A,H,-,A,D,0,NA,Y,NA,NA,Y,NA,L,04,0,1,0,0,0,0,1,0,0,-,-,NA,NA,LOS ANGELES,GLENDALE,NA,NA
6780561,2014,2015-01-27,1942,2014-11-26,1705,40058,0644,3,5,7,1942,0,0,0,F,0,7T38,FOUNTAIN AV,FORMOSA AV,0,NA,Y,A,-,N,NA,NA,NA,NA,NA,NA,NA,NA,NA,Y,4,0,2,2,A,-,09,21801,A,N,D,C,A,A,H,-,C,D,0,NA,NA,NA,NA,Y,NA,A,01,0,0,2,0,0,0,0,0,0,-,-,NA,NA,LOS ANGELES,LOS ANGELES,-118.34626013,34.0943501
6780563,2014,2016-02-18,1900,2014-12-24,0030,530600,2619,3,5,6,1950,0,0,0,NA,0,2619,SIERRA HWY,AVE N,540,S,N,A,-,N,NA,NA,NA,NA,NA,NA,NA,NA,NA,Y,4,0,1,1,A,-,08,22107,NA,N,E,I,A,A,H,-,C,D,0,NA,NA,NA,NA,Y,NA,A,01,0,0,1,0,0,0,0,0,0,-,-,NA,NA,LOS ANGELES,PALMDALE,-118.12571246,34.62965143
6780565,2014,2015-01-27,1942,2014-11-21,2030,39262,0824,5,5,7,1942,0,0,0,H,0,6TL7,MANDEVILLE CANYON RD,SUNSET BL,235,N,N,A,-,N,NA,NA,NA,NA,NA,NA,NA,NA,NA,Y,4,0,1,2,A,-,03,22350,NA,N,C,C,A,A,H,-,C,D,0,NA,NA,NA,NA,Y,NA,A,01,0,0,1,0,0,0,0,0,0,-,-,NA,NA,LOS ANGELES,LOS ANGELES,-118.49393171,34.0611127
6780567,2014,2015-02-11,1900,2014-12-15,0720,253807,2612,1,5,6,1950,0,0,0,NA,0,261T1,AVENUE P-12,HIGHLAND AV,237,W,N,A,-,N,NA,NA,NA,NA,NA,NA,NA,NA,NA,N,4,0,2,2,A,-,09,21804,A,N,D,C,A,A,H,-,A,D,0,NA,NA,NA,NA,Y,NA,A,07,0,0,2,0,0,0,0,0,0,-,-,NA,NA,LOS ANGELES,PALMDALE,-118.174831,34.590185
6780569,2014,2015-01-27,1942,2014-11-28,1610,40033,0831,5,5,7,1942,0,0,0,H,0,8A14,WILSHIRE BL,MCCLELLAN DR,25,E,N,A,-,N,NA,NA,NA,NA,NA,NA,NA,NA,NA,N,3,0,2,3,A,-,04,21703,NA,N,C,C,A,A,H,-,A,A,0,NA,NA,NA,NA,Y,NA,A,01,0,1,1,0,0,0,0,0,0,-,-,NA,NA,LOS ANGELES,LOS ANGELES,-118.46962369,34.04235005
6780571,2014,2015-02-11,1942,2014-12-23,1420,38996,0916,2,5,7,1942,0,0,0,I,0,19T76,WOODMAN AV,BASSETT ST,0,NA,Y,A,-,N,NA,NA,NA,NA,NA,NA,NA,NA,NA,Y,3,0,2,2,A,-,03,22350,NA,N,C,C,A,A,H,-,A,D,0,NA,NA,NA,NA,Y,NA,A,01,0,1,1,0,0,0,0,0,0,-,-,NA,NA,LOS ANGELES,LOS ANGELES,-118.43127001,34.19577009
6780573,2014,2015-01-29,1942,2014-11-25,1610,41528,884,2,5,7,1942,0,0,0,NA,0,8X48,PICO BL,WESTWOOD BL,0,NA,Y,A,-,N,NA,NA,NA,NA,NA,NA,NA,NA,NA,Y,3,0,4,2,A,-,09,21801,A,N,D,C,A,-,-,-,A,A,0,NA,NA,NA,NA,Y,NA,-,NA,0,3,1,0,0,0,0,0,0,-,-,NA,NA,LOS ANGELES,LOS ANGELES,-118.42847002,34.04012011
6780575,2014,2015-02-11,1942,2014-12-19,0655,30825,1008,5,5,7,1942,0,0,0,J,0,17TL15,HAYVENHURST AV,VANOWEN ST,0,NA,Y,A,-,N,NA,NA,NA,NA,NA,NA,NA,NA,NA,Y,4,0,1,2,A,-,09,21801,A,N,A,C,A,A,H,-,A,A,0,NA,NA,NA,NA,Y,NA,A,01,0,0,1,0,0,0,0,0,0,-,-,NA,NA,LOS ANGELES,LOS ANGELES,-118.49240005,34.19390011
6780577,2014,2015-01-27,1942,2014-11-28,2335,41510,836,5,5,7,1942,0,0,0,NA,0,8A34,SANTA MONICA BL,WESTHOLME AV,0,NA,Y,A,-,N,NA,NA,NA,NA,NA,NA,NA,NA,NA,N,3,0,1,2,A,-,08,22107,NA,N,B,G,A,A,-,-,C,A,0,NA,Y,NA,NA,Y,NA,A,01,0,1,0,0,0,0,1,0,0,-,-,NA,NA,LOS ANGELES,LOS ANGELES,-118.4294301,34.05392007
6780579,2014,2015-02-11,1942,2014-12-19,1705,38603,1001,5,5,7,1942,0,0,0,J,0,9TL52,TAMPA AV,CANTARA ST,0,NA,Y,B,-,N,NA,NA,NA,NA,NA,NA,NA,NA,NA,Y,3,0,2,2,A,-,09,21801,A,N,D,C,A,A,H,-,B,D,0,NA,NA,NA,NA,Y,NA,A,07,0,2,0,0,0,0,0,0,0,-,-,NA,NA,LOS ANGELES,LOS ANGELES,-118.55354013,34.21924007
6780581,2014,2015-01-27,1942,2014-11-30,1110,40215,851,7,5,7,1942,0,0,0,NA,0,8A95,SANTA MONICA BL,BROCKTON AV,50,E,N,C,-,N,NA,NA,NA,NA,NA,NA,NA,NA,NA,N,3,0,1,2,A,-,17,22517,NA,N,B,G,A,B,H,-,A,D,0,NA,Y,NA,NA,Y,NA,-,NA,0,1,0,0,0,0,1,0,0,-,-,NA,NA,LOS ANGELES,LOS ANGELES,-118.46115674,34.04148773
6780583,2014,2015-02-19,1942,2014-12-20,1810,38034,1024,6,5,7,1942,0,0,0,J,0,10X5W5,RESEDA BL,VANOWEN ST,126,S,N,A,-,N,NA,NA,NA,NA,NA,NA,NA,NA,NA,Y,4,0,1,2,A,-,09,21804,A,N,D,C,A,A,H,-,C,D,0,NA,NA,NA,NA,Y,NA,A,01,0,0,1,0,0,0,0,0,0,-,-,NA,NA,LOS ANGELES,LOS ANGELES,-118.53604,34.19350436
6780585,2014,2015-01-29,1942,2014-11-25,0800,41275,0882,2,5,7,1942,0,0,0,H,0,8A59W,PICO BL,SAWTELLE AV,0,NA,Y,A,-,N,NA,NA,NA,NA,NA,NA,NA,NA,NA,N,4,0,1,2,A,-,09,21801,A,N,H,G,A,A,H,-,A,A,0,NA,Y,NA,NA,Y,NA,-,-,0,0,1,0,0,0,1,0,0,-,-,NA,NA,LOS ANGELES,LOS ANGELES,-118.43868009,34.03521008
6780587,2014,2015-02-11,1942,2014-12-20,1330,39473,1075,6,5,7,1942,0,0,0,J,0,10T36,VENTURA BL,GARDEN GROVE AV,0,NA,Y,B,-,N,NA,NA,NA,NA,NA,NA,NA,NA,NA,N,4,0,1,2,A,-,04,21703,NA,N,C,C,A,A,H,-,A,D,0,NA,NA,NA,NA,Y,NA,A,01,0,0,1,0,0,0,0,0,0,-,-,NA,NA,LOS ANGELES,LOS ANGELES,-118.52893012,34.16595006
6780589,2014,2015-01-26,1942,2014-11-30,1215,37966,0812,7,5,7,1942,0,0,0,H,0,8TL28,SUNSET BL,ROCKINGHAM AV,698,W,N,C,-,N,NA,NA,NA,NA,NA,NA,NA,NA,NA,Y,3,0,1,1,A,-,03,22350,NA,N,E,I,A,B,H,-,A,D,0,NA,NA,NA,NA,Y,NA,A,01,0,1,0,0,0,0,0,0,0,-,-,NA,NA,LOS ANGELES,LOS ANGELES,-118.49343116,34.05984464
6780591,2014,2015-02-11,1942,2014-12-22,1650,40193,1003,1,5,7,1942,0,0,0,J,0,35Q44,RESEDA BL,ROSCOE BL,400,S,N,A,-,N,NA,NA,NA,NA,NA,NA,NA,NA,NA,N,4,0,1,2,A,-,11,21956,A,N,G,B,D,A,C,-,C,A,0,Y,NA,NA,NA,Y,NA,N,60,0,0,1,0,1,0,0,0,0,-,-,NA,NA,LOS ANGELES,LOS ANGELES,-118.53608,34.21965274
6780593,2014,2015-01-26,1942,2014-11-30,1300,40058,0813,7,5,7,1942,0,0,0,H,0,20TL56,CHURCH LN,SUNSET BL,0,NA,Y,B,-,N,NA,NA,NA,NA,NA,NA,NA,NA,NA,N,4,0,1,2,A,-,03,22350,NA,F,C,C,A,B,H,-,A,D,0,NA,NA,NA,NA,Y,NA,-,99,0,0,1,0,0,0,0,0,0,-,-,NA,NA,LOS ANGELES,LOS ANGELES,-118.46742013,34.07244006
6780595,2014,2015-02-11,1942,2014-12-22,0745,41239,1034,1,5,7,1942,0,0,0,J,0,10T37,RESEDA BL,ERWIN ST,11,S,N,A,-,N,NA,NA,NA,NA,NA,NA,NA,NA,NA,N,4,0,1,2,A,-,10,21950,A,N,G,B,B,A,H,-,A,B,0,Y,NA,NA,NA,Y,NA,A,01,0,0,1,0,1,0,0,0,0,-,-,NA,NA,LOS ANGELES,LOS ANGELES,-118.53603,34.18385983
6780597,2014,2015-01-29,1942,2014-11-01,0050,41439,0858,6,5,7,1942,0,0,0,H,0,8A95,W PICO BL,IVONIA DR,150,E,N,A,-,N,NA,NA,NA,NA,NA,NA,NA,NA,NA,Y,3,0,2,3,A,-,03,22350,NA,N,C,B,E,B,H,-,C,D,0,Y,NA,NA,NA,Y,Y,-,NA,0,2,0,0,1,0,0,0,0,-,-,NA,NA,LOS ANGELES,LOS ANGELES,-118.38588561,34.05517803
6780599,2014,2015-02-11,1942,2014-12-22,0913,40065,1018,1,5,7,1942,0,0,0,J,0,10T37,WOODLEY AV,CANTLAY ST,22,N,N,A,-,N,NA,NA,NA,NA,NA,NA,NA,NA,NA,Y,4,0,1,3,A,-,03,22350,NA,N,C,C,A,A,H,-,A,D,0,NA,NA,NA,NA,Y,NA,D,22,0,0,1,0,0,0,0,0,0,-,-,NA,NA,LOS ANGELES,LOS ANGELES,-118.48366123,34.20222034
6780657,2015,2016-09-23,9545,2015-01-07,1544,16849,NA,3,2,9,1900,0,1,3,NA,1,042,RT 138,126TH ST EAST,0,NA,Y,A,-,Y,LA,7,138,-,-,59.671,I,5,E,Y,2,0,7,2,A,-,09,21802,A,N,D,C,A,A,H,-,A,A,0,NA,NA,NA,NA,Y,NA,A,01,2,3,2,0,0,0,0,0,0,-,-,34.50647,-117.90532,LOS ANGELES,UNINCORPORATED,-117.90537418,34.50645051
6780661,2015,2015-02-25,9545,2015-01-09,0827,20655,NA,5,1,9,1900,0,3,5,NA,2,004,50TH ST E,AVENUE H,0,NA,Y,B,-,N,NA,NA,NA,NA,NA,NA,NA,NA,NA,Y,2,0,2,2,B,-,22,NA,NA,N,D,C,A,A,H,-,A,D,0,NA,NA,NA,NA,Y,NA,J,49,1,0,1,0,0,0,0,0,0,-,-,34.64596,-118.04089,LOS ANGELES,UNINCORPORATED,-118.04118004,34.71910002
6780669,2015,2015-02-25,9565,2015-01-04,0900,17060,NA,7,1,9,1900,0,3,5,NA,2,004,LA CIENEGA BL,104TH ST,1000,N,N,A,-,N,NA,NA,NA,NA,NA,NA,NA,NA,NA,Y,3,0,1,2,D,-,00,NA,NA,N,D,C,A,A,H,-,A,A,0,NA,NA,NA,NA,Y,NA,-,-,0,1,0,0,0,0,0,0,0,-,-,33.94314,-118.36996,LOS ANGELES,UNINCORPORATED,-118.36997353,33.94153322
6780682,2014,2016-04-29,9590,2014-07-09,0723,20733,NA,3,1,7,1942,0,1,1,NA,2,082,RT 5,MAIN ST,20,S,N,A,-,Y,LA,7,5,-,-,19.2,H,-,N,N,4,0,1,2,A,-,03,22350,NA,N,C,C,A,A,H,-,A,D,1,NA,NA,NA,NA,Y,NA,J,48,0,0,1,0,0,0,0,0,0,-,-,34.06571,-118.21613,LOS ANGELES,LOS ANGELES,-118.21616126,34.06588057
6780683,2015,2015-01-30,1942,2015-01-17,1445,37611,0205,6,5,7,1942,0,0,0,B,0,11T32,SUNSET BL,BENTON WY,0,NA,Y,A,-,N,NA,NA,NA,NA,NA,NA,NA,NA,NA,Y,3,0,3,3,A,-,09,21801,A,N,D,C,A,A,H,-,A,A,0,NA,NA,NA,NA,Y,NA,A,01,0,1,2,0,0,0,0,0,0,-,-,NA,NA,LOS ANGELES,LOS ANGELES,-118.27040009,34.08055002
6780712,2014,2015-02-06,9590,2014-12-19,1000,19146,NA,5,1,7,1942,0,1,2,NA,2,073,RT 101,SANTA MONICA BL,100,S,N,A,-,Y,NA,NA,101,NA,NA,NA,NA,NA,NA,N,4,0,2,2,A,-,03,22350,NA,N,C,C,A,A,H,-,A,D,0,NA,NA,NA,NA,Y,NA,A,01,0,0,2,0,0,0,0,0,0,-,-,34.08858,-118.30536,LOS ANGELES,LOS ANGELES,-118.30527006,34.08864641
6780722,2014,2015-03-17,1942,2014-12-19,0740,39177,NA,5,5,7,1942,0,0,0,NA,0,NA,WILMINGTON BL,CENTURY,0,NA,Y,A,-,N,NA,NA,NA,NA,NA,NA,NA,NA,NA,N,4,0,1,2,A,-,10,21950,A,F,G,B,B,A,H,-,A,A,0,Y,NA,NA,NA,Y,NA,-,99,0,0,1,0,1,0,0,0,0,-,-,NA,NA,LOS ANGELES,LOS ANGELES,-118.23902001,33.94565011
6780723,2014,2015-03-17,1901,2014-12-31,1811,183,18,3,5,5,1901,0,0,0,NA,0,004,ATLANTIC AV,SHORB ST,95,S,N,A,-,N,NA,NA,NA,NA,NA,NA,NA,NA,NA,N,4,0,2,2,A,-,03,22350,NA,F,C,C,A,A,H,-,C,A,0,NA,NA,NA,NA,Y,NA,A,01,0,0,2,0,0,0,0,0,0,-,-,NA,NA,LOS ANGELES,ALHAMBRA,-118.13452,34.0791595
6780724,2014,2015-03-16,1900,2014-12-28,1130,463024,NA,7,5,5,1943,0,0,0,NA,0,NA,LONG BEACH BL,CEDAR AV,105,S,N,A,-,N,NA,NA,NA,NA,NA,NA,NA,NA,NA,Y,4,0,1,3,A,-,01,23152,A,N,A,C,A,A,H,-,A,A,0,NA,NA,NA,NA,Y,Y,A,01,0,0,1,0,0,0,0,0,0,-,-,NA,NA,LOS ANGELES,LYNWOOD,-118.20947265,33.91776242
6780739,2014,2015-03-16,1901,2014-12-23,1535,224,11,2,5,5,1901,0,0,0,NA,0,002,ALMANSOR ST,LOS HIGOS ST,5,S,N,A,-,N,NA,NA,NA,NA,NA,NA,NA,NA,NA,N,4,0,1,2,A,-,10,21950,A,N,G,B,B,A,H,-,A,A,0,Y,NA,NA,NA,Y,NA,A,01,0,0,1,0,1,0,0,0,0,-,-,NA,NA,LOS ANGELES,ALHAMBRA,-118.11694,34.08570629
6780743,2014,2015-03-17,1901,2014-12-23,1736,146,12,2,5,5,1901,0,0,0,NA,0,002,NEW AV,SHORB ST,300,N,N,A,-,N,NA,NA,NA,NA,NA,NA,NA,NA,NA,Y,4,0,1,2,A,-,08,22103,NA,N,D,C,A,A,H,-,C,D,0,NA,NA,NA,NA,Y,NA,-,NA,0,0,1,0,0,0,0,0,0,-,-,NA,NA,LOS ANGELES,ALHAMBRA,-118.10848448,34.08196252
6780753,2014,2015-03-17,1900,2014-12-21,1140,522639,0334,7,5,4,1939,0,0,0,NA,0,NA,HAWTHORN BL,RT 405,10,S,N,A,-,Y,NA,NA,NA,NA,NA,NA,NA,NA,NA,Y,4,0,2,2,A,-,04,21703,NA,N,C,C,A,A,H,-,A,A,0,NA,NA,NA,NA,Y,NA,A,07,0,0,2,0,0,0,0,0,0,-,SF,NA,NA,LOS ANGELES,LAWNDALE,-118.35272,33.88483257