CASE_ID,ACCIDENT_YEAR,PROC_DATE,JURIS,COLLISION_DATE,COLLISION_TIME,OFFICER_ID,REPORTING_DISTRICT,DAY_OF_WEEK,CHP_SHIFT,POPULATION,CNTY_CITY_LOC,SPECIAL_COND,BEAT_TYPE,CHP_BEAT_TYPE,CITY_DIVISION_LAPD,CHP_BEAT_CLASS,BEAT_NUMBER,PRIMARY_RD,SECONDARY_RD,DISTANCE,DIRECTION,INTERSECTION,WEATHER_1,WEATHER_2,STATE_HWY_IND,CALTRANS_COUNTY,CALTRANS_DISTRICT,STATE_ROUTE,ROUTE_SUFFIX,POSTMILE_PREFIX,POSTMILE,LOCATION_TYPE,RAMP_INTERSECTION,SIDE_OF_HWY,TOW_AWAY,COLLISION_SEVERITY,NUMBER_KILLED,NUMBER_INJURED,PARTY_COUNT,PRIMARY_COLL_FACTOR,PCF_CODE_OF_VIOL,PCF_VIOL_CATEGORY,PCF_VIOLATION,PCF_VIOL_SUBSECTION,HIT_AND_RUN,TYPE_OF_COLLISION,MVIW,PED_ACTION,ROAD_SURFACE,ROAD_COND_1,ROAD_COND_2,LIGHTING,CONTROL_DEVICE,CHP_ROAD_TYPE,PEDESTRIAN_ACCIDENT,BICYCLE_ACCIDENT,MOTORCYCLE_ACCIDENT,TRUCK_ACCIDENT,NOT_PRIVATE_PROPERTY,ALCOHOL_INVOLVED,STWD_VEHTYPE_AT_FAULT,CHP_VEHTYPE_AT_FAULT,COUNT_SEVERE_INJ,COUNT_VISIBLE_INJ,COUNT_COMPLAINT_PAIN,COUNT_PED_KILLED,COUNT_PED_INJURED,COUNT_BICYCLIST_KILLED,COUNT_BICYCLIST_INJURED,COUNT_MC_KILLED,COUNT_MC_INJURED,PRIMARY_RAMP,SECONDARY_RAMP,LATITUDE,LONGITUDE,COUNTY,CITY,POINT_X,POINT_Y
6781071,2014,2015-02-12,1942,2014-12-07,2025,34332,1785,7,5,7,1942,0,0,0,Q,0,16T25,RESEDA BL,GRESHAM ST,0,NA,Y,A,-,N,NA,NA,NA,NA,NA,NA,NA,NA,NA,N,3,0,2,2,A,-,09,21801,A,N,D,C,A,A,H,-,C,A,0,NA,NA,NA,NA,Y,NA,A,07,0,1,1,0,0,0,0,0,0,-,-,NA,NA,LOS ANGELES,LOS ANGELES,-118.53609011,34.23077007
6781072,2014,2015-02-12,1942,2014-12-22,1125,41239,1775,1,5,7,1942,0,0,0,Q,0,10T37,PLUMMER ST,BALBOA AV,38,E,N,A,-,N,NA,NA,NA,NA,NA,NA,NA,NA,NA,Y,3,0,2,2,A,-,03,22350,NA,N,C,C,A,A,H,-,A,A,0,NA,NA,NA,NA,Y,NA,A,01,0,1,1,0,0,0,0,0,0,-,-,NA,NA,LOS ANGELES,LOS ANGELES,-118.50233449,34.24300902
6781073,2014,2015-01-26,1942,2014-12-10,2130,37511,1483,3,5,7,1942,0,0,0,N,0,7T23,MANCHESTER,FALMOUTH,13,E,N,A,-,N,NA,NA,NA,NA,NA,NA,NA,NA,NA,N,3,0,1,2,A,-,10,21950,A,F,G,B,B,A,H,-,C,A,0,Y,NA,NA,NA,Y,NA,-,99,0,1,0,0,1,0,0,0,0,-,-,NA,NA,LOS ANGELES,LOS ANGELES,-118.43741269,33.95888746
6781075,2014,2015-02-12,1942,2014-12-05,1430,38996,1785,5,5,7,1942,0,0,0,Q,0,15TL44,NORDHOFF ST,GEYSER AV,0,NA,Y,B,-,N,NA,NA,NA,NA,NA,NA,NA,NA,NA,Y,4,0,2,2,A,-,09,21801,A,N,D,C,A,A,H,-,A,D,0,NA,NA,NA,NA,Y,NA,A,07,0,0,2,0,0,0,0,0,0,-,-,NA,NA,LOS ANGELES,LOS ANGELES,-118.54248005,34.23548004
6781076,2014,2015-02-12,1942,2014-12-22,0955,40398,1753,1,5,7,1942,0,0,0,Q,0,9T53,MASON AV,GERMAIN ST,0,NA,Y,A,-,N,NA,NA,NA,NA,NA,NA,NA,NA,NA,Y,4,0,1,2,A,-,09,21802,A,N,D,C,A,-,A,H,A,D,0,NA,NA,NA,NA,Y,NA,A,01,0,0,1,0,0,0,0,0,0,-,-,NA,NA,LOS ANGELES,LOS ANGELES,-118.5798301,34.26218001
6781078,2014,2015-02-12,1975,2014-12-22,1426,650,1975,1,5,6,1975,0,0,0,NA,0,003,VINCENT AV,PLAZA DR,100,N,N,A,-,N,NA,NA,NA,NA,NA,NA,NA,NA,NA,N,4,0,1,2,A,-,03,22350,NA,F,C,C,A,A,H,-,A,D,0,NA,NA,NA,NA,Y,NA,-,NA,0,0,1,0,0,0,0,0,0,-,-,NA,NA,LOS ANGELES,WEST COVINA,-117.92687355,34.06999327
6781079,2014,2015-02-12,1942,2014-12-13,0710,30452,1788,6,5,7,1942,0,0,0,Q,0,9TL53,PARTHENIA ST,BALBOA BL,0,NA,Y,A,-,N,NA,NA,NA,NA,NA,NA,NA,NA,NA,Y,3,0,4,2,A,-,12,21453,A,N,D,C,A,A,H,-,A,A,0,NA,NA,NA,NA,Y,NA,A,01,0,1,3,0,0,0,0,0,0,-,-,NA,NA,LOS ANGELES,LOS ANGELES,-118.5025801,34.22851012
6781080,2014,2016-02-18,1942,2014-12-17,0805,40972,1979,3,5,7,1942,0,0,0,NA,0,9T53,SHARP AV,BRANFORD ST,0,NA,Y,A,-,N,NA,NA,NA,NA,NA,NA,NA,NA,NA,Y,4,0,2,2,A,-,09,21802,A,N,D,C,A,A,H,-,A,A,0,NA,NA,NA,NA,Y,NA,A,01,0,0,2,0,0,0,0,0,0,-,-,NA,NA,LOS ANGELES,LOS ANGELES,-118.41668014,34.23836005
6781082,2014,2015-02-10,1942,2014-12-09,2014,40643,1794,2,5,7,1942,0,0,0,Q,0,21T61,PARTHENIA ST,LINDLEY AV,0,NA,Y,A,-,N,NA,NA,NA,NA,NA,NA,NA,NA,NA,Y,4,0,1,2,A,-,12,21453,A,F,D,C,A,A,H,-,C,A,0,NA,NA,NA,NA,Y,NA,-,99,0,0,1,0,0,0,0,0,0,-,-,NA,NA,LOS ANGELES,LOS ANGELES,-118.52735007,34.22867008
6781083,2014,2015-02-10,1942,2014-12-10,1720,40452,0702,3,5,7,1942,0,0,0,G,0,8TL28,MELROSE AV,GENESEE AV,10,W,N,A,-,N,NA,NA,NA,NA,NA,NA,NA,NA,NA,N,4,0,1,2,A,-,10,21950,A,F,G,B,B,A,H,-,A,A,0,Y,NA,NA,NA,Y,NA,-,99,0,0,1,0,1,0,0,0,0,-,-,NA,NA,LOS ANGELES,LOS ANGELES,-118.35846296,34.08376
6781084,2014,2015-02-23,1942,2014-12-09,0930,33599,1235,2,5,7,1942,0,0,0,L,0,12TL41,59TH PL,HALLDALE AV,0,NA,Y,-,-,N,NA,NA,NA,NA,NA,NA,NA,NA,NA,N,4,0,2,2,A,-,09,21802,A,F,-,-,A,-,-,-,-,-,0,NA,NA,NA,NA,Y,NA,-,99,0,0,2,0,0,0,0,0,0,-,-,NA,NA,LOS ANGELES,LOS ANGELES,-118.30239008,33.98669005
6781087,2014,2015-02-18,1942,2014-12-06,1735,32565,2079,6,5,7,1942,0,0,0,NA,0,20TL58,PICO BL,MAGNOLIA AV,400,E,N,A,-,N,NA,NA,NA,NA,NA,NA,NA,NA,NA,N,4,0,1,2,C,-,18,NA,NA,F,D,G,A,A,H,-,C,D,0,NA,Y,NA,NA,Y,NA,-,-,0,0,1,0,0,0,1,0,0,-,-,NA,NA,LOS ANGELES,LOS ANGELES,-118.28515212,34.04729
6781088,2014,2015-02-10,1942,2014-12-14,2140,38531,1256,7,5,7,1942,0,0,0,L,0,3T5,FLORENCE AV,FLOWER ST,0,NA,Y,A,-,N,NA,NA,NA,NA,NA,NA,NA,NA,NA,N,4,0,2,2,A,-,09,21801,A,F,D,C,A,A,H,-,C,A,0,NA,NA,NA,NA,Y,NA,A,01,0,0,2,0,0,0,0,0,0,-,-,NA,NA,LOS ANGELES,LOS ANGELES,-118.28126007,33.9746501
6781090,2014,2015-02-10,1942,2014-12-05,1335,39971,1983,5,5,7,1942,0,0,0,NA,0,17TL14,SEPULVEDA PL,ROSCOE BL,20,S,N,A,-,N,NA,NA,NA,NA,NA,NA,NA,NA,NA,N,4,0,1,2,A,-,03,22350,NA,F,C,C,A,A,H,-,A,-,0,NA,NA,NA,NA,Y,NA,-,99,0,0,1,0,0,0,0,0,0,-,-,NA,NA,LOS ANGELES,LOS ANGELES,-118.46621879,34.22137515
6781091,2014,2015-02-10,1942,2014-12-12,0100,36602,2031,5,5,7,1942,0,0,0,NA,0,20T59,WILSHIRE BL,WILTON PL,300,W,N,C,-,N,NA,NA,NA,NA,NA,NA,NA,NA,NA,N,4,0,1,2,A,-,03,22350,NA,F,H,G,A,B,G,H,C,D,0,NA,Y,NA,NA,Y,NA,-,99,0,0,1,0,0,0,1,0,0,-,-,NA,NA,LOS ANGELES,LOS ANGELES,-118.31519844,34.0617
6781092,2014,2015-02-10,1942,2014-12-07,1340,37724,1203,7,5,7,1942,0,0,0,L,0,3TL57,WESTERN AV,VERNON AV,120,S,N,A,-,N,NA,NA,NA,NA,NA,NA,NA,NA,NA,Y,3,0,3,2,A,-,09,21804,NA,F,B,C,A,A,H,-,A,D,0,NA,NA,NA,NA,Y,NA,A,01,0,1,2,0,0,0,0,0,0,-,-,NA,NA,LOS ANGELES,LOS ANGELES,-118.30893,34.00339089
6781094,2014,2016-02-18,1942,2014-12-05,2130,38995,1781,5,5,7,1942,0,0,0,Q,0,9T55,DESOTO AV,NORDHOFF ST,0,NA,Y,B,-,N,NA,NA,NA,NA,NA,NA,NA,NA,NA,Y,4,0,1,2,A,-,12,21453,A,F,D,C,A,A,H,-,C,A,0,NA,NA,NA,NA,Y,NA,-,99,0,0,1,0,0,0,0,0,0,-,-,NA,NA,LOS ANGELES,LOS ANGELES,-118.58855001,34.23548003
6781097,2014,2015-02-12,1942,2014-12-27,1240,39217,1611,6,5,7,1942,0,0,0,P,0,17TL12,CORNELIUS ST,BRADLEY AV,400,E,N,A,-,N,NA,NA,NA,NA,NA,NA,NA,NA,NA,N,3,0,1,2,A,-,03,22350,NA,F,D,G,A,A,H,-,A,D,0,NA,Y,NA,NA,Y,NA,L,04,0,1,0,0,0,0,1,0,0,-,-,NA,NA,LOS ANGELES,LOS ANGELES,-118.4260943,34.27796006
6781101,2015,2015-02-12,1942,2015-01-03,0715,30452,0914,6,5,7,1942,0,0,0,I,0,9TL53,KESTER AV,VANOWEN ST,0,NA,Y,A,-,N,NA,NA,NA,NA,NA,NA,NA,NA,NA,N,4,0,1,2,A,-,10,21950,A,F,G,B,B,A,H,-,A,A,0,Y,NA,NA,NA,Y,NA,-,99,0,0,1,0,1,0,0,0,0,-,-,NA,NA,LOS ANGELES,LOS ANGELES,-118.45744003,34.19392004
6781105,2014,2015-02-19,1942,2014-12-21,1730,39795,1555,7,5,7,1942,0,0,0,O,0,15A28,MAGNOLIA BL,BLAKESLEE AV,0,NA,Y,A,-,N,NA,NA,NA,NA,NA,NA,NA,NA,NA,N,4,0,5,3,A,-,04,21703,NA,F,C,C,A,A,H,-,C,A,0,NA,NA,NA,NA,Y,Y,-,99,0,0,5,0,0,0,0,0,0,-,-,NA,NA,LOS ANGELES,LOS ANGELES,-118.37248007,34.16489003
6781107,2014,2016-03-14,1942,2014-12-13,1330,40697,1841,6,5,7,1942,0,0,0,R,0,5T21,VERMONT BL,104TH ST,20,S,N,A,-,N,NA,NA,NA,NA,NA,NA,NA,NA,NA,N,4,0,2,2,A,-,03,22350,NA,F,C,C,A,A,H,-,A,D,0,NA,NA,NA,NA,Y,NA,A,01,0,0,2,0,0,0,0,0,0,-,-,NA,NA,LOS ANGELES,LOS ANGELES,-118.29158811,33.94223517
6781108,2014,2015-02-10,9535,2014-12-06,1140,20794,NA,6,1,9,1900,0,2,4,NA,2,025,ATLANTIC BL,6TH ST,798,N,N,A,-,N,NA,NA,NA,NA,NA,NA,NA,NA,NA,N,3,0,1,1,A,-,03,22350,NA,N,F,A,A,A,H,-,A,A,0,NA,Y,NA,NA,Y,NA,L,04,0,1,0,0,0,0,1,0,0,-,-,34.02548,-118.15583,LOS ANGELES,UNINCORPORATED,-118.15528181,34.02701065
6781111,2014,2015-02-10,1942,2014-12-10,1420,25385,1881,3,5,7,1942,0,0,0,R,0,25MQ53,REDONDO BEACH BL,FIGUEROA ST,871,W,N,A,-,N,NA,NA,NA,NA,NA,NA,NA,NA,NA,Y,4,0,1,2,A,-,12,21453,A,F,A,C,A,A,H,-,A,A,0,NA,NA,NA,NA,Y,NA,-,99,0,0,1,0,0,0,0,0,0,-,-,NA,NA,LOS ANGELES,LOS ANGELES,-118.28549,33.89264
6781115,2014,2015-02-10,1942,2014-12-06,1905,41231,1802,6,5,7,1942,0,0,0,R,0,12T41,MANCHESTER AV,MAIN ST,183,W,N,A,-,N,NA,NA,NA,NA,NA,NA,NA,NA,NA,N,4,0,1,2,A,-,03,22350,NA,F,C,C,A,A,H,-,C,A,0,NA,NA,NA,NA,Y,NA,-,99,0,0,1,0,0,0,0,0,0,-,-,NA,NA,LOS ANGELES,LOS ANGELES,-118.2744823,33.96009
6781119,2014,2015-02-10,9540,2014-12-03,1700,18502,NA,3,2,9,1900,0,1,3,NA,1,143,RT 14 S,SIERRA HWY,50,S,N,B,C,Y,NA,NA,14,NA,NA,NA,NA,NA,NA,Y,4,0,1,2,A,-,03,22350,NA,F,C,C,A,B,H,-,C,D,0,NA,NA,NA,NA,Y,NA,-,99,0,0,1,0,0,0,0,0,0,-,-,34.33852,-118.50752,LOS ANGELES,UNINCORPORATED,-118.50737547,34.33846063
6781232,2014,2015-02-13,1942,2014-12-13,0310,37947,1265,6,5,7,1942,0,0,0,L,0,12A58,W MANCHESTER AV,S VERMONT AV,0,NA,Y,A,-,N,NA,NA,NA,NA,NA,NA,NA,NA,NA,Y,4,0,2,2,A,-,09,21800,D,N,D,C,A,A,H,-,C,B,0,NA,NA,NA,NA,Y,Y,D,22,0,0,2,0,0,0,0,0,0,-,-,NA,NA,LOS ANGELES,LOS ANGELES,-118.29177,33.96002003
6781233,2014,2016-02-18,1942,2014-12-12,1035,41373,1213,5,5,7,1942,0,0,0,L,0,12A53,54TH ST,11TH AV,30,E,N,C,-,N,NA,NA,NA,NA,NA,NA,NA,NA,NA,N,4,0,1,2,A,-,03,22350,NA,N,C,C,A,B,H,-,A,A,0,NA,NA,NA,NA,Y,NA,D,22,0,0,1,0,0,0,0,0,0,-,-,NA,NA,LOS ANGELES,LOS ANGELES,-118.32929123,33.99313115
6781236,2014,2015-02-13,1942,2014-12-30,1840,37724,1255,2,5,7,1942,0,0,0,L,0,3T57,HALLDALE AV,74TH ST,250,N,N,C,-,N,NA,NA,NA,NA,NA,NA,NA,NA,NA,Y,4,0,1,2,A,-,03,22350,NA,N,C,J,A,A,H,-,B,D,0,NA,NA,NA,NA,Y,Y,A,08,0,0,1,0,0,0,0,0,0,-,-,NA,NA,LOS ANGELES,LOS ANGELES,-118.30245485,33.97343564
6781237,2014,2015-02-13,1942,2014-12-17,1750,41290,1215,3,5,7,1942,0,0,0,L,0,3A32,52ND ST,DENKER AV,0,NA,Y,A,-,N,NA,NA,NA,NA,NA,NA,NA,NA,NA,N,3,0,1,2,A,-,10,21950,A,N,G,B,B,A,H,-,C,D,0,Y,NA,NA,NA,Y,NA,D,22,0,1,0,0,1,0,0,0,0,-,-,NA,NA,LOS ANGELES,LOS ANGELES,-118.30457012,33.99505005
6781240,2014,2015-02-18,1942,2014-12-27,2205,37495,1241,6,5,7,1942,0,0,0,L,0,12X42,HYDE PARK BL,8TH AV,0,NA,Y,A,-,N,NA,NA,NA,NA,NA,NA,NA,NA,NA,Y,3,0,4,3,A,-,12,21453,A,N,D,C,A,A,H,-,C,A,0,NA,NA,NA,NA,Y,NA,-,-,0,1,3,0,0,0,0,0,0,-,-,NA,NA,LOS ANGELES,LOS ANGELES,-118.32651007,33.98065007
6781243,2015,2015-02-23,1942,2015-01-04,1805,40992,1258,7,5,7,1942,0,0,0,L,0,18A44,73RD ST,MAIN ST,500,E,N,A,-,N,NA,NA,NA,NA,NA,NA,NA,NA,NA,Y,3,0,3,5,A,-,01,23152,A,N,B,E,A,A,H,-,C,D,0,NA,NA,NA,NA,Y,Y,A,08,0,1,2,0,0,0,0,0,0,-,-,NA,NA,LOS ANGELES,LOS ANGELES,-118.27228425,33.97384652
6781248,2014,2015-02-11,1942,2014-12-10,1425,40440,1881,3,5,7,1942,0,0,0,R,0,3T57,REDONDO BEACH BL,FIGUEROA ST,254,W,N,A,-,N,NA,NA,NA,NA,NA,NA,NA,NA,NA,Y,2,0,2,3,A,-,05,21650,NA,N,B,C,A,A,H,-,A,A,0,NA,NA,NA,Y,Y,NA,A,01,1,0,1,0,0,0,0,0,0,-,-,NA,NA,LOS ANGELES,LOS ANGELES,-118.28388459,33.89269069
6781249,2014,2015-02-13,1942,2014-12-14,0325,37589,1824,7,5,7,1942,0,0,0,R,0,18E13,CENTRAL AV,EAST 2ND ST,10,S,N,B,-,N,NA,NA,NA,NA,NA,NA,NA,NA,NA,Y,4,0,1,1,A,-,03,22350,NA,M,A,I,A,A,H,-,C,A,0,NA,NA,NA,NA,Y,NA,D,22,0,0,1,0,0,0,0,0,0,-,-,NA,NA,LOS ANGELES,LOS ANGELES,-118.23937287,34.04765268
6781330,2015,2015-02-18,1944,2015-01-06,2254,.48,NA,2,5,4,1944,0,0,0,NA,0,NA,MANHATTAN BEACH BL,MORNINGSIDE DR,0,NA,Y,A,-,N,NA,NA,NA,NA,NA,NA,NA,NA,NA,N,4,0,1,2,A,-,10,21950,A,N,A,B,B,A,H,-,C,A,0,Y,NA,Y,NA,Y,NA,C,02,0,0,1,0,1,0,0,0,0,-,-,NA,NA,LOS ANGELES,MANHATTAN BEACH,-118.40875011,33.88543006
6781331,2015,2016-10-28,1944,2015-01-02,1125,224,2M72,5,5,4,1944,0,0,0,NA,0,002,SEPULVEDA BL,17TH ST,0,NA,Y,A,-,Y,LA,7,1,-,-,23.101,I,5,S,Y,3,0,1,2,A,-,07,21658,A,N,-,A,A,A,H,-,A,D,0,NA,NA,Y,NA,Y,NA,A,07,0,1,0,0,0,0,0,0,1,-,-,NA,NA,LOS ANGELES,MANHATTAN BEACH,-118.39610388,33.89031943
6781335,2015,2015-02-18,1905,2015-01-03,1758,1150,234,6,5,4,1905,0,0,0,NA,0,051,VERNON AV,PARAMOUNT ST,16,S,N,A,-,N,NA,NA,NA,NA,NA,NA,NA,NA,NA,N,4,0,2,2,A,-,03,22350,NA,N,C,C,A,A,H,-,C,A,0,NA,NA,NA,NA,Y,NA,A,01,0,0,2,0,0,0,0,0,0,-,-,NA,NA,LOS ANGELES,AZUSA,-117.91636024,34.11798614
6781336,2015,2015-02-18,1905,2015-01-02,2029,1147,123,5,5,4,1905,0,0,0,NA,0,003,CERRITOS AV,BASELINE RD,2,N,N,A,-,N,NA,NA,NA,NA,NA,NA,NA,NA,NA,N,4,0,1,2,A,-,10,21950,A,N,G,B,B,A,H,-,C,A,0,Y,NA,NA,NA,Y,NA,-,NA,0,0,1,0,1,0,0,0,0,-,-,NA,NA,LOS ANGELES,AZUSA,-117.89938997,34.12156548
6781337,2015,2015-02-18,1905,2015-01-14,0459,1142,336,3,5,4,1905,0,0,0,NA,0,051,KIRKWALL RD,VINCENT AV,247,E,N,A,-,N,NA,NA,NA,NA,NA,NA,NA,NA,NA,N,2,0,1,2,D,-,00,NA,NA,N,G,B,E,A,H,-,C,D,0,Y,NA,NA,NA,Y,NA,-,-,1,0,0,0,1,0,0,0,0,-,-,NA,NA,LOS ANGELES,AZUSA,-117.92447591,34.11167431
6781339,2015,2015-02-18,1925,2015-01-12,1345,24922,145,1,5,6,1925,0,0,0,NA,0,004,CANADA BL,COLINA DR,833,S,N,A,-,N,NA,NA,NA,NA,NA,NA,NA,NA,NA,Y,4,0,1,2,A,-,03,22350,NA,N,C,C,A,A,H,-,A,A,0,NA,NA,NA,NA,Y,NA,A,01,0,0,1,0,0,0,0,0,0,-,-,NA,NA,LOS ANGELES,GLENDALE,-118.22902512,34.17211691
6781447,2014,2015-02-12,1925,2014-12-04,1721,16899,159,4,5,6,1925,0,0,0,NA,0,004,CHEVY CHASE DR,HARVEY DR,0,NA,Y,A,-,N,NA,NA,NA,NA,NA,NA,NA,NA,NA,Y,4,0,1,2,A,-,09,21801,A,N,A,C,A,A,H,-,C,D,0,NA,NA,NA,NA,Y,NA,D,22,0,0,1,0,0,0,0,0,0,-,-,NA,NA,LOS ANGELES,GLENDALE,-118.22531009,34.15509003
6781448,2014,2015-02-12,1925,2014-12-07,1318,14952,121,7,5,6,1925,0,0,0,NA,0,005,LA CRESCENTA AV,MONTROSE AV,0,NA,Y,B,-,N,NA,NA,NA,NA,NA,NA,NA,NA,NA,N,3,0,1,2,A,-,09,21801,A,N,D,C,A,A,H,-,A,A,0,NA,NA,NA,NA,Y,NA,A,01,0,1,0,0,0,0,0,0,0,-,-,NA,NA,LOS ANGELES,GLENDALE,-118.23998013,34.2159901
6781449,2014,2015-02-12,1925,2014-12-08,1208,20089,234,1,5,6,1925,0,0,0,NA,0,004,ADAMS ST,LEXINGTON DR,0,NA,Y,A,-,N,NA,NA,NA,NA,NA,NA,NA,NA,NA,N,4,0,1,2,A,-,10,21950,A,N,G,B,B,A,H,-,A,A,0,Y,NA,NA,NA,Y,NA,A,01,0,0,1,0,1,0,0,0,0,-,-,NA,NA,LOS ANGELES,GLENDALE,-118.24185011,34.15175008
6781450,2014,2015-02-12,1925,2014-12-05,0743,16835,219,5,5,6,1925,0,0,0,NA,0,001,CENTRAL AV,GOODE AV,0,NA,Y,A,-,Y,NA,NA,NA,NA,NA,NA,NA,NA,NA,NA,4,0,1,2,A,-,12,21453,A,N,D,C,A,A,H,-,A,A,0,NA,NA,NA,NA,Y,NA,A,07,0,0,1,0,0,0,0,0,0,-,-,NA,NA,LOS ANGELES,GLENDALE,-118.25793009,34.15675006
6781451,2014,2015-03-02,1925,2014-12-05,1349,16835,267,5,5,6,1925,0,0,0,NA,0,002,COLUMBUS AV,LOMITA AV,0,NA,Y,A,B,N,NA,NA,NA,NA,NA,NA,NA,NA,NA,N,3,0,2,2,A,-,12,22450,A,N,D,C,A,A,H,-,A,A,0,NA,NA,NA,NA,Y,NA,-,-,0,1,1,0,0,0,0,0,0,-,-,NA,NA,LOS ANGELES,GLENDALE,-118.26082006,34.13992012
6781452,2014,2015-02-12,1905,2014-12-18,0518,1154,123,4,5,4,1905,0,0,0,NA,0,053,1ST ST,CERRITOS AV,13,W,N,B,-,N,NA,NA,NA,NA,NA,NA,NA,NA,NA,N,4,0,1,2,A,-,10,21950,A,N,G,B,B,A,H,-,C,A,0,Y,NA,NA,NA,Y,NA,-,NA,0,0,1,0,1,0,0,0,0,-,-,NA,NA,LOS ANGELES,AZUSA,-117.89943285,34.12156
6781453,2014,2015-02-12,1905,2014-12-16,1847,1109,314,2,5,4,1905,0,0,0,NA,0,072,FOOTHILL BL,VERNON AV,0,NA,Y,B,-,N,NA,NA,NA,NA,NA,NA,NA,NA,NA,N,3,0,1,2,A,-,12,21453,A,N,D,G,A,B,H,-,C,A,0,NA,Y,NA,NA,Y,NA,L,04,0,1,0,0,0,0,1,0,0,-,-,NA,NA,LOS ANGELES,AZUSA,-117.91619007,34.13382008
6781454,2014,2015-02-12,1925,2014-12-08,1659,20089,215,1,5,6,1925,0,0,0,NA,0,002,SAN FERNANDO RD,MILFORD ST,0,NA,Y,A,-,N,NA,NA,NA,NA,NA,NA,NA,NA,NA,Y,4,0,3,2,A,-,09,21801,A,N,D,C,A,A,H,-,C,D,0,NA,NA,NA,NA,Y,NA,A,01,0,0,3,0,0,0,0,0,0,-,-,NA,NA,LOS ANGELES,GLENDALE,-118.27459013000001,34.1521601
6781455,2014,2015-02-12,1925,2014-12-23,1207,24819,274,2,5,6,1925,0,0,0,NA,0,002,SAN FERNANDO RD,LOS FELIZ RD,0,NA,Y,A,-,N,NA,NA,NA,NA,NA,NA,NA,NA,NA,Y,4,0,2,2,D,-,00,NA,NA,N,D,C,A,A,D,-,A,A,0,NA,NA,NA,NA,Y,NA,-,-,0,0,2,0,0,0,0,0,0,-,-,NA,NA,LOS ANGELES,GLENDALE,-118.25924005,34.12833005
6781456,2014,2015-02-12,1925,2014-12-03,1717,21601,274,3,5,6,1925,0,0,0,NA,0,002,LOS FELIZ BL,SAN FERNANDO RD,0,NA,Y,C,-,N,NA,NA,NA,NA,NA,NA,NA,NA,NA,N,3,0,1,2,A,-,10,21950,A,N,G,B,B,B,H,-,C,A,0,Y,NA,NA,NA,Y,NA,A,01,0,1,0,0,1,0,0,0,0,-,-,NA,NA,LOS ANGELES,GLENDALE,-118.25924005,34.12833005
6781457,2014,2015-02-12,1925,2014-12-04,0753,16835,274,4,5,6,1925,0,0,0,NA,0,002,SAN FERNANDO RD,CYPRESS ST,0,NA,Y,A,-,N,NA,NA,NA,NA,NA,NA,NA,NA,NA,N,4,0,1,2,A,-,09,21801,A,N,D,G,A,B,H,-,A,D,0,NA,Y,NA,NA,Y,NA,A,01,0,0,1,0,0,0,1,0,0,-,-,NA,NA,LOS ANGELES,GLENDALE,-118.26056005,34.12988009
6781458,2014,2015-02-12,1925,2014-12-08,1459,14881,222,1,5,6,1925,0,0,0,NA,0,002,CENTRAL AV,PIONEER DR,0,NA,Y,A,-,N,NA,NA,NA,NA,NA,NA,NA,NA,NA,N,4,0,1,2,A,-,11,21954,A,N,G,B,E,A,H,-,A,A,0,Y,NA,NA,NA,Y,NA,N,60,0,0,1,0,1,0,0,0,0,-,-,NA,NA,LOS ANGELES,GLENDALE,-118.25794001,34.15527007
6781459,2014,2015-02-11,1925,2014-12-11,1424,14089,172,4,5,6,1925,0,0,0,NA,0,001,CONCORD ST,DRYDEN ST,0,NA,Y,B,-,N,NA,NA,NA,NA,NA,NA,NA,NA,NA,Y,4,0,2,2,A,-,12,22450,NA,N,D,C,A,A,H,-,A,A,0,NA,NA,NA,NA,Y,NA,A,01,0,0,2,0,0,0,0,0,0,-,-,NA,NA,LOS ANGELES,GLENDALE,-118.27073011,34.16096004
6781466,2014,2015-02-11,1925,2014-12-15,0119,21606,173,1,5,6,1925,0,0,0,NA,0,002,BRAND,CHEVY CHASE,167,S,N,A,C,N,NA,NA,NA,NA,NA,NA,NA,NA,NA,Y,2,0,1,1,A,-,01,23152,NA,N,A,I,A,A,H,-,C,D,0,NA,NA,NA,NA,Y,Y,A,NA,1,0,0,0,0,0,0,0,0,-,-,NA,NA,LOS ANGELES,GLENDALE,-118.25498435,34.13305204
6781467,2014,2015-02-11,1925,2014-12-22,2201,22249,171,1,5,6,1925,0,0,0,NA,0,001,GLENWOOD RD,VIRGINIA AV,27,W,N,A,-,N,NA,NA,NA,NA,NA,NA,NA,NA,NA,Y,4,0,2,2,A,-,13,22515,A,N,E,C,A,A,H,-,C,D,0,NA,NA,NA,NA,Y,NA,A,NA,0,0,2,0,0,0,0,0,0,-,-,NA,NA,LOS ANGELES,GLENDALE,-118.27286652,34.16580764
6781468,2014,2015-02-11,1925,2014-12-17,1130,22458,261,3,5,6,1925,0,0,0,NA,0,002,BRAND BL,BROADWAY,42,S,N,A,-,N,NA,NA,NA,NA,NA,NA,NA,NA,NA,N,3,0,1,2,A,-,-,NA,NA,N,B,G,A,A,H,-,A,A,0,NA,Y,NA,NA,Y,NA,A,01,0,1,0,0,0,0,1,0,0,-,-,NA,NA,LOS ANGELES,GLENDALE,-118.25509,34.14625
6781469,2014,2015-02-11,1925,2014-12-14,1440,21139,159,7,5,6,1925,0,0,0,NA,0,004,CHEVY CHASE DR,HARVEY DR,189,E,N,B,-,N,NA,NA,NA,NA,NA,NA,NA,NA,NA,N,3,0,1,2,A,-,03,22350,NA,N,B,E,A,A,H,-,A,D,0,NA,Y,NA,NA,Y,NA,L,04,0,1,0,0,0,0,1,0,0,-,-,NA,NA,LOS ANGELES,GLENDALE,-118.224726,34.15527143