CASE_ID,ACCIDENT_YEAR,PROC_DATE,JURIS,COLLISION_DATE,COLLISION_TIME,OFFICER_ID,REPORTING_DISTRICT,DAY_OF_WEEK,CHP_SHIFT,POPULATION,CNTY_CITY_LOC,SPECIAL_COND,BEAT_TYPE,CHP_BEAT_TYPE,CITY_DIVISION_LAPD,CHP_BEAT_CLASS,BEAT_NUMBER,PRIMARY_RD,SECONDARY_RD,DISTANCE,DIRECTION,INTERSECTION,WEATHER_1,WEATHER_2,STATE_HWY_IND,CALTRANS_COUNTY,CALTRANS_DISTRICT,STATE_ROUTE,ROUTE_SUFFIX,POSTMILE_PREFIX,POSTMILE,LOCATION_TYPE,RAMP_INTERSECTION,SIDE_OF_HWY,TOW_AWAY,COLLISION_SEVERITY,NUMBER_KILLED,NUMBER_INJURED,PARTY_COUNT,PRIMARY_COLL_FACTOR,PCF_CODE_OF_VIOL,PCF_VIOL_CATEGORY,PCF_VIOLATION,PCF_VIOL_SUBSECTION,HIT_AND_RUN,TYPE_OF_COLLISION,MVIW,PED_ACTION,ROAD_SURFACE,ROAD_COND_1,ROAD_COND_2,LIGHTING,CONTROL_DEVICE,CHP_ROAD_TYPE,PEDESTRIAN_ACCIDENT,BICYCLE_ACCIDENT,MOTORCYCLE_ACCIDENT,TRUCK_ACCIDENT,NOT_PRIVATE_PROPERTY,ALCOHOL_INVOLVED,STWD_VEHTYPE_AT_FAULT,CHP_VEHTYPE_AT_FAULT,COUNT_SEVERE_INJ,COUNT_VISIBLE_INJ,COUNT_COMPLAINT_PAIN,COUNT_PED_KILLED,COUNT_PED_INJURED,COUNT_BICYCLIST_KILLED,COUNT_BICYCLIST_INJURED,COUNT_MC_KILLED,COUNT_MC_INJURED,PRIMARY_RAMP,SECONDARY_RAMP,LATITUDE,LONGITUDE,COUNTY,CITY,POINT_X,POINT_Y
6789837,2014,2015-01-27,1920,2014-11-25,1229,10140,NA,2,5,6,1920,0,0,0,NA,0,004,FLORENCE AV,WOODRUFF AV,0,NA,Y,A,-,N,NA,NA,NA,NA,NA,NA,NA,NA,NA,Y,4,0,1,3,A,-,12,21453,A,N,D,C,A,A,H,-,A,A,0,NA,NA,NA,NA,Y,NA,A,01,0,0,1,0,0,0,0,0,0,-,-,NA,NA,LOS ANGELES,DOWNEY,-118.11037013,33.94404008
6789886,2014,2015-02-12,1925,2014-12-02,1801,24889,197,2,5,6,1925,0,0,0,NA,0,001,GLENOAK BL,GRANDVIEW,0,NA,Y,C,-,N,NA,NA,NA,NA,NA,NA,NA,NA,NA,N,4,0,1,2,A,-,11,21453,D,N,G,B,B,B,H,-,C,A,0,Y,NA,NA,NA,Y,NA,N,60,0,0,1,0,1,0,0,0,0,-,-,NA,NA,LOS ANGELES,GLENDALE,-118.28139005,34.16497007
6789925,2015,2015-08-01,1905,2015-01-07,1047,1129,311,3,5,4,1905,0,0,0,NA,0,062,SAN GABRIEL AV,5TH ST,2.1,N,N,A,-,N,NA,NA,NA,NA,NA,NA,NA,NA,NA,N,4,0,1,2,A,-,08,22107,NA,N,D,C,A,A,H,-,A,A,0,NA,NA,NA,NA,Y,NA,-,NA,0,0,1,0,0,0,0,0,0,-,-,NA,NA,LOS ANGELES,AZUSA,-117.90884,34.12985576
6789945,2014,2015-02-12,1925,2014-12-04,0951,19167,239,4,5,6,1925,0,0,0,NA,0,004,VERDUGO RD,BROADWAY,20,N,N,A,-,N,NA,NA,NA,NA,NA,NA,NA,NA,NA,Y,4,0,1,2,A,-,03,22350,NA,N,C,C,A,A,H,-,A,D,0,NA,NA,NA,NA,Y,NA,A,01,0,0,1,0,0,0,0,0,0,-,-,NA,NA,LOS ANGELES,GLENDALE,-118.23507343,34.1462137
6790004,2015,2015-02-20,1942,2015-01-11,2310,37304,0909,7,5,7,1942,0,0,0,I,0,9T53,SHERMAN AV,ALLOTT AV,135,E,N,A,-,N,NA,NA,NA,NA,NA,NA,NA,NA,NA,Y,2,0,5,6,A,-,01,23152,A,N,B,C,A,A,H,-,C,-,0,NA,NA,NA,NA,Y,Y,A,01,1,2,2,0,0,0,0,0,0,-,-,NA,NA,LOS ANGELES,LOS ANGELES,-118.42762436,34.20119346
6790008,2015,2015-02-20,1942,2015-01-02,1950,25495,0783,5,5,7,1942,0,0,0,G,0,7T123,DUNSMUIR AV,BANGOR ST,175,N,N,A,-,N,NA,NA,NA,NA,NA,NA,NA,NA,NA,Y,4,0,2,2,A,-,05,21650,NA,N,B,C,A,A,H,-,C,D,0,NA,NA,NA,NA,Y,NA,A,01,0,0,2,0,0,0,0,0,0,-,-,NA,NA,LOS ANGELES,LOS ANGELES,-118.35746233,34.03781662
6790012,2015,2015-02-20,1942,2015-01-08,1500,32565,0747,4,5,7,1942,0,0,0,G,0,20TL58,OLYMPIC BL,HIGHLAND AV,75,E,N,A,-,N,NA,NA,NA,NA,NA,NA,NA,NA,NA,N,4,0,1,2,A,-,04,21703,NA,N,C,C,A,A,H,-,A,D,0,NA,NA,NA,NA,Y,NA,A,01,0,0,1,0,0,0,0,0,0,-,-,NA,NA,LOS ANGELES,LOS ANGELES,-118.33977291,34.05709581
6790016,2015,2015-02-20,1942,2015-01-05,1920,36157,0752,1,5,7,1942,0,0,0,G,0,7A69,FAIRFAX AV,PACKARD ST,143,N,N,A,-,N,NA,NA,NA,NA,NA,NA,NA,NA,NA,N,4,0,3,3,A,-,03,22350,NA,N,C,C,A,A,H,-,C,D,0,NA,NA,NA,NA,Y,NA,A,07,0,0,3,0,0,0,0,0,0,-,-,NA,NA,LOS ANGELES,LOS ANGELES,-118.3658752,34.05376744
6790020,2015,2015-02-20,1942,2015-01-05,0525,41728,0749,1,5,7,1942,0,0,0,G,0,7A33,CRENSHAW BL,8TH ST,0,NA,Y,A,-,N,NA,NA,NA,NA,NA,NA,NA,NA,NA,Y,4,0,1,2,A,-,12,21453,A,N,D,C,A,A,H,-,B,A,0,NA,NA,NA,NA,Y,NA,A,01,0,0,1,0,0,0,0,0,0,-,-,NA,NA,LOS ANGELES,LOS ANGELES,-118.32053,34.05911
6790024,2015,2015-02-20,1942,2015-01-12,1305,24517,0711,1,5,7,1942,0,0,0,G,0,7TL38,FAIRFAX AV,OAKWOOD AV,200,N,N,A,-,N,NA,NA,NA,NA,NA,NA,NA,NA,NA,N,4,0,1,2,A,-,11,21954,A,F,G,B,E,A,H,-,A,D,0,Y,NA,NA,NA,Y,NA,N,60,0,0,1,0,1,0,0,0,0,-,-,NA,NA,LOS ANGELES,LOS ANGELES,-118.36148,34.07874855
6790028,2015,2015-03-02,1942,2015-01-07,2110,37139,0817,3,5,7,1942,0,0,0,H,0,7A17,BROXTON AV,WEYBURN AV,0,NA,Y,A,-,N,NA,NA,NA,NA,NA,NA,NA,NA,NA,N,4,0,1,2,A,-,21,22106,NA,N,G,B,B,A,H,-,A,A,0,Y,NA,NA,NA,Y,NA,A,01,0,0,1,0,1,0,0,0,0,-,-,NA,NA,LOS ANGELES,LOS ANGELES,-118.44704,34.06256004
6790029,2015,2015-02-24,1902,2015-01-13,2140,706,12,2,5,5,1902,0,0,0,NA,0,003,COLORADO ST,RENOAK WY,106,S,N,A,-,N,NA,NA,NA,NA,NA,NA,NA,NA,NA,N,4,0,1,1,A,-,07,21658,A,N,E,I,A,A,H,-,C,D,0,NA,Y,NA,NA,Y,NA,L,04,0,0,1,0,0,0,1,0,0,-,-,NA,NA,LOS ANGELES,ARCADIA,-118.04272562,34.14698811
6790031,2015,2016-10-20,9530,2015-01-10,0739,20331,NA,6,1,5,1977,0,1,1,NA,2,410,RT 405,WILMINGTON AV,528,N,N,C,-,Y,LA,7,405,-,-,9.69,H,-,S,Y,3,0,2,2,A,-,08,22107,NA,N,B,C,A,B,H,-,A,D,1,NA,NA,NA,NA,Y,NA,A,01,0,1,1,0,0,0,0,0,0,-,-,33.826,-118.242,LOS ANGELES,CARSON,-118.24364035,33.82574976
6790032,2015,2015-02-20,1942,2015-01-02,1410,32896,0883,5,5,7,1942,0,0,0,H,0,14T47,OLYMPIC BL,COTNER AV,0,NA,Y,A,-,N,NA,NA,NA,NA,NA,NA,NA,NA,NA,Y,4,0,1,2,A,-,09,21801,A,N,D,C,A,A,H,-,A,A,0,NA,NA,NA,NA,Y,NA,A,01,0,0,1,0,0,0,0,0,0,-,-,NA,NA,LOS ANGELES,LOS ANGELES,-118.43938012,34.03933002
6790033,2015,2015-02-24,1912,2015-01-13,0915,9589,NA,2,5,6,1912,0,0,0,NA,0,NA,ALAMEDA AV,AVON ST,0,NA,Y,A,-,N,NA,NA,NA,NA,NA,NA,NA,NA,NA,Y,4,0,1,2,A,-,09,21802,A,N,D,C,A,A,H,-,A,A,0,NA,NA,NA,NA,Y,NA,A,01,0,0,1,0,0,0,0,0,0,-,-,NA,NA,LOS ANGELES,BURBANK,-118.33834,34.15483008
6790035,2015,2016-10-10,9430,2015-01-12,1315,13402,NA,1,1,9,1900,0,1,1,NA,2,051,RT 5,FRAZIER MOUNTAIN PARK RD,2500,S,N,A,-,Y,LA,7,5,-,R,88.1,H,-,N,Y,3,0,1,1,A,-,08,22107,NA,N,E,I,A,A,H,-,A,D,1,NA,NA,NA,NA,Y,NA,A,01,0,1,0,0,0,0,0,0,0,-,-,34.81719,-118.88252,LOS ANGELES,UNINCORPORATED,-118.884302,34.81060735
6790036,2015,2015-02-20,1942,2015-01-07,1625,34959,2049,3,5,7,1942,0,0,0,NA,0,6TL2,JAMES M WOOD BL,HOOVER ST,520,W,N,A,-,N,NA,NA,NA,NA,NA,NA,NA,NA,NA,Y,4,0,1,3,A,-,10,21954,B,F,G,B,E,A,H,-,A,D,0,Y,NA,NA,NA,Y,NA,A,01,0,0,1,0,1,0,0,0,0,-,-,NA,NA,LOS ANGELES,LOS ANGELES,-118.285941,34.055939
6790037,2015,2015-02-24,1912,2015-01-11,1010,9569,1912,7,5,6,1912,0,0,0,NA,0,00G,RIVERSIDE DR,PASS AV,0,NA,Y,B,C,N,NA,NA,NA,NA,NA,NA,NA,NA,NA,Y,4,0,1,2,A,-,12,21453,A,N,D,C,A,B,H,-,A,A,0,NA,NA,NA,NA,Y,NA,-,NA,0,0,1,0,0,0,0,0,0,-,-,NA,NA,LOS ANGELES,BURBANK,-118.34399001,34.1519901
6790039,2015,2016-10-06,9530,2015-01-10,0800,18745,NA,6,1,7,1941,0,1,1,NA,2,072,RT 710,RT 405,120,N,N,B,-,Y,LA,7,710,-,-,9.306,H,-,N,Y,3,0,1,1,A,-,03,22350,NA,N,F,A,A,B,H,-,A,D,1,NA,NA,NA,NA,Y,NA,A,07,0,1,0,0,0,0,0,0,0,TO,-,33.82697,-118.20659,LOS ANGELES,LONG BEACH,-118.20703107,33.82498345
6790040,2015,2015-02-20,1942,2015-01-04,1855,32297,2023,7,5,7,1942,0,0,0,NA,0,20A33,3RD ST,KINGSLEY DR,50,W,N,A,-,N,NA,NA,NA,NA,NA,NA,NA,NA,NA,N,4,0,2,2,A,-,04,21703,NA,F,C,C,A,A,H,-,C,A,0,NA,NA,NA,NA,Y,NA,-,99,0,0,2,0,0,0,0,0,0,-,-,NA,NA,LOS ANGELES,LOS ANGELES,-118.30307475,34.06900747
6790043,2015,2015-02-20,9530,2015-01-07,1825,20584,NA,3,2,9,1900,0,3,5,NA,2,002,ALAMEDA ST,124TH ST,0,NA,Y,A,-,N,NA,NA,NA,NA,NA,NA,NA,NA,NA,Y,4,0,2,2,A,-,09,21801,A,N,B,C,A,A,H,-,C,A,0,NA,NA,NA,NA,Y,NA,A,07,0,0,2,0,0,0,0,0,0,-,-,33.91982,-118.22405,LOS ANGELES,UNINCORPORATED,-118.22414003,33.91976005
6790044,2015,2015-03-02,1942,2015-01-01,2325,39022,2019,4,5,7,1942,0,0,0,NA,0,7T23,1ST ST,VIRGIL AV,0,NA,Y,A,-,N,NA,NA,NA,NA,NA,NA,NA,NA,NA,Y,4,0,2,2,A,-,12,21453,A,N,D,C,A,A,H,-,C,A,0,NA,NA,NA,NA,Y,NA,-,-,0,0,2,0,0,0,0,0,0,-,-,NA,NA,LOS ANGELES,LOS ANGELES,-118.28678006,34.07347002
6790045,2015,2015-02-24,1912,2015-01-13,0835,12104,NA,2,5,6,1912,0,0,0,NA,0,NA,GLENOAKS BL,KEELER ST,0,NA,Y,A,-,N,NA,NA,NA,NA,NA,NA,NA,NA,NA,Y,4,0,2,2,A,-,09,21802,A,N,D,C,A,A,H,-,A,A,0,NA,NA,NA,NA,Y,NA,A,01,0,0,2,0,0,0,0,0,0,-,-,NA,NA,LOS ANGELES,BURBANK,-118.32729012,34.1985701
6790047,2015,2016-10-12,9530,2015-01-09,1759,17755,NA,5,2,5,1943,0,1,1,NA,2,210,RT 105,LONG BEACH BL,1584,E,N,A,-,Y,LA,7,105,-,R,11.92,H,-,W,Y,4,0,2,2,A,-,03,22350,NA,N,C,C,A,A,H,-,B,D,6,NA,NA,NA,NA,Y,NA,A,01,0,0,2,0,0,0,0,0,0,-,-,33.92142,-118.20148,LOS ANGELES,LYNWOOD,-118.20414995,33.92254794
6790048,2015,2016-09-08,1900,2015-01-09,1756,520726,0531,5,5,5,1959,0,0,0,NA,0,53T1PM,RT 164,VALLEY BL,120,S,N,A,-,Y,LA,7,164,-,-,6.2,H,-,N,N,4,0,1,2,A,-,11,21954,A,N,G,B,C,A,H,-,C,A,0,Y,NA,NA,NA,Y,NA,N,60,0,0,1,0,1,0,0,0,0,-,-,NA,NA,LOS ANGELES,ROSEMEAD,-118.07312697,34.08056602
6790049,2015,2015-02-24,1912,2015-01-12,1156,11822,NA,1,5,6,1912,0,0,0,NA,0,NA,HOLLYWOOD WY,VERDUGO AV,0,NA,Y,A,-,N,NA,NA,NA,NA,NA,NA,NA,NA,NA,Y,4,0,1,2,A,-,03,22350,NA,N,C,C,A,A,H,-,A,A,0,NA,NA,NA,NA,Y,NA,A,01,0,0,1,0,0,0,0,0,0,-,-,NA,NA,LOS ANGELES,BURBANK,-118.34364013,34.16101003
6790051,2015,2015-02-20,9530,2015-01-06,1755,18200,NA,2,2,9,1900,0,3,5,NA,2,001,HOLMES AV,FLORENCE AV,0,NA,Y,A,-,N,NA,NA,NA,NA,NA,NA,NA,NA,NA,Y,4,0,1,2,A,-,12,21453,A,N,D,C,A,A,H,-,C,A,0,NA,NA,NA,NA,Y,NA,A,01,0,0,1,0,0,0,0,0,0,-,-,33.975,-118.241,LOS ANGELES,UNINCORPORATED,-118.2412601,33.97473004
6790052,2015,2015-02-20,1900,2015-01-06,0750,516682,0531,2,5,5,1959,0,0,0,NA,0,53ADAY,MUSCATEL AV,NEVADA AV,0,NA,Y,A,-,N,NA,NA,NA,NA,NA,NA,NA,NA,NA,N,4,0,1,2,A,-,08,22107,NA,N,A,C,A,-,H,-,A,D,0,NA,NA,NA,NA,Y,NA,A,07,0,0,1,0,0,0,0,0,0,-,-,NA,NA,LOS ANGELES,ROSEMEAD,-118.07755009,34.07917011
6790055,2015,2015-02-20,9530,2015-01-05,1020,18385,NA,1,1,9,1900,0,3,5,NA,2,003,GIBSON AV,SAN VINCENTE ST,75,N,N,A,-,N,NA,NA,NA,NA,NA,NA,NA,NA,NA,Y,4,0,1,1,A,-,08,22107,NA,N,E,I,A,A,H,-,A,D,0,NA,NA,NA,NA,Y,NA,A,01,0,0,1,0,0,0,0,0,0,-,-,33.8993,-118.19103,LOS ANGELES,UNINCORPORATED,-118.18928041,33.89972549
6790056,2015,2016-09-08,1900,2015-01-09,1457,531916,0531,5,5,5,1959,0,0,0,NA,0,55T1PM,RT 164,RALPH ST,129,N,N,A,-,Y,LA,7,164,-,-,6.02,H,-,S,N,4,0,1,3,A,-,03,22350,NA,N,C,C,A,A,H,-,A,D,0,NA,NA,NA,NA,Y,NA,A,01,0,0,1,0,0,0,0,0,0,-,-,NA,NA,LOS ANGELES,ROSEMEAD,-118.07320794,34.07796426
6790059,2015,2015-02-20,9530,2015-01-09,1205,20665,NA,5,1,9,1900,0,3,5,NA,2,002,WILLOWBROOK AV,STOCKWELL ST,0,NA,Y,A,-,N,NA,NA,NA,NA,NA,NA,NA,NA,NA,N,4,0,1,2,A,-,12,21453,A,F,D,C,A,A,H,-,A,A,0,NA,NA,NA,NA,Y,NA,-,99,0,0,1,0,0,0,0,0,0,-,-,33.9108,-118.229,LOS ANGELES,UNINCORPORATED,-118.22884011,33.91083012
6790063,2015,2016-09-19,9530,2015-01-13,1750,20364,NA,2,2,6,1972,0,1,1,NA,2,400,RT 405,WESTERN AV,820,S,N,A,-,Y,LA,7,405,-,-,14.24,H,-,N,N,4,0,1,2,A,-,03,22350,NA,F,C,C,A,A,H,-,C,-,1,NA,NA,NA,NA,Y,NA,-,99,0,0,1,0,0,0,0,0,0,-,-,33.51252,-118.18173,LOS ANGELES,TORRANCE,-118.30610663,33.8599107
6790067,2015,2016-09-23,9530,2015-01-11,1045,20331,NA,7,1,7,1942,0,1,1,NA,2,120,RT 110,RT 405,200,N,N,C,-,Y,LA,7,110,-,-,8.84,H,-,S,N,4,0,1,3,A,-,03,22350,NA,N,D,C,A,B,H,-,A,D,1,NA,NA,NA,NA,Y,NA,A,01,0,0,1,0,0,0,0,0,0,-,-,33.51283,-118.17524,LOS ANGELES,LOS ANGELES,-118.28474974,33.85797005
6790071,2015,2016-10-12,9530,2015-01-08,0920,18594,NA,4,1,7,1942,0,1,1,NA,2,200,RT 105,VERMONT AV,1056,E,N,A,-,Y,LA,7,105,-,R,6.97,H,-,W,N,4,0,1,4,A,-,03,22350,NA,F,C,C,A,A,H,-,A,D,1,NA,NA,NA,NA,Y,NA,A,01,0,0,1,0,0,0,0,0,0,-,-,33.92904,-118.28348,LOS ANGELES,LOS ANGELES,-118.28789927,33.92886158
6790079,2015,2016-10-17,9530,2015-01-12,0840,18385,NA,1,1,7,1941,0,1,3,NA,2,320,RT 91,LONG BEACH BL,100,E,N,B,-,Y,LA,7,91,-,R,11.16,H,-,W,N,4,0,1,2,A,-,03,22350,NA,N,C,C,A,A,H,-,A,D,1,NA,NA,NA,NA,Y,NA,A,01,0,0,1,0,0,0,0,0,0,-,-,33.87287,-118.20287,LOS ANGELES,LONG BEACH,-118.20156374,33.87284586
6790084,2015,2015-02-20,1942,2015-01-04,1800,39299,0852,7,5,7,1942,0,0,0,H,0,7TL23,BARRINGTON AV,OHIO AV,30,N,N,A,-,N,NA,NA,NA,NA,NA,NA,NA,NA,NA,Y,4,0,2,3,A,-,01,23152,A,N,C,C,A,A,H,-,C,D,0,NA,NA,NA,NA,Y,Y,A,01,0,0,2,0,0,0,0,0,0,-,-,NA,NA,LOS ANGELES,LOS ANGELES,-118.45669723,34.0444771
6790088,2015,2015-02-20,1942,2015-01-01,1410,40452,0833,4,5,7,1942,0,0,0,H,0,7T38,WESTWOOD BL,WILKINS AV,0,NA,Y,A,-,N,NA,NA,NA,NA,NA,NA,NA,NA,NA,Y,4,0,1,2,A,-,12,21453,A,N,D,C,A,A,H,-,A,A,0,NA,NA,NA,NA,Y,NA,A,07,0,0,1,0,0,0,0,0,0,-,-,NA,NA,LOS ANGELES,LOS ANGELES,-118.44176004,34.05531002
6790092,2015,2015-02-20,1942,2015-01-03,2220,25495,0822,6,5,7,1942,0,0,0,H,0,7TL23,MARQUEZ PL,SUNSET BL,300,E,N,A,-,N,NA,NA,NA,NA,NA,NA,NA,NA,NA,Y,3,0,1,1,C,-,18,NA,NA,N,E,I,A,A,H,-,C,D,0,NA,NA,NA,NA,Y,Y,-,-,0,1,0,0,0,0,0,0,0,-,-,NA,NA,LOS ANGELES,LOS ANGELES,-118.54844256,34.04139
6790096,2015,2015-03-03,1942,2015-01-03,0130,39022,0808,6,5,7,1942,0,0,0,H,0,14T47,BENEDICT CANYON DR,MULHOLLAND DR,1000,S,N,A,-,N,NA,NA,NA,NA,NA,NA,NA,NA,NA,Y,4,0,2,2,D,-,00,NA,NA,N,B,C,A,A,H,-,C,D,0,NA,NA,NA,NA,Y,Y,-,-,0,0,2,0,0,0,0,0,0,-,-,NA,NA,LOS ANGELES,LOS ANGELES,-118.43620748,34.12932748
6790100,2015,2015-02-20,1942,2015-01-03,1155,35945,0881,6,5,7,1942,0,0,0,H,0,20T59,BUNDY DR,MISSOURI AV,160,N,N,A,-,N,NA,NA,NA,NA,NA,NA,NA,NA,NA,Y,3,0,1,2,A,-,08,21460,5,N,D,C,A,A,H,-,A,A,0,NA,NA,NA,NA,Y,NA,A,01,0,1,0,0,0,0,0,0,0,-,-,NA,NA,LOS ANGELES,LOS ANGELES,-118.45744749,34.03556634
6790104,2015,2015-02-20,1942,2015-01-06,1420,38380,0881,2,5,7,1942,0,0,0,H,0,8TL26,MISSISSIPPI AV,BARRINGTON AV,0,NA,Y,A,-,N,NA,NA,NA,NA,NA,NA,NA,NA,NA,N,4,0,1,2,A,-,12,21453,A,N,D,G,A,A,H,-,A,A,0,NA,Y,NA,NA,Y,NA,L,04,0,0,1,0,0,0,1,0,0,-,-,NA,NA,LOS ANGELES,LOS ANGELES,-118.44904004,34.03563009
6790108,2015,2015-02-20,1942,2015-01-07,1215,37438,0817,3,5,7,1942,0,0,0,H,0,14T49,WESTWOOD BL,WEYBURN AV,0,NA,Y,A,-,N,NA,NA,NA,NA,NA,NA,NA,NA,NA,Y,4,0,1,3,A,-,09,21801,A,N,D,C,A,A,H,-,A,A,0,NA,NA,NA,NA,Y,NA,A,07,0,0,1,0,0,0,0,0,0,-,-,NA,NA,LOS ANGELES,LOS ANGELES,-118.4454401,34.0625701
6790112,2015,2015-02-20,1942,2015-01-05,1645,41491,0847,1,5,7,1942,0,0,0,H,0,8A12,OLYMPIC BL,PROSSER AV,0,NA,Y,A,-,N,NA,NA,NA,NA,NA,NA,NA,NA,NA,Y,4,0,2,2,A,-,09,21801,A,N,A,C,A,-,-,-,B,A,0,NA,NA,NA,NA,Y,NA,A,01,0,0,2,0,0,0,0,0,0,-,-,NA,NA,LOS ANGELES,LOS ANGELES,-118.4246001,34.04808001
6790116,2015,2015-02-20,1942,2015-01-05,1320,41491,0829,1,5,7,1942,0,0,0,H,0,8A12,WILSHIRE BL,WARNER AV,0,NA,Y,A,-,N,NA,NA,NA,NA,NA,NA,NA,NA,NA,NA,3,0,3,2,A,-,12,21453,A,N,D,C,A,-,-,-,-,A,0,NA,NA,NA,NA,Y,NA,A,01,0,1,2,0,0,0,0,0,0,-,-,NA,NA,LOS ANGELES,LOS ANGELES,-118.4321501,34.06429003
6790120,2015,2015-02-20,1972,2015-01-10,1327,17649,NA,6,5,6,1972,0,0,0,NA,0,NA,PRAIRIE AV,DEL AMO BL,100,N,N,C,-,N,NA,NA,NA,NA,NA,NA,NA,NA,NA,Y,4,0,1,1,A,-,03,22350,NA,N,A,I,A,B,H,-,A,A,0,NA,NA,NA,NA,Y,NA,A,NA,0,0,1,0,0,0,0,0,0,-,-,NA,NA,LOS ANGELES,TORRANCE,-118.34534741,33.84885421
6790123,2015,2016-09-08,1942,2015-01-03,1245,37700,1455,6,5,7,1942,0,0,0,N,0,14TL52,CENTINELLA AV,RT 90,0,NA,Y,A,-,Y,LA,7,90,-,R,1.888,R,4,E,Y,4,0,3,2,D,-,00,NA,NA,N,A,C,A,A,H,-,A,A,0,NA,NA,NA,NA,Y,NA,-,-,0,0,3,0,0,0,0,0,0,-,-,NA,NA,LOS ANGELES,LOS ANGELES,-118.41183145,33.98675916
6790124,2015,2015-02-20,1972,2015-01-10,1210,14197,NA,6,5,6,1972,0,0,0,NA,0,NA,SEPULVEDA BL,HICKORY ST,155,E,N,C,-,N,NA,NA,NA,NA,NA,NA,NA,NA,NA,Y,4,0,1,2,A,-,09,21804,A,N,D,C,A,B,H,-,A,A,0,NA,NA,NA,NA,Y,NA,A,NA,0,0,1,0,0,0,0,0,0,-,-,NA,NA,LOS ANGELES,TORRANCE,-118.33402466,33.82300093
6790128,2015,2016-09-08,1972,2015-01-09,0820,14197,NA,5,5,6,1972,0,0,0,NA,0,NA,HAWTHORN BL,DEL AMO,175,N,N,A,-,Y,LA,7,107,-,-,3.04,H,-,S,N,4,0,2,3,A,-,03,22350,NA,N,C,C,A,A,H,-,A,A,0,NA,NA,NA,Y,Y,NA,F,NA,0,0,2,0,0,0,0,0,0,-,-,NA,NA,LOS ANGELES,TORRANCE,-118.35383987,33.84901855
6790131,2015,2015-02-20,1942,2015-01-04,2114,39746,1456,7,5,7,1942,0,0,0,N,0,14T47,CULVER BL,INGLEWOOD BL,0,NA,Y,A,-,N,NA,NA,NA,NA,NA,NA,NA,NA,NA,Y,3,0,1,2,A,-,09,21802,A,M,D,C,A,A,H,-,C,A,0,NA,NA,NA,NA,Y,Y,A,07,0,1,0,0,0,0,0,0,0,-,-,NA,NA,LOS ANGELES,LOS ANGELES,-118.41808002,33.99503
6790132,2015,2015-02-20,1972,2015-01-08,1812,19522,NA,4,5,6,1972,0,0,0,NA,0,NA,CRENSHAW BL,PARK DEL AMO,0,NA,Y,A,-,N,NA,NA,NA,NA,NA,NA,NA,NA,NA,N,4,0,1,2,A,-,09,21801,A,N,D,C,A,A,H,-,C,A,0,NA,NA,NA,NA,Y,NA,A,NA,0,0,1,0,0,0,0,0,0,-,-,NA,NA,LOS ANGELES,TORRANCE,-118.32854006,33.82499011
6790135,2015,2015-02-20,1942,2015-01-04,2115,39746,1456,7,5,7,1942,0,0,0,N,0,14T47,INGLEWOOD BL,CULVER BL,0,NA,N,A,-,N,NA,NA,NA,NA,NA,NA,NA,NA,NA,Y,3,0,1,6,A,-,01,23152,A,N,B,E,A,A,H,-,D,D,0,NA,NA,NA,NA,Y,Y,A,07,0,1,0,0,0,0,0,0,0,-,-,NA,NA,LOS ANGELES,LOS ANGELES,-118.41808002,33.99503
6790136,2015,2016-09-08,1972,2015-01-08,0815,17616,NA,4,5,6,1972,0,0,0,NA,0,NA,HAWTHORNE,SEPULVEDA,300,N,N,A,-,Y,LA,7,107,-,-,1.47,H,-,S,Y,4,0,1,3,A,-,03,22350,NA,N,C,C,A,A,H,-,A,A,0,NA,NA,NA,NA,Y,NA,A,NA,0,0,1,0,0,0,0,0,0,-,-,NA,NA,LOS ANGELES,TORRANCE,-118.35178378,33.82642551
6790139,2015,2015-02-20,1942,2015-01-08,1035,32896,1488,4,5,7,1942,0,0,0,N,0,14TL47,AIRPORT BL,96TH ST,0,NA,Y,A,-,N,NA,NA,NA,NA,NA,NA,NA,NA,NA,Y,4,0,2,2,A,-,12,21453,A,N,D,C,A,A,H,-,A,A,0,NA,NA,NA,NA,Y,NA,A,01,0,0,2,0,0,0,0,0,0,-,-,NA,NA,LOS ANGELES,LOS ANGELES,-118.38594006,33.94942007
6790140,2015,2015-02-20,1972,2015-01-07,0845,15554,NA,3,5,6,1972,0,0,0,NA,0,NA,182ND,AMIE,0,NA,Y,A,-,N,NA,NA,NA,NA,NA,NA,NA,NA,NA,Y,3,0,1,2,A,-,09,21802,A,N,D,C,A,A,H,-,A,D,0,NA,NA,NA,NA,Y,NA,A,NA,0,1,0,0,0,0,0,0,0,-,-,NA,NA,LOS ANGELES,TORRANCE,-118.34814007,33.86556002
6790143,2015,2015-02-20,1942,2015-01-09,1625,36553,1469,5,5,7,1942,0,0,0,N,0,14TL52,CENTINELA AV,GREEN VALLEY CIR,575,S,N,A,-,N,NA,NA,NA,NA,NA,NA,NA,NA,NA,N,4,0,2,2,A,-,09,21804,A,N,D,C,A,A,H,-,A,D,0,NA,NA,NA,NA,Y,NA,A,01,0,0,2,0,0,0,0,0,0,-,-,NA,NA,LOS ANGELES,LOS ANGELES,-118.38478989,33.97661951
6790144,2015,2015-02-20,1972,2015-01-06,1419,18750,NA,2,5,6,1972,0,0,0,NA,0,NA,LOMITA BL,TELO AV,0,NA,Y,A,-,N,NA,NA,NA,NA,NA,NA,NA,NA,NA,N,4,0,1,3,A,-,09,21802,A,N,D,C,A,A,H,-,A,A,0,NA,NA,NA,NA,Y,NA,A,NA,0,0,1,0,0,0,0,0,0,-,-,NA,NA,LOS ANGELES,TORRANCE,-118.33930001,33.81073009