CASE_ID,ACCIDENT_YEAR,PROC_DATE,JURIS,COLLISION_DATE,COLLISION_TIME,OFFICER_ID,REPORTING_DISTRICT,DAY_OF_WEEK,CHP_SHIFT,POPULATION,CNTY_CITY_LOC,SPECIAL_COND,BEAT_TYPE,CHP_BEAT_TYPE,CITY_DIVISION_LAPD,CHP_BEAT_CLASS,BEAT_NUMBER,PRIMARY_RD,SECONDARY_RD,DISTANCE,DIRECTION,INTERSECTION,WEATHER_1,WEATHER_2,STATE_HWY_IND,CALTRANS_COUNTY,CALTRANS_DISTRICT,STATE_ROUTE,ROUTE_SUFFIX,POSTMILE_PREFIX,POSTMILE,LOCATION_TYPE,RAMP_INTERSECTION,SIDE_OF_HWY,TOW_AWAY,COLLISION_SEVERITY,NUMBER_KILLED,NUMBER_INJURED,PARTY_COUNT,PRIMARY_COLL_FACTOR,PCF_CODE_OF_VIOL,PCF_VIOL_CATEGORY,PCF_VIOLATION,PCF_VIOL_SUBSECTION,HIT_AND_RUN,TYPE_OF_COLLISION,MVIW,PED_ACTION,ROAD_SURFACE,ROAD_COND_1,ROAD_COND_2,LIGHTING,CONTROL_DEVICE,CHP_ROAD_TYPE,PEDESTRIAN_ACCIDENT,BICYCLE_ACCIDENT,MOTORCYCLE_ACCIDENT,TRUCK_ACCIDENT,NOT_PRIVATE_PROPERTY,ALCOHOL_INVOLVED,STWD_VEHTYPE_AT_FAULT,CHP_VEHTYPE_AT_FAULT,COUNT_SEVERE_INJ,COUNT_VISIBLE_INJ,COUNT_COMPLAINT_PAIN,COUNT_PED_KILLED,COUNT_PED_INJURED,COUNT_BICYCLIST_KILLED,COUNT_BICYCLIST_INJURED,COUNT_MC_KILLED,COUNT_MC_INJURED,PRIMARY_RAMP,SECONDARY_RAMP,LATITUDE,LONGITUDE,COUNTY,CITY,POINT_X,POINT_Y
6790147,2015,2015-02-20,1942,2015-01-05,1820,38799,1467,1,5,7,1942,0,0,0,N,0,14A12W,SEPULVEDA BL,W 76TH ST,0,NA,Y,A,-,N,NA,NA,NA,NA,NA,NA,NA,NA,NA,Y,4,0,2,3,A,-,09,21801,A,N,A,C,A,A,H,-,C,A,0,NA,NA,NA,NA,Y,NA,A,07,0,0,2,0,0,0,0,0,0,-,-,NA,NA,LOS ANGELES,LOS ANGELES,-118.39494,33.97169
6790151,2015,2015-02-20,1942,2015-01-11,1705,34959,1441,7,5,7,1942,0,0,0,N,0,8T26,WASHINGTON BL,BEACH AV,0,NA,Y,A,-,N,NA,NA,NA,NA,NA,NA,NA,NA,NA,N,4,0,1,2,A,-,04,21703,NA,N,C,C,A,A,H,-,A,D,0,NA,NA,NA,NA,Y,NA,A,01,0,0,1,0,0,0,0,0,0,-,-,NA,NA,LOS ANGELES,LOS ANGELES,-118.46042008,33.98301003
6790155,2015,2015-02-20,1942,2015-01-10,1535,R6386,1412,6,5,7,1942,0,0,0,N,0,34TF34,ROSE AV,PACIFIC AV,0,NA,Y,C,-,N,NA,NA,NA,NA,NA,NA,NA,NA,NA,N,4,0,1,2,A,-,08,22107,NA,N,D,C,A,B,H,-,A,A,0,NA,NA,NA,NA,Y,NA,A,01,0,0,1,0,0,0,0,0,0,-,-,NA,NA,LOS ANGELES,LOS ANGELES,-118.4786201,33.99567006
6790159,2015,2015-02-20,1942,2015-01-07,1755,36589,1445,3,5,7,1942,0,0,0,N,0,20TL56,VENICE BL,BOISE AV,108,W,N,A,-,N,NA,NA,NA,NA,NA,NA,NA,NA,NA,Y,3,0,2,2,A,-,03,22350,NA,N,C,C,A,A,H,-,C,D,0,NA,NA,NA,NA,Y,NA,A,01,0,1,1,0,0,0,0,0,0,-,-,NA,NA,LOS ANGELES,LOS ANGELES,-118.43667496,34.00220752
6790161,2015,2016-10-27,1967,2015-01-04,1730,40017,973,7,5,2,1967,0,0,0,NA,0,SOUTH,OBISPO AV,RT 1,60,N,N,A,-,Y,LA,7,1,-,-,4.261,I,6,N,Y,4,0,1,2,A,-,01,23153,A,F,C,C,A,A,H,-,C,A,0,NA,NA,NA,NA,Y,Y,A,01,0,0,1,0,0,0,0,0,0,-,-,NA,NA,LOS ANGELES,SIGNAL HILL,-118.15457162,33.78991357
6790255,2014,2015-07-22,1925,2014-12-02,1918,21606,218,2,5,6,1925,0,0,0,NA,0,003,PACIFIC,ROCK GLEN AV,0,NA,Y,C,-,N,NA,NA,NA,NA,NA,NA,NA,NA,NA,N,3,0,1,2,A,-,-,NA,NA,M,G,B,B,B,H,-,C,A,0,Y,NA,NA,NA,Y,Y,A,NA,0,1,0,0,1,0,0,0,0,-,-,NA,NA,LOS ANGELES,GLENDALE,NA,NA
6790284,2014,2015-07-23,1925,2014-12-10,0754,24920,203,3,5,6,1925,0,0,0,NA,0,001,WESTERN AV,VICTORY BL,77,S,N,A,-,N,NA,NA,NA,NA,NA,NA,NA,NA,NA,N,4,0,1,3,A,-,08,22107,NA,N,D,C,A,A,H,-,A,D,0,NA,NA,NA,NA,Y,NA,A,01,0,0,1,0,0,0,0,0,0,-,-,NA,NA,LOS ANGELES,GLENDALE,-118.30036646,34.16098048
6790292,2014,2015-07-21,1925,2014-12-24,1059,21995,218,3,5,6,1925,0,0,0,NA,0,002,PACIFIC AV,WILSON AV,55,S,N,A,-,N,NA,NA,NA,NA,NA,NA,NA,NA,NA,N,4,0,1,3,A,-,03,22350,NA,N,C,C,A,A,H,-,A,A,0,NA,NA,NA,NA,Y,NA,A,01,0,0,1,0,0,0,0,0,0,-,-,NA,NA,LOS ANGELES,GLENDALE,-118.26450655,34.14785926
6790347,2014,2015-09-10,1925,2014-12-16,2307,21606,249,2,5,6,1925,0,0,0,NA,0,003,KENWOOD,HARVARD,61,S,N,A,-,N,NA,NA,NA,NA,NA,NA,NA,NA,NA,Y,4,0,1,4,A,-,01,23152,NA,M,B,-,A,A,H,-,C,D,0,NA,NA,NA,NA,Y,Y,A,NA,0,0,1,0,0,0,0,0,0,-,-,NA,NA,LOS ANGELES,GLENDALE,-118.25133819,34.14429272
6790402,2014,2015-07-28,1942,2014-12-27,1450,40697,0316,6,5,7,1942,0,0,0,C,0,18T23,GAFFEY ST,4TH ST,12,N,N,A,-,N,NA,NA,NA,NA,NA,NA,NA,NA,NA,N,4,0,2,2,A,-,-,NA,NA,N,C,C,A,A,H,-,A,D,0,NA,NA,NA,NA,Y,NA,A,01,0,0,2,0,0,0,0,0,0,-,-,NA,NA,LOS ANGELES,LOS ANGELES,-118.29232,33.74065291
6790407,2014,2015-02-24,1925,2014-12-01,1016,21995,225,1,5,6,1925,0,0,0,NA,0,002,CENTRAL AV,WILSON AV,0,NA,Y,A,-,N,NA,NA,NA,NA,NA,NA,NA,NA,NA,Y,4,0,3,2,A,-,12,21453,A,N,D,C,A,A,H,-,A,A,0,NA,NA,NA,NA,Y,NA,A,01,0,0,3,0,0,0,0,0,0,-,-,NA,NA,LOS ANGELES,GLENDALE,-118.25791001,34.14803005
6790411,2014,2015-02-11,1925,2014-12-01,0728,20089,239,1,5,6,1925,0,0,0,NA,0,004,WILSON AV,VERDUGO RD,0,NA,Y,A,-,N,NA,NA,NA,NA,NA,NA,NA,NA,NA,N,3,0,1,2,A,-,10,21950,A,N,G,B,B,B,H,-,A,A,0,Y,NA,NA,NA,Y,NA,A,07,0,1,0,0,1,0,0,0,0,-,-,NA,NA,LOS ANGELES,GLENDALE,-118.23556004,34.14806009
6790412,2014,2015-02-11,1942,2014-12-30,1150,33340,1669,2,5,7,1942,0,0,0,P,0,16T24,FOOTHILL BL,PALI AV,269,W,N,B,-,N,NA,NA,NA,NA,NA,NA,NA,NA,NA,N,4,0,1,3,A,-,04,21703,NA,N,C,C,A,A,H,-,A,D,0,NA,NA,NA,NA,Y,NA,A,01,0,0,1,0,0,0,0,0,0,-,-,NA,NA,LOS ANGELES,LOS ANGELES,-118.27122144,34.24357173
6790416,2014,2015-02-11,1942,2014-12-25,1930,39493,1521,4,5,7,1942,0,0,0,O,0,15A21,LONGRIDGE AV,VANOWEN ST,450,N,N,A,-,N,NA,NA,NA,NA,NA,NA,NA,NA,NA,N,4,0,1,2,A,-,09,21804,A,F,D,C,A,A,H,-,D,D,0,NA,NA,NA,NA,Y,NA,A,07,0,0,1,0,0,0,0,0,0,-,-,NA,NA,LOS ANGELES,LOS ANGELES,-118.42146767,34.19517428
6790419,2014,2015-02-11,1925,2014-12-02,1959,24819,241,2,5,6,1925,0,0,0,NA,0,003,COLORADO ST,LINCOLN AV,15,E,N,B,C,N,NA,NA,NA,NA,NA,NA,NA,NA,NA,Y,4,0,1,2,A,-,03,22350,NA,N,C,C,A,B,H,-,C,D,0,NA,NA,NA,NA,Y,NA,A,01,0,0,1,0,0,0,0,0,0,-,-,NA,NA,LOS ANGELES,GLENDALE,-118.22947055,34.14276137
6790420,2014,2016-03-11,1900,2014-12-27,2010,405645,2310,6,5,5,1919,0,0,0,NA,0,230T,STUDEBAKER RD,RT 91,517,S,N,A,-,N,NA,NA,NA,NA,NA,NA,NA,NA,NA,N,4,0,1,2,A,-,04,21703,NA,M,C,C,A,A,H,-,C,A,0,NA,NA,NA,NA,Y,NA,A,01,0,0,1,0,0,0,0,0,0,-,WF,NA,NA,LOS ANGELES,CERRITOS,-118.09983,33.87506254
6790424,2014,2015-02-11,1900,2014-12-30,1935,525141,2317,2,5,5,1919,0,0,0,NA,0,230T,TOWNE CENTER DR,BLOOMFIELD AV,361,E,N,C,-,N,NA,NA,NA,NA,NA,NA,NA,NA,NA,Y,4,0,1,2,A,-,-,NA,NA,N,A,C,A,B,H,-,C,A,0,NA,NA,NA,NA,Y,NA,A,01,0,0,1,0,0,0,0,0,0,-,-,NA,NA,LOS ANGELES,CERRITOS,-118.06255336,33.8704
6790443,2014,2015-02-11,1925,2014-12-16,2306,21606,283,2,5,6,1925,0,0,0,NA,0,003,CHEVY CHASE,MARIPOSA,0,NA,Y,C,-,N,NA,NA,NA,NA,NA,NA,NA,NA,NA,Y,2,0,2,2,A,-,09,21802,A,N,D,C,A,B,H,-,C,D,0,NA,NA,NA,NA,Y,NA,A,NA,1,0,1,0,0,0,0,0,0,-,-,NA,NA,LOS ANGELES,GLENDALE,-118.25058004,34.1335401
6790447,2014,2015-02-18,1925,2014-12-16,1238,24347,126,2,5,6,1925,0,0,0,NA,0,005,HONOLULU AV,HONOLULU AV 2818,0,NA,-,C,-,N,NA,NA,NA,NA,NA,NA,NA,NA,NA,Y,4,0,1,1,A,-,03,22350,NA,N,E,I,A,B,H,-,A,D,0,NA,NA,NA,NA,Y,NA,-,-,0,0,1,0,0,0,0,0,0,-,-,NA,NA,LOS ANGELES,GLENDALE,-118.240592,34.21183
6790450,2014,2015-07-28,1942,2014-12-22,1740,38492,0332,1,5,7,1942,0,0,0,C,0,3A15,JEFFERSON BL,POTOMAC AV,0,NA,Y,A,-,N,NA,NA,NA,NA,NA,NA,NA,NA,NA,N,3,0,1,2,A,-,10,21950,A,N,G,B,B,A,H,-,C,D,0,Y,NA,NA,NA,Y,NA,A,01,0,1,0,0,1,0,0,0,0,-,-,NA,NA,LOS ANGELES,LOS ANGELES,-118.34396012,34.02555001
6790451,2014,2015-02-18,1925,2014-12-10,1753,24920,272,3,5,6,1925,0,0,0,NA,0,002,S COLUMBUS AV,W WINDSOR,9,S,N,A,-,N,NA,NA,NA,NA,NA,NA,NA,NA,NA,N,3,0,1,2,A,-,09,21802,A,N,B,G,A,A,H,-,C,D,0,NA,Y,NA,NA,Y,Y,-,NA,0,1,0,0,0,0,1,0,0,-,-,NA,NA,LOS ANGELES,GLENDALE,-118.26076,34.13660532
6790455,2014,2015-02-11,1925,2014-12-18,0606,24345,248,4,5,6,1925,0,0,0,NA,0,003,COLORADO ST,LOUISE ST,76,E,N,A,-,N,NA,NA,NA,NA,NA,NA,NA,NA,NA,Y,3,0,1,1,A,-,08,22107,NA,N,E,I,A,A,H,-,C,A,0,NA,NA,NA,NA,Y,NA,A,01,0,1,0,0,0,0,0,0,0,-,-,NA,NA,LOS ANGELES,GLENDALE,-118.25234934,34.14260196
6790459,2014,2015-02-11,1925,2014-12-22,1218,21601,282,1,5,6,1925,0,0,0,NA,0,003,GLENDALE AV,PALMER AV,0,NA,Y,A,-,N,NA,NA,NA,NA,NA,NA,NA,NA,NA,N,4,0,1,2,A,-,09,21801,A,N,D,C,A,A,H,-,A,A,0,NA,NA,NA,NA,Y,NA,A,01,0,0,1,0,0,0,0,0,0,-,-,NA,NA,LOS ANGELES,GLENDALE,-118.25219004,34.13225005
6790463,2014,2015-02-11,1925,2014-12-30,1127,22458,222,2,5,6,1925,0,0,0,NA,0,004,CENTRAL AV,LEXINGTON DR,0,NA,Y,A,-,N,NA,NA,NA,NA,NA,NA,NA,NA,NA,N,4,0,1,2,A,-,10,21950,A,N,G,B,B,A,H,-,A,A,0,Y,NA,NA,NA,Y,NA,A,01,0,0,1,0,1,0,0,0,0,-,-,NA,NA,LOS ANGELES,GLENDALE,-118.25791005,34.15170005
6790465,2014,2015-08-05,1942,2014-12-17,0810,40697,1283,3,5,7,1942,0,0,0,L,0,12T41,CENTURY BL,VAN NESS,0,NA,Y,A,-,N,NA,NA,NA,NA,NA,NA,NA,NA,NA,N,4,0,1,2,A,-,12,21453,A,N,D,C,A,B,H,-,A,A,0,NA,NA,NA,NA,Y,NA,-,-,0,0,1,0,0,0,0,0,0,-,-,NA,NA,LOS ANGELES,LOS ANGELES,-118.31772005,33.94546004
6790467,2014,2015-02-18,1925,2014-12-30,0616,24920,265,2,5,6,1925,0,0,0,NA,0,002,COLORADO ST,BRAND BL,0,NA,Y,A,-,N,NA,NA,NA,NA,NA,NA,NA,NA,NA,Y,3,0,1,2,A,-,12,21453,A,N,D,C,A,A,H,-,C,A,0,NA,NA,NA,NA,Y,NA,A,01,0,1,0,0,0,0,0,0,0,-,-,NA,NA,LOS ANGELES,GLENDALE,-118.25505004,34.1425601
6790481,2014,2015-02-06,1900,2014-12-27,1815,405645,2317,6,5,5,1919,0,0,0,NA,0,230T,TOWN CENTER DR,PARK PLAZA DR,228,N,N,A,-,N,NA,NA,NA,NA,NA,NA,NA,NA,NA,N,4,0,1,2,A,-,08,22107,NA,N,D,C,A,A,H,-,C,D,0,NA,NA,NA,NA,Y,NA,A,01,0,0,1,0,0,0,0,0,0,-,-,NA,NA,LOS ANGELES,CERRITOS,-118.06255,33.87028
6790482,2014,2015-02-06,1942,2014-12-16,1705,41586,0585,2,5,7,1942,0,0,0,E,0,NA,22ND ST,GRAND,70,E,N,B,-,N,NA,NA,NA,NA,NA,NA,NA,NA,NA,N,4,0,1,2,A,-,09,21804,A,N,D,G,A,B,H,-,C,D,0,NA,Y,NA,NA,Y,NA,L,04,0,0,1,0,0,0,1,0,0,-,-,NA,NA,LOS ANGELES,LOS ANGELES,-118.29002024,33.72425
6790485,2014,2015-02-06,1900,2014-12-24,1240,510585,2318,3,5,5,1919,0,0,0,NA,0,230T,BLOOMFIELD AV,166TH ST,0,NA,Y,A,-,N,NA,NA,NA,NA,NA,NA,NA,NA,NA,Y,4,0,1,2,A,-,09,21801,A,N,D,C,A,A,H,-,A,A,0,NA,NA,NA,NA,Y,NA,A,01,0,0,1,0,0,0,0,0,0,-,-,NA,NA,LOS ANGELES,CERRITOS,-118.06408003,33.88047007
6790486,2014,2015-02-06,1942,2014-12-21,0115,41407,526,7,5,7,1942,0,0,0,NA,0,5Z6,ANAHEIM ST,MARINE AV,135,E,N,A,-,N,NA,NA,NA,NA,NA,NA,NA,NA,NA,Y,3,0,1,1,A,-,01,23152,A,N,A,I,A,A,H,-,C,D,0,NA,NA,NA,NA,Y,Y,A,01,0,1,0,0,0,0,0,0,0,-,-,NA,NA,LOS ANGELES,LOS ANGELES,-118.26332772,33.77993602
6790489,2014,2015-02-06,1900,2014-12-27,1705,405645,2313,6,5,5,1919,0,0,0,NA,0,230T,SOUTH ST,ERIC AV,436,W,N,A,-,N,NA,NA,NA,NA,NA,NA,NA,NA,NA,N,4,0,1,2,A,-,04,21703,NA,N,C,C,A,A,H,-,C,A,0,NA,NA,NA,NA,Y,NA,A,01,0,0,1,0,0,0,0,0,0,-,-,NA,NA,LOS ANGELES,CERRITOS,-118.09485292,33.85833655
6790490,2014,2015-02-09,1942,2014-12-16,1845,40801,NA,2,5,7,1942,0,0,0,NA,0,LAPD,PACIFIC AV,NORTH,50,N,N,A,-,N,NA,NA,NA,NA,NA,NA,NA,NA,NA,NA,3,0,2,2,A,-,-,NA,NA,N,C,C,A,B,H,-,C,A,0,NA,NA,NA,NA,Y,NA,A,01,0,1,1,0,0,0,0,0,0,-,-,NA,NA,LOS ANGELES,LOS ANGELES,NA,NA
6790493,2014,2015-02-10,1900,2014-12-23,1655,525141,2318,2,5,5,1919,0,0,0,NA,0,230T,ARTESIA BL,NORWALK BL,0,NA,Y,A,-,N,NA,NA,NA,NA,NA,NA,NA,NA,NA,Y,4,0,2,4,A,-,12,21453,A,N,A,C,A,A,H,-,C,A,0,NA,NA,NA,NA,Y,NA,-,-,0,0,2,0,0,0,0,0,0,-,-,NA,NA,LOS ANGELES,CERRITOS,-118.07258008,33.87318005
6790494,2014,2015-02-06,1942,2014-12-20,1630,32129,0518,6,5,7,1942,0,0,0,E,0,5A1,E 246TH ST,LAKME AV,528,E,N,A,-,N,NA,NA,NA,NA,NA,NA,NA,NA,NA,N,4,0,1,3,A,-,21,22106,NA,N,H,C,A,A,H,-,A,D,0,NA,NA,Y,NA,Y,NA,A,01,0,0,1,0,0,0,0,0,1,-,-,NA,NA,LOS ANGELES,LOS ANGELES,-118.25953603,33.80249144
6790497,2014,2015-02-06,1900,2014-12-21,1730,288366,2310,7,5,5,1919,0,0,0,NA,0,230T,NORWALK BL,CEDARVALE ST,93,N,N,A,-,N,NA,NA,NA,NA,NA,NA,NA,NA,NA,N,4,0,1,3,A,-,07,21658,A,M,C,C,A,A,H,-,C,D,0,NA,NA,NA,NA,Y,NA,A,01,0,0,1,0,0,0,0,0,0,-,-,NA,NA,LOS ANGELES,CERRITOS,-118.0727544,33.88185498
6790498,2014,2015-02-06,1942,2014-12-30,0830,36754,0529,2,5,7,1942,0,0,0,E,0,3T5,SANFORD AV,ANAHEIM ST,22,N,N,A,-,N,NA,NA,NA,NA,NA,NA,NA,NA,NA,N,4,0,1,2,A,-,10,21950,A,N,D,B,B,A,H,-,A,A,0,Y,NA,NA,NA,Y,NA,A,01,0,0,1,0,1,0,0,0,0,-,-,NA,NA,LOS ANGELES,LOS ANGELES,-118.25074,33.78061
6790501,2014,2015-02-06,1900,2014-12-21,1907,520269,2311,7,5,5,1919,0,0,0,NA,0,230B,184TH ST,GRIDLEY RD,6,W,N,A,-,N,NA,NA,NA,NA,NA,NA,NA,NA,NA,N,4,0,1,2,A,-,05,21650,1,N,D,G,A,A,H,-,C,A,0,NA,Y,NA,NA,Y,NA,L,04,0,0,1,0,0,0,1,0,0,-,-,NA,NA,LOS ANGELES,CERRITOS,-118.09102,33.86423
6790502,2014,2015-02-06,1942,2014-12-31,1425,40059,0504,3,5,7,1942,0,0,0,E,0,5T21,NORMANDIE AV,196TH ST,0,NA,Y,A,-,N,NA,NA,NA,NA,NA,NA,NA,NA,NA,Y,4,0,1,2,A,-,09,21802,A,N,D,C,A,A,H,-,A,A,0,NA,NA,NA,NA,Y,NA,A,01,0,0,1,0,0,0,0,0,0,-,-,NA,NA,LOS ANGELES,LOS ANGELES,-118.29924008,33.8532001
6790505,2014,2015-02-06,1942,2014-12-30,0900,25839,0321,2,5,7,1942,0,0,0,C,0,5MG13,LA CIENEGA BL,CLEMSON ST,10,S,N,B,-,N,NA,NA,NA,NA,NA,NA,NA,NA,NA,Y,4,0,1,1,A,-,03,22350,NA,N,E,I,A,A,H,-,A,A,0,NA,NA,NA,NA,Y,NA,A,01,0,0,1,0,0,0,0,0,0,-,-,NA,NA,LOS ANGELES,LOS ANGELES,-118.37220215,34.02416263
6790506,2014,2015-02-06,1942,2014-12-30,0920,41059,0566,2,5,7,1942,0,0,0,E,0,18T23,PACIFIC AV,7TH ST,0,NA,Y,A,-,N,NA,NA,NA,NA,NA,NA,NA,NA,NA,Y,3,0,3,2,A,-,-,NA,NA,N,D,C,A,A,H,-,A,A,0,NA,NA,NA,NA,Y,NA,A,01,0,1,2,0,0,0,0,0,0,-,-,NA,NA,LOS ANGELES,LOS ANGELES,-118.28792008,33.73788004
6790509,2014,2015-02-06,1942,2014-12-20,1730,40802,0399,6,5,7,1942,0,0,0,C,0,3A58,FIGUEROA ST,43RD ST,0,NA,Y,A,-,N,NA,NA,NA,NA,NA,NA,NA,NA,NA,N,3,0,1,2,A,-,10,21950,A,N,G,B,B,A,H,-,C,A,0,Y,NA,NA,NA,Y,NA,A,01,0,1,0,0,1,0,0,0,0,-,-,NA,NA,LOS ANGELES,LOS ANGELES,-118.28274011,34.00558005
6790510,2014,2015-02-10,1942,2014-12-27,0905,38707,0513,6,5,7,1942,0,0,0,E,0,3T5,NORMANDIE AV,PACIFIC COAST HWY,0,NA,Y,A,-,Y,NA,NA,NA,NA,NA,NA,NA,NA,NA,N,4,0,2,2,A,-,12,21453,A,F,D,C,A,A,H,-,A,A,0,NA,NA,NA,NA,Y,NA,-,-,0,0,2,0,0,0,0,0,0,-,-,NA,NA,LOS ANGELES,LOS ANGELES,-118.29752009,33.78992004
6790513,2014,2015-02-06,1942,2014-12-23,2000,41567,0397,2,5,7,1942,0,0,0,C,0,3499,NORMANDIE AV,43RD ST,54,N,N,A,-,N,NA,NA,NA,NA,NA,NA,NA,NA,NA,Y,3,0,4,4,A,-,03,22350,NA,F,C,C,A,A,H,-,C,A,0,NA,NA,NA,NA,Y,NA,-,99,0,1,3,0,0,0,0,0,0,-,-,NA,NA,LOS ANGELES,LOS ANGELES,-118.3002,34.0056581
6790514,2014,2015-02-06,1942,2014-12-18,1825,40869,0566,4,5,7,1942,0,0,0,E,0,5TL25,PACIFIC AV,7TH ST,5,S,N,A,-,N,NA,NA,NA,NA,NA,NA,NA,NA,NA,N,2,0,1,2,A,-,09,21804,A,F,H,G,A,A,H,-,C,A,0,NA,Y,NA,NA,Y,NA,L,04,1,0,0,0,0,0,1,0,0,-,-,NA,NA,LOS ANGELES,LOS ANGELES,-118.28792029,33.73786629
6790517,2014,2015-02-06,1942,2014-12-23,2225,40237,0334,2,5,7,1942,0,0,0,C,0,3A31,JEFFERSON BL,CRENSHAW BL,50,W,N,A,-,N,NA,NA,NA,NA,NA,NA,NA,NA,NA,N,4,0,1,2,A,-,11,21954,A,N,G,B,D,A,H,-,C,A,0,Y,NA,NA,NA,Y,Y,N,60,0,0,1,0,1,0,0,0,0,-,-,NA,NA,LOS ANGELES,LOS ANGELES,-118.33527467,34.02557734
6790518,2014,2015-02-06,1942,2014-12-15,1740,39028,1259,1,5,7,1942,0,0,0,L,0,57L25,CENTRAL AV,78TH ST,47,S,N,A,-,N,NA,NA,NA,NA,NA,NA,NA,NA,NA,N,3,0,1,2,A,-,11,21954,A,N,G,B,C,A,H,-,C,A,0,Y,NA,NA,NA,Y,Y,N,60,0,1,0,0,1,0,0,0,0,-,-,NA,NA,LOS ANGELES,LOS ANGELES,-118.25642537,33.96834118
6790521,2014,2015-02-10,1942,2014-12-28,0150,39849,0332,7,5,7,1942,0,0,0,C,0,3A15,JEFFERSON BL,CHESAPEAKE AV,50,E,N,A,-,N,NA,NA,NA,NA,NA,NA,NA,NA,NA,Y,4,0,1,1,A,-,01,23152,A,N,E,I,A,A,H,-,C,D,0,NA,NA,NA,NA,Y,Y,A,01,0,0,1,0,0,0,0,0,0,-,-,NA,NA,LOS ANGELES,LOS ANGELES,-118.34484531,34.02554157
6790522,2014,2015-02-06,1942,2014-12-16,1250,37146,1266,2,5,7,1942,0,0,0,L,0,12TL41,81ST ST,HOOVER ST,0,NA,Y,B,-,N,NA,NA,NA,NA,NA,NA,NA,NA,NA,N,4,0,1,2,A,-,10,21950,A,N,G,B,B,B,H,-,A,A,0,Y,NA,NA,NA,Y,NA,A,01,0,0,1,0,1,0,0,0,0,-,-,NA,NA,LOS ANGELES,LOS ANGELES,-118.28712005,33.96549005
6790525,2014,2015-02-06,1942,2014-12-25,2140,39102,0395,4,5,7,1942,0,0,0,C,0,3A99,DENKER AV,W 42ND PL,0,NA,Y,A,-,N,NA,NA,NA,NA,NA,NA,NA,NA,NA,Y,3,0,2,2,A,-,12,22450,A,N,D,C,A,A,H,-,C,A,0,NA,NA,NA,NA,Y,NA,A,01,0,2,0,0,0,0,0,0,0,-,-,NA,NA,LOS ANGELES,LOS ANGELES,-118.30456003,34.00606003
6790526,2014,2015-02-09,1942,2014-12-17,1745,40869,1241,3,5,7,1942,0,0,0,L,0,12T73,60TH ST,10TH AV,0,NA,Y,-,-,N,NA,NA,NA,NA,NA,NA,NA,NA,NA,Y,4,0,1,4,A,-,09,21804,A,F,-,-,A,A,H,-,C,-,0,NA,NA,NA,NA,Y,NA,-,99,0,0,1,0,0,0,0,0,0,-,-,NA,NA,LOS ANGELES,LOS ANGELES,-118.32859002,33.98542007
6790529,2014,2015-02-06,1942,2014-12-22,0610,41604,0395,1,5,7,1942,0,0,0,C,0,12A53,WESTERN AV,VERNON AV,0,NA,Y,A,-,N,NA,NA,NA,NA,NA,NA,NA,NA,NA,N,4,0,1,2,A,-,12,21453,A,F,A,B,B,A,H,-,C,A,0,Y,NA,NA,NA,Y,NA,-,99,0,0,1,0,1,0,0,0,0,-,-,NA,NA,LOS ANGELES,LOS ANGELES,-118.30893003,34.00372009
6790530,2014,2015-02-09,1942,2014-12-17,1750,39028,1241,3,5,7,1942,0,0,0,L,0,12T73,60TH ST,10TH AV,34,E,N,A,-,N,NA,NA,NA,NA,NA,NA,NA,NA,NA,Y,4,0,1,3,A,-,03,22350,NA,F,-,C,-,A,H,-,C,-,0,Y,NA,NA,NA,Y,NA,-,99,0,0,1,0,1,0,0,0,0,-,-,NA,NA,LOS ANGELES,LOS ANGELES,-118.32847807,33.98542165
6790533,2014,2015-02-06,1942,2014-12-22,1020,37146,0355,1,5,7,1942,0,0,0,C,0,12T41,ARLINGTON AV,EXPOSITION BL,45,N,N,A,-,N,NA,NA,NA,NA,NA,NA,NA,NA,NA,Y,4,0,1,2,C,-,18,NA,NA,N,C,C,A,A,H,-,A,A,0,NA,NA,NA,NA,Y,NA,-,-,0,0,1,0,0,0,0,0,0,-,-,NA,NA,LOS ANGELES,LOS ANGELES,-118.31769904,34.01898575
6790534,2014,2015-02-09,1942,2014-12-17,1900,40705,1235,3,5,7,1942,0,0,0,L,0,3T5,SLAUSON AV,DENKER AV,0,NA,Y,-,-,N,NA,NA,NA,NA,NA,NA,NA,NA,NA,Y,4,0,1,2,A,-,09,21801,A,N,-,-,A,-,-,-,-,-,0,NA,NA,NA,NA,Y,NA,-,99,0,0,1,0,0,0,0,0,0,-,-,NA,NA,LOS ANGELES,LOS ANGELES,-118.30452002,33.98915007
6790537,2014,2015-02-06,1942,2014-12-21,0840,36754,0376,7,5,7,1942,0,0,0,C,0,3T5,BROWNING BL,HALLDALE AV,0,NA,Y,A,-,N,NA,NA,NA,NA,NA,NA,NA,NA,NA,N,3,0,1,2,A,-,12,22450,A,F,D,C,A,A,H,-,A,A,0,NA,Y,NA,NA,Y,NA,L,04,0,1,0,0,0,0,1,0,0,-,-,NA,NA,LOS ANGELES,LOS ANGELES,-118.30235009,34.01209006
6790538,2014,2015-02-06,1942,2014-12-18,1520,37724,1243,4,5,7,1942,0,0,0,L,0,12T73,FLORENCE AV,GRAMERCY PL,0,NA,Y,A,-,N,NA,NA,NA,NA,NA,NA,NA,NA,NA,Y,4,0,2,3,A,-,09,21801,A,N,D,C,A,A,H,-,A,A,0,NA,NA,NA,NA,Y,NA,A,01,0,0,2,0,0,0,0,0,0,-,-,NA,NA,LOS ANGELES,LOS ANGELES,-118.31338013,33.97458006
6790541,2014,2015-02-06,1942,2014-12-29,1020,41586,559,1,5,7,1942,0,0,0,NA,0,5A59,SEASIDE AV,NAVY WY,0,E,N,A,-,N,NA,NA,NA,NA,NA,NA,NA,NA,NA,Y,4,0,1,2,A,-,03,22350,NA,N,C,C,A,A,H,-,A,A,0,NA,NA,NA,NA,Y,NA,A,01,0,0,1,0,0,0,0,0,0,-,-,NA,NA,LOS ANGELES,LOS ANGELES,-118.25173008,33.75398004