CASE_ID,ACCIDENT_YEAR,PROC_DATE,JURIS,COLLISION_DATE,COLLISION_TIME,OFFICER_ID,REPORTING_DISTRICT,DAY_OF_WEEK,CHP_SHIFT,POPULATION,CNTY_CITY_LOC,SPECIAL_COND,BEAT_TYPE,CHP_BEAT_TYPE,CITY_DIVISION_LAPD,CHP_BEAT_CLASS,BEAT_NUMBER,PRIMARY_RD,SECONDARY_RD,DISTANCE,DIRECTION,INTERSECTION,WEATHER_1,WEATHER_2,STATE_HWY_IND,CALTRANS_COUNTY,CALTRANS_DISTRICT,STATE_ROUTE,ROUTE_SUFFIX,POSTMILE_PREFIX,POSTMILE,LOCATION_TYPE,RAMP_INTERSECTION,SIDE_OF_HWY,TOW_AWAY,COLLISION_SEVERITY,NUMBER_KILLED,NUMBER_INJURED,PARTY_COUNT,PRIMARY_COLL_FACTOR,PCF_CODE_OF_VIOL,PCF_VIOL_CATEGORY,PCF_VIOLATION,PCF_VIOL_SUBSECTION,HIT_AND_RUN,TYPE_OF_COLLISION,MVIW,PED_ACTION,ROAD_SURFACE,ROAD_COND_1,ROAD_COND_2,LIGHTING,CONTROL_DEVICE,CHP_ROAD_TYPE,PEDESTRIAN_ACCIDENT,BICYCLE_ACCIDENT,MOTORCYCLE_ACCIDENT,TRUCK_ACCIDENT,NOT_PRIVATE_PROPERTY,ALCOHOL_INVOLVED,STWD_VEHTYPE_AT_FAULT,CHP_VEHTYPE_AT_FAULT,COUNT_SEVERE_INJ,COUNT_VISIBLE_INJ,COUNT_COMPLAINT_PAIN,COUNT_PED_KILLED,COUNT_PED_INJURED,COUNT_BICYCLIST_KILLED,COUNT_BICYCLIST_INJURED,COUNT_MC_KILLED,COUNT_MC_INJURED,PRIMARY_RAMP,SECONDARY_RAMP,LATITUDE,LONGITUDE,COUNTY,CITY,POINT_X,POINT_Y
6795507,2014,2015-02-17,1975,2014-08-23,2219,418,NA,6,5,6,1975,0,0,0,NA,0,006,NOGALES,AMANDA,20,N,N,A,-,N,NA,NA,NA,NA,NA,NA,NA,NA,NA,Y,4,0,1,2,D,-,00,NA,NA,N,D,C,A,A,H,-,C,A,0,NA,NA,NA,NA,Y,NA,-,-,0,0,1,0,0,0,0,0,0,-,-,NA,NA,LOS ANGELES,WEST COVINA,-117.88664476,34.01404469
6795511,2014,2015-01-30,1900,2014-08-06,2020,527451,1322,3,5,5,1935,0,0,0,NA,0,132T1P,SOUTH ST,COKE AV,300,W,N,A,-,N,NA,NA,NA,NA,NA,NA,NA,NA,NA,N,3,0,1,2,A,-,11,21954,A,N,A,B,D,A,H,-,C,A,0,Y,NA,NA,NA,Y,NA,N,60,0,1,0,0,1,0,0,0,0,-,-,NA,NA,LOS ANGELES,LAKEWOOD,-118.14705,33.85998
6795515,2014,2015-01-30,9535,2014-08-02,0235,20397,NA,6,3,9,1900,0,2,4,NA,2,014,CESAR E CHAVEZ AV,FORD BL,0,NA,Y,A,-,N,NA,NA,NA,NA,NA,NA,NA,NA,NA,N,4,0,1,2,A,-,01,21200,5,N,D,G,A,A,H,-,C,A,0,NA,Y,NA,NA,Y,Y,L,04,0,0,1,0,0,0,1,0,0,-,-,34.0405,-118.1691,LOS ANGELES,UNINCORPORATED,-118.16921011,34.04059001
6795527,2014,2015-01-30,1900,2014-10-28,0325,274533,1335,2,5,5,1908,0,0,0,NA,0,133T1E,RT 19,CEDAR ST,45,S,N,A,-,Y,NA,NA,NA,NA,NA,NA,NA,NA,NA,Y,4,0,1,1,A,-,08,22107,NA,N,E,I,A,A,H,-,C,D,0,NA,NA,NA,NA,Y,NA,A,01,0,0,1,0,0,0,0,0,0,-,-,NA,NA,LOS ANGELES,BELLFLOWER,-118.19513,33.79168
6795531,2014,2015-02-11,1900,2014-10-23,0915,441888,0814,4,5,4,1960,0,0,0,NA,0,81T1,ARROW HWY,RENNELL AV,0,NA,Y,A,-,N,NA,NA,NA,NA,NA,NA,NA,NA,NA,Y,4,0,2,5,A,-,03,22350,NA,N,C,C,A,B,H,-,A,A,0,NA,NA,NA,NA,Y,NA,A,07,0,0,2,0,0,0,0,0,0,-,-,NA,NA,LOS ANGELES,SAN DIMAS,-117.83285011,34.10674001
6795540,2014,2015-01-30,1942,2014-10-01,1730,40900,0729,3,5,7,1942,0,0,0,G,0,6A44,3RD ST,RIMPAU BL,0,NA,Y,A,-,N,NA,NA,NA,NA,NA,NA,NA,NA,NA,N,4,0,2,3,A,-,09,21801,A,N,A,C,A,A,H,-,B,A,0,NA,NA,NA,NA,Y,NA,-,NA,0,0,2,0,0,0,0,0,0,-,-,NA,NA,LOS ANGELES,LOS ANGELES,-118.33035009,34.06893001
6795568,2014,2016-02-17,1900,2014-10-16,1230,263103,0972,4,5,4,1979,0,0,0,NA,0,92T2,SANTA MONICA BL,PALM AV,15,W,N,A,-,N,NA,NA,NA,NA,NA,NA,NA,NA,NA,N,4,0,1,2,A,-,04,21703,NA,N,C,C,A,A,H,-,A,D,0,NA,NA,NA,NA,Y,NA,A,01,0,0,1,0,0,0,0,0,0,-,-,NA,NA,LOS ANGELES,WEST HOLLYWOOD,-118.38290765,34.08576333
6795583,2014,2016-02-19,1938,2014-10-27,1453,651,216,1,5,4,1938,0,0,0,NA,0,003,D ST,RT 66,276,S,N,A,-,N,NA,NA,NA,NA,NA,NA,NA,NA,NA,Y,3,0,1,2,A,-,11,21954,A,N,G,B,D,A,H,-,A,D,0,Y,NA,NA,NA,Y,NA,N,60,0,1,0,0,1,0,0,0,0,-,-,NA,NA,LOS ANGELES,LA VERNE,-117.765414,34.11269
6795587,2014,2015-01-30,1938,2014-10-31,0800,184,244,5,5,4,1938,0,0,0,NA,0,003,ARROW HWY,LORDSBURG CT,0,NA,Y,A,-,N,NA,NA,NA,NA,NA,NA,NA,NA,NA,Y,3,0,2,2,A,-,09,21802,A,N,D,C,A,A,H,-,A,A,0,NA,NA,NA,NA,Y,NA,-,NA,0,1,1,0,0,0,0,0,0,-,-,NA,NA,LOS ANGELES,LA VERNE,-117.7627101,34.09305004
6795596,2014,2015-01-30,9565,2014-10-28,2115,020209,NA,2,2,9,1900,0,2,4,NA,2,022,IMPERIAL HWY,VERMONT AV,10,W,N,A,-,N,NA,NA,NA,NA,NA,NA,NA,NA,NA,N,3,0,1,2,A,-,01,21200,5,N,D,G,A,A,H,-,C,A,0,NA,Y,NA,NA,Y,Y,L,04,0,1,0,0,0,0,1,0,0,-,-,33.93104,-118.29211,LOS ANGELES,UNINCORPORATED,-118.2919429,33.93098
6795600,2014,2015-01-30,9565,2014-10-08,1810,20264,NA,3,2,9,1900,0,3,5,NA,2,004,INGLEWOOD AV,131ST ST,0,NA,Y,A,-,N,NA,NA,NA,NA,NA,NA,NA,NA,NA,N,4,0,1,2,A,-,07,21658,A,F,B,C,A,A,H,-,C,D,0,NA,NA,NA,NA,Y,NA,A,01,0,0,1,0,0,0,0,0,0,-,-,33.91378,-118.36137,LOS ANGELES,UNINCORPORATED,-118.36128009,33.91378008
6795612,2015,2015-02-24,1942,2015-01-13,1900,36814,0185,2,5,7,1942,0,0,0,A,0,1T11,OLYMPIC BL,LOS ANGELES ST,0,NA,Y,A,-,N,NA,NA,NA,NA,NA,NA,NA,NA,NA,Y,3,0,1,2,A,-,12,21453,A,N,D,C,A,A,H,-,C,A,0,NA,NA,NA,NA,Y,NA,A,01,0,1,0,0,0,0,0,0,0,-,-,NA,NA,LOS ANGELES,LOS ANGELES,-118.25582007,34.03956007
6795616,2015,2015-02-24,1942,2015-01-13,1555,36238,0118,2,5,7,1942,0,0,0,A,0,4TL6,NORTH SPRING ST,COLLEGE ST,320,N,N,A,-,N,NA,NA,NA,NA,NA,NA,NA,NA,NA,Y,3,0,5,3,A,-,03,22350,NA,N,C,E,A,A,H,-,A,D,0,NA,NA,NA,NA,Y,NA,A,01,0,3,2,0,0,0,0,0,0,-,-,NA,NA,LOS ANGELES,LOS ANGELES,-118.23607,34.06366
6795620,2015,2015-02-24,1942,2015-01-04,2125,30211,0497,7,5,7,1942,0,0,0,D,0,4A93,SOTO ST,WASHINGTON BL,20,N,N,A,-,N,NA,NA,NA,NA,NA,NA,NA,NA,NA,N,4,0,1,2,A,-,09,21801,A,N,B,C,A,A,H,-,C,D,0,NA,NA,NA,NA,Y,NA,-,NA,0,0,1,0,0,0,0,0,0,-,-,NA,NA,LOS ANGELES,LOS ANGELES,-118.22005326,34.01734478
6795624,2015,2015-03-03,1942,2015-01-07,1730,39517,LAI,3,5,7,1942,0,0,0,NA,0,13A27,MAIN ST,59TH PL,20,N,N,A,-,N,NA,NA,NA,NA,NA,NA,NA,NA,NA,N,3,0,1,2,A,-,08,22107,NA,F,B,G,A,A,H,-,C,A,0,NA,Y,NA,NA,Y,NA,-,-,0,1,0,0,0,0,1,0,0,-,-,NA,NA,LOS ANGELES,LOS ANGELES,-118.27392999999999,33.98609485
6795628,2015,2015-02-25,1942,2015-01-18,1915,39062,0233,7,5,7,1942,0,0,0,B,0,1T11,BEVERLY BL,RAMPART BL,25,E,N,A,-,N,NA,NA,NA,NA,NA,NA,NA,NA,NA,Y,4,0,2,2,A,-,12,21453,A,N,D,C,A,A,H,-,C,A,0,NA,NA,NA,NA,Y,NA,-,-,0,0,2,0,0,0,0,0,0,-,-,NA,NA,LOS ANGELES,LOS ANGELES,-118.27675612,34.06945966
6795631,2015,2016-04-12,1976,2015-01-05,1823,864,NA,1,5,3,1964,0,0,0,NA,0,003,CARMENITA RD,FIRESTONE BL,65,N,N,A,-,N,NA,NA,NA,NA,NA,NA,NA,NA,NA,N,4,0,1,2,A,-,04,21703,NA,N,C,C,A,A,D,-,C,A,0,NA,NA,NA,NA,Y,NA,A,01,0,0,1,0,0,0,0,0,0,-,-,NA,NA,LOS ANGELES,SANTA FE SPRINGS,-118.04720315,33.89321813
6795632,2015,2016-10-05,1942,2015-01-19,2220,39062,1381,1,5,7,1942,0,0,0,M,0,1T11,SLAUSON AV,OLIVE ST,0,NA,Y,A,-,Y,LA,7,110,-,-,17.935,R,4,N,Y,3,0,5,2,A,-,09,21801,A,N,A,C,A,A,H,-,C,A,0,NA,NA,NA,NA,Y,NA,A,01,0,2,3,0,0,0,0,0,0,-,-,NA,NA,LOS ANGELES,LOS ANGELES,-118.28040418,33.98859198
6795635,2015,2015-02-24,1976,2015-01-08,1013,890,NA,4,5,3,1964,0,0,0,NA,0,NA,BLOOMFIELD AV,LAKELAND RD,0,NA,Y,A,-,N,NA,NA,NA,NA,NA,NA,NA,NA,NA,Y,2,0,2,2,A,-,12,21457,A,N,D,C,A,A,H,-,A,B,0,NA,NA,NA,NA,Y,NA,D,22,1,0,1,0,0,0,0,0,0,-,-,NA,NA,LOS ANGELES,SANTA FE SPRINGS,-118.06405011,33.93192007
6795636,2015,2015-02-23,1942,2015-01-10,1915,41492,1361,6,5,7,1942,0,0,0,M,0,13X76,VERNON,BROADWAY,7,W,N,B,-,N,NA,NA,NA,NA,NA,NA,NA,NA,NA,N,3,0,1,2,A,-,05,21202,NA,N,D,G,A,B,H,-,C,A,0,NA,Y,NA,NA,Y,NA,L,04,0,1,0,0,0,0,1,0,0,-,-,NA,NA,LOS ANGELES,LOS ANGELES,-118.27839305,34.0038
6795639,2015,2015-03-03,1976,2015-01-13,1126,494,NA,2,5,3,1964,0,0,0,NA,0,001,LOS NIETOS RD,SANTA FE SPRINGS RD,0,NA,Y,A,-,N,NA,NA,NA,NA,NA,NA,NA,NA,NA,Y,3,0,1,2,A,-,12,21453,A,N,D,C,A,A,H,-,A,A,0,NA,NA,NA,NA,Y,NA,-,-,0,1,0,0,0,0,0,0,0,-,-,NA,NA,LOS ANGELES,SANTA FE SPRINGS,-118.06006008,33.94966008
6795640,2015,2015-02-23,1942,2015-01-18,1755,37611,1101,7,5,7,1942,0,0,0,K,0,1TL24,N VERMONT CANYON RD,COMMONWEALTH CANYON DR,1290,N,N,A,-,N,NA,NA,NA,NA,NA,NA,NA,NA,NA,N,4,0,1,2,A,-,03,22350,NA,N,D,G,A,A,H,-,C,D,0,NA,Y,NA,NA,Y,NA,L,04,0,0,1,0,0,0,1,0,0,-,-,NA,NA,LOS ANGELES,LOS ANGELES,-118.29680549,34.12195759
6795643,2015,2015-02-24,1976,2015-01-14,1130,355,NA,3,5,3,1964,0,0,0,NA,0,NA,LAKELAND RD,GREENSTONE AV,0,NA,Y,A,-,N,NA,NA,NA,NA,NA,NA,NA,NA,NA,Y,3,0,1,2,A,-,08,22107,NA,N,B,C,A,A,H,-,A,D,0,NA,NA,Y,NA,Y,NA,A,07,0,1,0,0,0,0,0,0,1,-,-,NA,NA,LOS ANGELES,SANTA FE SPRINGS,-118.05811011,33.9317301
6795644,2015,2015-02-23,1942,2015-01-19,0800,39349,1126,1,5,7,1942,0,0,0,K,0,13TL53,YORK BL,N AVENUE 51,45,E,N,A,-,N,NA,NA,NA,NA,NA,NA,NA,NA,NA,N,4,0,1,2,A,-,03,22350,NA,N,C,C,A,A,H,-,A,D,0,NA,NA,NA,NA,Y,NA,A,01,0,0,1,0,0,0,0,0,0,-,-,NA,NA,LOS ANGELES,LOS ANGELES,-118.20462517,34.12104318
6795648,2015,2015-02-23,1942,2015-01-10,1620,39693,RD111,6,5,7,1942,0,0,0,NA,0,11A17,FIGUEROA ST,OAK GROVE DR,250,S,N,C,-,N,NA,NA,NA,NA,NA,NA,NA,NA,NA,Y,3,0,2,4,A,-,03,22350,NA,N,C,C,A,B,H,-,B,D,0,NA,NA,NA,NA,Y,Y,-,NA,0,1,1,0,0,0,0,0,0,-,-,NA,NA,LOS ANGELES,LOS ANGELES,-118.18954776,34.1327286
6795652,2015,2015-02-23,1942,2015-01-11,1530,32108,1132,7,5,7,1942,0,0,0,K,0,11A37,LOS FELIZ BL,LOWRY RD,100,E,N,B,-,N,NA,NA,NA,NA,NA,NA,NA,NA,NA,Y,3,0,1,3,B,-,22,NA,NA,N,C,E,A,A,H,-,A,D,0,NA,NA,NA,NA,Y,NA,-,NA,0,1,0,0,0,0,0,0,0,-,-,NA,NA,LOS ANGELES,LOS ANGELES,-118.27881291,34.11336455
6795656,2015,2015-02-23,1942,2015-01-07,1210,33395,1119,3,5,7,1942,0,0,0,K,0,11A37,CRESTWOOD WY,PINE GROVE AV,30,E,N,A,-,N,NA,NA,NA,NA,NA,NA,NA,NA,NA,N,3,0,1,2,D,-,00,NA,NA,N,H,A,A,-,B,-,A,D,0,NA,NA,NA,NA,Y,NA,-,-,0,1,0,0,0,0,0,0,0,-,-,NA,NA,LOS ANGELES,LOS ANGELES,-118.18666955,34.13115332
6795660,2015,2015-02-23,1942,2015-01-08,1130,35686,1128,4,5,7,1942,0,0,0,K,0,11A17,MERIDIAN ST,LEWIS ST,0,NA,Y,A,-,N,NA,NA,NA,NA,NA,NA,NA,NA,NA,Y,4,0,1,2,A,-,09,21801,A,M,D,C,A,A,H,-,A,D,0,NA,NA,NA,NA,Y,NA,-,NA,0,0,1,0,0,0,0,0,0,-,-,NA,NA,LOS ANGELES,LOS ANGELES,-118.18012008,34.12012005
6795664,2015,2015-02-23,1942,2015-01-06,1740,25311,11,2,5,7,1942,0,0,0,K,0,11A71,YORK BL,MILWAUKEE AV,200,W,N,A,-,N,NA,NA,NA,NA,NA,NA,NA,NA,NA,N,4,0,1,2,A,-,03,22350,NA,N,C,C,A,A,H,-,C,D,0,NA,NA,NA,NA,Y,NA,-,NA,0,0,1,0,0,0,0,0,0,-,-,NA,NA,LOS ANGELES,LOS ANGELES,-118.19288474,34.11872495
6795668,2015,2015-02-23,1942,2015-01-20,1030,32996,1134,2,5,7,1942,0,0,0,K,0,2TL15,SAN FERNANDO RD,VERDUGO RD,600,N,N,A,-,N,NA,NA,NA,NA,NA,NA,NA,NA,NA,Y,4,0,3,2,A,-,04,21703,NA,N,C,C,A,A,H,-,A,D,0,NA,NA,NA,NA,Y,NA,A,08,0,0,3,0,0,0,0,0,0,-,-,NA,NA,LOS ANGELES,LOS ANGELES,-118.30721857,34.17977554
6795672,2015,2015-02-23,1942,2015-01-16,2025,30083,1151,5,5,7,1942,0,0,0,K,0,11T21,KENMORE AV,HOLLYWOOD BL,180,S,N,A,-,N,NA,NA,NA,NA,NA,NA,NA,NA,NA,N,3,0,1,2,A,-,11,21954,A,N,G,B,E,A,H,-,C,D,0,Y,NA,NA,NA,Y,NA,N,60,0,1,0,0,1,0,0,0,0,-,-,NA,NA,LOS ANGELES,LOS ANGELES,-118.29727,34.10127634
6795676,2015,2015-02-23,1942,2015-01-15,1155,37059,1124,4,5,7,1942,0,0,0,K,0,11A17,SAN TERNANDO RD,TREADWELL ST,60,S,N,A,-,N,NA,NA,NA,NA,NA,NA,NA,NA,NA,N,3,0,1,2,A,-,04,21703,NA,N,C,G,A,A,H,-,A,D,0,NA,Y,NA,NA,Y,NA,A,01,0,1,0,0,0,0,1,0,0,-,-,NA,NA,LOS ANGELES,LOS ANGELES,-118.250222,34.119268
6795680,2015,2015-02-23,1942,2015-01-19,1705,36238,0499,1,5,7,1942,0,0,0,D,0,4TL6,INDIANA ST,OLYMPIC BL,76,S,N,A,-,N,NA,NA,NA,NA,NA,NA,NA,NA,NA,N,3,0,1,3,A,-,03,22350,NA,N,C,E,E,A,H,-,B,D,0,Y,NA,NA,NA,Y,NA,A,07,0,1,0,0,1,0,0,0,0,-,-,NA,NA,LOS ANGELES,LOS ANGELES,-118.1922518,34.01865159
6795699,2015,2016-10-27,1900,2015-01-07,1548,475111,2610,3,5,6,1950,0,0,0,NA,0,263T1,RT 138,10TH ST EAST,60,W,N,A,-,Y,LA,7,138,-,-,44.68,H,-,E,N,4,0,1,2,A,-,09,21804,A,N,C,C,A,A,H,-,A,D,0,NA,NA,NA,NA,Y,NA,A,07,0,0,1,0,0,0,0,0,0,-,-,NA,NA,LOS ANGELES,PALMDALE,-118.11205863,34.57956119
6795705,2014,2016-01-12,1900,2014-08-10,2220,531094,0977,7,5,4,1979,0,0,0,NA,0,93T1,SANTA MONICA BL,HANCOCK AV,50,E,N,B,-,N,NA,NA,NA,NA,NA,NA,NA,NA,NA,Y,3,0,1,2,A,-,11,21950,B,N,-,B,C,A,H,-,C,D,0,Y,NA,NA,NA,Y,Y,N,60,0,1,0,0,1,0,0,0,0,-,-,NA,NA,LOS ANGELES,WEST HOLLYWOOD,-118.38134562,34.08680941
6795714,2014,2015-02-04,1900,2014-10-24,1800,466331,1349,5,5,3,1903,0,0,0,NA,0,134,183RD ST,ARLINE AV,122,W,N,A,-,N,NA,NA,NA,NA,NA,NA,NA,NA,NA,N,3,0,1,1,A,-,03,22350,NA,N,E,I,A,A,H,-,C,D,0,NA,Y,NA,NA,Y,NA,L,04,0,1,0,0,0,0,1,0,0,-,-,NA,NA,LOS ANGELES,ARTESIA,-118.08138084,33.86573022
6795718,2014,2015-02-03,1900,2014-10-13,0845,493191,1332,1,5,5,1908,0,0,0,NA,0,133B,ALONDRA BL,RYON AV,0,NA,Y,A,-,N,NA,NA,NA,NA,NA,NA,NA,NA,NA,N,4,0,1,2,A,-,05,21650,1,N,D,G,A,A,H,-,A,A,0,NA,Y,NA,NA,Y,NA,L,NA,0,0,1,0,0,0,1,0,0,-,-,NA,NA,LOS ANGELES,BELLFLOWER,-118.12873008,33.88933009
6795722,2014,2015-02-03,1900,2014-10-12,1315,493191,NA,7,5,5,1908,0,0,0,NA,0,NA,WOODRUFF AV,N MIDWAY ST,215,N,N,A,-,N,NA,NA,NA,NA,NA,NA,NA,NA,NA,Y,4,0,1,2,A,-,21,22106,NA,N,B,C,A,A,H,-,A,D,0,NA,NA,NA,NA,Y,NA,A,NA,0,0,1,0,0,0,0,0,0,-,-,NA,NA,LOS ANGELES,BELLFLOWER,-118.11734,33.88429956
6795726,2014,2015-05-15,1900,2014-10-11,1535,526721,NA,6,5,5,1935,0,0,0,NA,0,132T1,BELLFLOWER BL,HARWICK ST,344,N,N,A,-,N,NA,NA,NA,NA,NA,NA,NA,NA,NA,Y,1,1,0,2,A,-,07,21658,A,N,B,C,A,A,H,-,A,D,0,NA,NA,NA,NA,Y,NA,-,NA,0,0,0,0,0,0,0,0,0,-,-,NA,NA,LOS ANGELES,LAKEWOOD,-118.12529333,33.85173328
6795733,2014,2015-02-12,1900,2014-08-28,1647,516519,0975,4,5,4,1979,0,0,0,NA,0,92E,SANTA MONICA BL,HAVENHURST DR,0,NA,Y,A,-,N,NA,NA,NA,NA,NA,NA,NA,NA,NA,N,4,0,1,2,A,-,09,21801,A,F,D,G,A,A,H,-,A,D,0,NA,Y,NA,NA,Y,NA,A,01,0,0,1,0,0,0,1,0,0,-,-,NA,NA,LOS ANGELES,WEST HOLLYWOOD,-118.36745005,34.09076007
6795753,2014,2015-02-05,1942,2014-08-21,1300,38689,1651,4,5,7,1942,0,0,0,P,0,21T62,LAUREL CANYON BL,MONTAGUE ST,308,N,N,A,-,N,NA,NA,NA,NA,NA,NA,NA,NA,NA,N,3,0,1,2,A,-,05,21650,NA,N,A,G,A,A,H,-,A,A,0,NA,Y,NA,NA,Y,NA,L,04,0,1,0,0,0,0,1,0,0,-,-,NA,NA,LOS ANGELES,LOS ANGELES,-118.41700489,34.2445119
6795756,2015,2015-02-25,1942,2015-01-15,1150,38380,0788,4,5,7,1942,0,0,0,G,0,6TL2,CRENSHAW BL,23RD ST,0,NA,Y,A,-,N,NA,NA,NA,NA,NA,NA,NA,NA,NA,N,3,0,1,2,A,-,09,21801,A,N,D,C,A,A,H,-,A,A,0,NA,NA,Y,NA,Y,NA,D,22,0,1,0,0,0,0,0,0,1,-,-,NA,NA,LOS ANGELES,LOS ANGELES,-118.33281,34.03676
6795757,2014,2015-02-04,1972,2014-07-19,1455,18874,NA,6,5,6,1972,0,0,0,NA,0,NA,182ND ST,GREVILLEA AV,53,E,N,B,-,N,NA,NA,NA,NA,NA,NA,NA,NA,NA,Y,4,0,1,2,A,-,08,22107,NA,N,F,E,A,A,H,-,A,D,0,NA,NA,NA,NA,Y,NA,A,NA,0,0,1,0,0,0,0,0,0,-,-,NA,NA,LOS ANGELES,TORRANCE,-118.35422574,33.8655
6795760,2015,2015-02-25,1942,2015-01-10,1910,25495,0765,6,5,7,1942,0,0,0,G,0,7T23,PICO BL,RIMPAU BL,150,W,N,C,-,N,NA,NA,NA,NA,NA,NA,NA,NA,NA,Y,3,0,1,2,A,-,01,23152,A,N,C,E,A,B,H,-,C,D,0,NA,NA,NA,NA,Y,Y,A,01,0,1,0,0,0,0,0,0,0,-,-,NA,NA,LOS ANGELES,LOS ANGELES,-118.33737962,34.0486939
6795761,2015,2015-02-19,1942,2015-01-17,1845,40157,0782,6,5,7,1942,0,0,0,G,0,8TL26,LA CIENEGA BL,VENICE BL,60,S,N,A,-,N,NA,NA,NA,NA,NA,NA,NA,NA,NA,Y,3,0,4,3,A,-,03,22350,NA,N,C,C,A,A,H,-,C,D,0,NA,NA,NA,NA,Y,NA,A,01,0,2,2,0,0,0,0,0,0,-,-,NA,NA,LOS ANGELES,LOS ANGELES,-118.37787686,34.0350058
6795762,2015,2015-02-19,1942,2015-01-18,1945,39876,1341,7,5,7,1942,0,0,0,M,0,2T15,BROADWAY,35TH ST,12,N,N,A,-,N,NA,NA,NA,NA,NA,NA,NA,NA,NA,N,2,0,1,2,A,-,10,21950,A,F,G,B,B,A,H,-,C,D,0,Y,NA,NA,NA,Y,NA,-,99,1,0,0,0,1,0,0,0,0,-,-,NA,NA,LOS ANGELES,LOS ANGELES,-118.274598,34.017892
6795763,2015,2015-02-23,1942,2015-01-18,1350,34959,0765,7,5,7,1942,0,0,0,G,0,6T2,SAN VICENTE BL,PICO BL,341,S,N,A,-,N,NA,NA,NA,NA,NA,NA,NA,NA,NA,N,3,0,1,2,A,-,11,21954,A,N,G,B,D,A,H,-,A,D,0,Y,NA,NA,NA,Y,NA,N,60,0,1,0,0,1,0,0,0,0,-,-,NA,NA,LOS ANGELES,LOS ANGELES,-118.3383057,34.04808576
6795765,2015,2015-02-19,1942,2015-01-14,0755,37469,NA,3,5,7,1942,0,0,0,NA,0,7T71,REDONDO BL,21ST ST,0,NA,Y,A,-,N,NA,NA,NA,NA,NA,NA,NA,NA,NA,Y,3,0,2,2,A,-,09,21802,A,N,D,C,A,A,H,-,A,A,0,NA,NA,NA,NA,Y,NA,A,07,0,1,1,0,0,0,0,0,0,-,-,NA,NA,LOS ANGELES,LOS ANGELES,-118.35357,34.0393
6795766,2015,2015-02-18,1942,2015-01-16,1800,40739,0192,5,5,7,1942,0,0,0,A,0,2T28,VENICE BL,FLOWER ST,246,E,N,A,-,N,NA,NA,NA,NA,NA,NA,NA,NA,NA,N,4,0,2,2,A,-,04,21703,NA,N,C,C,A,A,H,-,C,A,0,NA,NA,NA,NA,Y,NA,A,01,0,0,2,0,0,0,0,0,0,-,-,NA,NA,LOS ANGELES,LOS ANGELES,-118.26811552,34.03667169
6795767,2015,2015-02-23,1942,2015-01-14,2010,37511,0765,3,5,7,1942,0,0,0,G,0,7T23,PICO BL,LA BREA AV,160,E,N,A,-,N,NA,NA,NA,NA,NA,NA,NA,NA,NA,N,2,0,1,2,A,-,11,21954,A,N,G,B,D,A,H,-,C,D,0,Y,NA,NA,NA,Y,NA,N,60,1,0,0,0,1,0,0,0,0,-,-,NA,NA,LOS ANGELES,LOS ANGELES,-118.34413757,34.04794877
6795769,2015,2015-02-19,1942,2015-01-14,1205,41089,0714,3,5,7,1942,0,0,0,G,0,7T71,BEVERLY BL,MARTEL AV,85,E,N,A,-,N,NA,NA,NA,NA,NA,NA,NA,NA,NA,N,4,0,1,2,A,-,04,21703,NA,N,C,C,A,A,H,-,A,A,0,NA,NA,NA,NA,Y,NA,A,07,0,0,1,0,0,0,0,0,0,-,-,NA,NA,LOS ANGELES,LOS ANGELES,-118.35085024,34.0761415
6795770,2015,2015-02-18,1942,2015-01-17,1640,34458,1393,6,5,7,1942,0,0,0,M,0,4T4,BROADWAY,69TH,50,N,N,A,-,N,NA,NA,NA,NA,NA,NA,NA,NA,NA,N,4,0,3,2,A,-,04,21703,NA,F,C,C,A,A,H,-,A,A,0,NA,NA,NA,NA,Y,NA,-,99,0,0,3,0,0,0,0,0,0,-,-,NA,NA,LOS ANGELES,LOS ANGELES,-118.27831,33.97748713
6795771,2015,2015-02-23,1942,2015-01-16,0920,37438,0727,5,5,7,1942,0,0,0,G,0,7TL23,2ND ST,MANSFIELD AV,0,NA,Y,A,-,N,NA,NA,NA,NA,NA,NA,NA,NA,NA,N,4,0,1,2,A,-,08,22107,NA,N,B,C,A,A,H,-,A,A,0,NA,Y,NA,NA,Y,NA,A,08,0,0,1,0,0,0,1,0,0,-,-,NA,NA,LOS ANGELES,LOS ANGELES,-118.34079003,34.07103008
6795773,2015,2015-02-19,1942,2015-01-19,1725,34959,0735,1,5,7,1942,0,0,0,G,0,6T2,WILSHIRE BL,DUNSMUIR AV,0,NA,Y,A,-,N,NA,NA,NA,NA,NA,NA,NA,NA,NA,Y,4,0,1,2,A,-,09,21801,A,N,D,C,A,A,H,-,C,D,0,NA,NA,NA,NA,Y,NA,A,07,0,0,1,0,0,0,0,0,0,-,-,NA,NA,LOS ANGELES,LOS ANGELES,-118.34827001,34.06232004
6795774,2015,2015-02-18,1942,2015-01-15,0810,30380,0164,4,5,7,1942,0,0,0,A,0,4TL43,S SPRING ST,W 6TH ST,160,N,N,A,-,N,NA,NA,NA,NA,NA,NA,NA,NA,NA,N,3,0,1,2,A,-,07,21658,A,N,B,C,A,A,H,-,A,A,0,NA,NA,Y,NA,Y,NA,A,01,0,1,0,0,0,0,0,0,1,-,-,NA,NA,LOS ANGELES,LOS ANGELES,-118.25067002,34.0463087
6795775,2015,2015-02-23,1942,2015-01-19,1510,40452,0739,1,5,7,1942,0,0,0,G,0,6T2W4,RIMPAU BL,WILSHIRE BL,330,N,N,A,-,N,NA,NA,NA,NA,NA,NA,NA,NA,NA,Y,4,0,1,1,A,-,05,21650,NA,N,A,I,A,A,G,-,A,D,0,NA,NA,NA,NA,Y,NA,A,01,0,0,1,0,0,0,0,0,0,-,-,NA,NA,LOS ANGELES,LOS ANGELES,-118.33179,34.06199