CASE_ID,ACCIDENT_YEAR,PROC_DATE,JURIS,COLLISION_DATE,COLLISION_TIME,OFFICER_ID,REPORTING_DISTRICT,DAY_OF_WEEK,CHP_SHIFT,POPULATION,CNTY_CITY_LOC,SPECIAL_COND,BEAT_TYPE,CHP_BEAT_TYPE,CITY_DIVISION_LAPD,CHP_BEAT_CLASS,BEAT_NUMBER,PRIMARY_RD,SECONDARY_RD,DISTANCE,DIRECTION,INTERSECTION,WEATHER_1,WEATHER_2,STATE_HWY_IND,CALTRANS_COUNTY,CALTRANS_DISTRICT,STATE_ROUTE,ROUTE_SUFFIX,POSTMILE_PREFIX,POSTMILE,LOCATION_TYPE,RAMP_INTERSECTION,SIDE_OF_HWY,TOW_AWAY,COLLISION_SEVERITY,NUMBER_KILLED,NUMBER_INJURED,PARTY_COUNT,PRIMARY_COLL_FACTOR,PCF_CODE_OF_VIOL,PCF_VIOL_CATEGORY,PCF_VIOLATION,PCF_VIOL_SUBSECTION,HIT_AND_RUN,TYPE_OF_COLLISION,MVIW,PED_ACTION,ROAD_SURFACE,ROAD_COND_1,ROAD_COND_2,LIGHTING,CONTROL_DEVICE,CHP_ROAD_TYPE,PEDESTRIAN_ACCIDENT,BICYCLE_ACCIDENT,MOTORCYCLE_ACCIDENT,TRUCK_ACCIDENT,NOT_PRIVATE_PROPERTY,ALCOHOL_INVOLVED,STWD_VEHTYPE_AT_FAULT,CHP_VEHTYPE_AT_FAULT,COUNT_SEVERE_INJ,COUNT_VISIBLE_INJ,COUNT_COMPLAINT_PAIN,COUNT_PED_KILLED,COUNT_PED_INJURED,COUNT_BICYCLIST_KILLED,COUNT_BICYCLIST_INJURED,COUNT_MC_KILLED,COUNT_MC_INJURED,PRIMARY_RAMP,SECONDARY_RAMP,LATITUDE,LONGITUDE,COUNTY,CITY,POINT_X,POINT_Y
6796783,2014,2015-02-04,1942,2014-11-29,1040,39937,1835,6,5,7,1942,0,0,0,R,0,18A41,103RD ST,CENTRAL AV,150,E,N,A,-,N,NA,NA,NA,NA,NA,NA,NA,NA,NA,Y,4,0,2,2,A,-,09,21804,A,N,D,C,A,A,H,-,A,D,0,NA,NA,NA,NA,Y,NA,-,-,0,0,2,0,0,0,0,0,0,-,-,NA,NA,LOS ANGELES,LOS ANGELES,-118.25361642,33.94327
6796882,2015,2015-02-24,1965,2015-01-09,1010,3816,B002,5,5,5,1965,0,0,0,NA,0,0B2E,OCEAN PARK BL,CLOVERFIELD BL,154,W,N,A,-,N,NA,NA,NA,NA,NA,NA,NA,NA,NA,Y,4,0,1,2,A,-,03,22350,NA,N,C,C,A,A,H,-,A,A,0,NA,NA,NA,NA,Y,NA,A,07,0,0,1,0,0,0,0,0,0,-,-,NA,NA,LOS ANGELES,SANTA MONICA,-118.46131371,34.01568554
6796883,2015,2015-02-24,1965,2015-01-12,1125,3816,04D1,1,5,5,1965,0,0,0,NA,0,A004,7TH ST,SAN VICENTE BL,0,NA,Y,C,-,N,NA,NA,NA,NA,NA,NA,NA,NA,NA,N,4,0,2,1,A,-,03,22350,NA,N,H,A,A,B,H,-,A,A,0,NA,NA,Y,NA,Y,NA,C,02,0,0,2,0,0,0,0,0,2,-,-,NA,NA,LOS ANGELES,SANTA MONICA,-118.50797002,34.03206003
6796884,2015,2015-02-24,1965,2015-01-09,1528,3810,0B2C,5,5,5,1965,0,0,0,NA,0,A002,OCEAN PARK BL,18TH ST,135,W,N,A,-,N,NA,NA,NA,NA,NA,NA,NA,NA,NA,N,4,0,1,2,A,-,17,22517,NA,N,A,G,A,A,H,-,A,D,0,NA,Y,NA,NA,Y,NA,A,01,0,0,1,0,0,0,1,0,0,-,-,NA,NA,LOS ANGELES,SANTA MONICA,-118.4659549,34.01297836
6796886,2015,2015-02-24,1965,2015-01-21,1800,3143,0B3B,3,5,5,1965,0,0,0,NA,0,B003,BROADWAY,COURT 15,23,E,N,A,-,N,NA,NA,NA,NA,NA,NA,NA,NA,NA,N,2,0,1,2,A,-,11,21955,NA,N,A,B,D,A,H,-,D,D,0,Y,NA,NA,NA,Y,NA,N,60,1,0,0,0,1,0,0,0,0,-,-,NA,NA,LOS ANGELES,SANTA MONICA,-118.483144,34.023589
6796887,2015,2015-02-25,1965,2015-01-17,0751,3178,B3B,6,5,5,1965,0,0,0,NA,0,B003,SANTA MONICA BL,11TH ST,0,NA,Y,A,-,N,NA,NA,NA,NA,NA,NA,NA,NA,NA,Y,4,0,1,2,A,-,09,21800,D,N,D,D,A,A,G,-,A,B,0,NA,NA,NA,NA,Y,NA,A,07,0,0,1,0,0,0,0,0,0,-,-,NA,NA,LOS ANGELES,SANTA MONICA,-118.48854009,34.02179006
6796888,2015,2015-02-24,1965,2015-01-22,1800,3844,0B3G,4,5,5,1965,0,0,0,NA,0,B003,BROADWAY,FRANKLIN AV,10,E,N,A,-,N,NA,NA,NA,NA,NA,NA,NA,NA,NA,N,3,0,1,2,A,-,09,21802,A,N,D,G,A,A,H,-,C,A,0,NA,Y,NA,NA,Y,NA,A,01,0,1,0,0,0,0,1,0,0,-,-,NA,NA,LOS ANGELES,SANTA MONICA,-118.46708666,34.03654936
6796890,2015,2016-10-28,1965,2015-01-20,0842,3693,0B1C,2,5,5,1965,0,0,0,NA,0,B001,PACIFIC COAST HWY,BROADWAY BRIDGE,206,N,N,B,-,Y,LA,7,1,-,-,35.43,H,-,S,Y,4,0,3,4,A,-,03,22350,NA,N,C,C,A,A,H,-,A,D,0,NA,NA,NA,NA,Y,NA,A,01,0,0,3,0,0,0,0,0,0,-,-,NA,NA,LOS ANGELES,SANTA MONICA,-118.49826085,34.01321431
6796891,2015,2015-02-25,1965,2015-01-16,1810,3739,0B1F,5,5,5,1965,0,0,0,NA,0,A001,NEILSON WY,BAY ST,0,NA,Y,A,-,N,NA,NA,NA,NA,NA,NA,NA,NA,NA,Y,4,0,1,2,A,-,08,22107,NA,N,D,C,A,A,H,-,C,A,0,NA,NA,Y,NA,Y,NA,A,01,0,0,1,0,0,0,0,0,1,-,-,NA,NA,LOS ANGELES,SANTA MONICA,-118.48955002,34.00673003
6796892,2015,2015-02-24,1965,2015-01-17,1500,3821,0B3A,6,5,5,1965,0,0,0,NA,0,B003,LINCOLN BL,SANTA MONICA BL,180,N,N,A,-,N,NA,NA,NA,NA,NA,NA,NA,NA,NA,Y,4,0,1,2,D,-,00,NA,NA,N,D,C,A,A,H,-,A,D,0,NA,NA,NA,NA,Y,NA,-,-,0,0,1,0,0,0,0,0,0,-,-,NA,NA,LOS ANGELES,SANTA MONICA,-118.49182362,34.0198938
6796894,2015,2015-02-24,1965,2015-01-18,1258,3693,0B4B,7,5,5,1965,0,0,0,NA,0,B004,SAN VICENTE BL,17TH ST,0,NA,Y,A,-,N,NA,NA,NA,NA,NA,NA,NA,NA,NA,N,3,0,1,2,A,-,09,21802,A,N,D,G,A,A,H,-,A,D,0,NA,Y,NA,NA,Y,NA,A,01,0,1,0,0,0,0,1,0,0,-,-,NA,NA,LOS ANGELES,SANTA MONICA,-118.50117002,34.04206007
6796895,2015,2015-02-24,1965,2015-01-19,0822,3693,0B2A,1,5,5,1965,0,0,0,NA,0,B002,PICO BL,4TH ST,0,NA,Y,A,-,N,NA,NA,NA,NA,NA,NA,NA,NA,NA,Y,2,0,1,2,A,-,12,21453,A,N,D,G,A,A,H,-,A,A,0,NA,Y,NA,NA,Y,NA,L,04,1,0,0,0,0,0,1,0,0,-,-,NA,NA,LOS ANGELES,SANTA MONICA,-118.48728,34.00964011
6796896,2015,2016-04-13,1965,2015-01-19,1655,3156,0B2A,1,5,5,1965,0,0,0,NA,0,A002,LINCOLN BL,PINE ST,0,NA,Y,A,-,N,NA,NA,NA,NA,NA,NA,NA,NA,NA,Y,4,0,1,2,A,-,06,21755,NA,N,D,C,A,A,H,-,A,D,0,NA,NA,NA,NA,Y,NA,A,01,0,0,1,0,0,0,0,0,0,-,-,NA,NA,LOS ANGELES,SANTA MONICA,-118.47798013,34.00828003
6796922,2015,2015-02-23,1902,2015-01-23,1519,708,12,5,5,5,1902,0,0,0,NA,0,003,SANTA ANITA AV,COLORADO BL,208,N,N,A,-,N,NA,NA,NA,NA,NA,NA,NA,NA,NA,N,3,0,2,2,A,-,03,22350,NA,N,C,C,A,A,H,-,A,A,0,NA,NA,NA,NA,Y,NA,A,01,0,1,1,0,0,0,0,0,0,-,-,NA,NA,LOS ANGELES,ARCADIA,-118.03162616,34.14606013
6796923,2015,2015-02-23,1902,2015-01-21,0710,670,33,3,5,5,1902,0,0,0,NA,0,005,LAS TUNAS DR,EL MONTE AV,450,E,N,A,-,N,NA,NA,NA,NA,NA,NA,NA,NA,NA,Y,4,0,1,2,A,-,07,21658,A,N,C,C,A,A,H,-,A,D,0,NA,NA,NA,NA,Y,NA,-,NA,0,0,1,0,0,0,0,0,0,-,-,NA,NA,LOS ANGELES,ARCADIA,-118.0367672,34.10773133
6796924,2015,2015-02-23,1902,2015-01-16,1537,682,24,5,5,5,1902,0,0,0,NA,0,004,W DUARTE RD,EL MONTE AV,661,E,N,A,-,N,NA,NA,NA,NA,NA,NA,NA,NA,NA,Y,4,0,1,2,A,-,03,22350,NA,N,C,C,A,A,H,-,A,D,0,NA,NA,NA,NA,Y,NA,-,NA,0,0,1,0,0,0,0,0,0,-,-,NA,NA,LOS ANGELES,ARCADIA,-118.03781405,34.12855548
6796925,2015,2015-02-23,1902,2015-01-24,1225,708,9,6,5,5,1902,0,0,0,NA,0,001,FOOTHILL BL,ARBOLADA DR,0,NA,Y,A,-,N,NA,NA,NA,NA,NA,NA,NA,NA,NA,Y,3,0,2,2,A,-,08,22107,NA,N,D,C,A,A,H,-,A,D,0,NA,NA,NA,NA,Y,NA,A,01,0,1,1,0,0,0,0,0,0,-,-,NA,NA,LOS ANGELES,ARCADIA,-118.04849003,34.15076009
6796927,2015,2015-02-23,1900,2015-01-06,1830,536339,0973,2,5,4,1979,0,0,0,NA,0,92T1,ROMAINE ST,LA BREA AV,0,NA,Y,A,-,N,NA,NA,NA,NA,NA,NA,NA,NA,NA,N,3,0,1,2,A,-,11,21456,B,N,-,-,A,A,H,-,C,A,0,NA,NA,NA,NA,Y,NA,M,95,0,1,0,0,0,0,0,0,0,-,-,NA,NA,LOS ANGELES,WEST HOLLYWOOD,-118.34409013,34.08889012
6796928,2015,2016-04-12,1900,2015-01-08,1215,529488,0976,4,5,4,1979,0,0,0,NA,0,91T4,SANTA MONICA BL,OLIVE AV,0,NA,Y,A,-,N,NA,NA,NA,NA,NA,NA,NA,NA,NA,N,4,0,1,2,A,-,08,22107,NA,N,H,G,A,A,H,-,A,D,0,NA,Y,NA,NA,Y,NA,J,41,0,0,1,0,0,0,1,0,0,-,-,NA,NA,LOS ANGELES,WEST HOLLYWOOD,-118.37396011,34.09066001
6796929,2015,2015-02-23,1900,2015-01-08,1600,507857,0972,4,5,4,1979,0,0,0,NA,0,92T2,BEVERLY BL,ROBERTSON BL,300,W,N,B,-,N,NA,NA,NA,NA,NA,NA,NA,NA,NA,N,3,0,1,2,A,-,17,22517,NA,N,H,G,A,A,H,-,A,D,0,NA,Y,NA,NA,Y,NA,A,01,0,1,0,0,0,0,1,0,0,-,-,NA,NA,LOS ANGELES,WEST HOLLYWOOD,-118.38470885,34.0772
6796930,2015,2015-02-23,1900,2015-01-06,1955,536339,0973,2,5,4,1979,0,0,0,NA,0,92T1,FOUNTAIN AV,DETROIT ST,0,NA,Y,A,-,N,NA,NA,NA,NA,NA,NA,NA,NA,NA,N,4,0,1,3,A,-,09,21802,A,N,D,C,A,A,H,-,A,A,0,NA,NA,NA,NA,Y,NA,A,01,0,0,1,0,0,0,0,0,0,-,-,NA,NA,LOS ANGELES,WEST HOLLYWOOD,-118.34520008,34.09433008
6796941,2015,2015-02-24,1928,2015-01-22,1822,378,501,4,5,5,1928,0,0,0,NA,0,0H4,135TH ST,GLASGOW PL,0,NA,Y,A,-,N,NA,NA,NA,NA,NA,NA,NA,NA,NA,N,4,0,1,2,A,-,10,21950,A,N,G,B,B,A,H,-,C,A,0,Y,NA,NA,NA,Y,NA,A,01,0,0,1,0,1,0,0,0,0,-,-,NA,NA,LOS ANGELES,HAWTHORNE,-118.37126012,33.90948012
6796956,2015,2015-02-24,1965,2015-01-09,0859,3816,B001,5,5,5,1965,0,0,0,NA,0,0B1J,4TH ST,ARIZONA AV,105,S,N,A,-,N,NA,NA,NA,NA,NA,NA,NA,NA,NA,N,3,0,1,2,A,-,05,21650,1,N,D,G,A,A,H,-,A,D,0,NA,Y,NA,NA,Y,NA,L,04,0,1,0,0,0,0,1,0,0,-,-,NA,NA,LOS ANGELES,SANTA MONICA,-118.49653,34.01757259
6796957,2015,2016-10-27,1965,2015-01-06,1244,3693,0B1B,2,5,5,1965,0,0,0,NA,0,B001,PACIFIC COAST HWY,CALIFORNIA AV,270,S,N,A,-,Y,LA,7,1,-,-,36.06,H,-,N,Y,4,0,1,2,A,-,03,22350,NA,N,C,C,A,A,H,-,A,D,0,NA,NA,NA,NA,Y,NA,A,07,0,0,1,0,0,0,0,0,0,-,-,NA,NA,LOS ANGELES,SANTA MONICA,-118.50602888,34.01979444
6796958,2015,2015-02-24,1965,2015-01-06,1720,3340,B1L,2,5,5,1965,0,0,0,NA,0,001,7TH ST,BROADWAY,0,NA,Y,A,-,N,NA,NA,NA,NA,NA,NA,NA,NA,NA,N,3,0,1,2,A,-,09,21801,A,N,D,G,A,A,H,-,C,A,0,NA,Y,NA,NA,Y,NA,L,04,0,1,0,0,0,0,1,0,0,-,-,NA,NA,LOS ANGELES,SANTA MONICA,-118.49077002,34.0173901
6796959,2015,2015-02-24,1965,2015-01-15,1815,3844,0B3G,4,5,5,1965,0,0,0,NA,0,B003,BROADWAY,25TH ST,153,W,N,-,-,N,NA,NA,NA,NA,NA,NA,NA,NA,NA,N,4,0,1,2,A,-,04,21703,NA,N,C,C,A,A,H,-,C,D,0,NA,NA,NA,NA,Y,NA,A,01,0,0,1,0,0,0,0,0,0,-,-,NA,NA,LOS ANGELES,SANTA MONICA,-118.47393807,34.0309846
6796960,2015,2015-03-03,1965,2015-01-08,0936,3598,0B2A,4,5,5,1965,0,0,0,NA,0,B002,OCEAN PARK BL,10TH ST,26,W,N,A,-,N,NA,NA,NA,NA,NA,NA,NA,NA,NA,N,3,0,1,1,A,-,03,22350,NA,N,H,-,A,A,H,-,A,D,0,NA,Y,NA,NA,Y,NA,L,04,0,1,0,0,0,0,1,0,0,-,-,NA,NA,LOS ANGELES,SANTA MONICA,-118.47542014,34.00745908
6796990,2015,2015-02-25,1965,2015-01-13,2035,3502,0B3B,2,5,5,1965,0,0,0,NA,0,003,SANTA MONICA BL,LINCOLN,40,E,N,A,-,N,NA,NA,NA,NA,NA,NA,NA,NA,NA,Y,4,0,1,2,A,-,01,23152,A,N,C,C,A,A,H,-,C,D,0,NA,NA,NA,NA,Y,Y,A,01,0,0,1,0,0,0,0,0,0,-,-,NA,NA,LOS ANGELES,SANTA MONICA,-118.49131321,34.01961445
6797209,2015,2015-02-25,1942,2015-01-24,0010,39062,0182,6,5,7,1942,0,0,0,A,0,13T53,FIGUEROA ST,12TH ST,385,N,N,A,-,N,NA,NA,NA,NA,NA,NA,NA,NA,NA,Y,3,0,1,2,A,-,08,22102,NA,N,C,C,A,A,H,-,C,D,0,NA,NA,NA,NA,Y,Y,I,11,0,1,0,0,0,0,0,0,0,-,-,NA,NA,LOS ANGELES,LOS ANGELES,-118.26608799,34.04272755
6797213,2015,2015-02-25,1942,2015-01-20,0825,40162,1133,2,5,7,1942,0,0,0,K,0,11A37,FLETCHER DR,LARGA AV,0,NA,Y,B,E,N,NA,NA,NA,NA,NA,NA,NA,NA,NA,N,4,0,1,2,A,-,08,22107,NA,N,B,G,A,A,H,-,A,A,0,NA,Y,NA,NA,Y,NA,I,11,0,0,1,0,0,0,1,0,0,-,-,NA,NA,LOS ANGELES,LOS ANGELES,-118.25132012,34.11037012
6797233,2015,2016-09-29,1942,2015-01-24,0330,40008,1352,6,5,7,1942,0,0,0,M,0,13TL55,E 47TH ST,WALL ST,600,E,N,A,-,N,NA,NA,NA,NA,NA,NA,NA,NA,NA,N,3,0,1,2,A,-,05,21650,NA,F,B,E,A,A,H,-,C,D,0,NA,NA,NA,NA,Y,NA,A,01,0,1,0,0,0,0,0,0,0,-,-,NA,NA,LOS ANGELES,LOS ANGELES,-118.26982432,34.00107098
6797241,2015,2015-02-25,9545,2015-01-18,1750,19295,NA,7,2,9,1900,0,3,5,NA,2,001,JOHNSON RD,AQUEDUCT MAINTENCE RD,1584,S,N,A,-,N,NA,NA,NA,NA,NA,NA,NA,NA,NA,Y,4,0,2,1,A,-,03,22350,NA,N,F,A,A,A,H,-,A,D,0,NA,NA,NA,NA,Y,Y,D,22,0,0,2,0,0,0,0,0,0,-,-,34.6584,-118.33307,LOS ANGELES,UNINCORPORATED,NA,NA
6797265,2015,2015-02-25,1942,2015-01-25,1500,40099,1127,7,5,7,1942,0,0,0,K,0,4TL4,YORK BL,FIGUEROA ST,45,E,N,A,-,N,NA,NA,NA,NA,NA,NA,NA,NA,NA,N,4,0,1,2,A,-,04,21703,NA,N,C,-,A,A,H,-,A,A,0,NA,NA,NA,NA,Y,NA,D,22,0,0,1,0,0,0,0,0,0,-,-,NA,NA,LOS ANGELES,LOS ANGELES,-118.18421116,34.1154388
6797269,2015,2016-04-13,1942,2015-01-15,1125,37505,1326,4,5,7,1942,0,0,0,M,0,13TL53,HOOPER AV,ADAMS BL,0,NA,Y,A,-,N,NA,NA,NA,NA,NA,NA,NA,NA,NA,Y,4,0,1,2,A,-,09,21804,A,N,D,C,A,A,H,-,A,A,0,NA,Y,NA,NA,Y,NA,L,04,0,0,1,0,0,0,1,0,0,-,-,NA,NA,LOS ANGELES,LOS ANGELES,-118.25016011,34.0165901
6797272,2014,2015-02-17,1942,2014-12-13,0030,40463,1841,6,5,7,1942,0,0,0,R,0,3TL5,IMPERIAL HWY,MENLO AV,0,NA,Y,A,-,N,NA,NA,NA,NA,NA,NA,NA,NA,NA,Y,4,0,1,2,A,-,09,21802,A,N,C,C,A,B,H,-,C,D,0,NA,NA,NA,Y,Y,NA,-,NA,0,0,1,0,0,0,0,0,0,-,-,NA,NA,LOS ANGELES,LOS ANGELES,-118.28927007,33.93098007
6797293,2015,2015-02-12,1942,2015-01-17,2040,31659,437,6,5,7,1942,0,0,0,NA,0,4A15,EASTERN AV,DRUID ST,15,N,N,A,-,N,NA,NA,NA,NA,NA,NA,NA,NA,NA,N,4,0,4,3,A,-,08,22107,NA,N,-,C,A,A,H,-,C,A,0,NA,NA,NA,NA,Y,NA,A,07,0,0,4,0,0,0,0,0,0,-,-,NA,NA,LOS ANGELES,LOS ANGELES,-118.18045265,34.06954107
6797305,2015,2015-02-26,1942,2015-01-12,2050,38050,0271,1,5,7,1942,0,0,0,B,0,2T15,OLYMPIC BL,HOOVER ST,0,NA,Y,A,-,N,NA,NA,NA,NA,NA,NA,NA,NA,NA,N,4,0,4,2,A,-,09,21801,A,N,A,C,A,A,H,-,C,A,0,NA,NA,NA,Y,Y,NA,A,08,0,0,4,0,0,0,0,0,0,-,-,NA,NA,LOS ANGELES,LOS ANGELES,-118.28422012,34.05240012
6797397,2015,2015-03-23,1931,2015-01-30,1630,5302,1931,5,5,5,1931,0,0,0,NA,0,002,MILES AV,SLAUSON AV,0,NA,Y,B,-,N,NA,NA,NA,NA,NA,NA,NA,NA,NA,N,4,0,1,3,A,-,03,22350,NA,N,C,C,A,B,H,-,A,A,0,NA,NA,NA,Y,Y,NA,F,26,0,0,1,0,0,0,0,0,0,-,-,NA,NA,LOS ANGELES,HUNTINGTON PARK,-118.21934003,33.98920009
6797447,2015,2015-02-24,1942,2015-01-23,0745,40726,0236,5,5,7,1942,0,0,0,B,0,1TL11,BEVERLY BL,UNION AV,0,NA,Y,A,-,N,NA,NA,NA,NA,NA,NA,NA,NA,NA,Y,3,0,1,2,A,-,09,21801,A,F,-,C,A,A,H,-,A,A,0,NA,NA,Y,NA,Y,NA,-,99,0,1,0,0,0,0,0,0,1,-,-,NA,NA,LOS ANGELES,LOS ANGELES,-118.26587003,34.06466004
6797448,2015,2015-02-24,1942,2015-01-25,1620,37611,0203,7,5,7,1942,0,0,0,B,0,1TL24,VERMONT AV,NORMAL AV,36,N,N,B,-,N,NA,NA,NA,NA,NA,NA,NA,NA,NA,N,3,0,1,2,A,-,17,22517,NA,N,E,G,A,A,H,-,A,D,0,NA,Y,NA,NA,Y,NA,A,01,0,1,0,0,0,0,1,0,0,-,-,NA,NA,LOS ANGELES,LOS ANGELES,-118.29173,34.08675873
6797449,2015,2015-02-24,1942,2015-01-22,0820,32996,0251,4,5,7,1942,0,0,0,B,0,1TL11,WILSHIRE BL,RAMPART BL,0,NA,Y,A,-,N,NA,NA,NA,NA,NA,NA,NA,NA,NA,Y,4,0,1,2,A,-,12,21453,A,N,D,C,A,A,H,-,A,A,0,NA,NA,Y,NA,Y,NA,A,01,0,0,1,0,0,0,0,0,1,-,-,NA,NA,LOS ANGELES,LOS ANGELES,-118.28233007,34.06091002
6797450,2015,2015-02-24,1942,2015-01-22,1730,31476,0236,4,5,7,1942,0,0,0,B,0,13TL22,ALVARADO ST,TEMPLE ST,56,N,N,A,-,N,NA,NA,NA,NA,NA,NA,NA,NA,NA,N,4,0,1,2,A,-,08,22108,NA,N,-,B,F,A,H,-,C,A,0,Y,Y,NA,NA,Y,NA,L,04,0,0,1,0,1,0,0,0,0,-,-,NA,NA,LOS ANGELES,LOS ANGELES,-118.26796223,34.0704051
6797451,2015,2015-02-24,1942,2015-01-22,0545,37952,0133,4,5,7,1942,0,0,0,A,0,1TL24,SPRING ST,2ND ST,250,S,N,A,-,N,NA,NA,NA,NA,NA,NA,NA,NA,NA,N,4,0,1,2,A,-,10,21952,NA,N,G,B,F,A,H,-,C,D,0,Y,NA,NA,NA,Y,NA,A,01,0,0,1,0,1,0,0,0,0,-,-,NA,NA,LOS ANGELES,LOS ANGELES,-118.24613345,34.0511639
6797452,2015,2015-02-24,1942,2015-01-22,1815,32153,0151,4,5,7,1942,0,0,0,A,0,1XL6,7TH ST,FIGUEROA ST,125,E,N,A,-,N,NA,NA,NA,NA,NA,NA,NA,NA,NA,N,3,0,1,2,A,-,07,21658,A,F,B,G,A,A,H,-,C,A,0,NA,Y,NA,NA,Y,NA,-,99,0,1,0,0,0,0,1,0,0,-,-,NA,NA,LOS ANGELES,LOS ANGELES,-118.25957844,34.04921706
6797453,2015,2015-02-24,1942,2015-01-15,2245,41361,0151,4,5,7,1942,0,0,0,A,0,1A29,6TH ST,FIGUEROA ST,0,NA,Y,A,-,N,NA,NA,NA,NA,NA,NA,NA,NA,NA,Y,4,0,1,2,A,-,08,22107,NA,N,D,C,A,A,H,-,C,A,0,NA,NA,NA,NA,Y,NA,A,07,0,0,1,0,0,0,0,0,0,-,-,NA,NA,LOS ANGELES,LOS ANGELES,-118.25856003,34.05082001
6797454,2015,2015-02-24,1942,2015-01-22,2220,39761,0139,4,5,7,1942,0,0,0,A,0,4T43,ALAMEDA ST,1ST ST,15,N,N,A,-,N,NA,NA,NA,NA,NA,NA,NA,NA,NA,Y,4,0,1,2,C,-,18,NA,NA,N,C,C,A,A,H,-,C,D,0,NA,NA,NA,NA,Y,NA,-,-,0,0,1,0,0,0,0,0,0,-,-,NA,NA,LOS ANGELES,LOS ANGELES,-118.238131,34.049005
6797455,2015,2015-02-24,1942,2015-01-25,1215,34727,0143,7,5,7,1942,0,0,0,A,0,1A35,6TH ST,HILL ST,153,E,N,A,-,N,NA,NA,NA,NA,NA,NA,NA,NA,NA,N,4,0,2,2,A,-,07,21658,A,N,B,C,A,A,H,-,A,A,0,NA,NA,NA,NA,Y,NA,A,01,0,0,2,0,0,0,0,0,0,-,-,NA,NA,LOS ANGELES,LOS ANGELES,-118.25270341,34.047081
6797456,2015,2015-02-24,1942,2015-01-25,1330,39754,152,7,5,7,1942,0,0,0,O,0,1A41,7TH ST,OLIVE ST,30,E,N,A,-,N,NA,NA,NA,NA,NA,NA,NA,NA,NA,N,4,0,1,2,A,-,03,22350,NA,N,C,C,A,A,H,-,A,A,0,NA,NA,NA,NA,Y,NA,A,01,0,0,1,0,0,0,0,0,0,-,-,NA,NA,LOS ANGELES,LOS ANGELES,-118.25545112,34.04655042
6797457,2015,2015-02-24,1942,2015-01-23,0940,39349,0111,5,5,7,1942,0,0,0,A,0,11TL21,N HILL ST,BERNARD ST,200,S,N,A,-,N,NA,NA,NA,NA,NA,NA,NA,NA,NA,N,4,0,3,2,A,-,08,22107,NA,N,D,C,A,A,H,-,A,D,0,NA,NA,NA,NA,Y,NA,A,01,0,0,3,0,0,0,0,0,0,-,-,NA,NA,LOS ANGELES,LOS ANGELES,-118.2375474,34.06677521
6797458,2015,2015-02-25,1942,2015-01-25,0320,41019,0119,7,5,7,1942,0,0,0,A,0,1TL24,VIGNES ST,BAUCHET ST,112,S,N,A,-,N,NA,NA,NA,NA,NA,NA,NA,NA,NA,Y,2,0,1,1,A,-,03,22350,NA,N,E,I,A,A,H,-,C,D,0,NA,NA,NA,NA,Y,NA,A,01,1,0,0,0,0,0,0,0,0,-,-,NA,NA,LOS ANGELES,LOS ANGELES,-118.23210751,34.05861888
6797459,2015,2016-09-29,1942,2015-01-25,1840,34426,1343,7,5,7,1942,0,0,0,M,0,2TL28,PALOMA ST,MARTIN LUTHER KING JR BL,0,NA,Y,A,-,N,NA,NA,NA,NA,NA,NA,NA,NA,NA,N,4,0,2,2,A,-,09,21802,A,F,D,C,A,A,H,-,C,A,0,NA,NA,NA,NA,Y,NA,A,07,0,0,2,0,0,0,0,0,0,-,-,NA,NA,LOS ANGELES,LOS ANGELES,-118.26179001,34.01105002
6797460,2015,2015-02-27,1942,2015-01-24,1425,34426,1317,6,5,7,1942,0,0,0,M,0,2TL28,20TH ST,LONG BEACH AV,0,NA,Y,A,-,N,NA,NA,NA,NA,NA,NA,NA,NA,NA,Y,4,0,3,2,A,-,12,21453,A,M,D,C,A,A,H,-,A,A,0,NA,NA,NA,NA,Y,NA,-,-,0,0,3,0,0,0,0,0,0,-,-,NA,NA,LOS ANGELES,LOS ANGELES,-118.24317008,34.01879004
6797461,2015,2016-04-13,1942,2015-01-22,1325,31152,1317,4,5,7,1942,0,0,0,M,0,11TL25,15TH ST,LONG BEACH AV,0,NA,Y,A,-,N,NA,NA,NA,NA,NA,NA,NA,NA,NA,Y,4,0,1,2,A,-,12,22450,A,N,D,C,A,A,H,-,A,A,0,NA,NA,NA,NA,Y,NA,-,-,0,0,1,0,0,0,0,0,0,-,-,NA,NA,LOS ANGELES,LOS ANGELES,-118.24190005,34.02424006
6797462,2015,2015-02-25,1942,2015-01-23,1530,39049,1317,5,5,7,1942,0,0,0,M,0,1TL24,CENTRAL AV,16TH ST,0,NA,Y,A,-,N,NA,NA,NA,NA,NA,NA,NA,NA,NA,N,4,0,1,2,A,-,17,21200,NA,N,D,G,A,A,H,-,A,A,0,NA,Y,NA,NA,Y,NA,L,04,0,0,1,0,0,0,1,0,0,-,-,NA,NA,LOS ANGELES,LOS ANGELES,-118.24879001,34.02642005
6797463,2015,2015-03-03,1942,2015-01-20,1520,38171,1383,2,5,7,1942,0,0,0,M,0,11TL32,MAIN ST,GAGE AV,110,N,N,A,-,N,NA,NA,NA,NA,NA,NA,NA,NA,NA,N,4,0,6,4,A,-,03,22350,NA,F,C,C,A,A,H,-,A,D,0,NA,NA,NA,NA,Y,NA,-,99,0,0,6,0,0,0,0,0,0,-,-,NA,NA,LOS ANGELES,LOS ANGELES,-118.27394563,33.98272166
6797464,2015,2015-02-24,1942,2015-01-22,1115,39184,1352,4,5,7,1942,0,0,0,M,0,11T32,S CENTRAL AV,E 55TH ST,0,NA,Y,A,-,N,NA,NA,NA,NA,NA,NA,NA,NA,NA,N,3,0,2,3,A,-,10,21950,A,N,G,B,B,A,H,-,A,A,0,Y,NA,NA,NA,Y,NA,A,01,0,2,0,0,2,0,0,0,0,-,-,NA,NA,LOS ANGELES,LOS ANGELES,-118.25646006,33.99299009