CASE_ID,ACCIDENT_YEAR,PROC_DATE,JURIS,COLLISION_DATE,COLLISION_TIME,OFFICER_ID,REPORTING_DISTRICT,DAY_OF_WEEK,CHP_SHIFT,POPULATION,CNTY_CITY_LOC,SPECIAL_COND,BEAT_TYPE,CHP_BEAT_TYPE,CITY_DIVISION_LAPD,CHP_BEAT_CLASS,BEAT_NUMBER,PRIMARY_RD,SECONDARY_RD,DISTANCE,DIRECTION,INTERSECTION,WEATHER_1,WEATHER_2,STATE_HWY_IND,CALTRANS_COUNTY,CALTRANS_DISTRICT,STATE_ROUTE,ROUTE_SUFFIX,POSTMILE_PREFIX,POSTMILE,LOCATION_TYPE,RAMP_INTERSECTION,SIDE_OF_HWY,TOW_AWAY,COLLISION_SEVERITY,NUMBER_KILLED,NUMBER_INJURED,PARTY_COUNT,PRIMARY_COLL_FACTOR,PCF_CODE_OF_VIOL,PCF_VIOL_CATEGORY,PCF_VIOLATION,PCF_VIOL_SUBSECTION,HIT_AND_RUN,TYPE_OF_COLLISION,MVIW,PED_ACTION,ROAD_SURFACE,ROAD_COND_1,ROAD_COND_2,LIGHTING,CONTROL_DEVICE,CHP_ROAD_TYPE,PEDESTRIAN_ACCIDENT,BICYCLE_ACCIDENT,MOTORCYCLE_ACCIDENT,TRUCK_ACCIDENT,NOT_PRIVATE_PROPERTY,ALCOHOL_INVOLVED,STWD_VEHTYPE_AT_FAULT,CHP_VEHTYPE_AT_FAULT,COUNT_SEVERE_INJ,COUNT_VISIBLE_INJ,COUNT_COMPLAINT_PAIN,COUNT_PED_KILLED,COUNT_PED_INJURED,COUNT_BICYCLIST_KILLED,COUNT_BICYCLIST_INJURED,COUNT_MC_KILLED,COUNT_MC_INJURED,PRIMARY_RAMP,SECONDARY_RAMP,LATITUDE,LONGITUDE,COUNTY,CITY,POINT_X,POINT_Y
6799798,2015,2015-02-24,1942,2015-01-18,1630,36911,1841,7,5,7,1942,0,0,0,R,0,5TL25,IMPERIAL HWY,ATHENS WY,4,E,N,A,-,N,NA,NA,NA,NA,NA,NA,NA,NA,NA,N,4,0,1,2,A,-,10,21950,A,F,G,B,B,A,H,-,A,D,0,Y,NA,NA,NA,Y,NA,-,99,0,0,1,0,1,0,0,0,0,-,-,NA,NA,LOS ANGELES,LOS ANGELES,-118.27910684,33.93101
6799799,2015,2015-02-24,1942,2015-01-07,1820,39028,1827,3,5,7,1942,0,0,0,R,0,12T73,CENTURY BL,WILMINGTON AV,30,W,N,A,-,N,NA,NA,NA,NA,NA,NA,NA,NA,NA,N,4,0,1,2,A,-,11,21954,A,F,G,B,D,A,H,-,C,A,0,Y,NA,NA,NA,Y,NA,N,60,0,0,1,0,1,0,0,0,0,-,-,NA,NA,LOS ANGELES,LOS ANGELES,-118.23910465,33.94560767
6799800,2015,2015-02-24,1942,2015-01-06,2055,32142,1826,2,5,7,1942,0,0,0,R,0,18A1,103RD ST,COMPTON AV,600,E,N,A,-,N,NA,NA,NA,NA,NA,NA,NA,NA,NA,N,4,0,1,2,B,-,22,NA,NA,N,D,C,A,A,H,-,C,D,0,NA,NA,NA,NA,Y,NA,A,01,0,0,1,0,0,0,0,0,0,-,-,NA,NA,LOS ANGELES,LOS ANGELES,-118.2442362,33.94320005
6799801,2015,2015-02-25,1942,2015-01-06,1925,38698,1803,2,5,7,1942,0,0,0,R,0,18A3,AVALON BL,92ND ST,150,W,N,A,-,N,NA,NA,NA,NA,NA,NA,NA,NA,NA,N,4,0,3,4,A,-,05,21651,A,N,B,C,A,A,H,-,C,D,0,NA,NA,NA,NA,Y,NA,A,01,0,0,3,0,0,0,0,0,0,-,-,NA,NA,LOS ANGELES,LOS ANGELES,-118.26516,33.95289
6799802,2015,2015-02-24,1942,2015-01-05,0830,36754,1219,1,5,7,1942,0,0,0,L,0,3T5,FIGUEROA ST,57TH ST,0,NA,Y,A,-,N,NA,NA,NA,NA,NA,NA,NA,NA,NA,N,4,0,1,2,A,-,05,21650,1,N,D,-,A,A,H,-,A,A,0,NA,Y,NA,NA,Y,NA,L,04,0,0,1,0,0,0,1,0,0,-,-,NA,NA,LOS ANGELES,LOS ANGELES,-118.28268007,33.99055004
6799803,2015,2015-02-24,1942,2015-01-05,2205,36646,1863,1,5,7,1942,0,0,0,R,0,18T23,120TH ST,AVALON BL,550,W,N,A,-,N,NA,NA,NA,NA,NA,NA,NA,NA,NA,Y,4,0,1,3,A,-,03,22350,NA,N,C,E,A,A,H,-,C,D,0,NA,NA,NA,NA,Y,NA,A,01,0,0,1,0,0,0,0,0,0,-,-,NA,NA,LOS ANGELES,LOS ANGELES,-118.26704941,33.92371
6799804,2015,2015-02-24,1942,2015-01-02,1720,33201,1838,5,5,7,1942,0,0,0,R,0,18X48,WILMINGTON AV,SANTA ANA BL N,0,NA,Y,A,-,N,NA,NA,NA,NA,NA,NA,NA,NA,NA,Y,4,0,5,2,D,-,00,NA,NA,N,H,C,A,A,H,-,C,A,0,NA,NA,NA,NA,Y,NA,-,-,0,0,5,0,0,0,0,0,0,-,-,NA,NA,LOS ANGELES,LOS ANGELES,-118.23903,33.93823005
6799805,2015,2015-02-24,1942,2015-01-05,1230,41059,1801,1,5,7,1942,0,0,0,R,0,18T23,MANCHESTER AV,HOOVER ST,0,NA,Y,A,-,N,NA,NA,NA,NA,NA,NA,NA,NA,NA,N,4,0,1,2,A,-,03,22350,NA,F,D,C,A,A,H,-,A,D,0,NA,NA,NA,NA,Y,NA,-,99,0,0,1,0,0,0,0,0,0,-,-,NA,NA,LOS ANGELES,LOS ANGELES,-118.28706011,33.96005007
6799806,2015,2015-02-24,1942,2015-01-02,1745,39507,1804,5,5,7,1942,0,0,0,R,0,18A44,CALIBURN DR,88TH PL,100,N,N,A,-,N,NA,NA,NA,NA,NA,NA,NA,NA,NA,N,3,0,1,2,A,-,21,22106,NA,F,D,G,A,A,-,-,C,D,0,NA,Y,NA,NA,Y,NA,-,99,0,1,0,0,0,0,1,0,0,-,-,NA,NA,LOS ANGELES,LOS ANGELES,-118.26447755,33.95674643
6799807,2015,2015-02-24,1920,2015-01-09,1644,12323,NA,5,5,6,1920,0,0,0,NA,0,005,PARAMOUNT BL,3RD ST,231,N,N,A,-,N,NA,NA,NA,NA,NA,NA,NA,NA,NA,Y,4,0,1,2,A,-,08,22107,NA,M,B,E,A,A,H,-,A,A,0,NA,NA,NA,NA,Y,NA,A,01,0,0,1,0,0,0,0,0,0,-,-,NA,NA,LOS ANGELES,DOWNEY,-118.13641091,33.94484348
6799808,2015,2015-04-02,1920,2015-01-07,0715,10140,NA,3,5,6,1920,0,0,0,NA,0,006,BROOKSHIRE AV,STEWART AND GRAY RD,0,NA,Y,A,-,N,NA,NA,NA,NA,NA,NA,NA,NA,NA,Y,4,0,1,2,A,-,12,21453,A,N,D,C,A,A,H,-,A,A,0,NA,NA,NA,NA,Y,NA,A,01,0,0,1,0,0,0,0,0,0,-,-,NA,NA,LOS ANGELES,DOWNEY,-118.13534001,33.93070008
6799809,2015,2015-02-24,1920,2015-01-07,0759,10705,NA,3,5,6,1920,0,0,0,NA,0,006,STEWART AND GRAY RD,BROOKSHIRE AV,530,W,N,A,-,N,NA,NA,NA,NA,NA,NA,NA,NA,NA,N,3,0,1,2,A,-,07,21658,A,N,B,C,A,A,H,-,A,D,0,NA,NA,NA,NA,Y,NA,-,NA,0,1,0,0,0,0,0,0,0,-,-,NA,NA,LOS ANGELES,DOWNEY,-118.13690471,33.93134105
6799810,2015,2015-02-27,1920,2015-01-05,0420,12510,NA,1,5,6,1920,0,0,0,NA,0,004,FAIRFORD,CECILIA ST,100,N,N,A,-,N,NA,NA,NA,NA,NA,NA,NA,NA,NA,Y,3,0,2,2,A,-,08,22107,NA,N,F,E,A,A,H,-,C,D,0,NA,NA,NA,NA,Y,Y,A,01,0,2,0,0,0,0,0,0,0,-,-,NA,NA,LOS ANGELES,DOWNEY,-118.09493,33.9322842
6799811,2015,2015-02-24,1900,2015-01-21,1655,512428,2603,3,5,6,1950,0,0,0,NA,0,262T1,40TH ST E,AVENUE S-8,0,NA,Y,A,-,N,NA,NA,NA,NA,NA,NA,NA,NA,NA,Y,2,0,1,2,A,-,09,21802,A,N,B,C,A,A,H,-,B,A,0,NA,NA,NA,NA,Y,NA,A,01,1,0,0,0,0,0,0,0,0,-,-,NA,NA,LOS ANGELES,PALMDALE,-118.05854008,34.5498901
6799812,2015,2016-10-27,1900,2015-01-02,1817,528503,2610,5,5,6,1950,0,0,0,NA,0,262T1,20TH ST E,RT 138,0,NA,Y,A,-,Y,LA,7,138,-,-,45.71,I,5,W,Y,4,0,6,3,A,-,09,21801,A,N,D,C,A,A,H,-,C,A,0,NA,NA,NA,NA,Y,NA,A,01,0,0,6,0,0,0,0,0,0,-,-,NA,NA,LOS ANGELES,PALMDALE,-118.09412121,34.57975692
6799813,2015,2015-02-24,1900,2015-01-13,0817,253807,2608,2,5,6,1950,0,0,0,NA,0,261T1,AVENUE R-8,43RD ST EAST,220,W,N,A,-,N,NA,NA,NA,NA,NA,NA,NA,NA,NA,N,4,0,1,2,A,-,04,21703,NA,N,C,C,A,A,H,-,A,D,0,NA,NA,NA,NA,Y,NA,A,01,0,0,1,0,0,0,0,0,0,-,-,NA,NA,LOS ANGELES,PALMDALE,-118.0524488,34.56547856
6799814,2015,2015-02-24,1900,2015-01-14,0805,253807,2611,3,5,6,1950,0,0,0,NA,0,261T1,DIVISION ST,AVENUE Q-10,0,NA,Y,A,-,N,NA,NA,NA,NA,NA,NA,NA,NA,NA,Y,4,0,1,2,A,-,03,22350,NA,N,C,C,A,A,H,-,A,D,0,NA,NA,NA,NA,Y,NA,A,07,0,0,1,0,0,0,0,0,0,-,-,NA,NA,LOS ANGELES,PALMDALE,-118.12946003,34.57787008
6799815,2015,2016-10-27,1900,2015-01-21,1450,519951,2611,3,5,6,1950,0,0,0,NA,0,263T1,DIVISION ST,RT 138,0,NA,Y,A,-,Y,LA,7,138,-,-,43.681,I,5,E,Y,3,0,2,2,A,-,09,21801,A,N,A,C,A,A,H,-,A,A,0,NA,NA,NA,NA,Y,NA,A,01,0,1,1,0,0,0,0,0,0,-,-,NA,NA,LOS ANGELES,PALMDALE,-118.12954252,34.57982539
6799816,2015,2015-02-24,1900,2015-01-20,1625,487904,2611,2,5,6,1950,0,0,0,NA,0,263T1,TRADE CENTER DR,E AVENUE Q,0,NA,Y,A,-,N,NA,NA,NA,NA,NA,NA,NA,NA,NA,N,4,0,1,2,A,-,08,22100,A,N,C,C,A,A,H,-,A,D,0,NA,NA,NA,NA,Y,NA,A,01,0,0,1,0,0,0,0,0,0,-,-,NA,NA,LOS ANGELES,PALMDALE,-118.14306008,34.58714002
6799817,2015,2015-02-24,1900,2015-01-24,1855,135095,2603,6,5,6,1950,0,0,0,NA,0,263T1,PEARBLOSSOM HWY,37TH ST E,528,W,N,A,-,N,NA,NA,NA,NA,NA,NA,NA,NA,NA,N,3,0,1,2,A,-,05,21650,NA,N,B,C,A,A,H,-,C,D,0,NA,NA,NA,NA,Y,NA,A,01,0,1,0,0,0,0,0,0,0,-,-,NA,NA,LOS ANGELES,PALMDALE,-118.06465949,34.54273708
6799818,2015,2015-02-24,1900,2015-01-05,1715,248079,2610,1,5,6,1950,0,0,0,NA,0,262T1,AVENUE R,12TH ST E,99,W,N,A,-,N,NA,NA,NA,NA,NA,NA,NA,NA,NA,N,4,0,1,2,A,-,11,21956,A,N,B,J,E,A,H,-,D,D,0,Y,NA,NA,NA,Y,NA,N,60,0,0,1,0,1,0,0,0,0,-,-,NA,NA,LOS ANGELES,PALMDALE,-118.10770816,34.57263
6799819,2015,2016-10-10,1900,2015-01-07,0445,530600,2611,3,5,6,1950,0,0,0,NA,0,262T1,AVENUE S,RT 14,0,NA,Y,A,-,Y,LA,7,14,-,R,48.398,R,4,N,Y,4,0,2,2,D,-,00,NA,NA,N,D,C,A,A,H,-,C,A,0,NA,NA,NA,NA,Y,NA,-,-,0,0,2,0,0,0,0,0,0,-,NO,NA,NA,LOS ANGELES,PALMDALE,-118.20211679,34.49093643
6799820,2015,2016-10-27,1900,2015-01-16,0954,491337,2610,5,5,6,1950,0,0,0,NA,0,262T1,PALMDALE BL,11TH ST E,0,NA,Y,A,-,Y,LA,7,138,-,-,44.821,I,5,E,N,4,0,2,2,A,-,09,21802,A,N,D,C,A,A,H,-,A,A,0,NA,NA,NA,NA,Y,NA,A,01,0,0,2,0,0,0,0,0,0,-,-,NA,NA,LOS ANGELES,PALMDALE,-118.1095827,34.57958322
6799840,2015,2015-03-04,1942,2015-01-03,1115,40697,1842,6,5,7,1942,0,0,0,R,0,3T5,MAIN ST,110TH ST,0,NA,Y,A,-,N,NA,NA,NA,NA,NA,NA,NA,NA,NA,Y,4,0,2,5,A,-,03,22350,NA,N,D,C,A,A,H,-,A,D,0,NA,NA,NA,NA,Y,NA,-,-,0,0,2,0,0,0,0,0,0,-,-,NA,NA,LOS ANGELES,LOS ANGELES,-118.27389002,33.93566008
6799860,2015,2015-03-05,1900,2015-01-06,1300,529395,0530,2,5,5,1959,0,0,0,NA,0,53T1AM,ENCINITA AV,LOWER AZUSA RD,52,N,N,A,-,N,NA,NA,NA,NA,NA,NA,NA,NA,NA,Y,4,0,2,2,A,-,12,21453,A,N,D,C,A,A,H,-,A,A,0,NA,NA,NA,NA,Y,NA,-,-,0,0,2,0,0,0,0,0,0,-,-,NA,NA,LOS ANGELES,ROSEMEAD,-118.06768586,34.0881225
6799915,2015,2016-09-13,9530,2015-01-19,0955,14661,NA,1,1,7,1941,0,1,1,NA,2,071,RT 710,RT 91,50,N,N,A,-,Y,LA,7,710,-,-,12.89,H,-,S,Y,3,0,1,2,A,-,03,22350,NA,N,C,C,A,A,H,-,A,D,1,NA,NA,NA,Y,Y,NA,A,01,0,1,0,0,0,0,0,0,0,-,-,33.87527,-118.19322,LOS ANGELES,LONG BEACH,-118.19354804,33.8742815
6799916,2015,2015-03-04,9530,2015-01-21,1730,018270,NA,3,2,9,1900,0,3,5,NA,2,001,SANTA FE AV,LIVE OAK ST,0,NA,Y,A,-,N,NA,NA,NA,NA,NA,NA,NA,NA,NA,N,4,0,1,2,A,-,09,21802,A,N,D,C,A,A,H,-,C,A,0,NA,NA,NA,NA,Y,NA,D,22,0,0,1,0,0,0,0,0,0,-,-,33.97214,-118.23012,LOS ANGELES,UNINCORPORATED,-118.23027,33.97219009
6799918,2015,2015-08-19,9530,2015-01-14,1500,16193,NA,3,2,9,1900,0,3,5,NA,2,002,COMPTON BL,BROADWAY,0,NA,Y,A,-,N,NA,NA,NA,NA,NA,NA,NA,NA,NA,Y,3,0,1,5,A,-,12,21453,A,N,D,C,A,A,H,-,A,A,0,NA,NA,NA,Y,Y,NA,-,-,0,1,0,0,0,0,0,0,0,-,-,33.89473,-118.27837,LOS ANGELES,UNINCORPORATED,-118.27865003,33.89482005
6799973,2015,2015-03-02,1942,2015-01-24,1855,35936,1835,6,5,7,1942,0,0,0,R,0,25EL1,104TH ST,CENTRAL AV,9,W,N,A,-,N,NA,NA,NA,NA,NA,NA,NA,NA,NA,N,4,0,1,2,A,-,00,21720,NA,N,D,G,A,A,H,-,C,D,0,NA,Y,NA,NA,Y,NA,L,04,0,0,1,0,0,0,1,0,0,-,-,NA,NA,LOS ANGELES,LOS ANGELES,-118.25417959,33.94185102
6799974,2015,2016-04-13,1942,2015-01-22,0650,38825,1841,4,5,7,1942,0,0,0,R,0,12T41,IMPERIAL HWY,VERMONT AV,100,E,N,A,-,N,NA,NA,NA,NA,NA,NA,NA,NA,NA,Y,4,0,2,2,A,-,09,21801,A,N,D,C,A,A,H,-,A,D,0,NA,NA,NA,NA,Y,NA,A,01,0,0,2,0,0,0,0,0,0,-,-,NA,NA,LOS ANGELES,LOS ANGELES,-118.29128098,33.93098
6799975,2015,2015-03-02,1942,2015-01-22,0730,40971,1827,4,5,7,1942,0,0,0,R,0,3T5,GRAPE ST,97TH ST,217,S,N,A,-,N,NA,NA,NA,NA,NA,NA,NA,NA,NA,N,4,0,1,2,A,-,21,22106,NA,N,G,B,F,A,H,-,A,D,0,Y,NA,NA,NA,Y,NA,A,01,0,0,1,0,1,0,0,0,0,-,-,NA,NA,LOS ANGELES,LOS ANGELES,-118.23678454,33.94760491
6799976,2015,2015-03-02,1942,2015-01-19,1830,41422,1822,1,5,7,1942,0,0,0,R,0,18A18,FIGUEROA AV,101ST ST,35,N,N,A,-,N,NA,NA,NA,NA,NA,NA,NA,NA,NA,N,2,0,1,2,A,-,11,21956,A,N,G,B,D,A,H,-,C,D,0,Y,NA,NA,NA,Y,NA,N,60,1,0,0,0,1,0,0,0,0,-,-,NA,NA,LOS ANGELES,LOS ANGELES,-118.28264,33.94472599
6799977,2015,2015-03-03,1942,2015-01-19,1445,36911,1822,1,5,7,1942,0,0,0,R,0,5TL25,CENTURY BL,GRAND AV,6,W,N,A,-,N,NA,NA,NA,NA,NA,NA,NA,NA,NA,Y,3,0,1,2,A,-,12,21453,A,N,B,C,A,A,H,-,A,A,0,NA,NA,NA,NA,Y,NA,A,07,0,1,0,0,0,0,0,0,0,-,-,NA,NA,LOS ANGELES,LOS ANGELES,-118.28032974,33.94555
6799997,2015,2015-03-02,1900,2015-01-29,1345,523031,0532,4,5,5,1959,0,0,0,NA,0,33HAMS,GARVEY AV,SAN GABRIEL BL,90,E,N,B,-,N,NA,NA,NA,NA,NA,NA,NA,NA,NA,N,3,0,1,1,C,-,18,NA,NA,N,A,I,A,D,G,-,A,A,0,NA,NA,NA,NA,Y,NA,-,-,0,1,0,0,0,0,0,0,0,-,-,NA,NA,LOS ANGELES,ROSEMEAD,-118.09021356,34.06264559
6799998,2015,2015-03-02,1900,2015-01-31,1550,531921,0532,6,5,5,1959,0,0,0,NA,0,53T1PM,EMERSON PL,SAN GABRIEL BL,120,W,N,A,-,N,NA,NA,NA,NA,NA,NA,NA,NA,NA,N,4,0,1,2,A,-,05,21202,A,N,H,G,A,A,H,-,A,D,0,NA,Y,NA,NA,Y,NA,L,04,0,0,1,0,0,0,1,0,0,-,-,NA,NA,LOS ANGELES,ROSEMEAD,-118.09096536,34.06626766
6799999,2015,2015-03-02,1900,2015-01-29,1704,52072603,0532,4,5,5,1959,0,0,0,NA,0,53T1PM,SAN GABRIEL BL,HEILMAN AV,38,N,N,A,-,N,NA,NA,NA,NA,NA,NA,NA,NA,NA,N,3,0,1,2,A,-,04,21703,NA,F,C,C,A,A,H,-,A,A,0,NA,NA,NA,NA,Y,NA,A,01,0,1,0,0,0,0,0,0,0,-,-,NA,NA,LOS ANGELES,ROSEMEAD,-118.0906,34.0700042
6800221,2015,2015-08-12,1942,2015-01-24,1615,37797,1802,6,5,7,1942,0,0,0,R,0,18A26,MANCHESTER AV,MAIN ST,300,W,N,A,-,N,NA,NA,NA,NA,NA,NA,NA,NA,NA,Y,4,0,1,3,A,-,03,22350,NA,F,E,C,A,A,H,-,A,D,0,NA,NA,NA,NA,Y,NA,A,01,0,0,1,0,0,0,0,0,0,-,-,NA,NA,LOS ANGELES,LOS ANGELES,-118.27486738,33.96008895
6800250,2015,2015-08-05,1900,2015-01-18,0704,527056,2612,7,5,6,1950,0,0,0,NA,0,264T1,ELIZABETH LAKE RD,PANTHER DR,0,NA,Y,A,-,N,NA,NA,NA,NA,NA,NA,NA,NA,NA,Y,3,0,1,1,A,-,08,22107,NA,N,E,I,A,A,H,-,A,D,0,NA,NA,NA,NA,Y,Y,A,01,0,1,0,0,0,0,0,0,0,-,-,NA,NA,LOS ANGELES,PALMDALE,-118.15906009,34.58713002
6800281,2015,2016-09-12,9530,2015-01-21,1330,14298,NA,3,1,7,1941,0,1,1,NA,2,430,RT 405,TEMPLE AV,300,S,N,A,-,Y,LA,7,405,-,-,4.27,H,-,N,Y,3,0,5,4,A,-,03,22350,NA,N,C,C,A,A,H,-,A,D,1,NA,NA,NA,Y,Y,NA,F,55,0,1,4,0,0,0,0,0,0,-,-,33.8103,-118.1578,LOS ANGELES,LONG BEACH,-118.15816668,33.80980815
6800282,2015,2016-10-12,9530,2015-01-21,1345,19792,NA,3,1,9,1900,0,1,1,NA,2,200,RT 105,WILMINGTON AV,1056,E,N,A,-,Y,LA,7,105,-,R,10.11,H,-,E,N,4,0,1,2,A,-,06,21755,A,N,B,C,A,A,H,-,A,D,0,NA,NA,NA,Y,Y,NA,A,01,0,0,1,0,0,0,0,0,0,-,-,33.9279,-118.2363,LOS ANGELES,UNINCORPORATED,-118.23356974,33.92784737
6800285,2015,2016-09-12,9530,2015-01-20,0800,19792,NA,2,1,7,1942,0,1,1,NA,2,110,RT 110,190TH ST,300,N,N,B,-,Y,LA,7,110,-,-,9.22,R,1,N,N,4,0,1,2,A,-,21,22106,NA,N,-,C,A,A,H,-,A,A,1,NA,NA,NA,Y,Y,NA,G,27,0,0,1,0,0,0,0,0,0,FR,-,33.8627,-118.2842,LOS ANGELES,LOS ANGELES,-118.28491718,33.86341742
6800291,2015,2015-03-17,9530,2015-01-17,0905,020676,NA,6,1,9,1900,0,3,5,NA,2,001,FLORENCE AV,WILMINGTON AV,36,W,N,A,-,N,NA,NA,NA,NA,NA,NA,NA,NA,NA,Y,3,0,2,2,A,-,03,22350,NA,N,C,C,A,A,H,-,A,D,0,NA,NA,NA,NA,Y,NA,D,22,0,1,1,0,0,0,0,0,0,-,-,33.58291,-118.14211,LOS ANGELES,UNINCORPORATED,-118.2391385,33.97472
6800295,2015,2016-11-01,9530,2015-01-22,1319,019857,NA,4,1,7,1942,0,1,1,NA,2,110,RT 110,135TH ST,85,S,N,A,-,Y,LA,7,110,-,-,12.38,H,-,S,N,4,0,1,2,A,-,07,21658,A,N,B,C,A,A,H,-,A,D,1,NA,NA,NA,Y,Y,NA,D,22,0,0,1,0,0,0,0,0,0,-,-,33.902,-118.28823,LOS ANGELES,LOS ANGELES,-118.28671939,33.90928338
6800297,2015,2015-03-04,9530,2015-01-22,2230,020240,NA,4,3,9,1900,0,3,5,NA,2,003,HARRIS AV,CALDWELL ST,631,S,N,A,-,N,NA,NA,NA,NA,NA,NA,NA,NA,NA,N,3,0,1,2,A,-,01,23152,A,M,B,E,A,A,H,-,C,D,0,NA,NA,NA,NA,Y,Y,A,01,0,1,0,0,0,0,0,0,0,-,-,33.88323,-118.19743,LOS ANGELES,UNINCORPORATED,-118.19797,33.88503
6800298,2015,2016-04-13,9530,2015-01-23,0815,20331,NA,5,1,9,1900,0,3,5,NA,2,004,E DEL AMO BL,SANTA FE AV,450,W,N,A,-,N,NA,NA,NA,NA,NA,NA,NA,NA,NA,Y,4,0,1,3,A,-,03,22350,NA,N,C,C,A,A,H,-,A,D,0,NA,NA,NA,Y,Y,NA,A,01,0,0,1,0,0,0,0,0,0,-,-,33.847,-118.212,LOS ANGELES,UNINCORPORATED,-118.21319892,33.84658333
6800299,2015,2015-03-04,9530,2015-01-22,1915,20231,NA,4,2,9,1900,0,3,5,NA,2,005,CRENSHAW BL,154TH ST,0,NA,Y,A,-,N,NA,NA,NA,NA,NA,NA,NA,NA,NA,Y,4,0,3,2,A,-,09,21801,A,N,A,C,A,A,H,-,C,A,0,NA,NA,NA,NA,Y,NA,D,22,0,0,3,0,0,0,0,0,0,-,-,33.89091,-118.32688,LOS ANGELES,UNINCORPORATED,-118.32654013,33.89102009
6800303,2015,2016-10-20,9530,2015-01-22,0715,14654,NA,4,1,5,1977,0,1,1,NA,2,410,RT 405,WILMINGTON AV,1584,S,N,A,-,Y,LA,7,405,-,-,9.26,H,-,N,Y,4,0,2,3,A,-,03,22350,NA,N,C,C,A,A,H,-,A,D,1,NA,NA,NA,NA,Y,NA,A,07,0,0,2,0,0,0,0,0,0,-,-,33.4933,-118.141,LOS ANGELES,CARSON,-118.23620024,33.82595897
6800305,2015,2016-09-13,9530,2015-01-25,1425,020726,NA,7,2,9,1900,0,1,1,NA,2,120,RT 110,SEPULVEDA BL,400,S,N,A,-,Y,LA,7,110,-,-,5.37,H,-,N,Y,3,0,1,2,A,-,01,23152,A,N,B,C,A,A,H,-,A,D,1,NA,NA,Y,NA,Y,Y,D,22,0,1,0,0,0,0,0,0,1,-,-,33.4817,-118.1718,LOS ANGELES,UNINCORPORATED,-118.28782298,33.80761882
6800310,2015,2015-03-04,9530,2015-01-26,0235,020473,NA,1,3,9,1900,0,3,5,NA,2,001,COMPTON AV,GAGE AV,0,NA,Y,A,-,N,NA,NA,NA,NA,NA,NA,NA,NA,NA,Y,3,0,5,2,A,-,12,21453,A,N,D,C,A,A,H,-,C,A,0,NA,NA,NA,NA,Y,NA,A,01,0,3,2,0,0,0,0,0,0,-,-,33.98243,-118.24854,LOS ANGELES,UNINCORPORATED,-118.24774006,33.98206007
6800311,2015,2015-03-04,9530,2015-01-24,2000,020583,NA,6,2,9,1900,0,3,5,NA,2,001,FLORENCE AV,MILES AV,129,E,N,A,-,N,NA,NA,NA,NA,NA,NA,NA,NA,NA,Y,3,0,3,3,A,-,01,23152,A,F,C,C,A,A,H,-,C,A,0,NA,NA,NA,NA,Y,Y,D,22,0,1,2,0,0,0,0,0,0,-,-,33.9734,-118.2184,LOS ANGELES,UNINCORPORATED,-118.21856904,33.97352369
6800314,2015,2016-09-12,9530,2015-01-28,1245,14298,NA,3,1,7,1941,0,1,1,NA,2,420,RT 405,PACIFIC PL,528,S,N,B,-,Y,LA,7,405,-,-,6.6,H,-,S,N,4,0,2,3,A,-,03,22350,NA,N,C,C,A,A,H,-,A,D,1,NA,NA,NA,Y,Y,NA,M,47,0,0,2,0,0,0,0,0,0,-,-,33.3184,-118.1901,LOS ANGELES,LONG BEACH,-118.19244699,33.81983278
6800330,2015,2015-03-05,9530,2015-02-01,2033,20714,NA,7,2,9,1900,0,3,5,NA,2,001,91ST ST,COMPTON AV,450,W,N,A,-,N,NA,NA,NA,NA,NA,NA,NA,NA,NA,N,3,0,2,4,A,-,01,23152,A,F,B,E,A,A,H,-,C,D,0,NA,NA,NA,NA,Y,Y,A,01,0,1,1,0,0,0,0,0,0,-,-,33.95422,-118.24831,LOS ANGELES,UNINCORPORATED,-118.24895093,33.95426002
6800334,2015,2016-09-19,9530,2015-02-01,1955,20776,NA,7,2,7,1942,0,1,1,NA,2,110,RT 110,BROADWAY ST,1500,E,N,A,-,Y,LA,7,105,-,R,7.815,R,1,E,Y,4,0,1,2,A,-,01,23152,A,N,C,C,A,A,H,-,C,D,1,NA,NA,NA,NA,Y,Y,A,01,0,0,1,0,0,0,0,0,0,TO,-,33.5539,-118.16225,LOS ANGELES,LOS ANGELES,-118.27312434,33.92773478
6800336,2015,2016-08-31,9530,2015-01-30,1732,017755,NA,5,2,7,1941,0,1,1,NA,2,430,RT 405,PALO VERDE AV,690,N,N,B,-,Y,LA,7,405,-,-,1.29,H,-,N,Y,4,0,1,4,A,-,03,22350,NA,N,E,I,A,A,H,-,B,A,1,NA,NA,NA,NA,Y,NA,D,22,0,0,1,0,0,0,0,0,0,-,-,33.79824,-118.10932,LOS ANGELES,LONG BEACH,-118.10989562,33.79851801
6800338,2015,2015-02-26,9530,2015-01-27,1630,19792,NA,2,2,9,1900,0,3,5,NA,2,006,CARSON ST,BARENDO AV,220,E,N,A,-,N,NA,NA,NA,NA,NA,NA,NA,NA,NA,N,4,0,1,2,C,-,18,NA,NA,N,-,B,F,A,H,-,A,D,0,Y,NA,NA,NA,Y,NA,-,-,0,0,1,0,1,0,0,0,0,-,-,33.8317,-118.2928,LOS ANGELES,UNINCORPORATED,-118.292907,33.83158031