CASE_ID,ACCIDENT_YEAR,PROC_DATE,JURIS,COLLISION_DATE,COLLISION_TIME,OFFICER_ID,REPORTING_DISTRICT,DAY_OF_WEEK,CHP_SHIFT,POPULATION,CNTY_CITY_LOC,SPECIAL_COND,BEAT_TYPE,CHP_BEAT_TYPE,CITY_DIVISION_LAPD,CHP_BEAT_CLASS,BEAT_NUMBER,PRIMARY_RD,SECONDARY_RD,DISTANCE,DIRECTION,INTERSECTION,WEATHER_1,WEATHER_2,STATE_HWY_IND,CALTRANS_COUNTY,CALTRANS_DISTRICT,STATE_ROUTE,ROUTE_SUFFIX,POSTMILE_PREFIX,POSTMILE,LOCATION_TYPE,RAMP_INTERSECTION,SIDE_OF_HWY,TOW_AWAY,COLLISION_SEVERITY,NUMBER_KILLED,NUMBER_INJURED,PARTY_COUNT,PRIMARY_COLL_FACTOR,PCF_CODE_OF_VIOL,PCF_VIOL_CATEGORY,PCF_VIOLATION,PCF_VIOL_SUBSECTION,HIT_AND_RUN,TYPE_OF_COLLISION,MVIW,PED_ACTION,ROAD_SURFACE,ROAD_COND_1,ROAD_COND_2,LIGHTING,CONTROL_DEVICE,CHP_ROAD_TYPE,PEDESTRIAN_ACCIDENT,BICYCLE_ACCIDENT,MOTORCYCLE_ACCIDENT,TRUCK_ACCIDENT,NOT_PRIVATE_PROPERTY,ALCOHOL_INVOLVED,STWD_VEHTYPE_AT_FAULT,CHP_VEHTYPE_AT_FAULT,COUNT_SEVERE_INJ,COUNT_VISIBLE_INJ,COUNT_COMPLAINT_PAIN,COUNT_PED_KILLED,COUNT_PED_INJURED,COUNT_BICYCLIST_KILLED,COUNT_BICYCLIST_INJURED,COUNT_MC_KILLED,COUNT_MC_INJURED,PRIMARY_RAMP,SECONDARY_RAMP,LATITUDE,LONGITUDE,COUNTY,CITY,POINT_X,POINT_Y
6809806,2015,2015-03-05,1942,2015-01-12,1630,39473,0963,1,5,7,1942,0,0,0,I,0,10TL36,VAN NUYS BL,OSTEGO ST,0,NA,Y,A,-,N,NA,NA,NA,NA,NA,NA,NA,NA,NA,Y,4,0,1,2,A,-,09,21802,A,F,D,C,A,A,H,-,A,A,0,NA,NA,NA,NA,Y,NA,A,01,0,0,1,0,0,0,0,0,0,-,-,NA,NA,LOS ANGELES,LOS ANGELES,-118.44871,34.16305
6809809,2015,2015-03-05,1942,2015-01-16,1530,33779,1591,5,5,7,1942,0,0,0,O,0,15TL44,VENTURA BL,LAURELGROVE AV,0,NA,Y,A,-,N,NA,NA,NA,NA,NA,NA,NA,NA,NA,Y,4,0,1,2,A,-,08,22100,A,N,D,C,A,A,H,-,A,A,0,NA,NA,Y,NA,Y,NA,A,01,0,0,1,0,0,0,0,0,1,-,-,NA,NA,LOS ANGELES,LOS ANGELES,-118.40086005,34.14307012
6809810,2015,2015-03-05,1942,2015-01-10,1730,36336,0963,6,5,7,1942,0,0,0,I,0,15T45,KESTER AV,KITTRIDGE ST,40,N,N,C,-,N,NA,NA,NA,NA,NA,NA,NA,NA,NA,N,3,0,1,2,A,-,10,21950,A,F,G,B,B,B,H,-,C,A,0,Y,NA,NA,NA,Y,NA,-,99,0,1,0,0,1,0,0,0,0,-,-,NA,NA,LOS ANGELES,LOS ANGELES,-118.45744315,34.19046957
6809813,2015,2015-03-05,1942,2015-01-17,1110,40398,1539,6,5,7,1942,0,0,0,O,0,19TL75,VINELAND AV,COLLINS ST,150,S,N,A,-,N,NA,NA,NA,NA,NA,NA,NA,NA,NA,Y,4,0,1,2,A,-,04,21703,NA,N,C,C,A,A,H,-,A,D,0,NA,NA,NA,NA,Y,NA,A,01,0,0,1,0,0,0,0,0,0,-,-,NA,NA,LOS ANGELES,LOS ANGELES,-118.37028564,34.17356862
6809814,2015,2015-03-05,1942,2015-01-11,1805,38763,1522,7,5,7,1942,0,0,0,O,0,10X18,VICTORY BL,COLDWATER CANYON,0,NA,Y,A,-,N,NA,NA,NA,NA,NA,NA,NA,NA,NA,N,4,0,1,2,A,-,12,21453,A,F,D,C,A,A,H,-,C,A,0,NA,NA,NA,NA,Y,NA,-,99,0,0,1,0,0,0,0,0,0,-,-,NA,NA,LOS ANGELES,LOS ANGELES,-118.41381,34.18668008
6809817,2015,2015-03-05,1942,2015-01-23,1910,40820,1549,5,5,7,1942,0,0,0,O,0,17T17,CAHUENGA BL,CHANDLER BL,0,NA,Y,A,-,N,NA,NA,NA,NA,NA,NA,NA,NA,NA,Y,3,0,2,2,A,-,09,21801,A,N,D,C,A,A,H,-,C,A,0,NA,NA,NA,NA,Y,NA,A,01,0,1,1,0,0,0,0,0,0,-,-,NA,NA,LOS ANGELES,LOS ANGELES,-118.36154011000001,34.16870004
6809818,2015,2015-03-05,1942,2015-01-11,2145,36336,1555,7,5,7,1942,0,0,0,O,0,15T45,VINELAND AV,MAGNOLIA BL,15,S,N,A,-,N,NA,NA,NA,NA,NA,NA,NA,NA,NA,N,3,0,1,2,A,-,10,21950,A,F,G,B,B,A,H,-,C,A,0,Y,NA,NA,NA,Y,NA,-,99,0,1,0,0,1,0,0,0,0,-,-,NA,NA,LOS ANGELES,LOS ANGELES,-118.37045955,34.16482886
6809821,2015,2015-03-05,1942,2015-01-14,2038,38183,0941,3,5,7,1942,0,0,0,I,0,9T57,VAN NUYS BL,BURBANK BL,8,S,N,A,-,N,NA,NA,NA,NA,NA,NA,NA,NA,NA,N,3,0,1,2,A,-,10,21950,A,N,G,B,B,A,H,-,C,A,0,Y,NA,NA,NA,Y,NA,A,01,0,1,0,0,1,0,0,0,0,-,-,NA,NA,LOS ANGELES,LOS ANGELES,-118.44873931,34.17208806
6809822,2015,2015-03-05,1942,2015-01-24,1225,38603,952,6,5,7,1942,0,0,0,NA,0,9TL52,VAN NUYS BL,CLARK ST,0,NA,Y,A,-,N,NA,NA,NA,NA,NA,NA,NA,NA,NA,Y,3,0,2,3,A,-,08,22101,D,N,D,C,A,A,H,-,A,A,0,NA,NA,NA,NA,Y,NA,A,01,0,1,1,0,0,0,0,0,0,-,-,NA,NA,LOS ANGELES,LOS ANGELES,-118.44871002,34.16848001
6809825,2015,2015-03-05,1942,2015-01-14,0845,38181,0911,3,5,7,1942,0,0,0,I,0,9TL55,SHERMAN WY,FIRMAMENT AV,300,W,N,A,-,N,NA,NA,NA,NA,NA,NA,NA,NA,NA,Y,4,0,1,1,A,-,03,22350,NA,N,H,I,A,D,H,-,A,D,0,NA,NA,Y,NA,Y,NA,C,02,0,0,1,0,0,0,0,0,1,-,-,NA,NA,LOS ANGELES,LOS ANGELES,-118.47330477,34.2010157
6809826,2015,2015-03-17,1942,2015-01-25,0845,38181,0919,7,5,7,1942,0,0,0,I,0,9TL55,VANOWEN ST,FULTON AV,0,NA,Y,A,-,N,NA,NA,NA,NA,NA,NA,NA,NA,NA,Y,3,0,3,2,D,-,00,NA,NA,N,F,C,A,A,H,-,A,A,0,NA,NA,NA,NA,Y,NA,-,-,0,3,0,0,0,0,0,0,0,-,-,NA,NA,LOS ANGELES,LOS ANGELES,-118.42253003,34.19395002
6809829,2015,2016-04-13,1942,2015-01-10,1930,40820,0969,6,5,7,1942,0,0,0,I,0,21T61,WHITSETT AV,RIVERSIDE DR,25,S,N,C,-,N,NA,NA,NA,NA,NA,NA,NA,NA,NA,Y,4,0,4,2,A,-,03,22350,NA,N,C,C,A,B,H,-,C,A,0,NA,NA,NA,NA,Y,NA,A,07,0,0,4,0,0,0,0,0,0,-,-,NA,NA,LOS ANGELES,LOS ANGELES,-118.40526,34.15754143
6809830,2015,2015-03-05,1942,2015-01-24,2350,38354,0939,6,5,7,1942,0,0,0,I,0,15T45,VICTORY BL,COLDWATER CANYON AV,0,NA,Y,A,-,N,NA,NA,NA,NA,NA,NA,NA,NA,NA,Y,3,0,2,2,A,-,09,21801,A,N,A,C,A,A,H,-,C,A,0,NA,NA,NA,NA,Y,NA,A,01,0,1,1,0,0,0,0,0,0,-,-,NA,NA,LOS ANGELES,LOS ANGELES,-118.41381,34.18668008
6809833,2015,2015-03-05,1942,2015-01-09,1820,39194,0919,5,5,7,1942,0,0,0,I,0,9T54,FULTON AV,VANOWEN ST,55,S,N,A,-,N,NA,NA,NA,NA,NA,NA,NA,NA,NA,N,4,0,4,2,A,-,04,21703,NA,N,C,C,A,A,H,-,C,D,0,NA,NA,NA,NA,Y,NA,A,01,0,0,4,0,0,0,0,0,0,-,-,NA,NA,LOS ANGELES,LOS ANGELES,-118.42253,34.19379914
6809834,2015,2015-03-05,1942,2015-01-25,1350,38850,0919,7,5,7,1942,0,0,0,I,0,15TL42,WOODMAN AV,SHERMAN WY,0,NA,Y,A,-,N,NA,NA,NA,NA,NA,NA,NA,NA,NA,Y,3,0,1,2,A,-,09,21801,A,N,D,C,A,A,H,-,A,A,0,NA,NA,NA,NA,Y,NA,A,01,0,1,0,0,0,0,0,0,0,-,-,NA,NA,LOS ANGELES,LOS ANGELES,-118.43124006,34.20119003
6809836,2015,2015-03-03,1920,2015-01-09,1943,12323,NA,5,5,6,1920,0,0,0,NA,0,006,IMPERIAL HWY,BROOKSHIRE AV,21,E,N,A,-,N,NA,NA,NA,NA,NA,NA,NA,NA,NA,Y,4,0,2,3,A,-,09,21801,A,N,D,C,A,A,H,-,C,A,0,NA,NA,NA,NA,Y,NA,A,08,0,0,2,0,0,0,0,0,0,-,-,NA,NA,LOS ANGELES,DOWNEY,-118.14380232,33.91981831
6809837,2015,2015-03-05,1942,2015-01-27,1015,37774,1599,2,5,7,1942,0,0,0,O,0,19TL77,CAHUENGA BL,REGAL PL,188,S,N,A,-,N,NA,NA,NA,NA,NA,NA,NA,NA,NA,Y,4,0,1,2,A,-,21,22106,NA,F,D,C,A,A,H,-,A,D,0,NA,NA,NA,NA,Y,NA,-,99,0,0,1,0,0,0,0,0,0,-,-,NA,NA,LOS ANGELES,LOS ANGELES,-118.3605355,34.1347337
6809838,2015,2015-03-05,1942,2015-01-11,1500,40403,0937,7,5,7,1942,0,0,0,I,0,17T12,VICTORY BL,HAZELTINE AV,0,NA,Y,A,-,N,NA,NA,NA,NA,NA,NA,NA,NA,NA,Y,4,0,1,1,A,-,08,22107,NA,N,A,I,A,A,H,-,A,A,0,NA,NA,NA,NA,Y,NA,A,01,0,0,1,0,0,0,0,0,0,-,-,NA,NA,LOS ANGELES,LOS ANGELES,-118.43998008,34.18666008
6809842,2015,2015-03-03,1942,2015-01-16,1915,40829,1269,5,5,7,1942,0,0,0,L,0,3TL5,80TH ST,AVALON BL,22,E,N,A,-,N,NA,NA,NA,NA,NA,NA,NA,NA,NA,Y,4,0,1,2,A,-,09,21802,A,N,D,A,A,A,H,-,C,A,0,NA,NA,NA,NA,Y,NA,A,01,0,0,1,0,0,0,0,0,0,-,-,NA,NA,LOS ANGELES,LOS ANGELES,-118.26508761,33.96647137
6809843,2015,2015-03-09,1942,2015-01-10,1015,41059,1218,6,5,7,1942,0,0,0,L,0,18T23,HOOVER ST,54TH ST,27,S,N,C,-,N,NA,NA,NA,NA,NA,NA,NA,NA,NA,N,4,0,1,2,A,-,03,22350,NA,F,C,C,A,B,H,-,A,D,0,NA,NA,NA,NA,Y,NA,-,99,0,0,1,0,0,0,0,0,0,-,-,NA,NA,LOS ANGELES,LOS ANGELES,-118.28715,33.99317595
6809844,2015,2015-03-03,1942,2015-01-27,1030,38124,0221,2,5,7,1942,0,0,0,B,0,2TL15,NORMANDIE AV,OAKWOOD AV,0,NA,Y,A,-,N,NA,NA,NA,NA,NA,NA,NA,NA,NA,Y,4,0,1,2,A,-,09,21801,A,N,D,C,A,A,H,-,A,A,0,NA,NA,NA,NA,Y,NA,A,01,0,0,1,0,0,0,0,0,0,-,-,NA,NA,LOS ANGELES,LOS ANGELES,-118.30043007,34.07764008
6809846,2015,2015-03-03,1942,2015-01-17,2005,41056,1256,6,5,7,1942,0,0,0,L,0,3T5,FIGUEROA ST,74TH ST,19,S,N,A,-,N,NA,NA,NA,NA,NA,NA,NA,NA,NA,N,4,0,1,2,A,-,07,21658,A,N,B,G,A,A,H,-,C,A,0,NA,Y,NA,NA,Y,NA,L,04,0,0,1,0,0,0,1,0,0,-,-,NA,NA,LOS ANGELES,LOS ANGELES,-118.28271,33.97265789
6809847,2015,2015-03-03,1942,2015-01-08,0020,40924,1213,4,5,7,1942,0,0,0,L,0,12A15,WESTERN AV,SLAUSON AV,0,NA,Y,A,-,N,NA,NA,NA,NA,NA,NA,NA,NA,NA,N,4,0,1,2,A,-,17,21200,NA,F,B,G,A,A,H,-,C,A,0,NA,Y,NA,NA,Y,NA,L,04,0,0,1,0,0,0,1,0,0,-,-,NA,NA,LOS ANGELES,LOS ANGELES,-118.30895002,33.98915001
6809848,2015,2015-03-03,1942,2015-01-24,1220,31152,1134,6,5,7,1942,0,0,0,K,0,11TL25,SAN FERNANDO RD,CAZADOR ST,0,NA,Y,A,-,N,NA,NA,NA,NA,NA,NA,NA,NA,NA,Y,3,0,1,2,A,-,09,21801,A,N,D,C,A,A,H,-,A,A,0,NA,NA,NA,NA,Y,NA,A,01,0,1,0,0,0,0,0,0,0,-,-,NA,NA,LOS ANGELES,LOS ANGELES,-118.23761012,34.10331007
6809850,2015,2015-03-03,1942,2015-01-17,1855,39801,1258,6,5,7,1942,0,0,0,L,0,12A73,FLORENCE,ESTRELLA,0,NA,Y,A,-,N,NA,NA,NA,NA,NA,NA,NA,NA,NA,Y,4,0,2,2,A,-,03,22350,NA,N,C,C,A,A,H,-,C,D,0,NA,NA,NA,NA,Y,NA,A,01,0,0,2,0,0,0,0,0,0,-,-,NA,NA,LOS ANGELES,LOS ANGELES,-118.28489012,33.97466012
6809851,2015,2015-03-03,1942,2015-01-06,1600,39497,1203,2,5,7,1942,0,0,0,L,0,12A51,VERNON AV,WILTON PL,0,NA,Y,A,-,N,NA,NA,NA,NA,NA,NA,NA,NA,NA,N,3,0,1,2,A,-,08,22107,NA,N,D,G,A,A,H,-,A,D,0,NA,Y,NA,NA,Y,NA,A,01,0,1,0,0,0,0,1,0,0,-,-,NA,NA,LOS ANGELES,LOS ANGELES,-118.31494012,34.00371007
6809853,2015,2015-03-03,1942,2015-01-28,1215,37462,0122,3,5,7,1942,0,0,0,A,0,X32,GRAND AV,TEMPLE ST,0,NA,Y,B,-,N,NA,NA,NA,NA,NA,NA,NA,NA,NA,Y,4,0,2,2,A,-,09,21801,A,N,A,C,A,A,H,-,A,A,0,NA,NA,NA,NA,Y,NA,A,01,0,0,2,0,0,0,0,0,0,-,-,NA,NA,LOS ANGELES,LOS ANGELES,-118.24644005,34.05814008
6809854,2015,2015-03-03,1942,2015-01-02,1300,38707,1219,5,5,7,1942,0,0,0,L,0,3T5,FIGUEROA ST,56TH ST,40,N,N,A,-,N,NA,NA,NA,NA,NA,NA,NA,NA,NA,Y,4,0,1,2,A,-,03,22350,NA,N,C,C,A,A,H,-,A,D,0,NA,NA,NA,NA,Y,NA,A,01,0,0,1,0,0,0,0,0,0,-,-,NA,NA,LOS ANGELES,LOS ANGELES,-118.28268219,33.99156969
6809855,2015,2015-03-03,1942,2015-01-05,1550,38296,1243,1,5,7,1942,0,0,0,L,0,12A15,VAN NESS AV,GAGE AV,2,S,N,A,-,N,NA,NA,NA,NA,NA,NA,NA,NA,NA,N,4,0,1,2,A,-,10,21950,A,N,G,B,B,A,H,-,A,A,0,Y,NA,NA,NA,Y,NA,A,01,0,0,1,0,1,0,0,0,0,-,-,NA,NA,LOS ANGELES,LOS ANGELES,-118.31771003,33.98183451
6809857,2015,2016-04-13,1942,2015-01-22,1800,40253,NA,4,5,7,1942,0,0,0,NA,0,1A84,2ND ST,SAN PEDRO,485,E,N,A,-,N,NA,NA,NA,NA,NA,NA,NA,NA,NA,N,3,0,1,2,A,-,08,22107,NA,N,H,G,A,A,H,-,C,D,0,NA,Y,NA,NA,Y,NA,-,NA,0,1,0,0,0,0,1,0,0,-,-,NA,NA,LOS ANGELES,LOS ANGELES,-118.24049156,34.04845997
6809858,2015,2015-03-03,1942,2015-01-01,1245,35393,1251,4,5,7,1942,0,0,0,L,0,12T41,67TH ST,10TH AV,0,NA,Y,A,-,N,NA,NA,NA,NA,NA,NA,NA,NA,NA,Y,3,0,1,2,A,-,12,22450,A,N,D,C,A,A,H,-,A,A,0,NA,Y,NA,NA,Y,NA,L,04,0,1,0,0,0,0,1,0,0,-,-,NA,NA,LOS ANGELES,LOS ANGELES,-118.32796008,33.97816006
6809859,2015,2015-03-03,1942,2015-01-03,1550,36268,1251,6,5,7,1942,0,0,0,L,0,12A53,CRENSHAW BL,67TH ST,0,NA,Y,A,-,N,NA,NA,NA,NA,NA,NA,NA,NA,NA,N,3,0,1,2,A,-,08,22107,NA,F,G,B,B,A,H,-,A,A,0,Y,NA,NA,NA,Y,Y,-,99,0,1,0,0,1,0,0,0,0,-,-,NA,NA,LOS ANGELES,LOS ANGELES,-118.33088,33.97813
6809860,2015,2015-03-03,1942,2015-01-26,1650,34426,0138,1,5,7,1942,0,0,0,A,0,2TL28,2ND ST,SAN PEDRO ST,126,E,N,C,-,N,NA,NA,NA,NA,NA,NA,NA,NA,NA,N,4,0,1,2,A,-,11,21955,NA,N,G,B,D,B,H,-,C,D,0,Y,NA,NA,NA,Y,NA,N,60,0,0,1,0,1,0,0,0,0,-,-,NA,NA,LOS ANGELES,LOS ANGELES,-118.24141418,34.04907589
6809862,2015,2015-03-03,1942,2015-01-01,1840,40440,1211,4,5,7,1942,0,0,0,L,0,12T73,CRENSHAW BL,54TH ST,219,S,N,A,-,N,NA,NA,NA,NA,NA,NA,NA,NA,NA,Y,3,0,1,1,A,-,03,22350,NA,N,H,J,A,A,H,-,C,D,0,NA,NA,Y,NA,Y,NA,C,02,0,1,0,0,0,0,0,0,1,-,-,NA,NA,LOS ANGELES,LOS ANGELES,-118.33101,33.992501
6809863,2015,2015-03-03,1942,2015-01-07,1450,36591,1233,3,5,7,1942,0,0,0,L,0,12A51,WESTERN AV,60TH ST,35,N,N,A,-,N,NA,NA,NA,NA,NA,NA,NA,NA,NA,Y,3,0,1,2,A,-,03,22350,NA,N,C,E,A,A,H,-,A,D,0,NA,NA,Y,NA,Y,NA,C,02,0,1,0,0,0,0,0,0,1,-,-,NA,NA,LOS ANGELES,LOS ANGELES,-118.308959,33.985972
6809864,2015,2015-03-03,1942,2015-01-26,1445,34426,0111,1,5,7,1942,0,0,0,A,0,2TL28,LOS ANGELES ST,ARCADIA ST,40,N,N,C,-,N,NA,NA,NA,NA,NA,NA,NA,NA,NA,N,4,0,3,2,A,-,04,21703,NA,N,C,C,A,B,H,-,A,A,0,NA,NA,NA,NA,Y,NA,A,07,0,0,3,0,0,0,0,0,0,-,-,NA,NA,LOS ANGELES,LOS ANGELES,-118.23911582,34.05537067
6809865,2015,2015-03-05,1942,2015-01-24,1405,40010,0269,6,5,7,1942,0,0,0,B,0,2A39,UNION AV,VALENCIA ST,10,W,N,A,-,N,NA,NA,NA,NA,NA,NA,NA,NA,NA,N,4,0,1,2,A,-,12,22450,A,N,B,G,A,A,H,-,A,D,0,NA,Y,NA,NA,Y,NA,-,-,0,0,1,0,0,0,1,0,0,-,-,NA,NA,LOS ANGELES,LOS ANGELES,NA,NA
6809867,2015,2015-03-03,1942,2015-01-15,0430,25019,1241,4,5,7,1942,0,0,0,L,0,12A49,CRENSHAW BL,63RD ST,245,S,N,A,-,N,NA,NA,NA,NA,NA,NA,NA,NA,NA,Y,4,0,1,1,A,-,03,22350,NA,N,F,I,A,A,H,-,C,A,0,NA,NA,NA,NA,Y,NA,A,01,0,0,1,0,0,0,0,0,0,-,-,NA,NA,LOS ANGELES,LOS ANGELES,-118.330876,33.982235
6809868,2015,2015-03-03,1942,2015-01-21,1400,38892,1179,3,5,7,1942,0,0,0,K,0,11A95,AVE 43,FIGUEROA ST,0,NA,Y,A,-,N,NA,NA,NA,NA,NA,NA,NA,NA,NA,Y,4,0,2,2,A,-,09,21801,A,N,A,C,A,A,H,-,A,A,0,NA,NA,NA,NA,Y,NA,A,01,0,0,2,0,0,0,0,0,0,-,-,NA,NA,LOS ANGELES,LOS ANGELES,-118.20865007,34.09434001
6809869,2015,2015-03-03,1942,2015-01-26,1040,38124,0411,1,5,7,1942,0,0,0,D,0,2TL15,N AVENUE 21,PASADENA AV,0,NA,Y,A,-,N,NA,NA,NA,NA,NA,NA,NA,NA,NA,N,4,0,1,2,A,-,08,22107,NA,N,G,B,B,A,H,-,A,A,0,Y,NA,NA,NA,Y,NA,A,07,0,0,1,0,1,0,0,0,0,-,-,NA,NA,LOS ANGELES,LOS ANGELES,-118.21998011,34.07472002
6809871,2015,2015-03-03,1942,2015-01-16,1640,40463,1265,5,5,7,1942,0,0,0,L,0,12T73,84TH ST,DENKER AV,0,NA,Y,A,-,N,NA,NA,NA,NA,NA,NA,NA,NA,NA,N,2,0,2,2,A,-,09,21801,A,N,A,C,A,A,H,-,A,D,0,NA,NA,NA,NA,Y,NA,A,01,1,0,1,0,0,0,0,0,0,-,-,NA,NA,LOS ANGELES,LOS ANGELES,-118.30467008,33.9627001
6809872,2015,2015-03-12,1942,2015-01-27,0935,39184,0417,2,5,7,1942,0,0,0,D,0,11T32,N MISSION RD,COMMODORE ST,172,S,N,A,-,N,NA,NA,NA,NA,NA,NA,NA,NA,NA,N,4,0,2,2,A,-,21,22106,NA,N,D,C,A,A,H,-,A,A,0,NA,NA,NA,NA,Y,NA,A,01,0,0,2,0,0,0,0,0,0,-,-,NA,NA,LOS ANGELES,LOS ANGELES,-118.1954705,34.075415
6809874,2015,2015-03-03,1942,2015-01-13,2050,41231,1239,2,5,7,1942,0,0,0,L,0,12T41,S LAUSON AV,BONSALLO AV,0,NA,Y,A,-,N,NA,NA,NA,NA,NA,NA,NA,NA,NA,Y,4,0,3,2,A,-,09,21801,A,N,D,C,A,A,H,-,C,D,0,NA,NA,NA,NA,Y,NA,A,07,0,0,3,0,0,0,0,0,0,-,-,NA,NA,LOS ANGELES,LOS ANGELES,-118.28596002,33.98916009
6809875,2015,2015-03-12,1942,2015-01-24,0915,40008,1353,6,5,7,1942,0,0,0,M,0,13TL55,E VERNON AV,S CENTRAL AV,5,E,N,A,-,N,NA,NA,NA,NA,NA,NA,NA,NA,NA,N,4,0,1,2,A,-,09,21804,A,N,D,G,A,A,H,-,A,D,0,NA,Y,NA,NA,Y,NA,L,04,0,0,1,0,0,0,1,0,0,-,-,NA,NA,LOS ANGELES,LOS ANGELES,-118.25647354,34.0039297
6809876,2015,2015-03-03,1942,2015-01-27,0700,39184,0422,2,5,7,1942,0,0,0,D,0,11T32,GATES ST,BALDWIN ST,164,N,N,A,-,N,NA,NA,NA,NA,NA,NA,NA,NA,NA,N,4,0,1,2,A,-,09,21804,A,N,D,G,A,A,H,-,A,D,0,NA,Y,NA,NA,Y,NA,A,07,0,0,1,0,0,0,1,0,0,-,-,NA,NA,LOS ANGELES,LOS ANGELES,-118.20645899,34.07070968
6809878,2015,2015-03-04,1942,2015-01-10,1745,34871,1256,6,5,7,1942,0,0,0,L,0,12X4,73RD ST,HOOVER,0,NA,Y,C,-,N,NA,NA,NA,NA,NA,NA,NA,NA,NA,N,4,0,1,2,A,-,08,22107,NA,F,D,G,A,B,H,-,C,A,0,NA,Y,NA,NA,Y,NA,-,99,0,0,1,0,0,0,1,0,0,-,-,NA,NA,LOS ANGELES,LOS ANGELES,-118.28711011,33.97364004
6809879,2015,2015-03-09,1942,2015-01-11,1415,27820,1253,7,5,7,1942,0,0,0,L,0,25MX1,FLORENCE AV,WESTERN AV,80,W,N,B,-,N,NA,NA,NA,NA,NA,NA,NA,NA,NA,N,4,0,1,2,A,-,03,22350,NA,N,C,C,A,B,H,-,A,A,0,NA,NA,NA,NA,Y,NA,A,01,0,0,1,0,0,0,0,0,0,-,-,NA,NA,LOS ANGELES,LOS ANGELES,-118.30924336,33.97457
6809882,2015,2015-03-03,1942,2015-01-14,1930,33599,1263,3,5,7,1942,0,0,0,L,0,12T41,WESTERN AV,81ST ST,56,NA,N,A,-,N,NA,NA,NA,NA,NA,NA,NA,NA,NA,Y,4,0,1,2,A,-,01,23152,A,F,B,C,A,A,H,-,C,D,0,NA,NA,NA,NA,Y,Y,A,08,0,0,1,0,0,0,0,0,0,-,-,NA,NA,LOS ANGELES,LOS ANGELES,NA,NA
6809883,2015,2015-03-03,1942,2015-01-10,1645,38067,1249,6,5,7,1942,0,0,0,L,0,12X58,HOOVER ST,62ND ST,0,NA,Y,C,-,N,NA,NA,NA,NA,NA,NA,NA,NA,NA,Y,4,0,1,2,A,-,09,21802,A,N,D,C,A,B,H,-,B,D,0,NA,NA,NA,NA,Y,NA,A,01,0,0,1,0,0,0,0,0,0,-,-,NA,NA,LOS ANGELES,LOS ANGELES,-118.28707006,33.98368004
6809884,2015,2016-04-13,1942,2015-01-18,2230,37456,1391,7,5,7,1942,0,0,0,M,0,NA,FLORENCE,GRAND,0,NA,Y,A,-,N,NA,NA,NA,NA,NA,NA,NA,NA,NA,N,4,0,1,2,A,-,12,21453,A,N,D,C,A,A,H,-,E,B,0,NA,NA,NA,NA,Y,NA,-,NA,0,0,1,0,0,0,0,0,0,-,-,NA,NA,LOS ANGELES,LOS ANGELES,-118.28030011,33.97466009
6809886,2015,2015-03-04,1942,2015-01-14,1500,31814,1283,3,5,7,1942,0,0,0,L,0,18T39,WESTERN AV,94TH ST,0,NA,Y,A,-,N,NA,NA,NA,NA,NA,NA,NA,NA,NA,Y,3,0,3,2,A,-,01,23153,A,N,D,C,A,A,H,-,A,A,0,NA,NA,NA,NA,Y,Y,A,01,0,2,1,0,0,0,0,0,0,-,-,NA,NA,LOS ANGELES,LOS ANGELES,-118.30901,33.95112
6809887,2015,2015-03-03,1942,2015-01-11,1000,26217,1252,7,5,7,1942,0,0,0,L,0,3T5,FLORENCE AV,7TH AV,0,NA,Y,C,-,N,NA,NA,NA,NA,NA,NA,NA,NA,NA,Y,4,0,1,2,A,-,08,22102,NA,N,D,C,A,B,G,-,A,D,0,NA,NA,Y,NA,Y,NA,A,01,0,0,1,0,0,0,0,0,0,-,-,NA,NA,LOS ANGELES,LOS ANGELES,-118.32459004,33.9745701
6809890,2015,2015-03-03,1942,2015-01-09,0900,40869,1252,5,5,7,1942,0,0,0,L,0,3T5,VAN NESS AV,67TH ST,0,NA,Y,A,-,N,NA,NA,NA,NA,NA,NA,NA,NA,NA,Y,4,0,1,3,A,-,12,21453,A,F,D,C,A,A,H,-,A,A,0,NA,NA,NA,NA,Y,NA,-,99,0,0,1,0,0,0,0,0,0,-,-,NA,NA,LOS ANGELES,LOS ANGELES,-118.31774003,33.97819006
6809891,2015,2015-03-03,1942,2015-01-11,0001,35936,1268,7,5,7,1942,0,0,0,L,0,15T41,MAIN ST,84TH ST,56,N,N,C,-,N,NA,NA,NA,NA,NA,NA,NA,NA,NA,Y,2,0,4,2,A,-,01,23153,A,N,C,C,A,B,H,-,C,D,0,NA,NA,NA,NA,Y,Y,A,01,2,1,1,0,0,0,0,0,0,-,-,NA,NA,LOS ANGELES,LOS ANGELES,-118.27388334,33.96339356
6809894,2015,2015-03-03,1942,2015-01-19,1615,38270,1241,1,5,7,1942,0,0,0,L,0,12A73,CRENSHAW BL,63RD ST,30,S,N,A,-,N,NA,NA,NA,NA,NA,NA,NA,NA,NA,N,4,0,1,2,A,-,11,21955,NA,N,G,B,D,A,H,-,A,A,0,Y,NA,NA,NA,Y,NA,N,60,0,0,1,0,1,0,0,0,0,-,-,NA,NA,LOS ANGELES,LOS ANGELES,-118.330878,33.982834
6809895,2015,2015-03-06,1942,2015-01-09,1555,36852,1251,5,5,7,1942,0,0,0,L,0,3A52,FLORENCE AV,BRYNHURST AV,0,NA,Y,A,-,N,NA,NA,NA,NA,NA,NA,NA,NA,NA,N,4,0,1,2,A,-,09,21802,A,N,A,C,A,A,H,-,A,D,0,NA,NA,NA,NA,Y,NA,-,-,0,0,1,0,0,0,0,0,0,-,-,NA,NA,LOS ANGELES,LOS ANGELES,-118.33415,33.9745101