CASE_ID,ACCIDENT_YEAR,PROC_DATE,JURIS,COLLISION_DATE,COLLISION_TIME,OFFICER_ID,REPORTING_DISTRICT,DAY_OF_WEEK,CHP_SHIFT,POPULATION,CNTY_CITY_LOC,SPECIAL_COND,BEAT_TYPE,CHP_BEAT_TYPE,CITY_DIVISION_LAPD,CHP_BEAT_CLASS,BEAT_NUMBER,PRIMARY_RD,SECONDARY_RD,DISTANCE,DIRECTION,INTERSECTION,WEATHER_1,WEATHER_2,STATE_HWY_IND,CALTRANS_COUNTY,CALTRANS_DISTRICT,STATE_ROUTE,ROUTE_SUFFIX,POSTMILE_PREFIX,POSTMILE,LOCATION_TYPE,RAMP_INTERSECTION,SIDE_OF_HWY,TOW_AWAY,COLLISION_SEVERITY,NUMBER_KILLED,NUMBER_INJURED,PARTY_COUNT,PRIMARY_COLL_FACTOR,PCF_CODE_OF_VIOL,PCF_VIOL_CATEGORY,PCF_VIOLATION,PCF_VIOL_SUBSECTION,HIT_AND_RUN,TYPE_OF_COLLISION,MVIW,PED_ACTION,ROAD_SURFACE,ROAD_COND_1,ROAD_COND_2,LIGHTING,CONTROL_DEVICE,CHP_ROAD_TYPE,PEDESTRIAN_ACCIDENT,BICYCLE_ACCIDENT,MOTORCYCLE_ACCIDENT,TRUCK_ACCIDENT,NOT_PRIVATE_PROPERTY,ALCOHOL_INVOLVED,STWD_VEHTYPE_AT_FAULT,CHP_VEHTYPE_AT_FAULT,COUNT_SEVERE_INJ,COUNT_VISIBLE_INJ,COUNT_COMPLAINT_PAIN,COUNT_PED_KILLED,COUNT_PED_INJURED,COUNT_BICYCLIST_KILLED,COUNT_BICYCLIST_INJURED,COUNT_MC_KILLED,COUNT_MC_INJURED,PRIMARY_RAMP,SECONDARY_RAMP,LATITUDE,LONGITUDE,COUNTY,CITY,POINT_X,POINT_Y
6810832,2014,2015-02-17,9525,2014-10-20,0640,019044,NA,1,1,9,1900,0,3,5,NA,2,004,4TH AV,VALLEY BL,585,S,N,A,-,N,NA,NA,NA,NA,NA,NA,NA,NA,NA,N,4,0,1,3,A,-,08,22107,NA,N,A,E,A,A,H,-,B,A,0,NA,NA,NA,NA,Y,NA,A,01,0,0,1,0,0,0,0,0,0,-,-,34.04036,-117.98713,LOS ANGELES,UNINCORPORATED,-117.98653766,34.04090387
6810833,2014,2016-01-12,9545,2014-09-29,1145,19951,NA,1,1,9,1900,0,3,5,NA,2,004,COOLWATER AV,166TH E,10,E,N,A,-,N,NA,NA,NA,NA,NA,NA,NA,NA,NA,N,4,0,1,2,A,-,09,21802,A,N,D,C,A,A,H,-,A,A,0,NA,NA,NA,NA,Y,NA,A,01,0,0,1,0,0,0,0,0,0,-,-,34.61558,-117.83236,LOS ANGELES,UNINCORPORATED,-117.83292685,34.6155604
6810834,2014,2015-02-17,9525,2014-10-03,2135,020499,NA,5,2,5,1906,0,1,1,NA,2,104,RT 10,FRAZIER ST,660,W,N,A,-,Y,NA,NA,10,NA,NA,NA,NA,NA,NA,Y,4,0,1,2,A,-,03,22350,NA,N,C,C,A,A,H,-,D,D,0,NA,NA,NA,NA,Y,NA,A,01,0,0,1,0,0,0,0,0,0,-,-,34.06621,-117.99181,LOS ANGELES,BALDWIN PARK,-117.99182196,34.06629515
6810835,2014,2016-02-18,9525,2014-10-17,0750,019970,NA,5,1,9,1900,0,3,5,NA,2,003,LARK ELLEN AV,FRANCISQUITO AV,0,NA,Y,B,-,N,NA,NA,NA,NA,NA,NA,NA,NA,NA,Y,3,0,2,2,A,-,09,21801,A,N,D,C,A,A,H,-,A,A,0,NA,NA,NA,NA,Y,NA,A,01,0,1,1,0,0,0,0,0,0,-,-,34.05024,-117.9162,LOS ANGELES,UNINCORPORATED,-117.91688004,34.05028005
6810836,2014,2015-02-17,9525,2014-10-16,1530,16679,NA,4,2,4,1913,0,1,1,NA,2,110,RT 10,INDIAN HILL BL,528,W,N,A,-,Y,NA,NA,10,NA,NA,NA,NA,NA,NA,Y,4,0,1,2,A,-,03,22350,NA,N,C,C,A,A,H,-,A,D,0,NA,NA,NA,NA,Y,NA,A,01,0,0,1,0,0,0,0,0,0,-,-,34.0816,-117.72294,LOS ANGELES,CLAREMONT,-117.72293993,34.08159227
6810837,2014,2016-01-12,9545,2014-09-29,0826,19951,NA,1,1,9,1900,0,3,5,NA,2,004,AVENUE J,165TH ST E,700,W,N,A,-,N,NA,NA,NA,NA,NA,NA,NA,NA,NA,Y,4,0,1,1,A,-,08,22107,NA,N,F,A,A,A,H,-,A,D,0,NA,NA,NA,NA,Y,NA,A,08,0,0,1,0,0,0,0,0,0,-,-,34.68999,-117.83815,LOS ANGELES,UNINCORPORATED,-117.83834288,34.68992806
6810838,2014,2015-02-17,9525,2014-10-03,0730,14637,NA,5,1,5,1926,0,1,3,NA,2,572,RT 57,RT 210,150,N,N,A,-,Y,NA,NA,57,NA,NA,NA,NA,NA,NA,Y,2,0,1,2,A,-,03,22350,NA,N,C,C,A,A,H,-,A,D,0,NA,NA,Y,NA,Y,NA,C,02,1,0,0,0,0,0,0,0,1,-,-,34.12158,-117.82773,LOS ANGELES,GLENDORA,-117.82773692,34.12156145
6810839,2014,2015-02-17,9525,2014-10-18,1300,019970,NA,6,1,9,1900,0,2,4,NA,2,030,HACIENDA BL,FRANCISQUITO AV,0,NA,Y,B,-,N,NA,NA,NA,NA,NA,NA,NA,NA,NA,N,4,0,1,2,A,-,01,23152,A,N,D,C,A,A,H,-,A,A,0,NA,NA,NA,NA,Y,Y,A,01,0,0,1,0,0,0,0,0,0,-,-,34.04821,-117.94665,LOS ANGELES,UNINCORPORATED,-117.94646004,34.04827006
6810840,2014,2015-02-17,9525,2014-10-15,0827,14637,NA,3,1,5,1990,0,1,3,NA,2,573,RT 57,BREA CANYON,2000,N,N,A,-,Y,NA,NA,NA,NA,NA,NA,NA,NA,NA,Y,3,0,1,2,A,-,07,21658,A,N,C,C,A,A,H,-,A,D,0,NA,NA,Y,NA,Y,NA,A,01,0,1,0,0,0,0,0,0,1,-,-,34.7112,-117.4411,LOS ANGELES,DIAMOND BAR,-117.85522845,33.96077919
6810841,2014,2016-06-07,9545,2014-09-30,0850,15296,NA,2,1,6,1950,0,1,3,NA,2,021,RT 14,RANCHO VISTA BL,123,N,N,A,-,Y,LA,7,14,-,R,61.39,H,-,N,Y,4,0,1,2,A,-,08,22107,NA,N,E,I,A,A,H,-,A,D,1,NA,NA,NA,NA,Y,NA,A,01,0,0,1,0,0,0,0,0,0,-,-,34.60137,-118.14195,LOS ANGELES,PALMDALE,-118.14264002,34.60195323
6810842,2014,2015-02-17,9525,2014-10-12,1950,020408,NA,7,2,9,1900,0,3,5,NA,2,002,ARROW HWY,GLENDORA AV,20,E,N,A,-,N,NA,NA,NA,NA,NA,NA,NA,NA,NA,Y,4,0,1,2,A,-,09,21804,A,N,C,C,A,A,H,-,C,A,0,NA,NA,NA,NA,Y,NA,A,01,0,0,1,0,0,0,0,0,0,-,-,34.10665,-117.86351,LOS ANGELES,UNINCORPORATED,-117.863738,34.1066614
6810843,2014,2016-02-18,9525,2014-10-17,1900,020216,NA,5,2,9,1900,0,1,3,NA,1,024,EAST FORK RD,RT 39,3696,E,N,B,-,N,NA,NA,NA,NA,NA,NA,NA,NA,NA,Y,3,0,1,1,A,-,08,22107,NA,N,E,I,A,A,H,-,D,D,0,NA,NA,Y,NA,Y,NA,C,02,0,1,0,0,0,0,0,0,1,-,-,34.23679,-117.84033,LOS ANGELES,UNINCORPORATED,-117.86873,34.24119
6810844,2014,2015-02-17,9525,2014-10-21,0630,018505,NA,2,1,5,1990,0,1,3,NA,2,603,RT 60,GRAND AV,1056,E,N,B,-,Y,NA,NA,60,NA,NA,NA,NA,NA,NA,N,4,0,1,3,A,-,03,22350,NA,N,C,C,A,A,H,-,A,D,0,NA,NA,NA,NA,Y,NA,A,01,0,0,1,0,0,0,0,0,0,-,-,34.01388,-117.82015,LOS ANGELES,DIAMOND BAR,-117.81999307,34.01373644
6810845,2014,2015-02-13,9545,2014-09-26,1555,20159,NA,5,2,9,1900,0,3,5,NA,2,004,87TH ST EAST,AVE S-8,200,S,N,A,-,N,NA,NA,NA,NA,NA,NA,NA,NA,NA,Y,3,0,1,1,A,-,08,22107,NA,N,F,I,A,A,H,-,A,D,0,NA,NA,NA,NA,Y,NA,A,01,0,1,0,0,0,0,0,0,0,-,-,34.54932,-117.97489,LOS ANGELES,UNINCORPORATED,-117.9748241,34.54957172
6810846,2014,2015-02-17,9525,2014-10-13,0326,019044,NA,1,3,6,1955,0,1,3,NA,2,572,RT 57,RT 71,186,W,N,A,-,Y,NA,NA,NA,NA,NA,NA,NA,NA,NA,Y,4,0,1,1,A,-,08,22107,NA,N,A,I,A,A,H,-,C,D,0,NA,NA,NA,NA,Y,NA,A,01,0,0,1,0,0,0,0,0,0,TO,-,34.06628,-117.80344,LOS ANGELES,POMONA,NA,NA
6810847,2014,2015-02-17,9525,2014-10-18,1650,020719,NA,6,2,5,1906,0,1,1,NA,2,114,RT 10,BALDWIN PARK BL,600,W,N,A,-,Y,NA,NA,NA,NA,NA,NA,NA,NA,NA,Y,3,0,1,1,A,-,01,23152,A,N,F,A,A,A,H,-,A,D,0,NA,NA,Y,NA,Y,Y,C,02,0,1,0,0,0,0,0,0,1,-,-,34.06631,-117.98113,LOS ANGELES,BALDWIN PARK,-117.9838525,34.06716364
6810848,2014,2015-02-17,9525,2014-10-21,1050,012820,NA,2,1,4,1913,0,1,1,NA,2,210,RT 210,TOWNE AV,150,W,N,A,-,Y,NA,NA,210,NA,NA,NA,NA,NA,NA,Y,4,0,1,2,A,-,08,22107,NA,N,C,C,A,A,H,-,A,D,0,NA,NA,NA,NA,Y,NA,A,01,0,0,1,0,0,0,0,0,0,TO,-,34.12073,-117.7397,LOS ANGELES,CLAREMONT,-117.73969815,34.12065897
6810849,2014,2016-06-07,9545,2014-09-26,2015,20159,NA,5,2,9,1900,0,1,3,NA,2,031,RT 14,RED ROVER MINE RD,549,S,N,A,-,Y,LA,7,14,-,R,47.24,H,-,N,Y,4,0,2,1,A,-,08,22107,NA,N,E,I,A,A,H,-,C,D,1,NA,NA,NA,NA,Y,NA,A,01,0,0,2,0,0,0,0,0,0,-,-,34.49743,-118.22025,LOS ANGELES,UNINCORPORATED,-118.22052376,34.49767532
6810850,2014,2015-02-17,9525,2014-10-11,1755,19321,NA,6,2,6,1955,0,1,3,NA,2,571,RT 57,TEMPLE AV,1584,S,N,A,-,Y,NA,NA,57,NA,NA,NA,NA,NA,NA,Y,4,0,2,2,A,-,08,22107,NA,N,C,E,A,A,H,-,A,D,0,NA,NA,NA,NA,Y,NA,A,08,0,0,2,0,0,0,0,0,0,-,-,34.03953,-117.80351,LOS ANGELES,POMONA,-117.80357924,34.0395974
6810851,2014,2015-02-17,9525,2014-10-15,1250,017867,NA,3,1,9,1900,0,3,5,NA,2,003,SALAIS ST,SANDALWOOD AV,0,NA,Y,A,-,N,NA,NA,NA,NA,NA,NA,NA,NA,NA,N,3,0,1,1,A,-,03,22350,NA,N,F,A,A,A,H,-,A,A,0,NA,NA,NA,NA,Y,NA,M,94,0,1,0,0,0,0,0,0,0,-,-,34.01214,-117.91898,LOS ANGELES,UNINCORPORATED,-117.91886,34.01188002
6810852,2014,2015-05-28,9525,2014-10-21,1345,17408,NA,2,1,5,1990,0,1,3,NA,2,574,RT 57,PATHFINDER RD,2000,S,N,A,-,Y,NA,NA,57,NA,NA,NA,NA,NA,NA,N,4,0,1,2,A,-,03,22350,NA,N,C,C,A,A,H,-,A,D,0,NA,NA,NA,NA,Y,NA,A,01,0,0,1,0,0,0,0,0,0,-,-,33.9764,-117.84256,LOS ANGELES,DIAMOND BAR,-117.84252478,33.97638083
6810853,2014,2016-06-07,9545,2014-09-25,1755,17305,NA,4,2,9,1900,0,1,3,NA,2,031,RT 14,CROWN VALLEY RD,4224,N,N,A,-,Y,LA,7,14,-,R,49.44,H,-,S,Y,3,0,1,1,A,-,01,23152,A,M,E,I,A,A,H,-,A,D,1,NA,NA,NA,NA,Y,Y,A,01,0,1,0,0,0,0,0,0,0,-,-,34.49328,-118.07706,LOS ANGELES,UNINCORPORATED,-118.18425744,34.49314185
6810854,2014,2015-02-17,9525,2014-10-11,0830,018232,NA,6,1,9,1900,0,1,3,NA,1,024,RT 39,RINCON RED BOX FIRE RD,11088,N,N,A,-,Y,NA,NA,39,NA,NA,NA,NA,NA,NA,Y,3,0,1,1,A,-,03,22350,NA,N,F,A,A,A,H,-,A,D,0,NA,NA,Y,NA,Y,NA,C,02,0,1,0,0,0,0,0,0,1,-,-,34.26182,-117.85254,LOS ANGELES,UNINCORPORATED,-117.85228905,34.26170252
6810855,2014,2015-02-17,9525,2014-10-16,1020,015337,NA,4,1,1,1934,0,1,1,NA,2,652,RT 605,LIVE OAK AV,250,S,N,A,-,Y,NA,NA,605,NA,NA,NA,NA,NA,NA,Y,4,0,1,2,A,-,03,22350,NA,N,-,C,A,A,H,-,A,D,0,NA,NA,NA,NA,Y,NA,A,01,0,0,1,0,0,0,0,0,0,TO,-,34.10732,-117.98156,LOS ANGELES,IRWINDALE,-117.98176313,34.10742186
6810856,2014,2015-02-17,9525,2014-10-20,1400,017867,NA,1,2,5,1906,0,1,1,NA,2,104,RT 10,BALDWIN PARK BL,250,W,N,A,-,Y,NA,NA,10,NA,NA,NA,NA,NA,NA,Y,3,0,1,1,A,-,08,22107,NA,N,F,A,A,A,H,-,A,D,0,NA,NA,Y,NA,Y,NA,C,02,0,1,0,0,0,0,0,0,1,-,-,34.06657,-117.9884,LOS ANGELES,BALDWIN PARK,-117.98840397,34.06659905
6810857,2014,2016-06-04,9545,2014-09-27,1315,16936,NA,6,1,9,1900,0,1,3,NA,1,046,RT 2,VINCENT GULCH,23760,S,N,A,-,Y,LA,7,2,-,-,70.58,H,-,W,Y,3,0,1,2,A,-,03,22350,NA,N,F,A,A,A,H,-,A,D,0,NA,NA,Y,NA,Y,NA,C,02,0,1,0,0,0,0,0,0,1,-,-,34.35949,-117.79546,LOS ANGELES,UNINCORPORATED,-117.79555533,34.35944144
6810858,2014,2015-02-17,9525,2014-10-11,1527,19632,NA,6,2,6,1955,0,1,3,NA,2,605,RT 60,PHILLIPS RANCH RD,600,E,N,A,-,Y,NA,NA,60,NA,NA,NA,NA,NA,NA,Y,4,0,1,1,A,-,08,22107,NA,N,E,I,A,A,H,-,A,D,0,NA,NA,NA,NA,Y,NA,A,01,0,0,1,0,0,0,0,0,0,TO,-,34.02451,-117.76923,LOS ANGELES,POMONA,-117.76929805,34.02377629
6810859,2014,2015-02-17,9525,2014-10-16,0820,012820,NA,4,1,5,1926,0,1,1,NA,2,206,RT 210,LONE HILL AV,300,W,N,B,-,Y,NA,NA,210,NA,NA,NA,NA,NA,NA,Y,4,0,1,1,A,-,08,22107,NA,N,E,I,A,A,H,-,A,D,0,NA,NA,NA,NA,Y,NA,A,01,0,0,1,0,0,0,0,0,0,-,-,34.12136,-117.83142,LOS ANGELES,GLENDORA,-117.83142078,34.12122894
6810860,2014,2015-02-17,9525,2014-10-20,1650,017867,NA,1,2,5,1906,0,1,1,NA,2,104,RT 10,FRANCISQUITO AV,150,E,N,A,-,Y,NA,NA,10,NA,NA,NA,NA,NA,NA,Y,4,0,1,2,A,-,07,21658,A,N,B,C,A,A,H,-,A,D,0,NA,NA,Y,NA,Y,NA,A,07,0,0,1,0,0,0,0,0,1,-,-,34.06813,-117.97668,LOS ANGELES,BALDWIN PARK,-117.97667858,34.06811883
6810862,2014,2015-02-17,9525,2014-10-10,1635,016677,NA,5,2,5,1990,0,1,3,NA,2,574,RT 57,DIAMOND BAR BL,700,S,N,A,-,Y,NA,NA,57,NA,NA,NA,NA,NA,NA,Y,4,0,1,3,A,-,03,22350,NA,N,C,C,A,A,H,-,A,D,0,NA,NA,NA,NA,Y,NA,A,01,0,0,1,0,0,0,0,0,0,TO,-,33.9658,-117.8505,LOS ANGELES,DIAMOND BAR,-117.85055991,33.96583968
6810863,2014,2015-02-17,9525,2014-10-14,0805,17506,NA,2,1,4,1946,0,1,1,NA,2,201,RT 210,HUNTINGTON DR,1200,E,N,A,-,Y,NA,NA,210,NA,NA,NA,NA,NA,NA,Y,4,0,1,2,A,-,03,22350,NA,N,C,C,A,A,H,-,A,D,0,NA,NA,NA,NA,Y,NA,A,01,0,0,1,0,0,0,0,0,0,-,-,34.13681,-118.01032,LOS ANGELES,MONROVIA,-118.0103623,34.13667789
6810864,2014,2015-02-23,9525,2014-10-20,1950,17408,NA,1,2,6,1955,0,1,3,NA,2,572,RT 57,RT 10,500,N,N,A,-,Y,NA,NA,NA,NA,NA,NA,NA,NA,NA,Y,4,0,1,1,A,-,08,22107,NA,N,E,I,A,A,H,-,C,D,0,NA,NA,NA,NA,Y,NA,A,01,0,0,1,0,0,0,0,0,0,TO,-,34.0655,-117.80814,LOS ANGELES,POMONA,-117.80764246,34.06638792
6810866,2014,2015-02-17,9525,2014-10-11,1355,019970,NA,6,1,5,1990,0,1,3,NA,2,604,RT 60,GRAND AV,365,E,N,A,-,Y,NA,NA,60,NA,NA,NA,NA,NA,NA,Y,4,0,1,2,A,-,03,22350,NA,N,C,C,A,A,H,-,A,A,0,NA,NA,NA,NA,Y,NA,A,01,0,0,1,0,0,0,0,0,0,FR,-,34.01073,-117.8223,LOS ANGELES,DIAMOND BAR,-117.82243856,34.01086911
6810867,2014,2015-02-17,9525,2014-10-16,1748,016677,NA,4,2,5,1990,0,1,3,NA,2,584,RT 57,GOLDEN SPRINGS DR,1500,S,N,A,-,Y,NA,NA,57,NA,NA,NA,NA,NA,NA,Y,3,0,1,1,A,-,03,22350,NA,N,F,A,A,A,H,-,A,D,0,NA,NA,Y,NA,Y,NA,C,02,0,1,0,0,0,0,0,0,1,-,-,33.99719,-117.83938,LOS ANGELES,DIAMOND BAR,-117.8393036,33.99711344
6810868,2014,2015-02-23,1900,2014-10-31,0032,519547,0987,5,5,4,1979,0,0,0,NA,0,93T3,SUNSET BL,LA CIENEGA BL,0,NA,Y,A,-,N,NA,NA,NA,NA,NA,NA,NA,NA,NA,Y,3,0,1,2,A,-,09,21801,A,N,B,C,A,A,H,-,C,A,0,NA,NA,Y,NA,Y,Y,A,01,0,1,0,0,0,0,0,0,1,-,-,NA,NA,LOS ANGELES,WEST HOLLYWOOD,-118.37638009,34.0943501
6810870,2014,2015-02-17,9525,2014-10-10,1040,014971,NA,5,1,9,1900,0,2,4,NA,2,022,ARROW HWY,LARK ELLEN AV,200,W,N,A,-,N,NA,NA,NA,NA,NA,NA,NA,NA,NA,Y,4,0,2,2,A,-,09,21804,A,N,D,C,A,A,H,-,A,D,0,NA,NA,NA,NA,Y,NA,A,01,0,0,2,0,0,0,0,0,0,-,-,34.10711,-117.91658,LOS ANGELES,UNINCORPORATED,-117.91762855,34.10686648
6810871,2014,2015-02-17,9525,2014-10-16,1845,18164,NA,4,2,1,1934,0,1,1,NA,2,652,RT 605,RT 210,5280,S,N,A,-,Y,NA,NA,605,NA,NA,NA,NA,NA,NA,Y,2,0,1,2,A,-,07,21658,A,N,C,C,A,A,H,-,D,D,0,NA,NA,Y,NA,Y,NA,C,02,1,0,0,0,0,0,0,0,1,-,-,34.11829,-117.9727,LOS ANGELES,IRWINDALE,-117.97278345,34.11841847
6810872,2014,2015-02-23,1900,2014-10-29,2029,519547,0986,3,5,4,1979,0,0,0,NA,0,93T3,SUNSET BL,SUNSET PLAZA DR,176,W,N,A,-,N,NA,NA,NA,NA,NA,NA,NA,NA,NA,Y,4,0,2,2,A,-,04,21703,NA,N,C,C,A,A,H,-,C,D,0,NA,NA,NA,NA,Y,Y,A,01,0,0,2,0,0,0,0,0,0,-,-,NA,NA,LOS ANGELES,WEST HOLLYWOOD,-118.38013002,34.09210999
6810873,2014,2016-06-07,9545,2014-09-30,1240,15296,NA,2,1,6,1992,0,1,3,NA,2,011,RT 14,AVENUE J-8,300,S,N,A,-,Y,LA,7,14,-,R,67.31,H,-,N,N,4,0,1,4,A,-,03,22350,NA,N,C,C,A,A,H,-,A,A,1,NA,NA,NA,NA,Y,NA,A,01,0,0,1,0,0,0,0,0,0,-,-,34.68027,-118.16235,LOS ANGELES,LANCASTER,-118.16326765,34.68111482
6810875,2014,2015-02-17,9525,2014-10-16,1946,016677,NA,4,2,5,1990,0,1,3,NA,2,574,RT 57,DIAMOND BAR BL,500,N,N,A,-,Y,NA,NA,57,NA,NA,NA,NA,NA,NA,Y,3,0,1,3,A,-,07,21658,A,N,B,C,A,A,H,-,C,D,0,NA,NA,Y,NA,Y,NA,A,01,0,1,0,0,0,0,0,0,1,-,-,33.97087,-117.84698,LOS ANGELES,DIAMOND BAR,-117.84690801,33.97081147
6810877,2014,2015-02-13,9545,2014-09-29,2030,18420,NA,1,2,9,1900,0,3,5,NA,2,002,AVENUE S,5TH ST EAST,1056,E,N,A,-,N,NA,NA,NA,NA,NA,NA,NA,NA,NA,Y,4,0,2,3,A,-,03,22350,NA,N,C,C,A,A,H,-,C,A,0,NA,NA,NA,NA,Y,NA,A,01,0,0,2,0,0,0,0,0,0,-,-,34.55824,-118.11789,LOS ANGELES,UNINCORPORATED,-118.1169106,34.55802792
6810879,2014,2015-02-17,9525,2014-10-16,1935,18536,NA,4,2,9,1900,0,3,5,NA,2,004,VALLEY BL,TEMPLE AV,0,NA,Y,A,-,N,NA,NA,NA,NA,NA,NA,NA,NA,NA,Y,4,0,1,2,A,-,12,21453,A,N,D,C,A,A,H,-,C,A,0,NA,NA,NA,NA,Y,NA,A,07,0,0,1,0,0,0,0,0,0,-,-,34.05319,-118.00212,LOS ANGELES,UNINCORPORATED,-117.81235002,34.04842005
6810882,2014,2015-02-13,9545,2014-10-27,1329,013004,NA,1,1,9,1900,0,3,5,NA,2,001,AVE L,50TH ST WEST,0,NA,Y,A,-,N,NA,NA,NA,NA,NA,NA,NA,NA,NA,Y,3,0,3,2,A,-,09,21801,A,N,A,C,A,A,H,-,A,A,0,NA,NA,NA,NA,Y,NA,A,07,0,1,2,0,0,0,0,0,0,-,-,34.66003,-118.21878,LOS ANGELES,UNINCORPORATED,-118.21883005,34.66026002
6810886,2014,2015-03-09,9545,2014-10-27,1439,019762,NA,1,2,9,1900,0,3,5,NA,2,001,AVE L,52ND ST EAST,300,E,N,A,-,N,NA,NA,NA,NA,NA,NA,NA,NA,NA,N,4,0,2,2,A,-,03,22350,NA,N,C,C,A,A,H,-,A,D,0,NA,NA,NA,NA,Y,NA,A,07,0,0,2,0,0,0,0,0,0,-,-,34.66019,-118.22192,LOS ANGELES,UNINCORPORATED,-118.2222044,34.66025
6810890,2014,2015-02-13,9545,2014-10-21,1423,015021,NA,2,2,9,1900,0,3,5,NA,2,004,AVE O,180TH ST E,0,NA,Y,A,-,N,NA,NA,NA,NA,NA,NA,NA,NA,NA,Y,4,0,4,2,A,-,03,22350,NA,N,D,C,A,A,H,-,A,A,0,NA,NA,NA,NA,Y,NA,A,01,0,0,4,0,0,0,0,0,0,-,-,34.61669,-117.8094,LOS ANGELES,UNINCORPORATED,-117.80938011,34.61665002
6810894,2014,2015-02-13,9545,2014-10-20,1428,014565,NA,1,2,9,1900,0,3,5,NA,2,001,ELIZABETH LAKE RD,CHAPARRAL FOREST DR,21,W,N,A,-,N,NA,NA,NA,NA,NA,NA,NA,NA,NA,Y,3,0,1,1,A,-,01,23152,A,M,E,I,A,A,H,-,A,D,0,NA,NA,NA,NA,Y,Y,A,07,0,1,0,0,0,0,0,0,0,-,-,34.67341,-118.43068,LOS ANGELES,UNINCORPORATED,-118.42925888,34.67270084
6810895,2014,2016-03-01,1942,2014-11-20,2045,38233,0285,4,5,7,1942,0,0,0,B,0,13T53,W 11TH ST,S WESTLAKE AV,100,E,N,A,-,N,NA,NA,NA,NA,NA,NA,NA,NA,NA,NA,4,0,1,3,A,-,-,NA,NA,F,B,B,E,A,H,-,C,D,0,Y,NA,NA,NA,Y,NA,N,60,0,0,1,0,1,0,0,0,0,-,-,NA,NA,LOS ANGELES,LOS ANGELES,-118.27935936,34.04963083
6810898,2014,2015-02-13,9545,2014-10-20,0712,013004,NA,1,1,9,1900,0,3,5,NA,2,001,AVENUE H,20TH ST EAST,0,NA,Y,A,-,N,NA,NA,NA,NA,NA,NA,NA,NA,NA,Y,4,0,3,2,A,-,09,21802,A,N,D,C,A,A,H,-,A,A,0,NA,NA,NA,NA,Y,NA,A,01,0,0,3,0,0,0,0,0,0,-,-,34.43768,-118.54207,LOS ANGELES,UNINCORPORATED,-118.09502007,34.71880004
6810901,2014,2015-02-13,1900,2014-10-28,1704,536339,0976,2,5,4,1979,0,0,0,NA,0,92T1,SANTA MONICA BL,KINGS RD,0,NA,Y,A,-,N,NA,NA,NA,NA,NA,NA,NA,NA,NA,Y,3,0,2,2,A,-,12,21453,A,N,D,C,A,A,H,-,A,A,0,NA,NA,NA,NA,Y,NA,A,01,0,1,1,0,0,0,0,0,0,-,-,NA,NA,LOS ANGELES,WEST HOLLYWOOD,-118.37275004,34.09068006
6810902,2014,2015-02-13,9545,2014-10-20,0835,012653,NA,1,1,9,1900,0,3,5,NA,2,004,AVENUE E,120TH ST E,1186,W,N,A,-,N,NA,NA,NA,NA,NA,NA,NA,NA,NA,Y,4,0,1,1,A,-,08,22107,NA,N,E,I,A,A,H,-,A,D,0,NA,NA,NA,NA,Y,NA,A,01,0,0,1,0,0,0,0,0,0,-,-,34.76375,-117.92042,LOS ANGELES,UNINCORPORATED,-117.92028963,34.76378
6810904,2014,2015-02-17,1948,2014-11-06,1548,438,1948,4,5,5,1948,0,0,0,NA,0,001,FLORAL DR,SOUTH ATLANTIC BL,12,W,N,A,-,N,NA,NA,NA,NA,NA,NA,NA,NA,NA,N,4,0,1,2,A,-,10,21950,A,N,A,J,B,A,H,-,A,A,0,Y,NA,NA,NA,Y,NA,-,NA,0,0,1,0,1,0,0,0,0,-,-,NA,NA,LOS ANGELES,MONTEREY PARK,-118.14357509,34.03937542
6810905,2014,2015-02-13,1900,2014-10-29,0930,266037,0977,3,5,4,1979,0,0,0,NA,0,91T2,DOHENY DR,CYNTHIA ST,0,NA,Y,A,-,N,NA,NA,NA,NA,NA,NA,NA,NA,NA,Y,4,0,1,2,A,-,09,21802,NA,N,D,C,A,A,H,-,A,A,0,NA,NA,NA,NA,Y,NA,A,01,0,0,1,0,0,0,0,0,0,-,-,NA,NA,LOS ANGELES,WEST HOLLYWOOD,-118.38979005,34.08728003
6810906,2014,2015-02-13,9545,2014-10-30,1900,014565,NA,4,2,9,1900,0,3,5,NA,2,001,AVE L,45TH ST WEST,0,NA,Y,A,-,N,NA,NA,NA,NA,NA,NA,NA,NA,NA,Y,3,0,1,2,A,-,09,21801,A,N,F,A,A,A,H,-,C,A,0,NA,NA,Y,NA,Y,NA,A,01,0,1,0,0,0,0,0,0,1,-,-,NA,NA,LOS ANGELES,UNINCORPORATED,-118.21012008,34.66020006
6810909,2014,2015-02-13,1900,2014-10-30,0740,266037,0976,4,5,4,1979,0,0,0,NA,0,91T2,SANTA MONICA BL,CROFT AV,0,NA,Y,A,-,N,NA,NA,NA,NA,NA,NA,NA,NA,NA,N,3,0,1,2,A,-,08,22107,NA,N,G,B,B,A,H,-,A,A,0,Y,NA,NA,NA,Y,NA,A,01,0,1,0,0,1,0,0,0,0,-,-,NA,NA,LOS ANGELES,WEST HOLLYWOOD,-118.37424001,34.0904601