CASE_ID,ACCIDENT_YEAR,PROC_DATE,JURIS,COLLISION_DATE,COLLISION_TIME,OFFICER_ID,REPORTING_DISTRICT,DAY_OF_WEEK,CHP_SHIFT,POPULATION,CNTY_CITY_LOC,SPECIAL_COND,BEAT_TYPE,CHP_BEAT_TYPE,CITY_DIVISION_LAPD,CHP_BEAT_CLASS,BEAT_NUMBER,PRIMARY_RD,SECONDARY_RD,DISTANCE,DIRECTION,INTERSECTION,WEATHER_1,WEATHER_2,STATE_HWY_IND,CALTRANS_COUNTY,CALTRANS_DISTRICT,STATE_ROUTE,ROUTE_SUFFIX,POSTMILE_PREFIX,POSTMILE,LOCATION_TYPE,RAMP_INTERSECTION,SIDE_OF_HWY,TOW_AWAY,COLLISION_SEVERITY,NUMBER_KILLED,NUMBER_INJURED,PARTY_COUNT,PRIMARY_COLL_FACTOR,PCF_CODE_OF_VIOL,PCF_VIOL_CATEGORY,PCF_VIOLATION,PCF_VIOL_SUBSECTION,HIT_AND_RUN,TYPE_OF_COLLISION,MVIW,PED_ACTION,ROAD_SURFACE,ROAD_COND_1,ROAD_COND_2,LIGHTING,CONTROL_DEVICE,CHP_ROAD_TYPE,PEDESTRIAN_ACCIDENT,BICYCLE_ACCIDENT,MOTORCYCLE_ACCIDENT,TRUCK_ACCIDENT,NOT_PRIVATE_PROPERTY,ALCOHOL_INVOLVED,STWD_VEHTYPE_AT_FAULT,CHP_VEHTYPE_AT_FAULT,COUNT_SEVERE_INJ,COUNT_VISIBLE_INJ,COUNT_COMPLAINT_PAIN,COUNT_PED_KILLED,COUNT_PED_INJURED,COUNT_BICYCLIST_KILLED,COUNT_BICYCLIST_INJURED,COUNT_MC_KILLED,COUNT_MC_INJURED,PRIMARY_RAMP,SECONDARY_RAMP,LATITUDE,LONGITUDE,COUNTY,CITY,POINT_X,POINT_Y
6815091,2015,2015-04-28,1953,2015-03-28,2004,6227,1953,6,5,6,1953,0,0,0,NA,0,005,COLORADO BL,DELACEY AV,50,E,N,A,-,N,NA,NA,NA,NA,NA,NA,NA,NA,NA,N,4,0,1,2,A,-,17,22517,NA,N,B,E,A,A,H,-,C,D,0,NA,NA,NA,NA,Y,NA,J,48,0,0,1,0,0,0,0,0,0,-,-,NA,NA,LOS ANGELES,PASADENA,-118.15207515,34.14576664
6815098,2015,2015-04-28,1942,2015-03-11,1420,39049,0247,3,5,7,1942,0,0,0,B,0,13TL22,3RD ST,UNION AV,0,NA,Y,A,-,N,NA,NA,NA,NA,NA,NA,NA,NA,NA,Y,4,0,1,2,A,-,09,21806,A,N,D,C,A,A,H,-,A,A,0,NA,NA,NA,NA,Y,NA,A,01,0,0,1,0,0,0,0,0,0,-,-,NA,NA,LOS ANGELES,LOS ANGELES,-118.26796002,34.06090008
6815103,2015,2016-09-07,9540,2015-03-24,1333,18502,NA,2,1,7,1942,0,1,1,NA,1,501,RT 5,ROXFORD ST,2640,S,N,A,-,Y,LA,7,5,-,-,42,H,-,S,Y,2,0,2,2,A,-,03,22350,NA,N,C,C,A,A,H,-,A,D,1,NA,NA,Y,NA,Y,NA,J,49,1,1,0,0,0,0,0,0,1,-,-,34.25656,-118.47308,LOS ANGELES,LOS ANGELES,-118.47245276,34.29585478
6815110,2015,2015-04-28,1942,2015-03-19,2220,40529,1801,4,5,7,1942,0,0,0,R,0,12T41,VERMONT AV,92ND AV,11,N,N,A,-,N,NA,NA,NA,NA,NA,NA,NA,NA,NA,N,4,0,2,2,A,-,08,22100,A,N,D,C,A,A,H,-,C,A,0,NA,NA,NA,NA,Y,NA,J,48,0,0,2,0,0,0,0,0,0,-,-,NA,NA,LOS ANGELES,LOS ANGELES,-118.29157,33.95281017
6815111,2015,2016-11-05,1900,2015-04-06,0930,525042,1012,1,5,3,1995,0,0,0,NA,0,101T3D,HEATHERCLIFF RD,RT 1,120,S,N,A,-,Y,LA,7,1,-,-,54.341,I,6,S,N,4,0,1,2,A,-,11,21955,NA,N,G,B,D,A,H,-,A,A,0,Y,NA,NA,NA,Y,NA,N,60,0,0,1,0,1,0,0,0,0,-,-,NA,NA,LOS ANGELES,MALIBU,-118.80872265000001,34.02207602
6815201,2015,2015-02-27,1942,2015-01-29,0655,31152,0162,4,5,7,1942,0,0,0,A,0,11TL25,FLOWER ST,7TH ST,250,S,N,B,-,N,NA,NA,NA,NA,NA,NA,NA,NA,NA,N,3,0,1,2,A,-,07,21658,A,N,D,G,A,A,H,-,A,A,0,NA,Y,NA,NA,Y,NA,L,04,0,1,0,0,0,0,1,0,0,-,-,NA,NA,LOS ANGELES,LOS ANGELES,-118.25928228,34.04814692
6815202,2015,2015-02-27,1942,2015-01-11,1410,39701,1723,7,5,7,1942,0,0,0,Q,0,10T34,MASON AV,SAN JOSE ST,0,NA,N,A,-,N,NA,NA,NA,NA,NA,NA,NA,NA,NA,Y,3,0,3,3,A,-,04,21703,NA,N,C,C,A,A,H,-,A,D,0,NA,NA,NA,NA,Y,NA,A,01,0,1,2,0,0,0,0,0,0,-,-,NA,NA,LOS ANGELES,LOS ANGELES,-118.57984001,34.26083004
6815206,2015,2015-02-27,1942,2015-01-15,1145,40119,1797,4,5,7,1942,0,0,0,Q,0,19T73,HAYVENHURST AV,PARTHENIA ST,0,NA,Y,A,-,N,NA,NA,NA,NA,NA,NA,NA,NA,NA,N,3,0,1,2,A,-,10,21950,A,N,C,B,B,A,H,-,A,A,0,Y,NA,NA,NA,Y,NA,A,01,0,1,0,0,1,0,0,0,0,-,-,NA,NA,LOS ANGELES,LOS ANGELES,-118.49387009,34.22845002
6815210,2015,2015-02-27,1942,2015-01-13,1255,33340,1764,2,5,7,1942,0,0,0,Q,0,16TL24,DEVONSHIRE ST,TUNNEY AV,43,E,N,A,-,N,NA,NA,NA,NA,NA,NA,NA,NA,NA,Y,4,0,3,2,A,-,09,21801,A,N,-,C,A,A,H,-,A,D,0,NA,NA,NA,NA,Y,NA,A,01,0,0,3,0,0,0,0,0,0,-,-,NA,NA,LOS ANGELES,LOS ANGELES,-118.55776794,34.25725
6815213,2015,2015-02-27,1942,2015-01-01,0415,41630,1735,4,5,7,1942,0,0,0,Q,0,17A35,CHATSWORTH ST,WOODLEY AV,366,E,N,A,-,N,NA,NA,NA,NA,NA,NA,NA,NA,NA,Y,3,0,1,3,A,-,01,23152,A,N,B,E,A,A,H,-,C,D,0,NA,NA,NA,NA,Y,Y,A,01,0,1,0,0,0,0,0,0,0,-,-,NA,NA,LOS ANGELES,LOS ANGELES,-118.48357096,34.26465485
6815214,2015,2015-02-27,1942,2015-01-03,1215,39703,1727,6,5,7,1942,0,0,0,Q,0,19T74,TAMPA AV,GERMAIN ST,139,S,N,A,-,N,NA,NA,NA,NA,NA,NA,NA,NA,NA,Y,3,0,1,3,A,-,03,22350,NA,N,C,C,A,A,H,-,A,D,0,NA,NA,NA,NA,Y,NA,A,01,0,1,0,0,0,0,0,0,0,-,-,NA,NA,LOS ANGELES,LOS ANGELES,-118.55531906,34.2600894
6815217,2015,2015-02-27,1942,2015-01-10,0130,41175,1754,6,5,7,1942,0,0,0,Q,0,17A81,RESEDA BL,DEVONSHIRE ST,350,S,N,A,-,N,NA,NA,NA,NA,NA,NA,NA,NA,NA,Y,3,0,1,1,A,-,03,22350,NA,N,E,I,A,A,H,-,C,D,0,NA,NA,NA,NA,Y,NA,A,01,0,1,0,0,0,0,0,0,0,-,-,NA,NA,LOS ANGELES,LOS ANGELES,-118.53609,34.2562999
6815218,2015,2015-02-27,1942,2015-01-05,1715,39217,1762,1,5,7,1942,0,0,0,Q,0,17TL12,TAMPA AV,NORDHOFF ST,500,S,N,A,-,N,NA,NA,NA,NA,NA,NA,NA,NA,NA,N,4,0,2,2,A,-,09,21801,A,N,D,C,A,A,H,-,B,D,0,NA,NA,NA,NA,Y,NA,A,01,0,0,2,0,0,0,0,0,0,-,-,NA,NA,LOS ANGELES,LOS ANGELES,-118.55355,34.23408849
6815221,2015,2015-03-03,1942,2015-01-10,1830,41477,1792,6,5,7,1942,0,0,0,Q,0,17A95,PARTHENIA ST,CORBIN AV,69,W,N,-,-,N,NA,NA,NA,NA,NA,NA,NA,NA,NA,N,4,0,1,2,A,-,04,21703,NA,N,C,C,A,-,-,-,-,A,0,NA,NA,NA,NA,Y,NA,A,01,0,0,1,0,0,0,0,0,0,-,-,NA,NA,LOS ANGELES,LOS ANGELES,-118.56251788,34.22823
6815222,2015,2015-02-27,1942,2015-01-06,1300,40337,1788,2,5,7,1942,0,0,0,Q,0,10TL38,NORDHOFF ST,BALBOA BL,0,NA,Y,A,-,N,NA,NA,NA,NA,NA,NA,NA,NA,NA,Y,3,0,2,3,A,-,09,21801,A,N,D,C,A,A,H,-,A,D,0,NA,NA,NA,NA,Y,NA,A,07,0,1,1,0,0,0,0,0,0,-,-,NA,NA,LOS ANGELES,LOS ANGELES,-118.50251009,34.23572005
6815225,2015,2015-03-03,1942,2015-01-14,1720,40029,1775,3,5,7,1942,0,0,0,Q,0,17X54,PLUMMER ST,BALBOA BL,0,NA,Y,-,-,N,NA,NA,NA,NA,NA,NA,NA,NA,NA,N,4,0,1,2,A,-,04,21703,NA,N,C,C,A,-,-,-,-,A,0,NA,NA,NA,NA,Y,NA,-,NA,0,0,1,0,0,0,0,0,0,-,-,NA,NA,LOS ANGELES,LOS ANGELES,-118.50246009,34.24301011
6815226,2015,2015-02-27,1942,2015-01-06,1520,39021,1713,2,5,7,1942,0,0,0,Q,0,15TL44,RINALDI ST,AMIGO AV,0,NA,Y,A,-,N,NA,NA,NA,NA,NA,NA,NA,NA,NA,Y,3,0,5,2,A,-,09,21801,A,N,A,C,A,A,H,-,A,A,0,NA,NA,NA,NA,Y,NA,A,01,0,1,4,0,0,0,0,0,0,-,-,NA,NA,LOS ANGELES,LOS ANGELES,-118.5384501,34.2756701
6815229,2015,2015-03-03,1942,2015-01-04,1800,36520,1749,7,5,7,1942,0,0,0,Q,0,17X54,DEVONSHIRE ST,HASKELL AV,0,NA,Y,-,-,N,NA,NA,NA,NA,NA,NA,NA,NA,NA,Y,3,0,3,2,A,-,12,21453,A,N,D,C,A,-,-,-,-,A,0,NA,NA,NA,NA,Y,NA,A,01,0,2,1,0,0,0,0,0,0,-,-,NA,NA,LOS ANGELES,LOS ANGELES,-118.47610007,34.25735008
6815230,2015,2015-02-27,1942,2015-01-12,0645,40193,1781,1,5,7,1942,0,0,0,Q,0,17T17,DE SOTO AV,GRESHAM ST,0,NA,Y,A,-,N,NA,NA,NA,NA,NA,NA,NA,NA,NA,N,3,0,1,2,A,-,10,21950,C,N,G,B,B,A,H,-,A,D,0,Y,NA,NA,NA,Y,NA,A,01,0,1,0,0,1,0,0,0,0,-,-,NA,NA,LOS ANGELES,LOS ANGELES,-118.58854002,34.2306001
6815233,2015,2015-03-23,1942,2015-01-28,1240,40119,1752,3,5,7,1942,0,0,0,Q,0,17TL16,DE SOTO AV,LASSEN ST,126,S,N,A,-,N,NA,NA,NA,NA,NA,NA,NA,NA,NA,Y,3,0,2,3,A,-,09,21804,NA,N,A,C,A,A,H,-,A,D,0,NA,NA,NA,NA,Y,NA,A,01,0,1,1,0,0,0,0,0,0,-,-,NA,NA,LOS ANGELES,LOS ANGELES,-118.58857,34.24963435
6815234,2015,2015-02-27,1942,2015-01-14,1030,39085,1794,3,5,7,1942,0,0,0,Q,0,15TL47,RESEDA BL,PARTHENIA ST,35,S,N,A,-,N,NA,NA,NA,NA,NA,NA,NA,NA,NA,Y,4,0,1,2,A,-,03,22350,NA,N,C,C,A,A,H,-,A,D,0,NA,NA,NA,NA,Y,NA,A,01,0,0,1,0,0,0,0,0,0,-,-,NA,NA,LOS ANGELES,LOS ANGELES,-118.53608819,34.228154
6815237,2015,2015-02-27,1942,2015-01-09,0900,30825,1776,5,5,7,1942,0,0,0,Q,0,17T15,BALBOA BL,CALAHAN ST,40,S,N,B,-,N,NA,NA,NA,NA,NA,NA,NA,NA,NA,Y,4,0,1,2,A,-,04,21703,NA,N,C,C,A,A,H,-,A,D,0,NA,NA,NA,NA,Y,NA,A,07,0,0,1,0,0,0,0,0,0,-,-,NA,NA,LOS ANGELES,LOS ANGELES,-118.50249657,34.23689031
6815238,2015,2015-02-27,1942,2015-01-15,1750,38471,1772,4,5,7,1942,0,0,0,Q,0,16T26,MAYALL ST,WINNETKA AV,55,W,N,A,-,N,NA,NA,NA,NA,NA,NA,NA,NA,NA,Y,4,0,3,2,A,-,12,21453,A,N,A,C,A,A,H,-,C,A,0,NA,NA,NA,NA,Y,NA,A,07,0,0,3,0,0,0,0,0,0,-,-,NA,NA,LOS ANGELES,LOS ANGELES,-118.57126169,34.25360857
6815241,2015,2015-03-03,1942,2015-01-03,1825,36733,1792,6,5,7,1942,0,0,0,Q,0,15TL45,PARTHENIA ST,SHIRLEY AV,300,W,N,A,-,N,NA,NA,NA,NA,NA,NA,NA,NA,NA,Y,4,0,4,3,A,-,08,22102,NA,N,D,C,A,A,H,-,C,D,0,NA,NA,NA,NA,Y,NA,A,01,0,0,4,0,0,0,0,0,0,-,-,NA,NA,LOS ANGELES,LOS ANGELES,-118.55891079,34.22822
6815242,2015,2015-02-27,1942,2015-01-18,2220,38326,1716,7,5,7,1942,0,0,0,Q,0,9T53,RINALDI ST,RUFFNER AV,100,W,N,A,-,N,NA,NA,NA,NA,NA,NA,NA,NA,NA,Y,3,0,1,4,A,-,01,23152,A,N,C,E,A,-,H,-,C,D,0,NA,NA,NA,NA,Y,Y,A,07,0,1,0,0,0,0,0,0,0,-,-,NA,NA,LOS ANGELES,LOS ANGELES,-118.49810028,34.27926869
6815245,2015,2015-02-27,1942,2015-01-01,1600,40337,1727,4,5,7,1942,0,0,0,Q,0,10T36,TAMPA AV,CHATSWORTH ST,0,NA,Y,A,-,N,NA,NA,NA,NA,NA,NA,NA,NA,NA,Y,4,0,3,3,A,-,09,21801,A,N,A,C,A,A,H,-,B,A,0,NA,NA,NA,NA,Y,NA,A,01,0,0,3,0,0,0,0,0,0,-,-,NA,NA,LOS ANGELES,LOS ANGELES,-118.55528007,34.26626012
6815246,2015,2015-02-27,1942,2015-01-31,1815,39868,1513,6,5,7,1942,0,0,0,O,0,15A6,WHITSETT AV,GAULT ST,75,S,N,A,-,N,NA,NA,NA,NA,NA,NA,NA,NA,NA,N,2,0,1,3,A,-,00,22651,A,F,A,B,E,A,H,-,D,D,0,Y,NA,NA,NA,Y,NA,-,99,1,0,0,0,1,0,0,0,0,-,-,NA,NA,LOS ANGELES,LOS ANGELES,-118.40525221,34.1991743
6815249,2015,2015-02-27,1942,2015-01-06,1715,40119,1762,2,5,7,1942,0,0,0,Q,0,16TL26,WINNETKA AV,LASSEN ST,0,NA,Y,A,-,N,NA,NA,NA,NA,NA,NA,NA,NA,NA,Y,3,0,1,2,A,-,09,21801,A,N,D,C,A,A,H,-,C,A,0,NA,NA,NA,NA,Y,NA,A,08,0,1,0,0,0,0,0,0,0,-,-,NA,NA,LOS ANGELES,LOS ANGELES,-118.57122003,34.24999012
6815250,2015,2015-02-27,1942,2015-01-07,1400,39356,1751,3,5,7,1942,0,0,0,Q,0,17T46,OWENSMOUTH AV,LASSEN ST,10,S,N,A,-,N,NA,NA,NA,NA,NA,NA,NA,NA,NA,N,4,0,1,2,A,-,08,22107,NA,F,B,C,A,A,H,-,A,A,0,NA,NA,NA,NA,Y,NA,-,99,0,0,1,0,0,0,0,0,0,-,-,NA,NA,LOS ANGELES,LOS ANGELES,-118.60170977,34.24997257
6815253,2015,2015-02-27,1942,2015-01-07,1615,39473,1745,3,5,7,1942,0,0,0,Q,0,10T36,LINDLEY AV,HIAWATHA ST,150,N,N,A,-,N,NA,NA,NA,NA,NA,NA,NA,NA,NA,Y,3,0,1,2,A,-,08,22103,NA,N,D,C,A,A,H,-,A,D,0,NA,NA,NA,NA,Y,NA,A,01,0,1,0,0,0,0,0,0,0,-,-,NA,NA,LOS ANGELES,LOS ANGELES,-118.5273422,34.25945146
6815254,2015,2015-02-27,1942,2015-01-21,1540,26319,1745,3,5,7,1942,0,0,0,Q,0,19TL74,SAN JOSE ST,ZELZAH AV,0,NA,Y,A,-,N,NA,NA,NA,NA,NA,NA,NA,NA,NA,N,3,0,1,2,A,-,10,21950,A,F,G,B,B,A,H,-,A,A,0,Y,NA,NA,NA,Y,NA,-,99,0,1,0,0,1,0,0,0,0,-,-,NA,NA,LOS ANGELES,LOS ANGELES,-118.52336002,34.26129007
6815257,2015,2015-02-27,1942,2015-01-17,1100,40165,1735,6,5,7,1942,0,0,0,Q,0,10T35,BALBOA BL,SAN FERNANDO MISSION BL,0,NA,Y,A,-,N,NA,NA,NA,NA,NA,NA,NA,NA,NA,N,3,0,1,3,A,-,09,21801,A,N,D,C,A,A,H,-,A,A,0,NA,NA,NA,NA,Y,NA,A,01,0,1,0,0,0,0,0,0,0,-,-,NA,NA,LOS ANGELES,LOS ANGELES,-118.50220006,34.27205001
6815258,2015,2015-02-26,1942,2015-01-31,1250,38603,1788,6,5,7,1942,0,0,0,Q,0,15TL47,BALBOA BL,PARTHENIA ST,350,N,N,A,-,N,NA,NA,NA,NA,NA,NA,NA,NA,NA,N,4,0,1,2,A,-,04,21703,NA,F,C,C,A,A,H,-,A,D,0,NA,NA,NA,NA,Y,NA,-,99,0,0,1,0,0,0,0,0,0,-,-,NA,NA,LOS ANGELES,LOS ANGELES,-118.50256907,34.22946998
6815261,2015,2015-02-27,1942,2015-01-05,1500,41668,1795,1,5,7,1942,0,0,0,Q,0,17A67,ROSCOE BL,AMESTOY,400,E,N,A,-,N,NA,NA,NA,NA,NA,NA,NA,NA,NA,Y,4,0,7,3,A,-,03,22350,NA,N,C,C,A,A,H,-,A,A,0,NA,NA,NA,NA,Y,NA,-,NA,0,0,7,0,0,0,0,0,0,-,-,NA,NA,LOS ANGELES,LOS ANGELES,-118.50421088,34.2213551
6815265,2015,2015-03-03,1942,2015-01-01,1600,38676,1792,4,5,7,1942,0,0,0,Q,0,17X54,PARTHENIA,CORBIN,0,NA,Y,A,-,N,NA,NA,NA,NA,NA,NA,NA,NA,NA,N,4,0,2,2,A,-,12,21453,A,N,D,C,A,A,H,-,A,A,0,NA,NA,NA,NA,Y,NA,-,-,0,0,2,0,0,0,0,0,0,-,-,NA,NA,LOS ANGELES,LOS ANGELES,-118.56229,34.22823
6815269,2015,2015-03-03,1942,2015-01-12,0730,38273,1756,1,5,7,1942,0,0,0,Q,0,10TL35,LASSEN ST,BALBOA BL,0,NA,Y,A,-,N,NA,NA,NA,NA,NA,NA,NA,NA,NA,N,4,0,2,3,A,-,12,21453,A,N,A,C,A,A,H,-,A,A,0,NA,NA,NA,NA,Y,NA,-,-,0,0,2,0,0,0,0,0,0,-,-,NA,NA,LOS ANGELES,LOS ANGELES,-118.50239007,34.25027009
6815273,2015,2015-02-27,1942,2015-01-07,1740,40735,1735,3,5,7,1942,0,0,0,Q,0,21TL64,BALBOA BL,SAN FERNANDO MISSION,480,S,N,A,-,N,NA,NA,NA,NA,NA,NA,NA,NA,NA,Y,3,0,2,2,A,-,04,21703,NA,N,C,C,A,A,H,-,B,D,0,NA,NA,NA,NA,Y,NA,A,01,0,2,0,0,0,0,0,0,0,-,-,NA,NA,LOS ANGELES,LOS ANGELES,-118.50221865,34.27073357
6815277,2015,2015-02-27,1942,2015-01-06,0804,41239,1701,2,5,7,1942,0,0,0,Q,0,10TL37,RINALDI ST,MASON AV,35,W,N,A,-,N,NA,NA,NA,NA,NA,NA,NA,NA,NA,Y,4,0,1,2,A,-,08,22100,A,N,B,C,A,A,H,-,A,A,0,NA,NA,NA,NA,Y,NA,A,07,0,0,1,0,0,0,0,0,0,-,-,NA,NA,LOS ANGELES,LOS ANGELES,-118.57887188,34.27475432
6815522,2015,2016-10-17,1900,2015-01-31,1740,525042,1016,6,5,3,1995,0,0,0,NA,0,101T3P,RT 1,RAMBLA VISTA,450,N,N,A,-,Y,LA,7,1,-,-,44.93,H,-,N,Y,4,0,1,3,A,-,03,22350,NA,N,C,C,A,A,H,-,B,D,0,NA,NA,NA,NA,Y,NA,D,22,0,0,1,0,0,0,0,0,0,-,-,34.038,-118.65,LOS ANGELES,MALIBU,-118.64959629,34.03808129
6815526,2015,2016-10-17,1900,2015-01-30,1100,539646,1016,5,5,3,1995,0,0,0,NA,0,101T3,RT 1,CARBON CANYON RD,3696,W,N,B,-,Y,LA,7,1,-,-,45.66,H,-,S,N,4,0,1,2,A,-,03,22350,NA,N,C,C,A,A,E,-,A,D,0,NA,NA,NA,NA,Y,NA,A,01,0,0,1,0,0,0,0,0,0,-,-,34.039,-118.663,LOS ANGELES,MALIBU,-118.66211249,34.03948404
6815602,2014,2015-03-09,1924,2014-12-26,0838,113167,G35,5,5,5,1924,0,0,0,NA,0,8M1,REDONDO BEACH BL,BERENDO AV,0,NA,Y,A,-,N,NA,NA,NA,NA,NA,NA,NA,NA,NA,Y,4,0,1,2,A,-,09,21801,A,N,D,C,A,A,H,-,A,A,0,NA,NA,NA,NA,Y,NA,A,07,0,0,1,0,0,0,0,0,0,-,-,NA,NA,LOS ANGELES,GARDENA,-118.29392011,33.89243005
6815606,2014,2015-03-09,1924,2014-12-26,0005,112602,NA,5,5,5,1924,0,0,0,NA,0,NA,WESTERN AV,146TH ST,296,N,N,A,-,N,NA,NA,NA,NA,NA,NA,NA,NA,NA,Y,3,0,1,2,A,-,01,23152,A,N,C,E,A,A,H,-,C,D,0,NA,NA,NA,NA,Y,Y,D,22,0,1,0,0,0,0,0,0,0,-,-,NA,NA,LOS ANGELES,GARDENA,-118.30915,33.89981176
6815610,2014,2015-03-09,1924,2014-12-31,0012,112602,51,3,5,5,1924,0,0,0,NA,0,8T2,VERMONT AV,182ND ST,151,S,N,B,-,N,NA,NA,NA,NA,NA,NA,NA,NA,NA,Y,3,0,1,4,A,-,01,23152,E,N,D,E,A,B,H,-,C,C,0,NA,NA,NA,NA,Y,NA,D,22,0,1,0,0,0,0,0,0,0,-,-,NA,NA,LOS ANGELES,GARDENA,-118.2905545,33.86672641
6815618,2014,2015-03-05,1924,2014-11-11,1609,111250,8,2,5,5,1924,0,0,0,NA,0,8METRO,WESTERN AV,135TH ST,82,S,N,B,-,N,NA,NA,NA,NA,NA,NA,NA,NA,NA,N,4,0,2,2,A,-,08,22107,NA,N,B,C,A,A,H,-,B,D,0,NA,NA,NA,NA,Y,NA,A,01,0,0,2,0,0,0,0,0,0,-,-,NA,NA,LOS ANGELES,GARDENA,-118.30912,33.9089551
6815630,2014,2015-03-09,1924,2014-11-04,2348,108241,32,2,5,5,1924,0,0,0,NA,0,8T3,WESTERN AV,REDONDO BEACH BL,0,NA,Y,A,-,N,NA,NA,NA,NA,NA,NA,NA,NA,NA,Y,4,0,1,2,A,-,09,21800,D,N,D,C,A,A,H,-,C,B,0,NA,NA,NA,NA,Y,NA,A,01,0,0,1,0,0,0,0,0,0,-,-,NA,NA,LOS ANGELES,GARDENA,-118.30917005,33.88851012
6815634,2014,2015-03-09,1924,2014-11-03,1858,112602,44,1,5,5,1924,0,0,0,NA,0,8T2,WESTERN AV,ARTESIA BL,145,S,N,A,-,N,NA,NA,NA,NA,NA,NA,NA,NA,NA,N,4,0,1,2,A,-,09,21804,A,N,D,C,A,A,H,-,C,D,0,NA,NA,NA,NA,Y,NA,I,11,0,0,1,0,0,0,0,0,0,-,-,NA,NA,LOS ANGELES,GARDENA,-118.30916,33.87241232
6815650,2015,2015-02-27,1900,2015-01-19,1814,528317,2116,1,5,5,1943,0,0,0,NA,0,212T3,CARLIN AV,LONG BEACH BL,0,NA,Y,A,-,N,NA,NA,NA,NA,NA,NA,NA,NA,NA,N,3,0,1,2,A,-,10,21950,A,N,G,B,B,A,H,-,C,A,0,Y,NA,NA,NA,Y,NA,D,NA,0,1,0,0,1,0,0,0,0,-,-,NA,NA,LOS ANGELES,LYNWOOD,-118.2092801,33.91479009
6815654,2015,2015-02-27,1900,2015-01-17,1820,526362,2112,6,5,5,1943,0,0,0,NA,0,212T3,LONG BEACH BL,CHEROKEE AV,5,N,N,A,-,N,NA,NA,NA,NA,NA,NA,NA,NA,NA,N,4,0,2,6,A,-,01,23152,A,N,C,C,A,A,H,-,C,A,0,NA,NA,NA,NA,Y,Y,D,22,0,0,2,0,0,0,0,0,0,-,-,NA,NA,LOS ANGELES,LYNWOOD,-118.21472416,33.94073327
6815673,2014,2015-03-12,1924,2014-11-24,1039,115299,G40,1,5,5,1924,0,0,0,NA,0,0G5,DENKER AV,162ND ST,0,NA,Y,A,-,N,NA,NA,NA,NA,NA,NA,NA,NA,NA,N,4,0,1,2,D,-,00,NA,NA,N,D,C,A,A,H,-,A,A,0,NA,NA,NA,NA,Y,NA,-,-,0,0,1,0,0,0,0,0,0,-,-,NA,NA,LOS ANGELES,GARDENA,-118.30442013,33.8837901
6815678,2015,2016-04-21,9545,2015-01-29,0720,13004,NA,4,1,9,1900,0,3,5,NA,2,001,AVENUE B,RT 14,95,W,N,B,-,N,NA,NA,NA,NA,NA,NA,NA,NA,NA,Y,3,0,1,1,A,-,08,22107,NA,N,E,I,A,A,H,-,A,D,0,NA,NA,NA,NA,Y,NA,D,22,0,1,0,0,0,0,0,0,0,-,-,34.80597,-118.17151,LOS ANGELES,UNINCORPORATED,-118.17141581,34.80599897
6815687,2015,2015-04-20,1942,2015-01-29,0540,32973,0153,4,5,7,1942,0,0,0,A,0,11T32,BROADWAY,5TH ST,0,NA,Y,B,-,N,NA,NA,NA,NA,NA,NA,NA,NA,NA,N,4,0,1,2,A,-,12,21453,A,N,D,C,A,A,H,-,C,A,0,NA,NA,NA,NA,Y,NA,-,-,0,0,1,0,0,0,0,0,0,-,-,NA,NA,LOS ANGELES,LOS ANGELES,-118.25071,34.04807
6815688,2015,2015-03-05,1924,2015-01-04,1846,112602,11,7,5,5,1924,0,0,0,NA,0,8T2,VERMONT AV,133RD ST,89,S,N,A,-,N,NA,NA,NA,NA,NA,NA,NA,NA,NA,N,3,0,1,2,A,-,11,21954,A,M,G,B,D,A,H,-,C,D,0,Y,NA,NA,NA,Y,NA,N,60,0,1,0,0,1,0,0,0,0,-,-,NA,NA,LOS ANGELES,GARDENA,-118.29189229,33.91160593
6815691,2015,2015-03-05,1942,2015-01-29,1150,38399,027,4,5,7,1942,0,0,0,B,0,4T43,LUCAS AV,2ND ST,215,S,N,B,-,N,NA,NA,NA,NA,NA,NA,NA,NA,NA,N,4,0,1,2,A,-,21,22106,NA,N,A,C,A,A,H,-,A,D,0,NA,NA,NA,NA,Y,NA,A,01,0,0,1,0,0,0,0,0,0,-,-,NA,NA,LOS ANGELES,LOS ANGELES,-118.26036628,34.06032663
6815692,2015,2015-03-05,1924,2015-01-04,1557,111361,35,7,5,5,1924,0,0,0,NA,0,8M2,W REDONDO BEACH BL,RAYMOND AV,97,W,N,A,-,N,NA,NA,NA,NA,NA,NA,NA,NA,NA,N,4,0,1,2,B,-,22,NA,NA,N,G,B,F,A,H,-,A,D,0,Y,NA,NA,NA,Y,NA,A,07,0,0,1,0,1,0,0,0,0,-,-,NA,NA,LOS ANGELES,GARDENA,-118.29839928,33.89198791
6815695,2015,2015-03-05,1942,2015-01-27,1255,32865,0497,2,5,7,1942,0,0,0,D,0,4A97,SOTO ST,OLYMPIC BL,50,S,N,A,-,N,NA,NA,NA,NA,NA,NA,NA,NA,NA,N,4,0,1,2,A,-,11,21955,NA,N,G,B,D,A,H,-,A,D,0,Y,NA,NA,NA,Y,NA,N,60,0,0,1,0,1,0,0,0,0,-,-,NA,NA,LOS ANGELES,LOS ANGELES,-118.21986705,34.02413362
6815696,2015,2015-03-05,1924,2015-01-01,0046,115237,08,4,5,5,1924,0,0,0,NA,0,001,135TH ST,SAINT ANDREWS PL,235,W,N,A,-,N,NA,NA,NA,NA,NA,NA,NA,NA,NA,N,4,0,1,2,A,-,08,22107,NA,F,D,C,A,A,H,-,C,D,0,NA,NA,NA,NA,Y,NA,A,08,0,0,1,0,0,0,0,0,0,-,-,NA,NA,LOS ANGELES,GARDENA,-118.31265302,33.90919