CASE_ID,ACCIDENT_YEAR,PROC_DATE,JURIS,COLLISION_DATE,COLLISION_TIME,OFFICER_ID,REPORTING_DISTRICT,DAY_OF_WEEK,CHP_SHIFT,POPULATION,CNTY_CITY_LOC,SPECIAL_COND,BEAT_TYPE,CHP_BEAT_TYPE,CITY_DIVISION_LAPD,CHP_BEAT_CLASS,BEAT_NUMBER,PRIMARY_RD,SECONDARY_RD,DISTANCE,DIRECTION,INTERSECTION,WEATHER_1,WEATHER_2,STATE_HWY_IND,CALTRANS_COUNTY,CALTRANS_DISTRICT,STATE_ROUTE,ROUTE_SUFFIX,POSTMILE_PREFIX,POSTMILE,LOCATION_TYPE,RAMP_INTERSECTION,SIDE_OF_HWY,TOW_AWAY,COLLISION_SEVERITY,NUMBER_KILLED,NUMBER_INJURED,PARTY_COUNT,PRIMARY_COLL_FACTOR,PCF_CODE_OF_VIOL,PCF_VIOL_CATEGORY,PCF_VIOLATION,PCF_VIOL_SUBSECTION,HIT_AND_RUN,TYPE_OF_COLLISION,MVIW,PED_ACTION,ROAD_SURFACE,ROAD_COND_1,ROAD_COND_2,LIGHTING,CONTROL_DEVICE,CHP_ROAD_TYPE,PEDESTRIAN_ACCIDENT,BICYCLE_ACCIDENT,MOTORCYCLE_ACCIDENT,TRUCK_ACCIDENT,NOT_PRIVATE_PROPERTY,ALCOHOL_INVOLVED,STWD_VEHTYPE_AT_FAULT,CHP_VEHTYPE_AT_FAULT,COUNT_SEVERE_INJ,COUNT_VISIBLE_INJ,COUNT_COMPLAINT_PAIN,COUNT_PED_KILLED,COUNT_PED_INJURED,COUNT_BICYCLIST_KILLED,COUNT_BICYCLIST_INJURED,COUNT_MC_KILLED,COUNT_MC_INJURED,PRIMARY_RAMP,SECONDARY_RAMP,LATITUDE,LONGITUDE,COUNTY,CITY,POINT_X,POINT_Y
6817800,2015,2015-03-10,1942,2015-02-02,1850,40875,0677,1,5,7,1942,0,0,0,F,0,3YQL22,MELROSE AV,BRONSON AV,20,E,N,A,-,N,NA,NA,NA,NA,NA,NA,NA,NA,NA,N,4,0,1,3,A,-,03,22350,NA,N,C,C,A,A,H,-,C,D,0,NA,NA,NA,NA,Y,NA,A,01,0,0,1,0,0,0,0,0,0,-,-,NA,NA,LOS ANGELES,LOS ANGELES,-118.31781408,34.08351
6817803,2015,2015-03-10,1942,2015-02-03,2225,36503,626,2,5,7,1942,0,0,0,NA,0,6A48,CAHUENGA BL,DIX ST,20,S,N,A,-,N,NA,NA,NA,NA,NA,NA,NA,NA,NA,N,4,0,1,2,A,-,04,21703,NA,N,C,D,A,A,H,-,C,D,0,NA,NA,NA,NA,Y,NA,-,NA,0,0,1,0,0,0,0,0,0,-,-,NA,NA,LOS ANGELES,LOS ANGELES,-118.33064238,34.10573714
6817804,2015,2015-03-10,1942,2015-02-01,1455,24517,0677,7,5,7,1942,0,0,0,F,0,7TL38,MELROSE AV,WINDSOR AV,0,NA,Y,A,-,N,NA,NA,NA,NA,NA,NA,NA,NA,NA,Y,4,0,2,2,A,-,12,21453,A,N,D,C,A,A,H,-,A,A,0,NA,NA,NA,NA,Y,NA,A,07,0,0,2,0,0,0,0,0,0,-,-,NA,NA,LOS ANGELES,LOS ANGELES,-118.31955009,34.08351008
6817807,2015,2015-03-10,1942,2015-02-02,1445,24517,0881,1,5,7,1942,0,0,0,H,0,7TL38,GRANVILLE AV,OLYMPIC BL,0,NA,Y,A,-,N,NA,NA,NA,NA,NA,NA,NA,NA,NA,Y,2,0,3,3,A,-,09,21802,A,N,D,C,F,A,H,-,A,A,0,Y,NA,NA,NA,Y,NA,A,01,1,0,2,0,1,0,0,0,0,-,-,NA,NA,LOS ANGELES,LOS ANGELES,-118.44983001,34.0331801
6817808,2015,2015-03-10,1942,2015-02-04,1130,40835,0625,3,5,7,1942,0,0,0,F,0,7A21,HIGHLAND AV,FRANKLIN AV,10,S,N,A,-,N,NA,NA,NA,NA,NA,NA,NA,NA,NA,N,3,0,1,2,A,-,07,21658,A,N,B,D,A,A,H,-,A,A,0,NA,NA,Y,NA,Y,NA,C,02,0,1,0,0,0,0,0,0,1,-,-,NA,NA,LOS ANGELES,LOS ANGELES,-118.33836359,34.10414084
6817812,2015,2015-03-10,1942,2015-02-03,0010,24475,0645,2,5,7,1942,0,0,0,F,0,6T7,SELMA AV,WILCOX AV,40,E,N,A,-,N,NA,NA,NA,NA,NA,NA,NA,NA,NA,Y,4,0,2,2,A,-,12,21453,A,N,D,C,A,A,H,-,C,A,0,NA,NA,NA,NA,Y,NA,A,01,0,0,2,0,0,0,0,0,0,-,-,NA,NA,LOS ANGELES,LOS ANGELES,-118.33088813,34.099761290000004
6817815,2015,2015-03-10,1942,2015-02-01,0045,40731,1934,7,5,7,1942,0,0,0,NA,0,09T55,SEPULVEDA BL,SAN FERNANDO MISSION BL,0,NA,Y,A,-,N,NA,NA,NA,NA,NA,NA,NA,NA,NA,Y,4,0,2,2,A,-,12,21453,A,N,A,C,A,A,H,-,C,B,0,NA,NA,NA,NA,Y,NA,A,01,0,0,2,0,0,0,0,0,0,-,-,NA,NA,LOS ANGELES,LOS ANGELES,-118.46745009,34.27212008
6817819,2015,2015-03-10,1942,2015-02-10,1750,39194,1994,2,5,7,1942,0,0,0,NA,0,19T74,VAN NUYS BL,ROSCOE BL,172,N,N,A,-,N,NA,NA,NA,NA,NA,NA,NA,NA,NA,N,4,0,1,2,A,-,08,22107,NA,N,D,C,A,A,H,-,C,D,0,NA,NA,NA,NA,Y,NA,A,07,0,0,1,0,0,0,0,0,0,-,-,NA,NA,LOS ANGELES,LOS ANGELES,-118.44876526,34.22200162
6817820,2015,2015-03-10,1942,2015-02-05,1820,39262,0656,4,5,7,1942,0,0,0,F,0,6T11,SANTA MONICA BL,VINE ST,30,W,N,A,-,N,NA,NA,NA,NA,NA,NA,NA,NA,NA,Y,4,0,2,2,A,-,03,22350,NA,N,C,C,A,A,H,-,C,D,0,NA,NA,NA,NA,Y,Y,A,07,0,0,2,0,0,0,0,0,0,-,-,NA,NA,LOS ANGELES,LOS ANGELES,-118.3267089,34.09074
6817824,2015,2015-03-10,1942,2015-02-04,1900,37575,0724,3,5,7,1942,0,0,0,G,0,14T47,FAIRFAX,1ST ST,0,NA,Y,A,-,N,NA,NA,NA,NA,NA,NA,NA,NA,NA,Y,4,0,2,2,A,-,09,21801,A,N,D,C,A,A,H,-,C,D,0,NA,NA,NA,NA,Y,NA,A,01,0,0,2,0,0,0,0,0,0,-,-,NA,NA,LOS ANGELES,LOS ANGELES,-118.36144001,34.07432005
6817828,2015,2015-03-10,1942,2015-02-03,2215,39764,0738,2,5,7,1942,0,0,0,G,0,7TL23,JUNE ST,6TH ST,0,NA,Y,A,-,N,NA,NA,NA,NA,NA,NA,NA,NA,NA,Y,4,0,3,2,A,-,12,22450,A,N,D,C,A,A,H,-,C,D,0,NA,NA,NA,NA,Y,NA,A,01,0,0,3,0,0,0,0,0,0,-,-,NA,NA,LOS ANGELES,LOS ANGELES,-118.3343301,34.06496011
6817831,2015,2015-03-10,1942,2015-02-04,0730,31071,0668,3,5,7,1942,0,0,0,F,0,6A79,SANTA MONICA BL,SAINT ANDREWS PL,10,W,N,A,-,N,NA,NA,NA,NA,NA,NA,NA,NA,NA,Y,4,0,1,2,A,-,09,21801,A,N,D,C,A,A,-,-,A,A,0,NA,NA,NA,NA,Y,NA,A,01,0,0,1,0,0,0,0,0,0,-,-,NA,NA,LOS ANGELES,LOS ANGELES,-118.31142296,34.09076
6817832,2015,2015-03-10,1942,2015-02-02,0920,40024,0723,1,5,7,1942,0,0,0,G,0,6TL7,BLACKBURN AV,CRESCENT HEIGHTS BL,0,NA,Y,A,-,N,NA,NA,NA,NA,NA,NA,NA,NA,NA,Y,4,0,1,2,A,-,09,21802,A,N,D,C,A,A,H,-,A,A,0,NA,NA,NA,NA,Y,NA,A,07,0,0,1,0,0,0,0,0,0,-,-,NA,NA,LOS ANGELES,LOS ANGELES,-118.3657701,34.07124011
6817835,2015,2015-03-10,1942,2015-02-05,0700,31071,0645,4,5,7,1942,0,0,0,F,0,6A45,HIGHLAND AV,SELMA AV,0,NA,Y,A,-,N,NA,NA,NA,NA,NA,NA,NA,NA,NA,Y,3,0,2,2,A,-,08,22107,NA,N,D,C,A,A,-,-,A,A,0,NA,NA,NA,NA,Y,NA,-,NA,0,1,1,0,0,0,0,0,0,-,-,NA,NA,LOS ANGELES,LOS ANGELES,-118.3386801,34.09970007
6817836,2015,2015-03-10,1942,2015-02-01,1830,38380,0763,7,5,7,1942,0,0,0,G,0,8TL28,PICO BL,STANLEY AV,0,NA,Y,A,-,N,NA,NA,NA,NA,NA,NA,NA,NA,NA,N,4,0,1,2,A,-,10,21950,A,N,G,B,B,A,H,-,C,A,0,Y,NA,NA,NA,Y,NA,A,01,0,0,1,0,1,0,0,0,0,-,-,NA,NA,LOS ANGELES,LOS ANGELES,-118.36123009,34.05025011
6817837,2015,2015-03-09,1976,2015-02-03,1749,266,NA,2,5,5,1976,0,0,0,NA,0,NA,PAINTER AV,LA CUARTA ST,6,S,N,A,-,N,NA,NA,NA,NA,NA,NA,NA,NA,NA,N,4,0,1,2,A,-,10,21950,A,N,G,B,B,A,H,-,C,A,0,Y,NA,NA,NA,Y,NA,A,01,0,0,1,0,1,0,0,0,0,-,-,NA,NA,LOS ANGELES,WHITTIER,-118.03271949,33.96816356
6817839,2015,2015-03-10,1942,2015-02-07,1415,38404,0644,6,5,7,1942,0,0,0,F,0,6A67,SUNSET BL,GARDNER ST,150,E,N,B,-,N,NA,NA,NA,NA,NA,NA,NA,NA,NA,Y,4,0,1,2,A,-,04,21703,NA,N,C,C,A,A,H,-,A,D,0,NA,NA,NA,NA,Y,NA,A,07,0,0,1,0,0,0,0,0,0,-,-,NA,NA,LOS ANGELES,LOS ANGELES,-118.35237548,34.09801921
6817840,2015,2015-03-10,1942,2015-02-01,1220,4002,0726,7,5,7,1942,0,0,0,G,0,6T7,3RD ST,COCHRAN AV,0,NA,Y,A,-,N,NA,NA,NA,NA,NA,NA,NA,NA,NA,Y,4,0,1,2,A,-,09,21801,A,N,D,C,A,A,H,-,A,A,0,NA,NA,NA,NA,Y,NA,A,07,0,0,1,0,0,0,0,0,0,-,-,NA,NA,LOS ANGELES,LOS ANGELES,-118.34722014,34.06918001
6818004,2015,2015-03-11,1942,2015-01-28,1315,40542,0738,3,5,7,1942,0,0,0,G,0,W1L,6TH ST,HIGHLAND AV,0,NA,Y,A,-,N,NA,NA,NA,NA,NA,NA,NA,NA,NA,Y,3,0,1,2,A,-,09,21453,C,N,D,C,A,A,H,-,A,A,0,NA,NA,Y,NA,Y,NA,A,01,0,1,0,0,0,0,0,0,1,-,-,NA,NA,LOS ANGELES,LOS ANGELES,-118.33863004,34.06491011
6818008,2015,2015-03-04,1942,2015-01-23,0925,38633,0755,5,5,7,1942,0,0,0,G,0,34MQ44,PICO AV,HAUSER BL,0,NA,Y,A,-,N,NA,NA,NA,NA,NA,NA,NA,NA,NA,Y,4,0,3,3,A,-,12,21453,A,N,D,C,A,A,H,-,A,A,0,NA,NA,NA,NA,Y,NA,A,01,0,0,3,0,0,0,0,0,0,-,-,NA,NA,LOS ANGELES,LOS ANGELES,-118.35687006,34.04870011
6818024,2015,2015-03-04,1942,2015-01-30,2335,25495,0759,5,5,7,1942,0,0,0,G,0,7TL23,CRENSHAW BL,COUNTRY CLUB DR,420,S,N,A,-,N,NA,NA,NA,NA,NA,NA,NA,NA,NA,Y,4,0,5,2,A,-,09,21804,A,N,D,C,A,A,H,-,C,D,0,NA,NA,NA,NA,Y,Y,A,07,0,0,5,0,0,0,0,0,0,-,-,NA,NA,LOS ANGELES,LOS ANGELES,-118.32443749,34.0520294
6818032,2015,2016-10-20,1942,2015-01-26,1230,39651,0787,1,5,7,1942,0,0,0,G,0,8T35,CRENSHAW BL,RT 10,10,N,N,A,-,Y,LA,7,10,-,R,11.22,R,1,W,N,3,0,1,2,A,-,09,21801,A,F,D,G,A,A,H,-,A,A,0,NA,Y,NA,NA,Y,NA,-,99,0,1,0,0,0,0,1,0,0,-,-,NA,NA,LOS ANGELES,LOS ANGELES,-118.33666438,34.03502071
6818039,2015,2015-03-04,1942,2015-01-20,1600,24517,0881,2,5,7,1942,0,0,0,H,0,7TL38,BUNDY DR,TENNESSEE AV,50,S,N,A,-,N,NA,NA,NA,NA,NA,NA,NA,NA,NA,N,4,0,1,3,A,-,21,22106,NA,N,C,C,A,A,H,-,A,D,0,NA,NA,NA,NA,Y,NA,-,99,0,0,1,0,0,0,0,0,0,-,-,NA,NA,LOS ANGELES,LOS ANGELES,-118.45170588,34.0306911
6818043,2015,2015-03-11,1942,2015-01-27,1320,33232,0847,2,5,7,1942,0,0,0,H,0,8A35,PICO BL,KERWOOD AV,170,E,N,A,-,N,NA,NA,NA,NA,NA,NA,NA,NA,NA,Y,2,0,3,2,A,-,03,22350,NA,N,B,C,A,A,H,-,A,A,0,NA,NA,NA,NA,Y,NA,A,01,1,1,1,0,0,0,0,0,0,-,-,NA,NA,LOS ANGELES,LOS ANGELES,-118.41482818,34.0476139
6818047,2015,2015-03-04,1942,2015-01-31,0630,39651,0743,6,5,7,1942,0,0,0,G,0,7T23,FAIRFAX AV,OLYMPIC BL,8,N,N,A,-,N,NA,NA,NA,NA,NA,NA,NA,NA,NA,Y,4,0,1,2,A,-,03,22350,NA,N,C,C,A,A,H,-,A,A,0,NA,NA,NA,NA,Y,NA,A,01,0,0,1,0,0,0,0,0,0,-,-,NA,NA,LOS ANGELES,LOS ANGELES,-118.36385011,34.05821034
6818048,2015,2015-03-04,1900,2015-01-23,1320,507891,1512,5,5,5,1954,0,0,0,NA,0,151T1,DURFEE AV,OLYMPIC BL,5,N,N,A,-,N,NA,NA,NA,NA,NA,NA,NA,NA,NA,N,4,0,1,3,A,-,03,22350,NA,N,C,C,A,A,H,-,A,D,0,NA,NA,NA,NA,Y,NA,A,01,0,0,1,0,0,0,0,0,0,-,-,NA,NA,LOS ANGELES,PICO RIVERA,-118.07775429,34.00456286
6818051,2015,2015-03-04,1942,2015-01-31,1245,37966,0732,6,5,7,1942,0,0,0,G,0,20TL56,CRESCENT HEIGHTS BL,MARYLAND DR,0,NA,Y,B,-,N,NA,NA,NA,NA,NA,NA,NA,NA,NA,Y,3,0,2,2,A,-,09,21802,A,N,D,C,A,A,H,-,A,A,0,NA,NA,NA,NA,Y,NA,A,07,0,1,1,0,0,0,0,0,0,-,-,NA,NA,LOS ANGELES,LOS ANGELES,-118.36468004,34.06694005
6818052,2015,2015-03-04,1900,2015-01-23,1425,507891,1512,5,5,5,1954,0,0,0,NA,0,151T1,ROSEMEAD BL,BEVERLY RD,2,N,N,A,-,N,NA,NA,NA,NA,NA,NA,NA,NA,NA,N,3,0,3,2,A,-,03,22350,NA,N,C,C,A,A,H,-,A,A,0,NA,NA,NA,NA,Y,NA,A,01,0,2,1,0,0,0,0,0,0,-,-,NA,NA,LOS ANGELES,PICO RIVERA,-118.08173656,34.00791467
6818055,2015,2015-03-04,1942,2015-01-29,1205,36083,0789,4,5,7,1942,0,0,0,G,0,7TL38,WASHINGTON BL,ARLINGTON AV,0,NA,Y,A,-,N,NA,NA,NA,NA,NA,NA,NA,NA,NA,Y,4,0,1,3,A,-,08,22107,NA,N,D,C,A,A,H,-,A,D,0,NA,NA,NA,NA,Y,NA,A,01,0,0,1,0,0,0,0,0,0,-,-,NA,NA,LOS ANGELES,LOS ANGELES,-118.31773013,34.03989006
6818059,2015,2015-03-04,1942,2015-01-29,0655,37438,0636,4,5,7,1942,0,0,0,F,0,7T23,FRANKLIN AV,GRACE AV,125,E,N,B,-,N,NA,NA,NA,NA,NA,NA,NA,NA,NA,N,4,0,1,2,A,-,11,21956,A,N,B,B,D,A,H,-,A,D,0,Y,NA,NA,NA,Y,NA,N,60,0,0,1,0,1,0,0,0,0,-,-,NA,NA,LOS ANGELES,LOS ANGELES,-118.33179786,34.10523
6818063,2015,2015-03-11,1942,2015-01-08,2145,39262,0667,4,5,7,1942,0,0,0,F,0,6TL7,SUNSET BL,GOWER ST,0,NA,Y,A,-,N,NA,NA,NA,NA,NA,NA,NA,NA,NA,Y,3,0,1,2,A,-,12,21453,A,N,H,C,A,A,H,-,C,D,0,NA,NA,NA,NA,Y,NA,A,01,0,1,0,0,0,0,0,0,0,-,-,NA,NA,LOS ANGELES,LOS ANGELES,-118.32231004,34.09801008
6818071,2015,2015-03-04,1942,2015-01-21,2000,39580,0765,3,5,7,1942,0,0,0,G,0,7A22,SAN VICENTE,PICO BL,0,E,N,A,-,N,NA,NA,NA,NA,NA,NA,NA,NA,NA,N,4,0,1,2,A,-,10,21950,NA,N,G,B,B,-,H,-,C,D,0,Y,NA,NA,NA,Y,NA,A,01,0,0,1,0,1,0,0,0,0,-,-,NA,NA,LOS ANGELES,LOS ANGELES,-118.33933003,34.04847002
6818075,2015,2015-03-04,1942,2015-01-09,1705,25495,0717,5,5,7,1942,0,0,0,G,0,7T23,SYCAMORE AV,ROSEWOOD AV,250,S,N,A,-,N,NA,NA,NA,NA,NA,NA,NA,NA,NA,N,4,0,1,2,A,-,03,22350,NA,N,C,C,A,A,H,-,C,D,0,NA,NA,NA,NA,Y,NA,-,NA,0,0,1,0,0,0,0,0,0,-,-,NA,NA,LOS ANGELES,LOS ANGELES,-118.34296307,34.07957436
6818079,2015,2015-03-04,1942,2015-01-21,1420,38282,0765,3,5,7,1942,0,0,0,G,0,6T7,VENICE BL,SAN VICENTE BL,0,NA,Y,A,-,N,NA,NA,NA,NA,NA,NA,NA,NA,NA,N,3,0,1,2,A,-,17,21658,B,N,B,G,A,A,H,-,A,A,0,NA,Y,NA,NA,Y,NA,L,04,0,1,0,0,0,0,1,0,0,-,-,NA,NA,LOS ANGELES,LOS ANGELES,-118.33696001,34.04713009
6818093,2015,2015-02-26,1942,2015-01-27,0820,41239,1987,2,5,7,1942,0,0,0,NA,0,10TL39,ROSCOE BL,MAMMOTH AV,0,NA,Y,-,-,N,NA,NA,NA,NA,NA,NA,NA,NA,NA,Y,4,0,2,2,A,-,09,21801,A,N,D,D,A,B,H,-,-,D,0,NA,NA,NA,NA,Y,NA,A,01,0,0,2,0,0,0,0,0,0,-,-,NA,NA,LOS ANGELES,LOS ANGELES,-118.43408004,34.22166007
6818097,2015,2015-03-02,1942,2015-01-14,1740,31255,0784,3,5,7,1942,0,0,0,G,0,20TL56,WASHINGTON BL,LA BREA AV,200,W,N,A,-,N,NA,NA,NA,NA,NA,NA,NA,NA,NA,N,4,0,1,2,A,-,09,21804,A,N,D,C,A,A,H,-,B,D,0,NA,NA,NA,NA,Y,NA,-,-,0,0,1,0,0,0,0,0,0,-,-,NA,NA,LOS ANGELES,LOS ANGELES,-118.34816207,34.04052315
6818101,2015,2015-02-26,1942,2015-01-23,0850,37469,0723,5,5,7,1942,0,0,0,G,0,7TL71,CRESCENT HEIGHTS,BLACKBURN AV,0,NA,Y,A,-,N,NA,NA,NA,NA,NA,NA,NA,NA,NA,Y,4,0,2,2,A,-,09,21802,A,N,D,C,A,A,H,-,A,A,0,NA,NA,NA,NA,Y,NA,A,07,0,0,2,0,0,0,0,0,0,-,-,NA,NA,LOS ANGELES,LOS ANGELES,-118.3657701,34.07124011
6818105,2015,2015-02-26,1942,2015-01-22,0805,40024,0727,4,5,7,1942,0,0,0,G,0,8TL35,LA BREA AV,BEVERLY BL,44,S,N,A,-,N,NA,NA,NA,NA,NA,NA,NA,NA,NA,N,4,0,1,2,A,-,03,22350,NA,N,C,C,A,A,H,-,A,D,0,NA,NA,NA,NA,Y,NA,A,01,0,0,1,0,0,0,0,0,0,-,-,NA,NA,LOS ANGELES,LOS ANGELES,-118.34404,34.07604932
6818137,2015,2015-02-26,1900,2015-01-30,1454,5078991,1512,5,5,5,1954,0,0,0,NA,0,151T1,WHITTIER BL,ROSEMEAD BL,39,E,N,B,-,N,NA,NA,NA,NA,NA,NA,NA,NA,NA,N,4,0,1,3,A,-,03,22350,NA,N,C,C,A,B,H,-,A,A,0,NA,NA,NA,NA,Y,NA,A,01,0,0,1,0,0,0,0,0,0,-,-,NA,NA,LOS ANGELES,PICO RIVERA,-118.08386992,34.00126496
6818163,2015,2015-03-04,1900,2015-01-18,2230,406920,1434,7,5,4,1937,0,0,0,NA,0,143T2,STIMSON AV,LAS VEGAS DR,125,N,N,A,-,N,NA,NA,NA,NA,NA,NA,NA,NA,NA,Y,3,0,1,2,A,-,01,23152,A,M,B,E,A,A,H,-,C,D,0,NA,NA,NA,NA,Y,Y,A,01,0,1,0,0,0,0,0,0,0,-,-,NA,NA,LOS ANGELES,LA PUENTE,NA,NA
6818164,2015,2015-03-04,1900,2015-01-12,1814,502273,1416,1,5,1,1932,0,0,0,NA,0,141T6,CASTLETON ST,STONER CREEK RD,0,NA,Y,A,-,N,NA,NA,NA,NA,NA,NA,NA,NA,NA,Y,4,0,1,3,A,-,09,21801,A,N,D,C,A,A,H,-,C,A,0,NA,NA,NA,NA,Y,NA,A,01,0,0,1,0,0,0,0,0,0,-,-,NA,NA,LOS ANGELES,INDUSTRY,-117.91313011,33.99258006
6818165,2015,2015-03-17,1900,2015-01-21,0830,290645,1418,3,5,1,1932,0,0,0,NA,0,141T3,ROWLAND ST,FULLERTON RD,947,W,N,A,-,N,NA,NA,NA,NA,NA,NA,NA,NA,NA,Y,3,0,1,2,A,-,09,21804,A,N,A,C,A,A,H,-,A,D,0,NA,NA,NA,NA,Y,NA,A,01,0,1,0,0,0,0,0,0,0,-,-,NA,NA,LOS ANGELES,INDUSTRY,-117.90754998,34.00057138
6818166,2015,2015-03-04,1900,2015-01-10,1230,406363,1418,6,5,1,1932,0,0,0,NA,0,141T6,FULLERTON RD,SAN JOSE AV,100,S,N,B,C,N,NA,NA,NA,NA,NA,NA,NA,NA,NA,N,4,0,1,2,D,-,00,NA,NA,N,C,C,A,B,H,-,A,A,0,NA,NA,NA,NA,Y,NA,-,-,0,0,1,0,0,0,0,0,0,-,-,NA,NA,LOS ANGELES,INDUSTRY,-117.90449033,33.99999702
6818167,2015,2016-04-13,1900,2015-01-25,0724,457374,1432,7,5,4,1937,0,0,0,NA,0,143T1,HACIENDA BL,TEMPLE AV,0,NA,Y,A,-,N,NA,NA,NA,NA,NA,NA,NA,NA,NA,Y,4,0,1,2,A,-,12,21453,A,N,D,C,A,A,H,-,A,A,0,NA,NA,NA,NA,Y,NA,A,01,0,0,1,0,0,0,0,0,0,-,-,34.03031,-117.95378,LOS ANGELES,LA PUENTE,-117.95396008,34.03029004
6818168,2015,2015-03-04,1900,2015-01-26,1623,530863,1453,1,5,2,1999,0,0,0,NA,0,147A,HARBOR BL,PEPPERTREE DR,0,NA,Y,B,C,N,NA,NA,NA,NA,NA,NA,NA,NA,NA,Y,4,0,2,2,A,-,09,21802,A,N,D,C,A,B,H,-,A,A,0,NA,NA,NA,NA,Y,NA,A,01,0,0,2,0,0,0,0,0,0,-,-,33.94839,-117.93054,LOS ANGELES,LA HABRA HEIGHTS,-117.9306,33.94836005
6818169,2015,2015-03-04,1900,2015-01-07,0804,270471,1414,3,5,1,1932,0,0,0,NA,0,141T4D,PUENTE AV,VALLEY BL,505,N,N,A,-,N,NA,NA,NA,NA,NA,NA,NA,NA,NA,Y,3,0,1,1,A,-,07,21658,A,N,E,I,A,A,H,-,A,D,0,NA,NA,NA,NA,Y,NA,A,01,0,1,0,0,0,0,0,0,0,-,-,NA,NA,LOS ANGELES,INDUSTRY,-117.98726314,34.04523346
6818170,2015,2015-03-04,1900,2015-01-06,1415,528099,1430,2,5,4,1937,0,0,0,NA,0,143T1P,TEMPLE AV,SUNSET AV,70,W,N,A,-,N,NA,NA,NA,NA,NA,NA,NA,NA,NA,N,4,0,1,2,A,-,03,22350,NA,N,C,C,A,A,H,-,A,A,0,NA,NA,NA,NA,Y,NA,A,08,0,0,1,0,0,0,0,0,0,-,-,NA,NA,LOS ANGELES,LA PUENTE,-117.96823345,34.04080642
6818171,2015,2015-03-04,1900,2015-01-01,1630,451502,1430,4,5,4,1937,0,0,0,NA,0,143T1P,SUNSET AV,TEMPLE AV,0,NA,Y,A,-,N,NA,NA,NA,NA,NA,NA,NA,NA,NA,N,4,0,2,2,A,-,12,21453,A,M,D,C,A,A,H,-,A,A,0,NA,NA,NA,NA,Y,NA,A,01,0,0,2,0,0,0,0,0,0,-,-,NA,NA,LOS ANGELES,LA PUENTE,-117.9680601,34.04068005
6818172,2015,2015-03-04,1900,2015-01-19,1740,451502,1434,1,5,4,1937,0,0,0,NA,0,143T1P,ROWLAND ST,2ND ST,47,E,N,A,-,N,NA,NA,NA,NA,NA,NA,NA,NA,NA,N,3,0,1,1,C,-,18,NA,NA,N,D,H,A,A,H,-,C,A,0,NA,NA,Y,NA,Y,NA,-,-,0,1,0,0,0,0,0,0,1,-,-,NA,NA,LOS ANGELES,LA PUENTE,-117.95130525,34.02314131
6818173,2015,2015-03-04,1900,2015-01-16,1655,442430,1414,5,5,1,1932,0,0,0,NA,0,141T6,VALLEY BL,WILSON WY,0,NA,Y,A,-,N,NA,NA,NA,NA,NA,NA,NA,NA,NA,Y,4,0,2,2,A,-,09,21801,A,N,D,C,A,A,H,-,A,D,0,NA,NA,NA,NA,Y,NA,A,01,0,0,2,0,0,0,0,0,0,-,-,NA,NA,LOS ANGELES,INDUSTRY,-117.95584012,34.01786009
6818174,2015,2015-03-03,1900,2015-01-11,1117,290645,1414,7,5,1,1932,0,0,0,NA,0,141T4,HACIENDA BL,NELSON AV,0,NA,Y,B,C,N,NA,NA,NA,NA,NA,NA,NA,NA,NA,N,4,0,2,2,A,-,12,21453,A,N,D,C,A,B,H,-,A,A,0,NA,NA,NA,NA,Y,NA,A,01,0,0,2,0,0,0,0,0,0,-,-,34.02627,-117.95755,LOS ANGELES,INDUSTRY,-117.95770005,34.02633009
6818175,2015,2015-03-03,1900,2015-01-10,1755,442430,1419,6,5,1,1932,0,0,0,NA,0,141T6,FAIRWAY AV,HARRISON AV,63,S,N,C,-,N,NA,NA,NA,NA,NA,NA,NA,NA,NA,N,4,0,2,2,A,-,03,22350,NA,N,C,C,A,B,H,-,C,A,0,NA,NA,NA,NA,Y,NA,A,01,0,0,2,0,0,0,0,0,0,-,-,NA,NA,LOS ANGELES,INDUSTRY,-117.87155,34.00177729
6818176,2015,2015-03-03,1900,2015-01-06,2005,297062,1412,2,5,1,1932,0,0,0,NA,0,141T6,VINELAND AV,TEMPLE AV,0,NA,Y,A,-,N,NA,NA,NA,NA,NA,NA,NA,NA,NA,Y,4,0,1,2,A,-,12,21453,A,N,A,C,A,A,H,-,C,A,0,NA,NA,NA,NA,Y,NA,A,01,0,0,1,0,0,0,0,0,0,-,-,34.05391,-117.98679,LOS ANGELES,INDUSTRY,-117.98672002,34.05389006
6818177,2015,2015-03-03,1900,2015-01-29,1650,442430,1412,4,5,1,1932,0,0,0,NA,0,141T6,TEMPLE AV,PEREZ PL,2105,N,N,A,-,N,NA,NA,NA,NA,NA,NA,NA,NA,NA,Y,4,0,3,2,A,-,09,21804,A,N,D,C,A,A,H,-,B,D,0,NA,NA,NA,NA,Y,NA,A,01,0,0,3,0,0,0,0,0,0,-,-,NA,NA,LOS ANGELES,INDUSTRY,-117.99644867,34.05907273
6818178,2015,2015-08-12,1900,2015-01-28,1140,457374,1434,3,5,4,1937,0,0,0,NA,0,143T1,GLENDORA AV,LAS VECINAS DR,24,N,N,A,-,N,NA,NA,NA,NA,NA,NA,NA,NA,NA,Y,4,0,1,2,A,-,03,22350,NA,N,C,C,A,A,H,-,A,D,0,NA,NA,NA,NA,Y,NA,A,07,0,0,1,0,0,0,0,0,0,-,-,34.0242,-117.95208,LOS ANGELES,LA PUENTE,-117.95208021,34.02430094