CASE_ID,ACCIDENT_YEAR,PROC_DATE,JURIS,COLLISION_DATE,COLLISION_TIME,OFFICER_ID,REPORTING_DISTRICT,DAY_OF_WEEK,CHP_SHIFT,POPULATION,CNTY_CITY_LOC,SPECIAL_COND,BEAT_TYPE,CHP_BEAT_TYPE,CITY_DIVISION_LAPD,CHP_BEAT_CLASS,BEAT_NUMBER,PRIMARY_RD,SECONDARY_RD,DISTANCE,DIRECTION,INTERSECTION,WEATHER_1,WEATHER_2,STATE_HWY_IND,CALTRANS_COUNTY,CALTRANS_DISTRICT,STATE_ROUTE,ROUTE_SUFFIX,POSTMILE_PREFIX,POSTMILE,LOCATION_TYPE,RAMP_INTERSECTION,SIDE_OF_HWY,TOW_AWAY,COLLISION_SEVERITY,NUMBER_KILLED,NUMBER_INJURED,PARTY_COUNT,PRIMARY_COLL_FACTOR,PCF_CODE_OF_VIOL,PCF_VIOL_CATEGORY,PCF_VIOLATION,PCF_VIOL_SUBSECTION,HIT_AND_RUN,TYPE_OF_COLLISION,MVIW,PED_ACTION,ROAD_SURFACE,ROAD_COND_1,ROAD_COND_2,LIGHTING,CONTROL_DEVICE,CHP_ROAD_TYPE,PEDESTRIAN_ACCIDENT,BICYCLE_ACCIDENT,MOTORCYCLE_ACCIDENT,TRUCK_ACCIDENT,NOT_PRIVATE_PROPERTY,ALCOHOL_INVOLVED,STWD_VEHTYPE_AT_FAULT,CHP_VEHTYPE_AT_FAULT,COUNT_SEVERE_INJ,COUNT_VISIBLE_INJ,COUNT_COMPLAINT_PAIN,COUNT_PED_KILLED,COUNT_PED_INJURED,COUNT_BICYCLIST_KILLED,COUNT_BICYCLIST_INJURED,COUNT_MC_KILLED,COUNT_MC_INJURED,PRIMARY_RAMP,SECONDARY_RAMP,LATITUDE,LONGITUDE,COUNTY,CITY,POINT_X,POINT_Y
6818179,2015,2015-03-03,1900,2015-01-20,1418,531566,1127,2,5,6,1992,0,0,0,NA,0,112T1,27TH ST EAST,AVENUE K,4,N,N,A,-,N,NA,NA,NA,NA,NA,NA,NA,NA,NA,N,3,0,1,2,A,-,05,21650,1,N,H,G,A,A,H,-,A,A,0,NA,Y,NA,NA,Y,NA,L,04,0,1,0,0,0,0,1,0,0,-,-,NA,NA,LOS ANGELES,LANCASTER,-118.08131018,34.67522097
6818180,2015,2015-03-03,1900,2015-01-26,1747,531566,1137,1,5,6,1992,0,0,0,NA,0,112T1,17TH ST EAST,GARDENIA,21,S,N,C,-,N,NA,NA,NA,NA,NA,NA,NA,NA,NA,N,4,0,1,2,A,-,09,21804,A,N,G,B,D,B,H,-,C,D,0,Y,NA,NA,NA,Y,NA,A,01,0,0,1,0,1,0,0,0,0,-,-,NA,NA,LOS ANGELES,LANCASTER,-118.09921902,34.69012243
6818181,2015,2015-03-03,1900,2015-01-27,1345,531566,1127,2,5,6,1992,0,0,0,NA,0,112T1,15TH ST WEST,YOUNGBLOOD PL,329,N,N,A,-,N,NA,NA,NA,NA,NA,NA,NA,NA,NA,N,4,0,1,2,A,-,05,21650,1,N,H,G,A,A,H,-,A,D,0,NA,Y,NA,NA,Y,NA,L,04,0,0,1,0,0,0,1,0,0,-,-,NA,NA,LOS ANGELES,LANCASTER,-118.15679781,34.67835015
6818182,2015,2015-03-03,1900,2015-01-28,1350,531566,1127,3,5,6,1992,0,0,0,NA,0,112T1,27TH ST WEST,AVENUE J,76,N,N,A,-,N,NA,NA,NA,NA,NA,NA,NA,NA,NA,Y,3,0,1,1,A,-,08,22107,NA,N,E,I,A,A,H,-,A,A,0,NA,NA,NA,NA,Y,NA,A,01,0,1,0,0,0,0,0,0,0,-,-,NA,NA,LOS ANGELES,LANCASTER,-118.17929,34.6896084
6818183,2015,2015-03-03,1900,2015-01-24,1448,550490,1192,6,5,6,1992,0,0,0,NA,0,111T2,20TH ST W,AVENUE L,0,NA,Y,A,-,N,NA,NA,NA,NA,NA,NA,NA,NA,NA,Y,3,0,3,2,A,-,12,21453,A,N,D,C,A,A,H,-,A,A,0,NA,NA,NA,NA,Y,NA,A,01,0,1,2,0,0,0,0,0,0,-,-,NA,NA,LOS ANGELES,LANCASTER,-118.16564004,34.66040002
6818184,2015,2015-03-03,1900,2015-01-30,1429,550490,1125,5,5,6,1992,0,0,0,NA,0,111T2,10TH ST W,LANCASTER BL,0,NA,Y,C,-,N,NA,NA,NA,NA,NA,NA,NA,NA,NA,Y,4,0,3,2,A,-,09,21801,A,N,D,C,A,B,H,-,A,A,0,NA,NA,NA,NA,Y,NA,A,01,0,0,3,0,0,0,0,0,0,-,-,NA,NA,LOS ANGELES,LANCASTER,-118.1480801,34.69716004
6818291,2015,2015-03-06,1900,2015-02-09,1030,297062,1415,1,5,1,1932,0,0,0,NA,0,141T2,GALE AV,HINNEN AV,60,E,N,A,-,N,NA,NA,NA,NA,NA,NA,NA,NA,NA,N,3,0,1,2,C,-,18,NA,NA,N,G,B,C,A,D,-,A,A,0,Y,NA,NA,NA,Y,NA,-,-,0,1,0,0,1,0,0,0,0,-,-,NA,NA,LOS ANGELES,INDUSTRY,-117.95305439,34.00784375
6818292,2015,2015-03-06,1900,2015-02-03,1831,451502,1431,2,5,4,1937,0,0,0,NA,0,143T1P,UNRUH AV,NELSON AV,0,NA,Y,A,-,N,NA,NA,NA,NA,NA,NA,NA,NA,NA,Y,4,0,1,2,A,-,09,21801,A,N,D,C,A,A,H,-,C,A,0,NA,NA,NA,NA,Y,NA,A,01,0,0,1,0,0,0,0,0,0,-,-,NA,NA,LOS ANGELES,LA PUENTE,-117.96259004,34.02996008
6818293,2015,2015-03-06,1900,2015-02-02,1700,451502,NA,1,5,4,1937,0,0,0,NA,0,143T1P,TEMPLE AV,ORANGE AV,42,W,N,A,-,N,NA,NA,NA,NA,NA,NA,NA,NA,NA,N,4,0,1,2,A,-,03,22350,NA,N,C,C,A,A,H,-,A,A,0,NA,NA,NA,NA,Y,NA,A,07,0,0,1,0,0,0,0,0,0,-,-,NA,NA,LOS ANGELES,LA PUENTE,-117.97293071,34.04423894
6818294,2015,2015-03-06,1900,2015-02-08,1320,529699,1127,7,5,6,1992,0,0,0,NA,0,111T1,AVENUE J-8,45TH ST WEST,0,NA,Y,A,-,N,NA,NA,NA,NA,NA,NA,NA,NA,NA,N,4,0,1,2,A,-,09,21802,A,N,H,G,A,A,H,-,A,A,0,NA,Y,NA,NA,Y,NA,A,01,0,0,1,0,0,0,1,0,0,-,-,NA,NA,LOS ANGELES,LANCASTER,-118.21031001,34.68212002
6818295,2015,2015-03-06,1900,2015-02-02,1542,527065,1126,1,5,6,1992,0,0,0,NA,0,111T1,AVENUE J,10TH ST W,38,W,N,A,-,N,NA,NA,NA,NA,NA,NA,NA,NA,NA,Y,4,0,1,2,A,-,08,22100,A,N,D,C,A,A,H,-,A,A,0,NA,NA,NA,NA,Y,NA,A,01,0,0,1,0,0,0,0,0,0,-,-,NA,NA,LOS ANGELES,LANCASTER,-118.14814614,34.68945
6818296,2015,2015-03-06,1900,2015-02-03,1400,531566,1126,2,5,6,1992,0,0,0,NA,0,112T1,AVENUE L,6TH ST WEST,371,E,N,A,-,N,NA,NA,NA,NA,NA,NA,NA,NA,NA,Y,3,0,2,2,A,-,07,21658,A,N,C,C,A,A,H,-,A,D,0,NA,NA,NA,NA,Y,NA,A,01,0,1,1,0,0,0,0,0,0,-,-,NA,NA,LOS ANGELES,LANCASTER,-118.11883899,34.66042232
6818297,2015,2015-03-06,1900,2015-02-04,0945,531566,1127,3,5,6,1992,0,0,0,NA,0,112T1,AVENUE I,FERN AV,12,W,N,A,-,N,NA,NA,NA,NA,NA,NA,NA,NA,NA,Y,3,0,1,2,A,-,05,21650,1,N,H,G,A,A,H,-,A,A,0,NA,Y,NA,NA,Y,NA,L,04,0,1,0,0,0,0,1,0,0,-,-,NA,NA,LOS ANGELES,LANCASTER,-118.14560984,34.70394024
6818298,2015,2015-03-06,1900,2015-02-04,0745,529699,1127,3,5,6,1992,0,0,0,NA,0,111T2,45TH ST WEST,AVENUE J-12,0,NA,Y,A,-,N,NA,NA,NA,NA,NA,NA,NA,NA,NA,Y,4,0,2,2,A,-,09,21802,A,N,D,C,A,A,H,-,A,A,0,NA,NA,NA,NA,Y,NA,A,07,0,0,2,0,0,0,0,0,0,-,-,NA,NA,LOS ANGELES,LANCASTER,-118.21029014,34.67845001
6818299,2015,2015-03-06,1900,2015-02-08,1530,550490,1126,7,5,6,1992,0,0,0,NA,0,111T2,20TH ST WEST,AVENUE K-8,0,NA,Y,A,-,N,NA,NA,NA,NA,NA,NA,NA,NA,NA,Y,4,0,2,2,A,-,12,21453,A,N,D,C,A,A,H,-,A,A,0,NA,NA,NA,NA,Y,NA,A,07,0,0,2,0,0,0,0,0,0,-,-,NA,NA,LOS ANGELES,LANCASTER,-118.16570014,34.66767008
6818300,2015,2015-03-06,1900,2015-02-06,1335,531566,1127,5,5,6,1992,0,0,0,NA,0,112T1,AVENUE I,60TH ST WEST,0,NA,Y,A,-,N,NA,NA,NA,NA,NA,NA,NA,NA,NA,Y,3,0,3,2,A,-,12,21453,A,N,D,C,A,A,H,-,A,A,0,NA,NA,NA,NA,Y,NA,A,01,0,2,1,0,0,0,0,0,0,-,-,NA,NA,LOS ANGELES,LANCASTER,-118.2367001,34.70401005
6818301,2015,2015-03-06,1900,2015-02-05,1150,531566,1120,4,5,6,1992,0,0,0,NA,0,112T1,AVENUE H,7TH ST WEST,0,NA,Y,A,-,N,NA,NA,NA,NA,NA,NA,NA,NA,NA,Y,3,0,1,2,A,-,09,21801,A,N,D,C,A,A,H,-,A,D,0,NA,NA,NA,NA,Y,NA,A,01,0,1,0,0,0,0,0,0,0,-,-,NA,NA,LOS ANGELES,LANCASTER,-118.14405009,34.72215003
6818302,2015,2015-03-06,1900,2015-02-05,0705,529699,1132,4,5,6,1992,0,0,0,NA,0,111T2,DIVISION ST,JACKMAN ST,0,NA,Y,A,-,N,NA,NA,NA,NA,NA,NA,NA,NA,NA,N,4,0,1,2,A,-,09,21804,A,N,H,G,A,A,H,-,A,A,0,NA,Y,NA,NA,Y,NA,A,07,0,0,1,0,0,0,1,0,0,-,-,NA,NA,LOS ANGELES,LANCASTER,-118.13043002,34.7023201
6818303,2015,2015-03-05,1900,2015-02-05,1501,263565,1135,4,5,6,1992,0,0,0,NA,0,111T2,CHALLENGER WY,LANCASTER BL,0,NA,Y,A,-,N,NA,NA,NA,NA,NA,NA,NA,NA,NA,Y,4,0,5,3,A,-,09,21801,A,N,D,C,A,A,H,-,A,A,0,NA,NA,NA,NA,Y,NA,A,01,0,0,5,0,0,0,0,0,0,-,-,NA,NA,LOS ANGELES,LANCASTER,-118.11265,34.69685
6818304,2015,2015-03-06,1900,2015-02-10,1852,442237,1135,2,5,6,1992,0,0,0,NA,0,112T1,AVENUE J,15TH ST EAST,0,NA,Y,A,-,N,NA,NA,NA,NA,NA,NA,NA,NA,NA,Y,3,0,1,2,A,-,12,21453,A,N,D,C,A,A,H,-,C,A,0,NA,NA,NA,NA,Y,NA,A,07,0,1,0,0,0,0,0,0,0,-,-,NA,NA,LOS ANGELES,LANCASTER,-118.10369012,34.68956005
6818320,2015,2015-03-05,1912,2015-02-03,1823,7337,NA,2,5,6,1912,0,0,0,NA,0,00G,OLIVE AV,FREDERIC ST N,0,NA,Y,A,-,N,NA,NA,NA,NA,NA,NA,NA,NA,NA,Y,4,0,1,2,A,-,09,21801,A,N,D,C,A,A,H,-,C,D,0,NA,NA,NA,NA,Y,NA,A,01,0,0,1,0,0,0,0,0,0,-,-,34.1607,-118.3301,LOS ANGELES,BURBANK,-118.33002004,34.1606901
6818328,2015,2016-10-11,9530,2015-02-04,1310,14654,NA,3,1,7,1941,0,1,1,NA,2,420,RT 405,LOS ANGELES RIVER,50,N,N,A,-,Y,LA,7,405,-,-,26.5,H,-,S,Y,4,0,1,2,A,-,07,21658,A,N,E,I,A,A,H,-,A,D,0,NA,NA,NA,NA,Y,NA,D,22,0,0,1,0,0,0,0,0,0,-,-,33.4934,-118.1221,LOS ANGELES,LONG BEACH,-118.40450071,33.9943896
6818329,2015,2016-09-19,9530,2015-01-22,0710,19792,NA,4,1,7,1942,0,1,1,NA,2,400,RT 405,NORMANDIE AV,1200,S,N,A,-,Y,LA,7,405,-,-,13.6,H,-,S,Y,3,0,1,3,A,-,07,21658,A,N,B,C,A,A,H,-,B,D,1,NA,NA,NA,NA,Y,NA,D,22,0,1,0,0,0,0,0,0,0,-,-,33.8396,-118.2947,LOS ANGELES,LOS ANGELES,-118.29504682,33.85972921
6818332,2015,2015-03-06,9530,2015-02-08,1830,20716,NA,7,2,9,1900,0,3,5,NA,2,002,ALAMEDA ST,134TH ST,0,NA,Y,A,-,N,NA,NA,NA,NA,NA,NA,NA,NA,NA,Y,3,0,2,2,A,-,01,23152,A,N,D,C,A,A,H,-,C,A,0,NA,NA,NA,NA,Y,Y,D,22,0,2,0,0,0,0,0,0,0,-,-,33.91072,-118.22261,LOS ANGELES,UNINCORPORATED,-118.22269002,33.91062006
6818335,2015,2015-03-06,9530,2015-02-03,1308,018385,NA,2,1,9,1900,0,3,5,NA,2,003,FRAILEY AV,MYRRH ST,300,N,N,A,-,N,NA,NA,NA,NA,NA,NA,NA,NA,NA,Y,4,0,1,5,A,-,03,22350,NA,N,A,C,A,A,H,-,A,D,0,NA,NA,NA,NA,Y,NA,A,07,0,0,1,0,0,0,0,0,0,-,-,33.89326,-118.19101,LOS ANGELES,UNINCORPORATED,-118.19104507,33.89329141
6818346,2015,2015-03-06,1941,2015-01-21,2236,6248,NA,3,5,7,1941,0,0,0,NA,0,NA,LAKEWOOD BL,23RD ST,32,S,N,A,-,N,NA,NA,NA,NA,NA,NA,NA,NA,NA,Y,4,0,8,3,A,-,03,22350,NA,N,C,E,A,A,H,-,C,A,0,NA,NA,NA,NA,Y,Y,A,NA,0,0,8,0,0,0,0,0,0,-,-,NA,NA,LOS ANGELES,LONG BEACH,-118.14277912,33.79959225
6818347,2015,2015-03-06,1941,2015-01-07,0700,5895,NA,3,5,7,1941,0,0,0,NA,0,NA,1ST ST,PINE ST,45,E,N,A,-,N,NA,NA,NA,NA,NA,NA,NA,NA,NA,N,4,0,1,2,A,-,11,21954,A,N,B,B,D,A,H,-,A,D,0,Y,NA,NA,NA,Y,NA,I,NA,0,0,1,0,1,0,0,0,0,-,-,NA,NA,LOS ANGELES,LONG BEACH,-118.19241,33.76808
6818363,2014,2015-03-09,1942,2014-12-29,2000,36336,1654,1,5,7,1942,0,0,0,P,0,9T55,GLENOAKS BL,OSBORNE PL,420,S,N,A,-,N,NA,NA,NA,NA,NA,NA,NA,NA,NA,Y,4,0,1,4,A,-,08,22107,NA,N,C,E,A,A,H,-,C,D,0,NA,NA,NA,NA,Y,NA,A,01,0,0,1,0,0,0,0,0,0,-,-,NA,NA,LOS ANGELES,LOS ANGELES,-118.39801146,34.26097937
6818364,2014,2015-03-09,1942,2014-12-26,1055,39192,1684,5,5,7,1942,0,0,0,P,0,10T37W,LANKERSHIM BL,STAGG ST,0,NA,Y,A,-,N,NA,NA,NA,NA,NA,NA,NA,NA,NA,Y,4,0,1,2,A,-,12,21453,A,N,D,C,A,A,H,-,A,A,0,NA,NA,NA,NA,Y,NA,D,22,0,0,1,0,0,0,0,0,0,-,-,NA,NA,LOS ANGELES,LOS ANGELES,-118.38778,34.21210003
6818365,2014,2015-03-09,1942,2014-12-23,2210,40639,1668,2,5,7,1942,0,0,0,P,0,16T25,VALMONT ST,PLAINVIEW AV,110,W,N,A,-,N,NA,NA,NA,NA,NA,NA,NA,NA,NA,Y,3,0,1,1,A,-,01,23152,A,N,H,J,A,A,H,-,C,D,0,NA,NA,NA,NA,Y,Y,D,22,0,1,0,0,0,0,0,0,0,-,-,NA,NA,LOS ANGELES,LOS ANGELES,-118.29829318,34.25283783
6818366,2014,2015-03-09,1942,2014-12-10,1735,40422,1695,3,5,7,1942,0,0,0,P,0,16X58,STAGG ST,VINELAND AV,0,NA,Y,A,-,N,NA,NA,NA,NA,NA,NA,NA,NA,NA,N,3,0,1,2,B,-,22,NA,NA,N,D,G,A,A,H,-,C,A,0,NA,Y,NA,NA,Y,NA,L,04,0,1,0,0,0,0,1,0,0,-,-,NA,NA,LOS ANGELES,LOS ANGELES,-118.37034008,34.21204003
6818367,2014,2015-03-26,1942,2014-12-26,1510,41643,1621,5,5,7,1942,0,0,0,P,0,16A11,DAVENTRY ST,DAVENTRY ST 13827,0,NA,Y,A,G,N,NA,NA,NA,NA,NA,NA,NA,NA,NA,N,3,0,1,2,A,-,21,22106,NA,N,G,B,-,A,H,-,A,D,0,Y,NA,NA,NA,Y,NA,-,-,0,1,0,0,1,0,0,0,0,-,-,NA,NA,LOS ANGELES,LOS ANGELES,-118.433247,34.266704
6818410,2015,2016-09-27,9565,2015-01-20,0755,16775,NA,2,1,7,1942,0,1,1,NA,2,083,RT 10 E,WESTWOOD BL,50,W,N,A,-,Y,LA,7,10,-,R,6.11,H,-,E,Y,4,0,2,4,A,-,03,22350,NA,N,C,C,A,A,H,-,A,D,1,NA,NA,NA,NA,Y,NA,D,22,0,0,2,0,0,0,0,0,0,-,-,34.03165,-118.42189,LOS ANGELES,LOS ANGELES,-118.42211551,34.03166135
6818419,2015,2016-09-28,9565,2015-01-25,1315,20495,NA,7,1,6,1933,0,1,1,NA,2,060,RT 405,LENNOX BL,200,S,N,A,-,Y,LA,7,405,-,-,21.7,H,-,N,Y,4,0,1,2,A,-,03,22350,NA,N,C,C,A,A,H,-,A,D,1,NA,NA,NA,NA,Y,NA,A,01,0,0,1,0,0,0,0,0,0,-,-,33.94208,-118.35822,LOS ANGELES,INGLEWOOD,-118.36825968,33.93761948
6818421,2015,2016-09-21,9565,2015-01-21,1840,20915,NA,3,2,7,1942,0,1,1,NA,2,062,RT 405,NATIONAL BL,400,S,N,A,-,Y,LA,7,405,-,-,29.08,H,-,N,Y,4,0,1,2,A,-,03,22350,NA,N,C,C,A,A,H,-,D,D,1,NA,NA,NA,NA,Y,NA,D,22,0,0,1,0,0,0,0,0,0,-,-,34.02498,-118.42817,LOS ANGELES,LOS ANGELES,-118.42906939,34.02578283
6818423,2015,2016-09-28,9565,2015-01-20,0940,20113,NA,2,1,7,1942,0,1,1,NA,2,064,RT 405,SEPULVEDA BL,135,N,N,B,-,Y,LA,7,405,-,-,34.82,H,-,S,N,3,0,1,4,A,-,03,22350,NA,N,B,C,A,A,H,-,A,D,1,NA,NA,Y,NA,Y,NA,C,02,0,1,0,0,0,0,0,0,1,-,-,34.09792,-118.47782,LOS ANGELES,LOS ANGELES,-118.47744633,34.09703198
6818426,2015,2016-09-28,9565,2015-01-29,0240,20653,NA,4,3,7,1942,0,1,1,NA,2,064,RT 405,SKIRBALL CENTER DR,750,S,N,A,-,Y,LA,7,405,-,-,36.58,H,-,N,Y,4,0,2,2,A,-,03,22350,NA,N,C,C,A,A,D,-,D,-,1,NA,NA,NA,Y,Y,NA,A,01,0,0,2,0,0,0,0,0,0,-,-,34.11928,-118.48085,LOS ANGELES,LOS ANGELES,-118.47972206,34.12101532
6818428,2015,2016-09-28,9565,2015-01-28,0945,16894,NA,3,1,6,1933,0,1,1,NA,2,060,RT 405,HILLCREST AV,100,S,N,A,-,Y,LA,7,405,-,-,22.98,H,-,N,N,4,0,1,2,A,-,03,22350,NA,N,C,C,A,A,H,-,A,D,1,NA,NA,NA,NA,Y,NA,D,22,0,0,1,0,0,0,0,0,0,-,-,33.95556,-118.36921,LOS ANGELES,INGLEWOOD,-118.36925993,33.95617777
6818432,2015,2015-02-27,9565,2015-01-31,1302,019540,NA,6,1,9,1900,0,3,5,NA,2,002,WESTERN AV,IMPERIAL HWY,90,S,N,A,-,N,NA,NA,NA,NA,NA,NA,NA,NA,NA,Y,3,0,1,3,A,-,08,22107,NA,N,E,I,A,A,H,-,A,D,0,NA,NA,Y,NA,Y,NA,C,02,0,1,0,0,0,0,0,0,1,-,-,33.93075,-118.3091,LOS ANGELES,UNINCORPORATED,-118.30913,33.93077345
6818433,2015,2015-02-27,9565,2015-01-13,2050,20879,NA,2,2,9,1900,0,3,5,NA,2,002,BERENDO AV,126TH ST,0,NA,Y,A,-,N,NA,NA,NA,NA,NA,NA,NA,NA,NA,N,4,0,3,2,A,-,08,22107,NA,F,B,C,A,A,H,-,C,D,0,NA,NA,NA,NA,Y,NA,D,22,0,0,3,0,0,0,0,0,0,-,-,33.91816,-118.29398,LOS ANGELES,UNINCORPORATED,-118.29406008,33.9183201
6818435,2015,2016-09-27,9565,2015-01-14,1400,16775,NA,3,2,7,1942,0,1,1,NA,2,083,RT 10,ROBERTSON BL,100,W,N,A,-,Y,LA,7,10,-,R,7.88,H,-,E,Y,3,0,1,3,A,-,08,22107,NA,N,B,-,A,A,H,-,A,D,1,NA,NA,NA,Y,Y,NA,A,01,0,1,0,0,0,0,0,0,0,-,-,34.02997,-118.39231,LOS ANGELES,LOS ANGELES,-118.39209075,34.03011471
6818457,2015,2016-09-08,1900,2015-01-26,1651,520926,0531,1,5,5,1959,0,0,0,NA,0,53T1PM,RT 164,STEELE ST,18,S,N,A,-,Y,LA,7,164,-,-,6.15,H,-,N,N,4,0,1,2,A,-,04,21703,NA,N,C,C,A,A,H,-,A,A,0,NA,NA,NA,NA,Y,NA,A,08,0,0,1,0,0,0,0,0,0,-,-,NA,NA,LOS ANGELES,ROSEMEAD,-118.07310668,34.07983847
6818470,2015,2015-03-03,1941,2015-01-27,1230,6196,NA,2,5,7,1941,0,0,0,NA,0,NA,CHERRY AV,CHERRY INDUSTRIAL CIR,0,NA,N,A,-,N,NA,NA,NA,NA,NA,NA,NA,NA,NA,N,3,0,1,2,A,-,05,21650,1,N,G,G,A,A,H,-,A,D,0,NA,Y,NA,NA,Y,NA,L,NA,0,1,0,0,0,0,1,0,0,-,-,NA,NA,LOS ANGELES,LONG BEACH,-118.16856007,33.85766005
6818471,2015,2015-05-28,1941,2015-01-22,2053,10659,NA,4,5,7,1941,0,0,0,NA,0,NA,LONG BEACH BL,ROOSEVELT,0,NA,Y,A,-,N,NA,NA,NA,NA,NA,NA,NA,NA,NA,Y,3,0,1,3,A,-,01,23152,NA,N,B,E,A,A,H,-,C,A,0,NA,NA,NA,NA,Y,Y,A,NA,0,1,0,0,0,0,0,0,0,-,-,NA,NA,LOS ANGELES,LONG BEACH,-118.18935013,33.82897007
6818472,2015,2015-02-26,1941,2015-01-10,0041,6311,NA,6,5,7,1941,0,0,0,NA,0,NA,CHERRY AV,HARDING ST,0,NA,Y,A,-,N,NA,NA,NA,NA,NA,NA,NA,NA,NA,Y,4,0,2,2,A,-,00,12500,A,N,D,C,A,A,H,-,C,A,0,NA,NA,NA,NA,Y,NA,A,NA,0,0,2,0,0,0,0,0,0,-,-,NA,NA,LOS ANGELES,LONG BEACH,-118.16861004,33.86737009
6818473,2015,2015-02-26,1941,2015-01-10,0335,10023,NA,6,5,7,1941,0,0,0,NA,0,NA,STUDEBAKER RD,LOS COYOTES DIAGONAL,272,S,N,A,-,N,NA,NA,NA,NA,NA,NA,NA,NA,NA,Y,3,0,1,1,A,-,08,22107,NA,N,E,I,A,A,H,-,C,D,0,NA,NA,NA,NA,Y,NA,A,NA,0,1,0,0,0,0,0,0,0,-,-,NA,NA,LOS ANGELES,LONG BEACH,-118.09944819,33.82860503
6818474,2015,2015-02-27,1941,2015-01-10,1521,6214,NA,6,5,7,1941,0,0,0,NA,0,NA,CHERRY AV,59TH ST,0,NA,Y,C,-,N,NA,NA,NA,NA,NA,NA,NA,NA,NA,N,4,0,2,2,A,-,03,22350,NA,N,C,C,A,B,H,-,A,D,0,NA,NA,NA,NA,Y,NA,A,NA,0,0,2,0,0,0,0,0,0,-,-,NA,NA,LOS ANGELES,LONG BEACH,-118.16858,33.86195
6818475,2015,2015-02-26,1941,2015-01-06,1743,6245,NA,2,5,7,1941,0,0,0,NA,0,NA,MARKET ST,ROSE AV,0,NA,Y,A,-,N,NA,NA,NA,NA,NA,NA,NA,NA,NA,Y,2,0,1,2,A,-,03,22350,NA,N,G,B,A,A,H,-,C,D,0,NA,NA,Y,NA,Y,NA,C,NA,1,0,0,0,0,0,0,0,1,-,-,NA,NA,LOS ANGELES,LONG BEACH,-118.17048011,33.85439005
6818476,2015,2016-10-31,1941,2015-01-12,0712,5048,NA,1,5,7,1941,0,0,0,NA,0,NA,PACIFIC COAST HWY,ATLANTIC AV,0,NA,Y,A,-,Y,LA,7,1,-,-,6.021,I,5,N,Y,3,0,1,2,A,-,11,21461,5,N,G,B,B,A,H,-,A,A,0,Y,NA,NA,NA,Y,NA,N,NA,0,1,0,0,1,0,0,0,0,-,-,NA,NA,LOS ANGELES,LONG BEACH,-118.18518689,33.78991821
6818477,2015,2015-02-26,1941,2015-01-11,1619,10581,NA,7,5,7,1941,0,0,0,NA,0,NA,10TH ST,MARTIN LUTHER KING AV,0,NA,Y,A,-,N,NA,NA,NA,NA,NA,NA,NA,NA,NA,N,4,0,1,2,D,-,00,NA,NA,N,A,B,B,B,H,-,A,A,0,Y,NA,NA,NA,Y,NA,-,-,0,0,1,0,1,0,0,0,0,-,-,NA,NA,LOS ANGELES,LONG BEACH,-118.18070005,33.77898007
6818478,2015,2015-02-26,1941,2015-01-11,2002,5920,NA,7,5,7,1941,0,0,0,NA,0,NA,WARDLOW,LINDEN,0,NA,Y,B,-,N,NA,NA,NA,NA,NA,NA,NA,NA,NA,Y,3,0,1,2,A,-,09,21801,A,N,A,C,A,A,H,-,C,D,0,NA,NA,NA,NA,Y,NA,A,NA,0,1,0,0,0,0,0,0,0,-,-,NA,NA,LOS ANGELES,LONG BEACH,-118.18647004,33.81891001
6818479,2015,2015-02-26,1941,2015-01-11,1739,6014,NA,7,5,7,1941,0,0,0,NA,0,NA,WARDLOW RD,LEWIS AV,4,E,N,A,-,N,NA,NA,NA,NA,NA,NA,NA,NA,NA,N,3,0,1,2,A,-,11,21954,A,N,G,B,D,A,H,-,C,D,0,Y,NA,NA,NA,Y,NA,N,NA,0,1,0,0,1,0,0,0,0,-,-,NA,NA,LOS ANGELES,LONG BEACH,-118.17960686,33.81891012
6818480,2015,2016-10-31,1941,2015-01-25,0237,10052,NA,7,5,7,1941,0,0,0,NA,0,NA,2ND ST,PACIFIC COAST HWY,0,NA,Y,A,-,Y,LA,7,1,-,-,0.591,I,5,N,Y,4,0,2,2,A,-,12,21453,A,N,D,C,A,A,H,-,C,A,0,NA,NA,NA,NA,Y,Y,A,NA,0,0,2,0,0,0,0,0,0,-,-,NA,NA,LOS ANGELES,LONG BEACH,-118.1112061,33.75818194
6818516,2015,2015-08-22,1941,2015-02-06,1352,6195,NA,5,5,7,1941,0,0,0,NA,0,NA,PACIFIC AV,7TH ST,0,NA,Y,A,-,N,NA,NA,NA,NA,NA,NA,NA,NA,NA,N,4,0,1,2,A,-,12,21453,A,N,D,C,A,A,H,-,A,A,0,NA,NA,NA,NA,Y,NA,-,-,0,0,1,0,0,0,0,0,0,-,-,NA,NA,LOS ANGELES,LONG BEACH,-118.1937301,33.77536001
6818517,2015,2015-08-22,1941,2015-02-07,1214,6049,NA,6,5,7,1941,0,0,0,NA,0,NA,MARTIN LUTHER KING,11TH ST,0,NA,Y,B,-,N,NA,NA,NA,NA,NA,NA,NA,NA,NA,Y,4,0,3,2,A,-,09,21802,A,N,D,C,A,A,H,-,A,A,0,NA,NA,NA,NA,Y,NA,A,NA,0,0,3,0,0,0,0,0,0,-,-,NA,NA,LOS ANGELES,LONG BEACH,-118.18068007,33.78079004
6818607,2015,2015-08-22,1941,2015-02-02,1250,10653,NA,1,5,7,1941,0,0,0,NA,0,NA,ATLANTIC AV,4TH ST,0,NA,Y,A,-,N,NA,NA,NA,NA,NA,NA,NA,NA,NA,N,4,0,1,2,A,-,08,22107,NA,N,D,C,A,A,H,-,A,A,0,NA,NA,NA,NA,Y,NA,M,NA,0,0,1,0,0,0,0,0,0,-,-,NA,NA,LOS ANGELES,LONG BEACH,-118.18505002,33.7717501