CASE_ID,ACCIDENT_YEAR,PROC_DATE,JURIS,COLLISION_DATE,COLLISION_TIME,OFFICER_ID,REPORTING_DISTRICT,DAY_OF_WEEK,CHP_SHIFT,POPULATION,CNTY_CITY_LOC,SPECIAL_COND,BEAT_TYPE,CHP_BEAT_TYPE,CITY_DIVISION_LAPD,CHP_BEAT_CLASS,BEAT_NUMBER,PRIMARY_RD,SECONDARY_RD,DISTANCE,DIRECTION,INTERSECTION,WEATHER_1,WEATHER_2,STATE_HWY_IND,CALTRANS_COUNTY,CALTRANS_DISTRICT,STATE_ROUTE,ROUTE_SUFFIX,POSTMILE_PREFIX,POSTMILE,LOCATION_TYPE,RAMP_INTERSECTION,SIDE_OF_HWY,TOW_AWAY,COLLISION_SEVERITY,NUMBER_KILLED,NUMBER_INJURED,PARTY_COUNT,PRIMARY_COLL_FACTOR,PCF_CODE_OF_VIOL,PCF_VIOL_CATEGORY,PCF_VIOLATION,PCF_VIOL_SUBSECTION,HIT_AND_RUN,TYPE_OF_COLLISION,MVIW,PED_ACTION,ROAD_SURFACE,ROAD_COND_1,ROAD_COND_2,LIGHTING,CONTROL_DEVICE,CHP_ROAD_TYPE,PEDESTRIAN_ACCIDENT,BICYCLE_ACCIDENT,MOTORCYCLE_ACCIDENT,TRUCK_ACCIDENT,NOT_PRIVATE_PROPERTY,ALCOHOL_INVOLVED,STWD_VEHTYPE_AT_FAULT,CHP_VEHTYPE_AT_FAULT,COUNT_SEVERE_INJ,COUNT_VISIBLE_INJ,COUNT_COMPLAINT_PAIN,COUNT_PED_KILLED,COUNT_PED_INJURED,COUNT_BICYCLIST_KILLED,COUNT_BICYCLIST_INJURED,COUNT_MC_KILLED,COUNT_MC_INJURED,PRIMARY_RAMP,SECONDARY_RAMP,LATITUDE,LONGITUDE,COUNTY,CITY,POINT_X,POINT_Y
6822142,2015,2015-02-26,9575,2015-01-29,1405,20002,NA,4,2,9,1900,0,2,4,NA,2,022,LINCOLN AV,FIGUEROA DR,0,NA,Y,A,-,N,NA,NA,NA,NA,NA,NA,NA,NA,NA,N,4,0,2,2,A,-,09,21801,A,N,A,C,A,A,H,-,A,D,0,NA,NA,NA,NA,Y,NA,A,01,0,0,2,0,0,0,0,0,0,-,-,34.18748,-118.15968,LOS ANGELES,UNINCORPORATED,-118.15973004,34.18750005
6822143,2015,2015-02-26,9575,2015-01-02,2100,20887,NA,5,2,9,1900,0,1,3,NA,2,081,ROSEMEAD BL,DEL MAR BL,0,NA,Y,A,-,N,NA,NA,NA,NA,NA,NA,NA,NA,NA,Y,3,0,2,2,A,-,12,21453,A,N,D,C,A,A,H,-,C,A,0,NA,NA,NA,NA,Y,NA,A,01,0,1,1,0,0,0,0,0,0,-,-,34.14237,-118.07334,LOS ANGELES,UNINCORPORATED,-118.07344005,34.14227011
6822144,2015,2015-02-26,1942,2015-01-25,1700,39217,1761,7,5,7,1942,0,0,0,Q,0,17TL12,TOPANGA CANYON BL,PRAIRIE ST,0,NA,Y,A,-,N,NA,NA,NA,NA,NA,NA,NA,NA,NA,Y,3,0,1,2,A,-,09,21801,A,N,A,C,A,A,H,-,B,D,0,NA,NA,Y,NA,Y,NA,A,01,0,1,0,0,0,0,0,0,1,-,-,NA,NA,LOS ANGELES,LOS ANGELES,-118.60611003,34.2390901
6822145,2015,2015-02-26,1942,2015-01-19,1605,39217,1798,1,5,7,1942,0,0,0,Q,0,17T12,NORDHOFF ST,AQUEDUCT AV,0,NA,Y,A,-,N,NA,NA,NA,NA,NA,NA,NA,NA,NA,NA,3,0,1,2,A,-,09,21802,A,N,D,G,A,A,H,-,A,A,0,NA,Y,NA,NA,Y,NA,L,04,0,1,0,0,0,0,1,0,0,-,-,NA,NA,LOS ANGELES,LOS ANGELES,-118.47415011,34.23557002
6822146,2015,2015-03-03,1942,2015-01-09,1105,37080,1785,5,5,7,1942,0,0,0,Q,0,21TL63,RESEDA BL,DEARBORN ST,0,NA,Y,A,-,N,NA,NA,NA,NA,NA,NA,NA,NA,NA,N,4,0,2,2,D,-,00,NA,NA,N,D,C,A,A,H,-,A,A,0,NA,NA,NA,NA,Y,NA,-,-,0,0,2,0,0,0,0,0,0,-,-,NA,NA,LOS ANGELES,LOS ANGELES,-118.53608008,34.23731004
6822147,2015,2015-03-03,1955,2015-01-14,1724,42014,14,3,5,6,1955,0,0,0,NA,0,003,SAN ANTONIO AV,KINGSLEY AV,0,NA,Y,A,-,N,NA,NA,NA,NA,NA,NA,NA,NA,NA,Y,3,0,1,2,A,-,10,21950,A,N,G,B,B,A,H,-,C,A,0,Y,NA,NA,NA,Y,NA,A,07,0,1,0,0,1,0,0,0,0,-,-,NA,NA,LOS ANGELES,POMONA,-117.73664999,34.06644011
6822148,2015,2015-02-26,1955,2015-01-12,1210,42045,14,1,5,6,1955,0,0,0,NA,0,003,SAN ANTONIO AV,ALVARADO ST,0,NA,Y,A,-,N,NA,NA,NA,NA,NA,NA,NA,NA,NA,Y,4,0,3,2,A,-,09,21802,A,N,D,C,A,A,H,-,A,A,0,NA,NA,NA,NA,Y,NA,A,01,0,0,3,0,0,0,0,0,0,-,-,NA,NA,LOS ANGELES,POMONA,-117.73666002,34.0677801
6822149,2015,2015-02-26,1955,2015-01-20,0705,40437,0087,2,5,6,1955,0,0,0,NA,0,NA,HUNT TER,SAN ANTONIO AV,0,NA,Y,B,-,N,NA,NA,NA,NA,NA,NA,NA,NA,NA,Y,3,0,1,2,A,-,05,21650,1,N,D,G,A,A,H,-,A,D,0,NA,Y,NA,NA,Y,NA,L,04,0,1,0,0,0,0,1,0,0,-,-,NA,NA,LOS ANGELES,POMONA,-117.73623,34.03543009
6822150,2015,2016-09-08,1955,2015-01-14,0828,30405,83,3,5,6,1955,0,0,0,NA,0,005,RIO RANCHO RD,RT 71,0,NA,Y,A,-,Y,LA,7,71,-,-,3.485,R,4,N,Y,4,0,3,2,A,-,12,21453,A,N,D,C,A,A,H,-,A,A,0,NA,NA,NA,NA,Y,NA,A,01,0,0,3,0,0,0,0,0,0,-,-,NA,NA,LOS ANGELES,POMONA,-117.7596704,34.03328266
6822151,2015,2015-02-26,1955,2015-01-02,2319,41149,36,5,5,6,1955,0,0,0,NA,0,002,WHITE AV,PRECIADO ST,0,NA,Y,A,-,N,NA,NA,NA,NA,NA,NA,NA,NA,NA,Y,4,0,1,1,A,-,01,23152,A,N,A,C,A,A,H,-,C,D,0,NA,NA,NA,NA,Y,Y,A,01,0,0,1,0,0,0,0,0,0,-,-,NA,NA,LOS ANGELES,POMONA,-117.75913003,34.07287011
6822152,2015,2015-02-26,1955,2015-01-27,1058,40437,0006,2,5,6,1955,0,0,0,NA,0,001,GAREY AV,MONTEREY AV,0,NA,Y,B,-,N,NA,NA,NA,NA,NA,NA,NA,NA,NA,N,2,0,1,2,A,-,10,21950,A,F,G,B,B,A,H,-,A,A,0,Y,NA,NA,NA,Y,NA,A,01,1,0,0,0,1,0,0,0,0,-,-,NA,NA,LOS ANGELES,POMONA,-117.75025006,34.06053004
6822153,2015,2015-02-26,1955,2015-01-31,1232,41484,0067,6,5,6,1955,0,0,0,NA,0,001,SOUTH CAMPUS DR,TEMPLE AV,0,NA,Y,A,-,N,NA,NA,NA,NA,NA,NA,NA,NA,NA,N,3,0,1,2,A,-,09,21453,C,N,G,B,B,A,H,-,A,A,0,Y,NA,NA,NA,Y,NA,A,01,0,1,0,0,1,0,0,0,0,-,-,NA,NA,LOS ANGELES,POMONA,-117.81660013,34.0501101
6822156,2015,2015-03-12,1955,2015-01-16,1552,41872,0080,5,5,6,1955,0,0,0,NA,0,005,PARK AV,FERNLEAF AV,0,NA,Y,A,-,N,NA,NA,NA,NA,NA,NA,NA,NA,NA,Y,4,0,1,2,A,-,09,21802,A,N,A,C,A,A,H,-,A,A,0,NA,NA,NA,NA,Y,NA,A,01,0,0,1,0,0,0,0,0,0,-,-,NA,NA,LOS ANGELES,POMONA,-117.75408013,34.04591002
6822157,2015,2015-02-26,1955,2015-01-24,0727,40668,0044,6,5,6,1955,0,0,0,NA,0,001,FAIRPLEX DR,ARROYO AV,0,NA,Y,A,-,N,NA,NA,NA,NA,NA,NA,NA,NA,NA,Y,4,0,1,2,A,-,09,21802,A,N,D,C,A,A,H,-,A,A,0,NA,NA,NA,NA,Y,NA,A,01,0,0,1,0,0,0,0,0,0,-,-,NA,NA,LOS ANGELES,POMONA,-117.78754002,34.06459005
6822158,2015,2015-02-26,1955,2015-01-23,1233,30447,51,5,5,6,1955,0,0,0,NA,0,001,HAMILTON BL,SECOND ST,0,NA,Y,A,-,N,NA,NA,NA,NA,NA,NA,NA,NA,NA,N,4,0,1,2,A,-,12,21453,A,F,D,C,A,A,H,-,A,A,0,NA,NA,NA,NA,Y,NA,A,08,0,0,1,0,0,0,0,0,0,-,-,NA,NA,LOS ANGELES,POMONA,-117.76323006,34.05751005
6822159,2015,2015-02-26,1955,2015-01-09,0002,40791,84,5,5,6,1955,0,0,0,NA,0,004,RIO RANCHO RD,GAREY AV,0,NA,Y,A,-,N,NA,NA,NA,NA,NA,NA,NA,NA,NA,N,4,0,1,2,A,-,09,21801,A,N,D,G,A,A,H,-,C,A,0,NA,Y,NA,NA,Y,NA,A,01,0,0,1,0,0,0,1,0,0,-,-,NA,NA,LOS ANGELES,POMONA,-117.74932007,34.03337009
6822168,2015,2016-09-08,1938,2015-01-17,1359,620,NA,6,5,4,1938,0,0,0,NA,0,002,DAMIEN,FOOTHILL BL,113,S,N,A,-,Y,LA,7,66,-,R,0.408,I,6,E,Y,4,0,1,2,A,-,09,21804,A,N,D,C,A,A,H,-,A,A,0,NA,NA,NA,NA,Y,NA,-,NA,0,0,1,0,0,0,0,0,0,-,-,NA,NA,LOS ANGELES,LA VERNE,-117.78338897,34.11933723
6822172,2015,2016-09-08,1938,2015-01-25,1204,712,212,7,5,4,1938,0,0,0,NA,0,002,FOOTHILL BL,DAMIEN AV,12,W,N,A,-,Y,LA,7,66,-,R,0.4,H,-,E,Y,4,0,1,2,A,-,08,22107,NA,N,B,C,A,A,H,-,A,A,0,NA,NA,NA,NA,Y,NA,-,NA,0,0,1,0,0,0,0,0,0,-,-,NA,NA,LOS ANGELES,LA VERNE,-117.78352464,34.11936768
6822173,2015,2016-09-08,1938,2015-01-25,1045,712,212,7,5,4,1938,0,0,0,NA,0,002,FOOTHILL BL,DAMIEN AV,17,W,N,A,-,Y,LA,7,66,-,R,0.4,H,-,E,Y,4,0,1,2,A,-,07,21658,A,N,D,C,A,A,H,-,A,A,0,NA,NA,NA,NA,Y,NA,-,NA,0,0,1,0,0,0,0,0,0,-,-,NA,NA,LOS ANGELES,LA VERNE,-117.78352464,34.11936768
6822174,2015,2015-02-27,1938,2015-01-20,1559,679,234,2,5,4,1938,0,0,0,NA,0,003,WHITE AV,6TH ST,40,N,N,A,-,N,NA,NA,NA,NA,NA,NA,NA,NA,NA,N,3,0,1,1,A,-,03,22350,NA,N,H,I,A,A,H,-,A,D,0,NA,NA,NA,NA,Y,NA,-,NA,0,1,0,0,0,0,0,0,0,-,-,NA,NA,LOS ANGELES,LA VERNE,-117.76173769,34.10162384
6822176,2015,2015-02-27,9545,2015-01-11,1750,17305,NA,7,2,9,1900,0,3,5,NA,2,001,SIERRA HWY,AVENUE A,415,S,N,B,-,N,NA,NA,NA,NA,NA,NA,NA,NA,NA,Y,2,0,1,1,A,-,08,22107,NA,N,F,A,A,A,H,-,D,D,0,NA,NA,Y,NA,Y,NA,C,02,1,0,0,0,0,0,0,0,1,-,-,34.81963,-118.15592,LOS ANGELES,UNINCORPORATED,-118.15590827,34.81955101
6822177,2015,2015-02-27,9545,2015-01-31,1400,18420,NA,6,2,9,1900,0,3,5,NA,2,004,50TH ST E,AVENUE N,1584,N,N,A,-,N,NA,NA,NA,NA,NA,NA,NA,NA,NA,Y,4,0,1,2,A,-,03,22350,NA,N,C,C,A,A,H,-,A,D,0,NA,NA,NA,NA,Y,NA,A,01,0,0,1,0,0,0,0,0,0,-,-,34.63625,-118.04093,LOS ANGELES,UNINCORPORATED,-118.04087632,34.63572268
6822181,2015,2015-02-27,1900,2015-01-23,1946,491337,2607,5,5,6,1950,0,0,0,NA,0,264T1,AVENUE R,40TH ST E,200,E,N,A,-,N,NA,NA,NA,NA,NA,NA,NA,NA,NA,N,4,0,3,3,A,-,21,22106,NA,N,C,C,A,A,H,-,C,A,0,NA,NA,NA,NA,Y,NA,A,01,0,0,3,0,0,0,0,0,0,-,-,NA,NA,LOS ANGELES,PALMDALE,-118.05755766,34.57319
6822182,2015,2015-02-26,1900,2015-01-15,2150,517840,2612,4,5,6,1950,0,0,0,NA,0,264T1,RANCHO VISTA BL,30TH ST W,528,W,N,A,-,N,NA,NA,NA,NA,NA,NA,NA,NA,NA,Y,4,0,1,2,A,-,01,23152,A,N,D,C,A,A,H,-,C,D,0,NA,NA,NA,NA,Y,Y,A,07,0,0,1,0,0,0,0,0,0,-,-,NA,NA,LOS ANGELES,PALMDALE,-118.18488662,34.60190465
6822187,2015,2015-02-26,1931,2015-01-29,1028,5195,1931,4,5,5,1931,0,0,0,NA,0,001,57TH ST,SOTO ST,498,W,N,A,-,N,NA,NA,NA,NA,NA,NA,NA,NA,NA,N,3,0,1,2,A,-,05,21202,A,N,D,G,A,A,H,-,A,D,0,NA,Y,NA,NA,Y,NA,L,04,0,1,0,0,0,0,1,0,0,-,-,NA,NA,LOS ANGELES,HUNTINGTON PARK,-118.22100949,33.99107247
6822204,2015,2015-02-27,1942,2015-01-21,1835,40063,0311,3,5,7,1942,0,0,0,C,0,3A34,LA CIENEGA BL,BODEN ST,50,S,N,A,-,N,NA,NA,NA,NA,NA,NA,NA,NA,NA,N,4,0,1,2,A,-,07,21658,A,N,D,C,A,A,H,-,C,D,0,NA,NA,NA,NA,Y,NA,A,01,0,0,1,0,0,0,0,0,0,-,-,NA,NA,LOS ANGELES,LOS ANGELES,-118.37201532,34.02808293
6822205,2015,2015-02-27,1942,2015-01-28,1540,40440,0515,3,5,7,1942,0,0,0,E,0,12T73,PCH,AVALON BL,120,E,N,A,-,N,NA,NA,NA,NA,NA,NA,NA,NA,NA,Y,4,0,1,2,A,-,01,23152,A,N,C,C,A,A,H,-,A,D,0,NA,NA,NA,NA,Y,Y,A,01,0,0,1,0,0,0,0,0,0,-,-,NA,NA,LOS ANGELES,LOS ANGELES,-118.26332,33.79116
6822206,2015,2015-02-27,1942,2015-01-28,1835,37724,0375,3,5,7,1942,0,0,0,C,0,3T57,WESTERN AV,EXPOSITION BL,35,N,N,A,-,N,NA,NA,NA,NA,NA,NA,NA,NA,NA,Y,4,0,3,2,A,-,01,23152,A,F,C,C,A,A,H,-,C,D,0,NA,NA,NA,NA,Y,Y,A,08,0,0,3,0,0,0,0,0,0,-,-,NA,NA,LOS ANGELES,LOS ANGELES,-118.30891829,34.01855598
6822207,2015,2015-02-27,1942,2015-01-29,1915,22599,0361,4,5,7,1942,0,0,0,C,0,12T41,LA BREA AV,RODEO RD,80,N,N,B,-,N,NA,NA,NA,NA,NA,NA,NA,NA,NA,Y,3,0,4,3,A,-,01,23152,A,N,C,C,A,A,H,-,C,D,0,NA,NA,NA,NA,Y,Y,A,01,0,1,3,0,0,0,0,0,0,-,-,NA,NA,LOS ANGELES,LOS ANGELES,-118.3556177,34.02174932
6822212,2015,2016-04-12,1916,2015-01-07,1234,1853,30,3,5,4,1916,0,0,0,NA,0,004,AZUSA AV,GOLDEN GROVE WY,18,S,N,A,-,N,NA,NA,NA,NA,NA,NA,NA,NA,NA,N,3,0,1,3,A,-,08,22100,B,F,C,C,A,A,H,-,A,D,0,NA,NA,Y,NA,Y,NA,A,01,0,1,0,0,0,0,0,0,1,-,-,NA,NA,LOS ANGELES,COVINA,-117.90784099,34.09253066
6822213,2015,2015-02-26,1916,2015-01-18,1342,1853,51C,7,5,4,1916,0,0,0,NA,0,001,GRAND AV,BADILLO ST,413,S,N,A,-,N,NA,NA,NA,NA,NA,NA,NA,NA,NA,Y,4,0,2,2,A,-,09,21804,NA,N,D,C,A,A,H,-,A,D,0,NA,NA,NA,NA,Y,NA,A,01,0,0,2,0,0,0,0,0,0,-,-,NA,NA,LOS ANGELES,COVINA,-117.87262,34.08626
6822214,2015,2015-02-26,1916,2015-01-05,1123,2674,516,1,5,4,1916,0,0,0,NA,0,001,GRAND AV,BADILLO AV,50,S,N,A,-,N,NA,NA,NA,NA,NA,NA,NA,NA,NA,N,4,0,1,2,A,-,03,22350,NA,N,C,C,A,A,H,-,A,A,0,NA,NA,NA,NA,Y,NA,A,01,0,0,1,0,0,0,0,0,0,-,-,NA,NA,LOS ANGELES,COVINA,-117.87262,34.08626
6822215,2015,2015-02-26,1916,2015-01-10,1854,2559,60,6,5,4,1916,0,0,0,NA,0,002,PUENTE ST,2ND AV,21,E,N,B,C,N,NA,NA,NA,NA,NA,NA,NA,NA,NA,N,4,0,1,2,A,-,08,22107,NA,N,G,B,B,B,H,-,C,A,0,Y,NA,NA,NA,Y,NA,A,NA,0,0,1,0,1,0,0,0,0,-,-,NA,NA,LOS ANGELES,COVINA,-117.88781081,34.0826
6822216,2015,2015-02-26,1916,2015-01-13,1756,2113,NA,2,5,4,1916,0,0,0,NA,0,002,CITRUS AV,NAVILLA PL,20,S,N,A,-,N,NA,NA,NA,NA,NA,NA,NA,NA,NA,N,4,0,1,2,A,-,03,22350,NA,N,C,C,A,A,H,-,C,D,0,NA,NA,NA,NA,Y,NA,A,01,0,0,1,0,0,0,0,0,0,-,-,NA,NA,LOS ANGELES,COVINA,-117.89013,34.08137517
6822217,2015,2015-02-26,1916,2015-01-08,1919,2603,52,4,5,4,1916,0,0,0,NA,0,001,GRAND AV,ADAMS PARK DR,166,S,N,A,-,N,NA,NA,NA,NA,NA,NA,NA,NA,NA,Y,4,0,1,2,A,-,09,21801,A,N,D,C,A,A,H,-,C,D,0,NA,NA,Y,NA,Y,NA,C,02,0,0,1,0,0,0,0,0,1,-,-,NA,NA,LOS ANGELES,COVINA,-117.87261,34.08760494
6822218,2015,2015-02-26,1900,2015-01-11,1654,527065,1126,7,5,6,1992,0,0,0,NA,0,111T1,AVENUE L,10TH ST W,50,W,N,A,-,N,NA,NA,NA,NA,NA,NA,NA,NA,NA,N,4,0,1,2,A,-,04,21703,NA,M,C,C,A,A,H,-,B,A,0,NA,NA,NA,NA,Y,NA,A,01,0,0,1,0,0,0,0,0,0,-,-,NA,NA,LOS ANGELES,LANCASTER,-118.14795536,34.66037
6822221,2015,2015-02-26,1947,2015-01-22,0721,1365,NA,4,5,5,1947,0,0,0,NA,0,03E,OLYMPIC BL,19TH ST,593,W,N,A,-,N,NA,NA,NA,NA,NA,NA,NA,NA,NA,N,4,0,1,3,A,-,08,22103,NA,N,C,C,A,A,H,-,A,D,0,NA,NA,NA,NA,Y,NA,-,NA,0,0,1,0,0,0,0,0,0,-,-,NA,NA,LOS ANGELES,MONTEBELLO,-118.47732324,34.02245834
6822222,2015,2015-02-26,1947,2015-01-21,1804,1249,NA,3,5,5,1947,0,0,0,NA,0,02A,VIA CAMPO,WILCOX AV,100,W,N,A,-,N,NA,NA,NA,NA,NA,NA,NA,NA,NA,Y,4,0,4,2,A,-,09,21802,A,N,D,C,A,A,H,-,B,A,0,NA,NA,NA,NA,Y,NA,A,08,0,0,4,0,0,0,0,0,0,-,-,NA,NA,LOS ANGELES,MONTEBELLO,-118.12539934,34.03278676
6822223,2015,2015-03-12,1947,2015-01-13,1342,1363,NA,2,5,5,1947,0,0,0,NA,0,00A,BEVERLY BL,BEVERLY BL 3300 BLK,0,NA,Y,A,-,N,NA,NA,NA,NA,NA,NA,NA,NA,NA,N,3,0,1,2,A,-,09,21804,A,N,D,G,A,A,H,-,A,D,0,NA,Y,NA,NA,Y,NA,L,04,0,1,0,0,0,0,1,0,0,-,-,NA,NA,LOS ANGELES,MONTEBELLO,NA,NA
6822224,2015,2015-02-26,1942,2015-01-22,1145,37966,1798,4,5,7,1942,0,0,0,Q,0,17TL12,PARTHENIA ST,HASKELL AV,90,W,N,A,-,N,NA,NA,NA,NA,NA,NA,NA,NA,NA,N,4,0,1,2,A,-,03,22350,NA,N,C,C,A,A,H,-,A,D,0,NA,NA,NA,NA,Y,NA,A,01,0,0,1,0,0,0,0,0,0,-,-,NA,NA,LOS ANGELES,LOS ANGELES,-118.47669684,34.22833237
6822225,2015,2015-02-26,1942,2015-01-22,1000,32896,1782,4,5,7,1942,0,0,0,Q,0,16TL25,NORDHOFF ST,OAKDALE AV,100,E,N,A,-,N,NA,NA,NA,NA,NA,NA,NA,NA,NA,N,4,0,1,2,A,-,09,21804,A,N,D,G,A,A,H,-,A,D,0,NA,Y,NA,NA,Y,NA,A,08,0,0,1,0,0,0,1,0,0,-,-,NA,NA,LOS ANGELES,LOS ANGELES,-118.56640068,34.23183091
6822227,2015,2016-04-13,1942,2015-01-20,0745,38273,1782,2,5,7,1942,0,0,0,Q,0,10T35,NORDHOFF ST,OAKDALE AV,93,E,N,A,-,N,NA,NA,NA,NA,NA,NA,NA,NA,NA,Y,3,0,1,1,A,-,08,22107,NA,N,E,I,A,A,H,-,A,D,0,NA,NA,NA,NA,Y,NA,A,08,0,1,0,0,0,0,0,0,0,-,-,NA,NA,LOS ANGELES,LOS ANGELES,-118.56642374,34.23182945
6822228,2015,2015-02-26,1942,2015-01-16,1730,396113,1764,5,5,7,1942,0,0,0,Q,0,17X82,NORDHOFF PL,CORBIN,100,E,N,-,-,N,NA,NA,NA,NA,NA,NA,NA,NA,NA,NA,3,0,1,2,A,-,09,21801,A,N,D,C,A,-,-,-,-,D,0,NA,NA,NA,NA,Y,NA,-,NA,0,1,0,0,0,0,0,0,0,-,-,NA,NA,LOS ANGELES,LOS ANGELES,-118.5623,34.23548
6822229,2015,2015-02-26,1942,2015-01-31,1130,30452,1721,6,5,7,1942,0,0,0,Q,0,9TL53,SANTA SUSANA PASS RD,IVERSON RD,3696,W,N,A,-,N,NA,NA,NA,NA,NA,NA,NA,NA,NA,Y,2,0,1,2,A,-,05,21650,NA,N,D,C,A,A,H,-,A,D,0,NA,NA,Y,NA,Y,NA,C,02,1,0,0,0,0,0,0,0,1,-,-,NA,NA,LOS ANGELES,LOS ANGELES,-118.62789534,34.27100757
6822230,2015,2015-02-26,1942,2015-01-28,1225,40201,1755,3,5,7,1942,0,0,0,Q,0,21TL64,ZELZAH AV,LASSEN ST,5,S,N,A,-,N,NA,NA,NA,NA,NA,NA,NA,NA,NA,N,3,0,1,2,A,-,09,21804,A,N,D,G,A,A,H,-,A,A,0,NA,Y,NA,NA,Y,NA,L,04,0,1,0,0,0,0,1,0,0,-,-,NA,NA,LOS ANGELES,LOS ANGELES,-118.52332,34.25037628
6822231,2015,2016-04-13,1942,2015-01-16,2010,38582,1762,5,5,7,1942,0,0,0,Q,0,17E4,INDEPENDENCE AV,SUPERIOR ST,390,N,N,-,-,N,NA,NA,NA,NA,NA,NA,NA,NA,NA,Y,3,0,1,1,A,-,03,22350,NA,N,E,I,A,-,-,-,-,D,0,NA,NA,NA,NA,Y,NA,A,01,0,1,0,0,0,0,0,0,0,-,-,NA,NA,LOS ANGELES,LOS ANGELES,-118.59076086,34.24743983
6822232,2015,2015-02-26,1942,2015-01-31,1045,41239,1798,6,5,7,1942,0,0,0,Q,0,10TL39,NORDHOFF ST,WOODLEY AV,220,W,N,A,-,N,NA,NA,NA,NA,NA,NA,NA,NA,NA,N,4,0,1,2,A,-,03,22350,NA,N,D,C,A,A,H,-,A,D,0,NA,NA,NA,NA,Y,NA,A,07,0,0,1,0,0,0,0,0,0,-,-,NA,NA,LOS ANGELES,LOS ANGELES,-118.48579659,34.23564
6822233,2015,2015-02-26,1942,2015-01-24,1400,40735,1754,6,5,7,1942,0,0,0,Q,0,21TL62,RESEDA BL,DEVONSHIRE ST,380,S,N,A,-,N,NA,NA,NA,NA,NA,NA,NA,NA,NA,Y,3,0,2,4,A,-,04,21703,NA,N,C,C,A,A,H,-,A,D,0,NA,NA,NA,NA,Y,NA,A,01,0,1,1,0,0,0,0,0,0,-,-,NA,NA,LOS ANGELES,LOS ANGELES,-118.53609,34.25621761
6822234,2015,2015-02-26,1942,2015-01-27,2340,40141,1764,2,5,7,1942,0,0,0,Q,0,17T17,LASSEN ST,CALVIN AV,10,E,N,A,-,N,NA,NA,NA,NA,NA,NA,NA,NA,NA,N,4,0,1,2,A,-,08,22107,NA,N,D,C,A,A,H,-,C,D,0,NA,NA,NA,NA,Y,NA,A,01,0,0,1,0,0,0,0,0,0,-,-,NA,NA,LOS ANGELES,LOS ANGELES,-118.55571697,34.24999
6822235,2015,2015-02-26,1942,2015-01-29,2250,34332,1763,4,5,7,1942,0,0,0,Q,0,16T25,LASSEN ST,CORBIN AV,580,W,N,B,-,N,NA,NA,NA,NA,NA,NA,NA,NA,NA,Y,3,0,2,3,A,-,03,22350,NA,N,C,E,A,A,H,-,C,A,0,NA,NA,NA,NA,Y,NA,A,01,0,2,0,0,0,0,0,0,0,-,-,NA,NA,LOS ANGELES,LOS ANGELES,-118.56422602,34.25000002
6822236,2015,2015-02-26,1942,2015-01-27,0745,38185,1794,2,5,7,1942,0,0,0,Q,0,19T75,LINDLEY AV,NAPA ST,117,N,N,B,C,N,NA,NA,NA,NA,NA,NA,NA,NA,NA,Y,4,0,1,2,A,-,03,22350,NA,N,D,C,A,B,H,-,A,A,0,NA,NA,NA,NA,Y,NA,A,07,0,0,1,0,0,0,0,0,0,-,-,NA,NA,LOS ANGELES,LOS ANGELES,-118.52735,34.22669094
6822237,2015,2016-10-26,1942,2015-01-28,0930,40972,1709,3,5,7,1942,0,0,0,Q,0,21TL63,RINALDI ST,SEPULVEDA BL,300,W,N,A,-,Y,LA,7,405,-,-,47.613,R,4,N,Y,4,0,1,2,A,-,12,21453,A,N,C,C,A,A,H,-,A,A,0,NA,NA,NA,NA,Y,NA,A,07,0,0,1,0,0,0,0,0,0,-,-,NA,NA,LOS ANGELES,LOS ANGELES,-118.47038624,34.27688993
6822239,2015,2015-02-26,1955,2015-01-28,1107,30537,32,3,5,6,1955,0,0,0,NA,0,002,GAREY AV,BONITA AV,144,S,N,A,-,N,NA,NA,NA,NA,NA,NA,NA,NA,NA,Y,4,0,1,3,A,-,03,22350,NA,N,C,C,A,A,H,-,A,A,0,NA,NA,NA,NA,Y,NA,A,01,0,0,1,0,0,0,0,0,0,-,-,NA,NA,LOS ANGELES,POMONA,-117.74857718,34.09585534
6822250,2015,2015-03-03,1955,2015-01-20,1826,41138,0096,2,5,6,1955,0,0,0,NA,0,004,2ND ST,TOWNE AV,0,NA,Y,A,-,N,NA,NA,NA,NA,NA,NA,NA,NA,NA,N,4,0,5,2,A,-,01,23152,A,N,C,C,A,A,H,-,B,A,0,NA,NA,NA,NA,Y,Y,A,01,0,0,5,0,0,0,0,0,0,-,-,NA,NA,LOS ANGELES,POMONA,-117.74142006,34.05802004
6822251,2015,2015-02-27,1913,2015-01-11,0105,3760,45,7,5,4,1913,0,0,0,NA,0,003,FOOTHILL BL,MOUNTAIN AV,229,E,N,C,-,N,NA,NA,NA,NA,NA,NA,NA,NA,NA,Y,4,0,1,1,A,-,01,23152,A,N,E,I,A,B,H,-,C,A,0,NA,NA,NA,NA,Y,Y,A,01,0,0,1,0,0,0,0,0,0,-,-,NA,NA,LOS ANGELES,CLAREMONT,-117.72825543,34.10698312
6822252,2015,2015-02-27,1913,2015-01-14,1222,3852,28,3,5,4,1913,0,0,0,NA,0,002,1ST ST,YALE AV,207,E,N,A,-,N,NA,NA,NA,NA,NA,NA,NA,NA,NA,N,3,0,1,2,A,-,09,21804,A,N,H,G,A,A,H,-,A,D,0,NA,Y,NA,NA,Y,NA,A,07,0,1,0,0,0,0,1,0,0,-,-,NA,NA,LOS ANGELES,CLAREMONT,-117.71720805,34.09451543