CASE_ID,ACCIDENT_YEAR,PROC_DATE,JURIS,COLLISION_DATE,COLLISION_TIME,OFFICER_ID,REPORTING_DISTRICT,DAY_OF_WEEK,CHP_SHIFT,POPULATION,CNTY_CITY_LOC,SPECIAL_COND,BEAT_TYPE,CHP_BEAT_TYPE,CITY_DIVISION_LAPD,CHP_BEAT_CLASS,BEAT_NUMBER,PRIMARY_RD,SECONDARY_RD,DISTANCE,DIRECTION,INTERSECTION,WEATHER_1,WEATHER_2,STATE_HWY_IND,CALTRANS_COUNTY,CALTRANS_DISTRICT,STATE_ROUTE,ROUTE_SUFFIX,POSTMILE_PREFIX,POSTMILE,LOCATION_TYPE,RAMP_INTERSECTION,SIDE_OF_HWY,TOW_AWAY,COLLISION_SEVERITY,NUMBER_KILLED,NUMBER_INJURED,PARTY_COUNT,PRIMARY_COLL_FACTOR,PCF_CODE_OF_VIOL,PCF_VIOL_CATEGORY,PCF_VIOLATION,PCF_VIOL_SUBSECTION,HIT_AND_RUN,TYPE_OF_COLLISION,MVIW,PED_ACTION,ROAD_SURFACE,ROAD_COND_1,ROAD_COND_2,LIGHTING,CONTROL_DEVICE,CHP_ROAD_TYPE,PEDESTRIAN_ACCIDENT,BICYCLE_ACCIDENT,MOTORCYCLE_ACCIDENT,TRUCK_ACCIDENT,NOT_PRIVATE_PROPERTY,ALCOHOL_INVOLVED,STWD_VEHTYPE_AT_FAULT,CHP_VEHTYPE_AT_FAULT,COUNT_SEVERE_INJ,COUNT_VISIBLE_INJ,COUNT_COMPLAINT_PAIN,COUNT_PED_KILLED,COUNT_PED_INJURED,COUNT_BICYCLIST_KILLED,COUNT_BICYCLIST_INJURED,COUNT_MC_KILLED,COUNT_MC_INJURED,PRIMARY_RAMP,SECONDARY_RAMP,LATITUDE,LONGITUDE,COUNTY,CITY,POINT_X,POINT_Y
6825659,2015,2015-03-10,1972,2015-01-26,1831,17649,NA,1,5,6,1972,0,0,0,NA,0,NA,CRENSHAW BL,SEPULVEDA BL,600,N,N,A,-,N,NA,NA,NA,NA,NA,NA,NA,NA,NA,Y,3,0,3,2,A,-,09,21804,A,N,D,C,A,A,H,-,C,A,0,NA,NA,NA,NA,Y,NA,A,NA,0,1,2,0,0,0,0,0,0,-,-,NA,NA,LOS ANGELES,TORRANCE,-118.32851175,33.82350504
6825661,2015,2016-10-05,1942,2015-01-09,1915,34332,1685,5,5,7,1942,0,0,0,P,0,16T25,LANKERSHIM BL,CAYUGA AV,13,S,N,B,-,Y,LA,7,5,-,-,34.796,R,3,N,N,3,0,1,2,A,-,09,21804,A,N,D,G,A,A,H,-,C,A,0,NA,Y,NA,NA,Y,NA,L,04,0,1,0,0,0,0,1,0,0,-,-,NA,NA,LOS ANGELES,LOS ANGELES,-118.38443471,34.22659465
6825663,2015,2015-03-10,1972,2015-01-26,0944,14629,NA,1,5,6,1972,0,0,0,NA,0,NA,182ND ST,AVIS,145,W,N,B,-,N,NA,NA,NA,NA,NA,NA,NA,NA,NA,Y,4,0,1,2,A,-,09,21804,A,N,D,-,A,A,H,-,A,D,0,NA,NA,NA,NA,Y,NA,A,NA,0,0,1,0,0,0,0,0,0,-,-,NA,NA,LOS ANGELES,TORRANCE,-118.34533671,33.86555422
6825664,2015,2015-03-12,1942,2015-01-25,1645,41751,1205,7,5,7,1942,0,0,0,L,0,BA73,51ST ST,NORMANDIE AV,0,NA,Y,A,-,N,NA,NA,NA,NA,NA,NA,NA,NA,NA,N,3,0,2,3,A,-,08,22107,NA,N,G,B,B,A,H,-,A,A,0,Y,NA,NA,NA,Y,NA,A,01,0,2,0,0,2,0,0,0,0,-,-,NA,NA,LOS ANGELES,LOS ANGELES,-118.30017006,33.99686007
6825665,2015,2016-04-13,1942,2015-01-09,1935,40820,1677,5,5,7,1942,0,0,0,P,0,21T61,GLENOAKS BL,CABRINI DR,35,S,N,A,-,N,NA,NA,NA,NA,NA,NA,NA,NA,NA,Y,4,0,4,2,A,-,03,22350,NA,N,C,C,A,A,H,-,C,A,0,NA,NA,NA,NA,Y,NA,A,01,0,0,4,0,0,0,0,0,0,-,-,NA,NA,LOS ANGELES,LOS ANGELES,-118.3442789,34.20920853
6825668,2015,2015-03-10,1942,2015-01-20,1200,38478,1242,2,5,7,1942,0,0,0,L,0,12X32,60TH ST,6TH AV,0,NA,Y,A,-,N,NA,NA,NA,NA,NA,NA,NA,NA,NA,N,3,0,1,2,A,-,12,22450,A,N,D,C,A,A,H,-,A,A,0,NA,NA,NA,NA,Y,NA,A,01,0,1,0,0,0,0,0,0,0,-,-,NA,NA,LOS ANGELES,LOS ANGELES,-118.32355005,33.98546007
6825669,2015,2015-03-09,1942,2015-01-21,0820,40116,1663,3,5,7,1942,0,0,0,P,0,10T35,BRANFORD ST,TELFAIR AV,305,E,N,A,-,N,NA,NA,NA,NA,NA,NA,NA,NA,NA,N,4,0,1,2,A,-,09,21804,A,N,D,C,A,A,H,-,A,D,0,NA,NA,NA,NA,Y,NA,A,01,0,0,1,0,0,0,0,0,0,-,-,NA,NA,LOS ANGELES,LOS ANGELES,-118.4059524,34.2462407
6825672,2015,2016-04-12,1942,2015-01-29,0820,26217,1265,4,5,7,1942,0,0,0,L,0,25MQ13,MANCHESTER,KANSAS AV,0,NA,Y,A,-,N,NA,NA,NA,NA,NA,NA,NA,NA,NA,Y,4,0,1,2,A,-,09,21802,A,N,D,C,A,A,H,-,A,A,0,NA,NA,NA,NA,Y,NA,A,01,0,0,1,0,0,0,0,0,0,-,-,NA,NA,LOS ANGELES,LOS ANGELES,-118.29402007,33.96002009
6825673,2015,2015-03-09,1900,2015-01-07,2122,377,NA,3,5,4,1974,0,0,0,NA,0,NA,BRAES RIVER DR,CHEYENNE WELLS CIR,0,NA,Y,A,-,N,NA,NA,NA,NA,NA,NA,NA,NA,NA,Y,3,0,1,1,A,-,08,22107,NA,N,H,I,A,A,H,-,C,D,0,NA,NA,NA,NA,Y,NA,-,NA,0,1,0,0,0,0,0,0,0,-,-,NA,NA,LOS ANGELES,WALNUT,-117.88033001,34.03230008
6825676,2015,2015-03-09,1942,2015-01-30,1550,35046,1213,5,5,7,1942,0,0,0,L,0,12A69,54TH ST,WESTERN AV,155,E,N,B,-,N,NA,NA,NA,NA,NA,NA,NA,NA,NA,N,4,0,2,3,A,-,03,22350,NA,N,C,C,A,B,H,-,A,A,0,NA,NA,NA,NA,Y,NA,A,01,0,0,2,0,0,0,0,0,0,-,-,NA,NA,LOS ANGELES,LOS ANGELES,-118.30842964,33.99325
6825677,2015,2015-03-09,1975,2015-01-08,1649,673,NA,4,5,6,1975,0,0,0,NA,0,003,CAMERON AV,EVANWOOD AV,0,NA,Y,B,-,N,NA,NA,NA,NA,NA,NA,NA,NA,NA,Y,4,0,2,2,A,-,08,22107,NA,N,D,C,A,A,H,-,A,D,0,NA,NA,NA,NA,Y,NA,-,NA,0,0,2,0,0,0,0,0,0,-,-,NA,NA,LOS ANGELES,WEST COVINA,-117.93754,34.06489003
6825679,2015,2015-03-09,1972,2015-01-31,1306,18874,NA,6,5,6,1972,0,0,0,NA,0,NA,ARLINGTON AV,229TH PL,0,NA,Y,A,-,N,NA,NA,NA,NA,NA,NA,NA,NA,NA,N,4,0,2,3,A,-,10,21950,A,F,G,B,D,A,H,-,A,A,0,Y,NA,NA,NA,Y,NA,A,NA,0,0,2,0,2,0,0,0,0,-,-,NA,NA,LOS ANGELES,TORRANCE,-118.3199101,33.8178301
6825680,2015,2015-03-12,1942,2015-01-16,1430,37852,1821,5,5,7,1942,0,0,0,R,0,18X36,CENTURY BL,BARING CROSS,358,E,N,A,-,N,NA,NA,NA,NA,NA,NA,NA,NA,NA,Y,3,0,1,2,A,-,08,22103,NA,N,D,C,A,A,H,-,A,D,0,NA,NA,NA,NA,Y,NA,A,NA,0,1,0,0,0,0,0,0,0,-,-,NA,NA,LOS ANGELES,LOS ANGELES,-118.28819193,33.94550634
6825683,2015,2015-03-13,1942,2015-02-25,0725,41049,1251,3,5,7,1942,0,0,0,L,0,18T23,67TH ST,11TH AV,5,E,N,A,-,N,NA,NA,NA,NA,NA,NA,NA,NA,NA,N,4,0,1,2,A,-,10,21950,A,N,A,B,B,A,G,-,A,A,0,Y,NA,NA,NA,Y,NA,A,01,0,0,1,0,1,0,0,0,0,-,-,NA,NA,LOS ANGELES,LOS ANGELES,-118.32938354,33.97813034
6825684,2015,2015-03-09,1900,2015-01-15,0711,552340,NA,4,5,6,1950,0,0,0,NA,0,264T1,70TH ST EAST,EDDY LN,2376,S,N,A,-,N,NA,NA,NA,NA,NA,NA,NA,NA,NA,Y,4,0,1,2,A,-,09,21804,A,N,D,C,A,A,H,-,A,D,0,NA,NA,NA,NA,Y,NA,A,01,0,0,1,0,0,0,0,0,0,-,-,NA,NA,LOS ANGELES,PALMDALE,-118.00561847,34.56380116
6825687,2015,2015-03-13,1942,2015-02-25,1515,40697,1253,3,5,7,1942,0,0,0,L,0,12T73,FLORENCE AV,HOBART,50,E,N,A,-,N,NA,NA,NA,NA,NA,NA,NA,NA,NA,Y,4,0,2,2,A,-,03,22350,NA,N,C,C,A,A,H,-,A,D,0,NA,NA,NA,NA,Y,NA,A,01,0,0,2,0,0,0,0,0,0,-,-,NA,NA,LOS ANGELES,LOS ANGELES,-118.3077254,33.97457
6825688,2015,2016-06-01,1900,2015-01-28,1740,253807,2611,3,5,6,1950,0,0,0,NA,0,261T1,SIERRA HWY,TECHNOLOGY DR,0,NA,Y,A,-,N,NA,NA,NA,NA,NA,NA,NA,NA,NA,N,4,0,1,2,A,-,03,22350,NA,N,C,C,A,A,H,-,A,A,0,NA,NA,NA,NA,Y,NA,A,01,0,0,1,0,0,0,0,0,0,-,-,NA,NA,LOS ANGELES,PALMDALE,-118.12049011,34.59448012
6825691,2015,2015-03-13,1900,2015-02-19,1604,524695,2914,4,5,4,1974,0,0,0,NA,0,2918,LA PUENTE RD,S COAST DR,138,W,N,A,-,N,NA,NA,NA,NA,NA,NA,NA,NA,NA,N,2,0,1,2,A,-,11,21954,A,N,G,B,D,A,H,-,A,D,0,Y,NA,NA,NA,Y,NA,N,60,1,0,0,0,1,0,0,0,0,-,-,NA,NA,LOS ANGELES,WALNUT,-117.85664921,34.02295321
6825692,2015,2015-03-09,1900,2015-01-30,0304,530600,2621,5,5,6,1950,0,0,0,NA,0,262T1,AVENUE N,40TH ST E,0,NA,Y,C,-,N,NA,NA,NA,NA,NA,NA,NA,NA,NA,Y,3,0,3,1,A,-,01,23152,A,N,F,J,A,B,H,-,C,D,0,NA,NA,NA,NA,Y,Y,A,01,0,1,2,0,0,0,0,0,0,-,-,NA,NA,LOS ANGELES,PALMDALE,-118.05861011,34.63137008
6825696,2015,2016-10-26,1900,2015-01-31,0236,527056,2611,6,5,6,1950,0,0,0,NA,0,264T1,RANCHO VISTA BL,RT 14,0,NA,Y,A,-,Y,LA,7,14,-,R,61.208,R,4,N,Y,3,0,1,1,A,-,01,23152,A,N,E,I,A,A,H,-,C,A,0,NA,NA,NA,NA,Y,Y,A,07,0,1,0,0,0,0,0,0,0,-,NF,NA,NA,LOS ANGELES,PALMDALE,-118.14034455,34.60023749
6825700,2015,2015-03-09,1900,2015-01-17,2253,543240,2610,6,5,6,1950,0,0,0,NA,0,262T1,20TH ST E,PAPAGAYO WY,0,NA,Y,A,-,N,NA,NA,NA,NA,NA,NA,NA,NA,NA,Y,4,0,1,2,A,-,08,21460,5,N,D,C,A,A,H,-,C,D,0,NA,NA,NA,NA,Y,NA,A,01,0,0,1,0,0,0,0,0,0,-,-,NA,NA,LOS ANGELES,PALMDALE,-118.09392007,34.5667601
6825704,2015,2015-03-09,1900,2015-01-20,1500,243079,2627,2,5,6,1950,0,0,0,NA,0,262T1,AVENUE M,20TH ST E,234,W,N,A,-,N,NA,NA,NA,NA,NA,NA,NA,NA,NA,Y,3,0,5,2,C,-,18,NA,NA,N,C,C,A,A,H,-,A,D,0,NA,NA,NA,NA,Y,NA,-,-,0,1,4,0,0,0,0,0,0,-,-,NA,NA,LOS ANGELES,PALMDALE,-118.09519634,34.64598
6825708,2015,2016-10-27,1900,2015-01-17,1547,528503,2616,6,5,6,1950,0,0,0,NA,0,262T1,RT 138,12TH ST EAST,0,NA,Y,A,-,Y,LA,7,138,-,-,44.941,I,5,E,Y,4,0,1,2,A,-,09,21802,A,F,D,C,A,A,H,-,A,A,0,NA,NA,Y,NA,Y,NA,A,01,0,0,1,0,0,0,0,0,0,-,-,NA,NA,LOS ANGELES,PALMDALE,-118.10748321,34.57959892
6825710,2015,2015-03-06,1913,2015-01-27,1605,3830,NA,2,5,4,1913,0,0,0,NA,0,002,COLUMBIA AV,9TH ST,49,S,N,A,-,N,NA,NA,NA,NA,NA,NA,NA,NA,NA,N,3,0,1,1,C,-,18,NA,NA,N,H,-,A,A,H,-,A,A,0,NA,Y,NA,NA,Y,NA,-,-,0,1,0,0,0,0,1,0,0,-,-,NA,NA,LOS ANGELES,CLAREMONT,-117.71147585,34.10244574
6825712,2015,2016-10-10,1900,2015-01-26,1540,248079,2611,1,5,6,1950,0,0,0,NA,0,262T1,AVENUE S,RT 14,0,NA,Y,B,C,Y,LA,7,14,-,R,58.398,R,4,N,N,4,0,1,2,A,-,09,21801,A,N,D,C,A,B,H,-,C,A,0,NA,NA,NA,NA,Y,NA,A,01,0,0,1,0,0,0,0,0,0,-,NO,NA,NA,LOS ANGELES,PALMDALE,-118.13262027,34.56097328
6825720,2015,2015-03-09,1975,2015-01-28,0737,349,NA,3,5,6,1975,0,0,0,NA,0,003,FRANCISQUITO AV,SUNSET,260,E,N,B,-,N,NA,NA,NA,NA,NA,NA,NA,NA,NA,N,3,0,1,2,A,-,11,21955,NA,N,G,B,D,A,H,-,A,D,0,Y,NA,NA,NA,Y,NA,N,60,0,1,0,0,1,0,0,0,0,-,-,NA,NA,LOS ANGELES,WEST COVINA,-117.95349556,34.05341038
6825724,2015,2015-03-09,1975,2015-01-29,2143,414,NA,4,5,6,1975,0,0,0,NA,0,005,AMAR,WOODGATE,0,NA,Y,B,-,N,NA,NA,NA,NA,NA,NA,NA,NA,NA,Y,4,0,2,2,A,-,09,21800,A,N,A,C,A,B,H,-,C,D,0,NA,NA,NA,NA,Y,NA,-,NA,0,0,2,0,0,0,0,0,0,-,-,NA,NA,LOS ANGELES,WEST COVINA,-117.8990601,34.02700009
6825727,2015,2015-03-13,1929,2015-02-12,1903,197,1929,4,5,3,1929,0,0,0,NA,0,001,HERONDO ST,VALLEY DR,112,W,N,A,-,N,NA,NA,NA,NA,NA,NA,NA,NA,NA,N,4,0,1,2,A,-,17,22517,NA,N,H,G,A,A,-,-,C,D,0,NA,Y,NA,NA,Y,NA,-,NA,0,0,1,0,0,0,1,0,0,-,-,NA,NA,LOS ANGELES,HERMOSA BEACH,-118.39366692,33.85375707
6825728,2015,2015-03-09,1975,2015-01-30,1904,673,NA,5,5,6,1975,0,0,0,NA,0,002,CITRUS ST,SOUTH GARVEY AV,200,N,N,B,-,N,NA,NA,NA,NA,NA,NA,NA,NA,NA,Y,3,0,2,1,A,-,08,22107,NA,N,E,I,A,A,H,-,C,D,0,NA,NA,NA,NA,Y,NA,-,NA,0,1,1,0,0,0,0,0,0,-,-,NA,NA,LOS ANGELES,WEST COVINA,-117.89017,34.07412828
6825731,2015,2016-10-31,1929,2015-02-19,2249,195,SOUTH,4,5,3,1929,0,0,0,NA,0,003,PACIFIC COAST HWY,1ST PL,0,NA,Y,A,-,Y,LA,7,1,-,-,20.701,I,5,S,N,4,0,1,2,A,-,11,21956,A,N,G,B,D,A,H,-,C,D,0,Y,NA,NA,NA,Y,Y,N,60,0,0,1,0,1,0,0,0,0,-,-,NA,NA,LOS ANGELES,HERMOSA BEACH,-118.39055664,33.8558022
6825732,2015,2015-03-09,1975,2015-01-30,2116,414,NA,5,5,6,1975,0,0,0,NA,0,006,VALLEY BL,E VALLEY BL 2601,15,NA,N,A,-,N,NA,NA,NA,NA,NA,NA,NA,NA,NA,Y,3,0,1,1,C,-,18,NA,NA,N,E,I,A,A,H,-,C,D,0,NA,NA,NA,NA,Y,NA,-,-,0,1,0,0,0,0,0,0,0,-,-,NA,NA,LOS ANGELES,WEST COVINA,NA,NA
6825736,2015,2015-03-09,1975,2015-01-25,1745,354,NA,7,5,6,1975,0,0,0,NA,0,004,VINCENT AV,WEST COVINA PKWY,0,NA,Y,B,-,N,NA,NA,NA,NA,NA,NA,NA,NA,NA,Y,3,0,2,2,A,-,17,21451,A,N,D,C,A,A,H,-,C,A,0,NA,NA,NA,NA,Y,NA,-,NA,0,1,1,0,0,0,0,0,0,-,-,NA,NA,LOS ANGELES,WEST COVINA,-117.92710004,34.06778011
6825739,2015,2016-06-01,1900,2015-01-30,1110,253807,2619,5,5,6,1950,0,0,0,NA,0,261T1,SIERRA HILL ST,RANCHO VISTA BL,174,S,N,A,-,N,NA,NA,NA,NA,NA,NA,NA,NA,NA,Y,4,0,4,3,A,-,03,22350,NA,N,C,C,A,A,H,-,A,A,0,NA,NA,NA,NA,Y,NA,A,01,0,0,4,0,0,0,0,0,0,-,-,NA,NA,LOS ANGELES,PALMDALE,NA,NA
6825740,2015,2015-03-09,1975,2015-01-27,1520,650,1975,2,5,6,1975,0,0,0,NA,0,002,EAST GARVEY AV,E GARVEY AV S 2600,0,NA,Y,A,-,N,NA,NA,NA,NA,NA,NA,NA,NA,NA,N,4,0,1,2,A,-,09,21804,A,N,D,D,A,A,H,-,A,D,0,NA,NA,NA,NA,Y,NA,-,NA,0,0,1,0,0,0,0,0,0,-,-,NA,NA,LOS ANGELES,WEST COVINA,-117.890078,34.070436
6825743,2015,2015-03-09,1900,2015-01-29,1351,517840,2611,4,5,6,1950,0,0,0,NA,0,263T1,5TH ST EAST,IVERSON LN,0,NA,Y,A,-,N,NA,NA,NA,NA,NA,NA,NA,NA,NA,N,4,0,1,2,A,-,09,21802,A,N,D,G,A,A,H,-,A,D,0,NA,Y,NA,NA,Y,NA,A,07,0,0,1,0,0,0,1,0,0,-,-,NA,NA,LOS ANGELES,PALMDALE,NA,NA
6825744,2015,2016-04-12,1975,2015-01-16,1706,672,1975,5,5,6,1975,0,0,0,NA,0,005,SOUTH AZUSA AV,AMAR RD,50,N,N,A,-,N,NA,NA,NA,NA,NA,NA,NA,NA,NA,Y,4,0,2,2,A,-,07,21658,A,N,B,C,A,A,H,-,C,A,0,NA,NA,NA,NA,Y,NA,-,NA,0,0,2,0,0,0,0,0,0,-,-,NA,NA,LOS ANGELES,WEST COVINA,-117.91474878,34.03158359
6825747,2015,2015-03-09,1900,2015-01-29,0837,517840,2608,4,5,6,1950,0,0,0,NA,0,263T1,30TH ST E,AVENUE R,0,NA,Y,A,-,N,NA,NA,NA,NA,NA,NA,NA,NA,NA,N,4,0,2,3,A,-,12,21453,A,N,D,C,A,A,H,-,A,A,0,NA,NA,NA,NA,Y,NA,A,01,0,0,2,0,0,0,0,0,0,-,-,NA,NA,LOS ANGELES,PALMDALE,-118.07616005,34.57279005
6825748,2015,2015-03-09,1975,2015-01-16,2059,672,1975,5,5,6,1975,0,0,0,NA,0,004,S VINCENT AV,WEST COVINA PKWY,20,N,N,A,-,N,NA,NA,NA,NA,NA,NA,NA,NA,NA,N,4,0,2,2,A,-,03,22350,NA,N,C,C,A,A,H,-,C,A,0,NA,NA,NA,NA,Y,NA,-,NA,0,0,2,0,0,0,0,0,0,-,-,NA,NA,LOS ANGELES,WEST COVINA,-117.92709163,34.06783439
6825749,2015,2015-03-06,1942,2015-01-19,1240,32896,1415,1,5,7,1942,0,0,0,N,0,14TL47,LINCOLN AV,VERNON AV,50,N,N,A,-,N,NA,NA,NA,NA,NA,NA,NA,NA,NA,N,4,0,1,2,A,-,10,21950,A,F,G,B,B,A,H,-,A,A,0,Y,NA,NA,NA,Y,NA,-,99,0,0,1,0,1,0,0,0,0,-,-,NA,NA,LOS ANGELES,LOS ANGELES,-118.46467427,33.99981612
6825752,2015,2015-03-09,1975,2015-01-22,1948,390,5,4,5,6,1975,0,0,0,NA,0,001,MORRIS AV,THELBORN ST,42,S,N,A,-,N,NA,NA,NA,NA,NA,NA,NA,NA,NA,N,4,0,1,2,A,-,10,21954,B,N,G,B,D,-,H,-,C,A,0,Y,NA,NA,NA,Y,NA,-,NA,0,0,1,0,1,0,0,0,0,-,-,NA,NA,LOS ANGELES,WEST COVINA,-117.94557919,34.07737511
6825753,2015,2015-03-06,1942,2015-01-14,0800,38282,2044,3,5,7,1942,0,0,0,NA,0,6T7,HARVARD BL,JAMES M WOOD BL,132,S,N,A,-,N,NA,NA,NA,NA,NA,NA,NA,NA,NA,N,4,0,1,2,A,-,09,21804,A,F,-,B,F,A,H,-,A,D,0,Y,NA,NA,NA,Y,NA,-,99,0,0,1,0,1,0,0,0,0,-,-,NA,NA,LOS ANGELES,LOS ANGELES,-118.304172,34.055497
6825755,2015,2016-10-10,1975,2015-01-15,1412,330,NA,4,5,6,1975,0,0,0,NA,0,002,SOUTH GARVEY AV,RT 10,0,NA,Y,A,-,Y,LA,7,10,-,-,37.47,R,4,E,Y,4,0,2,2,A,-,09,21801,A,N,A,C,A,A,H,-,A,D,0,NA,NA,NA,NA,Y,NA,-,NA,0,0,2,0,0,0,0,0,0,-,-,NA,NA,LOS ANGELES,WEST COVINA,-117.89065744,34.07188528
6825756,2015,2015-03-09,1975,2015-01-24,1514,369,NA,6,5,6,1975,0,0,0,NA,0,001,VINCENT AV,WORKMAN AV,200,N,N,A,-,N,NA,NA,NA,NA,NA,NA,NA,NA,NA,Y,4,0,1,2,A,-,01,23153,A,F,B,C,A,A,H,-,A,D,0,NA,NA,NA,NA,Y,Y,-,NA,0,0,1,0,0,0,0,0,0,-,-,NA,NA,LOS ANGELES,WEST COVINA,-117.92631564,34.07601706
6825759,2015,2015-03-09,1975,2015-01-24,1023,422,NA,6,5,6,1975,0,0,0,NA,0,004,MERCED AV,GLENDORA AV,90,E,N,A,-,N,NA,NA,NA,NA,NA,NA,NA,NA,NA,Y,3,0,1,1,A,-,08,22107,NA,N,E,I,A,A,H,-,A,A,0,NA,NA,NA,NA,Y,NA,-,NA,0,1,0,0,0,0,0,0,0,-,-,NA,NA,LOS ANGELES,WEST COVINA,-117.93847,34.05556
6825760,2015,2016-04-12,1975,2015-01-25,1527,354,NA,7,5,6,1975,0,0,0,NA,0,001,AZUSA AV,WORKMAN AV,47,N,N,B,-,N,NA,NA,NA,NA,NA,NA,NA,NA,NA,N,3,0,1,3,A,-,08,22107,NA,N,B,G,A,A,H,-,A,D,0,NA,Y,NA,NA,Y,NA,L,04,0,1,0,0,0,0,1,0,0,-,-,NA,NA,LOS ANGELES,WEST COVINA,-117.90780837,34.07560884
6826082,2015,2015-03-13,1942,2015-02-01,1800,41449,1821,7,5,7,1942,0,0,0,R,0,18A28,HOOVER ST,COLDEN AV,100,N,N,A,-,N,NA,NA,NA,NA,NA,NA,NA,NA,NA,Y,4,0,3,3,A,-,05,21650,NA,N,A,C,A,A,H,-,C,A,0,NA,NA,NA,NA,Y,NA,A,07,0,0,3,0,0,0,0,0,0,-,-,NA,NA,LOS ANGELES,LOS ANGELES,-118.28697571,33.94942422
6826083,2015,2015-03-13,1975,2015-02-02,1833,416,NA,1,5,6,1975,0,0,0,NA,0,004,MERCED AV,GLENDORA AV,0,NA,Y,A,-,N,NA,NA,NA,NA,NA,NA,NA,NA,NA,N,3,0,1,2,A,-,10,21950,A,F,G,B,B,A,H,-,C,A,0,Y,NA,NA,NA,Y,NA,-,NA,0,1,0,0,1,0,0,0,0,-,-,NA,NA,LOS ANGELES,WEST COVINA,-117.93847006,34.05556003
6826086,2015,2015-03-13,1942,2015-02-06,1045,26217,1871,5,5,7,1942,0,0,0,R,0,25MQ13,VERMONT AV,135TH ST,0,NA,Y,A,-,N,NA,NA,NA,NA,NA,NA,NA,NA,NA,N,4,0,1,2,A,-,09,21801,A,N,D,C,A,A,H,-,A,A,0,NA,NA,NA,NA,Y,NA,A,01,0,0,1,0,0,0,0,0,0,-,-,NA,NA,LOS ANGELES,LOS ANGELES,-118.29161,33.90915
6826087,2015,2015-03-13,1975,2015-02-06,1507,673,NA,5,5,6,1975,0,0,0,NA,0,002,EAST WORKMAN AV,BARRANCA AV,293,W,N,A,-,N,NA,NA,NA,NA,NA,NA,NA,NA,NA,N,3,0,1,2,A,-,10,21950,A,N,A,B,B,A,H,-,A,D,0,Y,NA,NA,NA,Y,NA,-,NA,0,1,0,0,1,0,0,0,0,-,-,NA,NA,LOS ANGELES,WEST COVINA,-117.88225526,34.07527
6826090,2015,2015-03-13,1942,2015-02-03,0745,36871,1252,2,5,7,1942,0,0,0,L,0,12A69,67TH,8TH AV,0,NA,Y,B,-,N,NA,NA,NA,NA,NA,NA,NA,NA,NA,N,3,0,2,2,A,-,09,21801,A,N,D,C,A,A,H,-,A,A,0,NA,NA,NA,NA,Y,NA,A,01,0,1,1,0,0,0,0,0,0,-,-,NA,NA,LOS ANGELES,LOS ANGELES,-118.32651007,33.97816007
6826091,2015,2015-03-13,1975,2015-02-09,1455,395,NA,1,5,6,1975,0,0,0,NA,0,TRAFFI,SUNSET AV,BADILLO ST,109,S,N,A,-,N,NA,NA,NA,NA,NA,NA,NA,NA,NA,N,3,0,1,2,A,-,10,21952,NA,N,G,G,A,A,H,-,A,D,0,NA,Y,NA,NA,Y,NA,A,01,0,1,0,0,0,0,1,0,0,-,-,NA,NA,LOS ANGELES,WEST COVINA,-117.93425545,34.08640192
6826094,2015,2015-03-13,1965,2015-02-09,1116,3553,0B3E,1,5,5,1965,0,0,0,NA,0,B003,PICO BL,DORCHESTER AV,218,E,N,A,-,N,NA,NA,NA,NA,NA,NA,NA,NA,NA,N,4,0,1,2,A,-,17,22517,NA,N,B,E,A,A,H,-,A,D,0,NA,NA,NA,NA,Y,NA,A,01,0,0,1,0,0,0,0,0,0,-,-,NA,NA,LOS ANGELES,SANTA MONICA,-118.45782596,34.02564012
6826098,2015,2015-03-13,1965,2015-02-04,0810,3178,B2A,3,5,5,1965,0,0,0,NA,0,B002,LINCOLN BL,BAY ST,15,N,N,A,-,N,NA,NA,NA,NA,NA,NA,NA,NA,NA,Y,4,0,1,2,A,-,09,21801,A,N,D,C,A,A,H,-,A,A,0,NA,NA,NA,NA,Y,NA,A,07,0,0,1,0,0,0,0,0,0,-,-,NA,NA,LOS ANGELES,SANTA MONICA,-118.48221493,34.01169911
6826102,2015,2015-03-13,1942,2015-02-09,0710,25250,1269,1,5,7,1942,0,0,0,L,0,25MQ11,MANCHESTER AV,TOWNE AV,0,NA,Y,A,-,N,NA,NA,NA,NA,NA,NA,NA,NA,NA,Y,4,0,2,2,A,-,09,21801,A,N,D,C,A,A,H,-,A,C,0,NA,NA,NA,NA,Y,NA,A,01,0,0,2,0,0,0,0,0,0,-,-,NA,NA,LOS ANGELES,LOS ANGELES,-118.26732001,33.96012006
6826103,2015,2015-03-13,1975,2015-02-01,2331,427,NA,7,5,6,1975,0,0,0,NA,0,005,MAPLE AV,AVINGTON AV,10,W,N,A,-,N,NA,NA,NA,NA,NA,NA,NA,NA,NA,Y,3,0,1,4,A,-,01,23152,A,N,B,E,A,A,H,-,C,D,0,NA,NA,NA,NA,Y,Y,-,NA,0,1,0,0,0,0,0,0,0,-,-,NA,NA,LOS ANGELES,WEST COVINA,NA,NA
6826106,2015,2015-03-13,1942,2015-02-05,2205,36646,1849,4,5,7,1942,0,0,0,R,0,18T23,IMPERIAL HWY,CROESUS AV,0,NA,Y,B,-,N,NA,NA,NA,NA,NA,NA,NA,NA,NA,Y,4,0,1,2,D,-,00,NA,NA,N,A,C,A,A,H,-,C,A,0,NA,NA,NA,NA,Y,NA,-,-,0,0,1,0,0,0,0,0,0,-,-,NA,NA,LOS ANGELES,LOS ANGELES,-118.23355013,33.92912002