CASE_ID,ACCIDENT_YEAR,PROC_DATE,JURIS,COLLISION_DATE,COLLISION_TIME,OFFICER_ID,REPORTING_DISTRICT,DAY_OF_WEEK,CHP_SHIFT,POPULATION,CNTY_CITY_LOC,SPECIAL_COND,BEAT_TYPE,CHP_BEAT_TYPE,CITY_DIVISION_LAPD,CHP_BEAT_CLASS,BEAT_NUMBER,PRIMARY_RD,SECONDARY_RD,DISTANCE,DIRECTION,INTERSECTION,WEATHER_1,WEATHER_2,STATE_HWY_IND,CALTRANS_COUNTY,CALTRANS_DISTRICT,STATE_ROUTE,ROUTE_SUFFIX,POSTMILE_PREFIX,POSTMILE,LOCATION_TYPE,RAMP_INTERSECTION,SIDE_OF_HWY,TOW_AWAY,COLLISION_SEVERITY,NUMBER_KILLED,NUMBER_INJURED,PARTY_COUNT,PRIMARY_COLL_FACTOR,PCF_CODE_OF_VIOL,PCF_VIOL_CATEGORY,PCF_VIOLATION,PCF_VIOL_SUBSECTION,HIT_AND_RUN,TYPE_OF_COLLISION,MVIW,PED_ACTION,ROAD_SURFACE,ROAD_COND_1,ROAD_COND_2,LIGHTING,CONTROL_DEVICE,CHP_ROAD_TYPE,PEDESTRIAN_ACCIDENT,BICYCLE_ACCIDENT,MOTORCYCLE_ACCIDENT,TRUCK_ACCIDENT,NOT_PRIVATE_PROPERTY,ALCOHOL_INVOLVED,STWD_VEHTYPE_AT_FAULT,CHP_VEHTYPE_AT_FAULT,COUNT_SEVERE_INJ,COUNT_VISIBLE_INJ,COUNT_COMPLAINT_PAIN,COUNT_PED_KILLED,COUNT_PED_INJURED,COUNT_BICYCLIST_KILLED,COUNT_BICYCLIST_INJURED,COUNT_MC_KILLED,COUNT_MC_INJURED,PRIMARY_RAMP,SECONDARY_RAMP,LATITUDE,LONGITUDE,COUNTY,CITY,POINT_X,POINT_Y
6826991,2015,2015-03-10,1942,2015-02-10,0350,40643,0926,2,5,7,1942,0,0,0,I,0,15T45,WOODMAN AV,VANOWEN ST,200,N,N,A,-,N,NA,NA,NA,NA,NA,NA,NA,NA,NA,N,4,0,1,2,A,-,01,23152,A,N,B,C,A,A,H,-,C,D,0,NA,NA,NA,NA,Y,Y,A,07,0,0,1,0,0,0,0,0,0,-,-,NA,NA,LOS ANGELES,LOS ANGELES,-118.43127,34.19448858
6826995,2015,2015-03-10,1942,2015-02-23,1035,38185,0952,1,5,7,1942,0,0,0,I,0,19TL75,KESTER AV,MAGNOLIA BL,0,NA,Y,B,-,N,NA,NA,NA,NA,NA,NA,NA,NA,NA,Y,3,0,1,2,A,-,12,21453,A,N,D,C,A,A,H,-,A,A,0,NA,NA,NA,NA,Y,NA,A,01,0,1,0,0,0,0,0,0,0,-,-,NA,NA,LOS ANGELES,LOS ANGELES,-118.45741006,34.16485011
6826996,2015,2015-03-10,1942,2015-02-10,0600,210811,2113,2,5,7,1942,0,0,0,NA,0,17T15,SATICOY ST,FALLBROOK AV,0,NA,Y,A,-,N,NA,NA,NA,NA,NA,NA,NA,NA,NA,N,4,0,1,2,A,-,10,21950,A,F,G,B,B,A,H,-,A,A,0,Y,NA,NA,NA,Y,NA,-,99,0,0,1,0,1,0,0,0,0,-,-,NA,NA,LOS ANGELES,LOS ANGELES,-118.62344002,34.20827007
6826998,2015,2016-09-23,9575,2015-02-21,1500,20530,NA,6,2,9,1900,0,1,3,NA,2,301,RT 2,RED BOX RD,2640,E,N,A,-,Y,LA,7,2,-,-,38.9,H,-,W,Y,3,0,1,1,A,-,08,22107,NA,N,F,A,A,A,H,-,A,D,0,NA,NA,Y,NA,Y,NA,C,02,0,1,0,0,0,0,0,0,1,-,-,34.26352,-118.09994,LOS ANGELES,UNINCORPORATED,-118.09981977,34.2635875
6826999,2015,2015-03-10,1942,2015-02-19,0800,38185,0904,4,5,7,1942,0,0,0,I,0,19TL75,RAYMER ST,KESTER AV,1250,E,N,A,-,N,NA,NA,NA,NA,NA,NA,NA,NA,NA,N,4,0,2,2,A,-,09,21804,A,N,D,C,A,A,H,-,A,A,0,NA,NA,NA,NA,Y,NA,A,01,0,0,2,0,0,0,0,0,0,-,-,NA,NA,LOS ANGELES,LOS ANGELES,-118.45440068,34.21257183
6827000,2015,2015-03-10,1942,2015-02-06,1820,32372,2155,5,5,7,1942,0,0,0,NA,0,35M55,TOPANGA CANYON BL,ERWIN ST,140,S,N,A,-,N,NA,NA,NA,NA,NA,NA,NA,NA,NA,N,4,0,1,2,A,-,03,22350,NA,F,C,C,A,A,H,-,C,D,0,NA,NA,NA,NA,Y,NA,A,01,0,0,1,0,0,0,0,0,0,-,-,NA,NA,LOS ANGELES,LOS ANGELES,-118.60588,34.18247593
6827002,2015,2016-09-02,9575,2015-02-06,1830,19976,NA,5,2,6,1912,0,1,1,NA,2,051,RT 5,VERDUGO AV,85,S,N,A,-,Y,LA,7,5,-,-,28.9,H,-,S,Y,4,0,2,5,A,-,01,23152,A,N,C,C,E,A,H,-,D,D,1,Y,NA,NA,NA,Y,Y,A,01,0,0,2,0,2,0,0,0,0,-,-,34.17622,-118.3075,LOS ANGELES,BURBANK,-118.30769957,34.17623179
6827003,2015,2015-03-10,1942,2015-02-19,0745,41239,0933,4,5,7,1942,0,0,0,I,0,10TL39,KESTER AV,ERWIN ST,50,N,N,B,-,N,NA,NA,NA,NA,NA,NA,NA,NA,NA,N,3,0,1,2,A,-,11,21954,A,N,G,B,D,A,H,-,A,D,0,Y,NA,NA,NA,Y,NA,N,60,0,1,0,0,1,0,0,0,0,-,-,NA,NA,LOS ANGELES,LOS ANGELES,-118.45746,34.18376715
6827006,2015,2016-09-22,9575,2015-02-19,1045,18381,NA,4,1,6,1953,0,1,1,NA,2,065,RT 210,MADRE ST,260,E,N,A,-,Y,LA,7,210,-,R,29.38,H,-,W,Y,3,0,1,3,A,-,03,22350,NA,N,C,C,A,A,H,-,A,D,1,NA,NA,NA,NA,Y,NA,A,01,0,1,0,0,0,0,0,0,0,-,-,34.14793,-118.08085,LOS ANGELES,PASADENA,-118.07902567,34.14802721
6827007,2015,2015-03-10,1942,2015-02-19,1920,31652,0911,4,5,7,1942,0,0,0,I,0,19T73,SHERMAN WY,ORION AV,415,E,N,A,-,N,NA,NA,NA,NA,NA,NA,NA,NA,NA,Y,4,0,1,3,A,-,03,22350,NA,N,C,C,A,A,H,-,C,A,0,NA,NA,NA,NA,Y,NA,A,01,0,0,1,0,0,0,0,0,0,-,-,NA,NA,LOS ANGELES,LOS ANGELES,-118.46918997,34.20125
6827010,2015,2016-10-04,9575,2015-02-06,1325,20918,NA,5,1,6,1925,0,1,1,NA,2,050,RT 5,WESTERN AV,1000,N,N,A,-,Y,LA,7,5,-,-,28.05,H,-,S,N,4,0,1,2,A,-,03,22350,NA,N,C,C,A,A,H,-,A,D,1,NA,NA,NA,NA,Y,NA,A,01,0,0,1,0,0,0,0,0,0,-,-,34.165,-118.29862,LOS ANGELES,GLENDALE,-118.29925223,34.16645904
6827011,2015,2015-03-10,1942,2015-02-22,0640,38980,0926,7,5,7,1942,0,0,0,I,0,21TL61,SYLMAR AV,HAYNES ST,100,N,N,C,-,N,NA,NA,NA,NA,NA,NA,NA,NA,NA,Y,3,0,1,3,A,-,08,22107,NA,N,B,E,A,B,H,-,A,D,0,NA,NA,NA,NA,Y,NA,A,01,0,1,0,0,0,0,0,0,0,-,-,NA,NA,LOS ANGELES,LOS ANGELES,-118.44653723,34.18995428
6827014,2015,2016-11-05,9575,2015-02-18,0724,17416,NA,3,1,7,1942,0,1,3,NA,2,070,RT 118,HADDON AV,450,W,N,B,-,Y,LA,7,118,-,R,11.83,H,-,W,Y,4,0,2,2,A,-,07,21658,A,F,C,C,A,A,H,-,A,D,1,NA,NA,NA,NA,Y,NA,A,08,0,0,2,0,0,0,0,0,0,-,-,34.26839,-118.43521,LOS ANGELES,LOS ANGELES,-118.4371245,34.26794703
6827015,2015,2015-03-12,1942,2015-02-15,1130,41626,0941,7,5,7,1942,0,0,0,I,0,9A19,OXNARD ST,KESTER AV,0,NA,Y,A,-,N,NA,NA,NA,NA,NA,NA,NA,NA,NA,Y,4,0,1,2,A,-,12,21453,A,N,D,C,A,A,-,-,A,A,0,NA,NA,NA,NA,Y,NA,A,01,0,0,1,0,0,0,0,0,0,-,-,NA,NA,LOS ANGELES,LOS ANGELES,-118.45744004,34.17939008
6827016,2015,2015-03-10,1965,2015-02-11,0756,3178,B3C,3,5,5,1965,0,0,0,NA,0,B003,14TH ST,BROADWAY,0,NA,Y,A,-,N,NA,NA,NA,NA,NA,NA,NA,NA,NA,Y,4,0,1,3,A,-,12,21453,A,N,A,C,A,A,H,-,A,A,0,NA,NA,NA,NA,Y,NA,A,01,0,0,1,0,0,0,0,0,0,-,-,NA,NA,LOS ANGELES,SANTA MONICA,-118.4841701,34.02276002
6827018,2015,2015-03-10,9575,2015-02-18,1305,019834,NA,3,1,9,1900,0,3,5,NA,2,002,MCNALLY AV,HARRIET ST,287,N,N,A,-,N,NA,NA,NA,NA,NA,NA,NA,NA,NA,Y,3,0,1,1,A,-,08,22107,NA,N,E,I,A,A,H,-,A,D,0,NA,NA,NA,NA,Y,NA,A,01,0,1,0,0,0,0,0,0,0,-,-,34.19059,-118.14796,LOS ANGELES,UNINCORPORATED,-118.14783138,34.19069496
6827019,2015,2015-03-10,1942,2015-02-15,0350,41612,VNYS,7,5,7,1942,0,0,0,NA,0,9A63,HAZELTINE AV,HAYNES ST,78,N,N,A,-,N,NA,NA,NA,NA,NA,NA,NA,NA,NA,Y,4,0,1,4,A,-,03,22350,NA,N,A,C,A,A,H,-,C,D,0,NA,NA,NA,NA,Y,NA,A,01,0,0,1,0,0,0,0,0,0,-,-,NA,NA,LOS ANGELES,LOS ANGELES,-118.43997334,34.18989393
6827022,2015,2016-11-01,9575,2015-02-23,1105,17354,NA,1,1,6,1925,0,1,3,NA,2,042,RT 134,CONCORD ST,600,E,N,B,-,Y,LA,7,134,-,R,6.32,H,-,W,N,4,0,1,2,A,-,03,22350,NA,N,C,C,A,A,H,-,A,D,1,NA,NA,NA,NA,Y,NA,A,01,0,0,1,0,0,0,0,0,0,-,-,34.15536,-118.26916,LOS ANGELES,GLENDALE,-118.2687782,34.15547587
6827023,2015,2015-08-14,1942,2015-02-20,1515,41522,963,5,5,7,1942,0,0,0,NA,0,9A37,ADDISON ST,ADDISON ST 14722,0,NA,Y,A,-,N,NA,NA,NA,NA,NA,NA,NA,NA,NA,N,3,0,1,2,B,-,22,NA,NA,N,G,B,-,A,H,-,A,D,0,Y,NA,NA,NA,Y,NA,-,NA,0,1,0,0,1,0,0,0,0,-,-,NA,NA,LOS ANGELES,LOS ANGELES,-118.453919,34.161221
6827026,2015,2016-09-22,9575,2015-02-14,1230,20438,NA,6,1,5,1902,0,1,1,NA,2,065,RT 210,SANTA ANITA AV,300,W,N,A,-,Y,LA,7,210,-,R,31.82,H,-,W,Y,4,0,1,2,A,-,03,22350,NA,N,C,C,A,A,H,-,A,D,1,NA,NA,NA,NA,Y,NA,A,01,0,0,1,0,0,0,0,0,0,-,-,34.14815,-118.03255,LOS ANGELES,ARCADIA,-118.03298016,34.14818788
6827030,2015,2016-09-23,9575,2015-02-08,1310,20536,NA,7,1,9,1900,0,1,3,NA,2,304,RT 2,MPM 62.82,147,W,N,B,-,Y,LA,7,2,-,-,62.79,H,-,W,Y,2,0,1,1,A,-,03,22350,NA,N,E,I,A,A,H,-,A,D,0,NA,NA,Y,NA,Y,NA,C,02,1,0,0,0,0,0,0,0,1,-,-,34.36251,-117.86539,LOS ANGELES,UNINCORPORATED,-117.86616522,34.36201513
6827034,2015,2016-11-01,9575,2015-02-17,1515,20484,NA,2,2,7,1942,0,1,3,NA,2,041,RT 134,SAN RAFAEL AV,300,W,N,A,-,Y,LA,7,134,-,R,12.3,H,-,E,Y,4,0,1,2,A,-,21,22106,NA,N,C,C,A,A,H,-,A,D,1,NA,NA,NA,NA,Y,NA,A,01,0,0,1,0,0,0,0,0,0,-,-,34.14277,-118.17199,LOS ANGELES,LOS ANGELES,-118.17159629,34.14292528
6827038,2015,2016-09-30,9575,2015-02-08,1540,20542,NA,7,2,7,1942,0,1,1,NA,2,053,RT 5,VAN NUYS BL,800,N,N,A,-,Y,LA,7,5,-,-,38.68,H,-,N,Y,3,0,1,1,A,-,08,22107,NA,N,E,I,A,A,H,-,A,D,1,NA,NA,NA,NA,Y,NA,A,01,0,1,0,0,0,0,0,0,0,-,-,34.26194,-118.44007,LOS ANGELES,LOS ANGELES,-118.43681464,34.25847871
6827041,2015,2016-10-26,9575,2015-02-14,1200,20911,NA,6,1,7,1942,0,1,3,NA,2,043,RT 134,RIVERSIDE DR,300,W,N,A,-,Y,LA,7,134,-,-,4.75,H,-,E,Y,3,0,2,3,A,-,03,22350,NA,N,C,C,A,A,H,-,A,D,1,NA,NA,NA,NA,Y,NA,A,07,0,2,0,0,0,0,0,0,0,-,-,34.15577,-118.29809,LOS ANGELES,LOS ANGELES,-118.29500013,34.1553169
6827042,2015,2015-04-02,1972,2015-02-14,1303,19522,NA,6,5,6,1972,0,0,0,NA,0,NA,ARTESIA BL,YUKON AV,200,W,N,A,-,N,NA,NA,NA,NA,NA,NA,NA,NA,NA,Y,4,0,2,3,A,-,03,22350,NA,N,C,C,A,A,H,-,A,A,0,NA,NA,NA,NA,Y,NA,A,NA,0,0,2,0,0,0,0,0,0,-,-,NA,NA,LOS ANGELES,TORRANCE,-118.33583761,33.87289672
6827045,2015,2016-09-22,9575,2015-02-19,1345,19754,NA,4,1,6,1953,0,1,1,NA,2,064,RT 210,HILL AV,950,W,N,A,-,Y,LA,7,210,-,R,26.65,H,-,E,Y,4,0,1,2,A,-,07,21658,A,N,B,C,A,A,H,-,A,D,1,NA,NA,NA,NA,Y,NA,A,07,0,0,1,0,0,0,0,0,0,-,-,34.15185,-118.12464,LOS ANGELES,PASADENA,-118.12676273,34.1517385
6827046,2015,2015-03-11,1972,2015-02-17,1630,12309,NA,2,5,6,1972,0,0,0,NA,0,NA,190TH,ENTRADERO,410,W,N,A,-,N,NA,NA,NA,NA,NA,NA,NA,NA,NA,Y,3,0,2,3,A,-,03,22350,NA,N,C,C,A,A,H,-,A,D,0,NA,NA,NA,NA,Y,NA,A,NA,0,1,1,0,0,0,0,0,0,-,-,NA,NA,LOS ANGELES,TORRANCE,-118.37124794,33.85826
6827049,2015,2016-10-26,9575,2015-02-06,1600,20846,NA,5,2,6,1912,0,1,3,NA,2,044,RT 134,PASS AV,300,W,N,A,-,Y,LA,7,134,-,-,1.76,H,-,E,N,4,0,2,2,A,-,03,22350,NA,N,C,C,A,A,H,-,A,D,1,NA,NA,NA,NA,Y,NA,A,08,0,0,2,0,0,0,0,0,0,-,-,34.15349,-118.34928,LOS ANGELES,BURBANK,-118.34588749,34.15395326
6827050,2015,2015-03-11,1972,2015-02-16,1423,17649,NA,1,5,6,1972,0,0,0,NA,0,NA,CRENSHAW BL,CREST AV,60,S,N,A,-,N,NA,NA,NA,NA,NA,NA,NA,NA,NA,Y,3,0,1,2,A,-,17,22109,NA,N,C,C,A,A,H,-,A,A,0,NA,NA,NA,NA,Y,NA,A,NA,0,1,0,0,0,0,0,0,0,-,-,NA,NA,LOS ANGELES,TORRANCE,-118.3370372,33.79015852
6827053,2015,2015-03-11,1942,2015-02-03,1805,26319,1622,2,5,7,1942,0,0,0,P,0,19T74,VAN NUYS BL,TELFAIR AV,68,E,N,A,-,N,NA,NA,NA,NA,NA,NA,NA,NA,NA,N,4,0,1,2,A,-,03,22350,NA,N,C,C,A,A,H,-,C,A,0,NA,NA,NA,NA,Y,NA,A,01,0,0,1,0,0,0,0,0,0,-,-,NA,NA,LOS ANGELES,LOS ANGELES,-118.4254033,34.26370503
6827054,2015,2016-09-08,1972,2015-02-10,1952,19523,NA,2,5,6,1972,0,0,0,NA,0,NA,ARTESIA BL,HAWTHORNE BL,0,NA,Y,A,-,Y,LA,7,107,-,-,4.696,I,5,N,Y,3,0,1,2,A,-,09,21801,A,N,A,C,A,A,H,-,C,A,0,NA,NA,NA,NA,Y,NA,A,NA,0,1,0,0,0,0,0,0,0,-,-,NA,NA,LOS ANGELES,TORRANCE,-118.35235444,33.87290483
6827057,2015,2015-03-11,1942,2015-02-05,2205,39724,1693,4,5,7,1942,0,0,0,P,0,19T75,WHITSETT AV,SATICOY ST,0,NA,Y,A,-,N,NA,NA,NA,NA,NA,NA,NA,NA,NA,Y,3,0,2,2,A,-,09,21801,A,N,D,C,A,A,H,-,C,A,0,NA,NA,NA,NA,Y,NA,A,07,0,1,1,0,0,0,0,0,0,-,-,NA,NA,LOS ANGELES,LOS ANGELES,-118.40524005,34.20846006
6827058,2015,2015-03-11,1972,2015-02-16,1618,18874,NA,1,5,6,1972,0,0,0,NA,0,NA,DEL AMO BL,PERKINS AV,0,NA,Y,A,-,N,NA,NA,NA,NA,NA,NA,NA,NA,NA,Y,4,0,2,2,A,-,09,21802,A,N,D,C,A,A,H,-,A,A,0,NA,NA,NA,NA,Y,NA,A,NA,0,0,2,0,0,0,0,0,0,-,-,NA,NA,LOS ANGELES,TORRANCE,-118.35215,33.84859006
6827061,2015,2016-10-05,9575,2015-02-22,1235,17354,NA,7,1,6,1925,0,1,1,NA,2,062,RT 210,DUNSMORE AV,250,W,N,C,-,Y,LA,7,210,-,R,16.11,H,-,E,Y,4,0,1,1,A,-,03,22350,NA,N,E,I,A,B,H,-,A,D,1,NA,NA,NA,NA,Y,NA,A,01,0,0,1,0,0,0,0,0,0,-,-,34.22845,-118.25773,LOS ANGELES,GLENDALE,-118.25841675,34.22886462
6827062,2015,2015-03-11,1931,2015-02-25,1140,5248,1931,3,5,5,1931,0,0,0,NA,0,ONE,RUGBY AV,GAGE AV,15,S,N,A,-,N,NA,NA,NA,NA,NA,NA,NA,NA,NA,N,4,0,1,2,A,-,21,22106,NA,N,C,C,A,A,H,-,A,A,0,NA,NA,NA,NA,Y,NA,A,08,0,0,1,0,0,0,0,0,0,-,-,NA,NA,LOS ANGELES,HUNTINGTON PARK,-118.22654965,33.98158887
6827065,2015,2015-03-11,1942,2015-02-06,0615,41239,2187,5,5,7,1942,0,0,0,NA,0,10TL39,CANOGA AV,VENTURA BL,850,N,N,A,-,N,NA,NA,NA,NA,NA,NA,NA,NA,NA,Y,3,0,2,3,A,-,08,22107,NA,F,B,C,A,A,H,-,B,D,0,NA,NA,NA,NA,Y,NA,-,99,0,1,1,0,0,0,0,0,0,-,-,NA,NA,LOS ANGELES,LOS ANGELES,-118.59745,34.16937
6827069,2015,2015-03-11,1942,2015-02-06,1320,40207,2144,5,5,7,1942,0,0,0,NA,0,21TL64,SHOUP AV,VANOWEN ST,87,N,N,A,-,N,NA,NA,NA,NA,NA,NA,NA,NA,NA,Y,4,0,2,3,A,-,03,22350,NA,M,C,C,A,A,H,-,A,D,0,NA,NA,NA,NA,Y,Y,A,01,0,0,2,0,0,0,0,0,0,-,-,NA,NA,LOS ANGELES,LOS ANGELES,-118.61463,34.19396867
6827077,2015,2015-03-27,1972,2015-02-15,1505,20351,NA,7,5,6,1972,0,0,0,NA,0,NA,MAPLE AV,CALIFORNIA ST,65,S,N,A,-,N,NA,NA,NA,NA,NA,NA,NA,NA,NA,Y,4,0,1,2,A,-,09,21804,A,N,D,C,A,A,H,-,A,D,0,NA,NA,NA,NA,Y,NA,A,NA,0,0,1,0,0,0,0,0,0,-,-,NA,NA,LOS ANGELES,TORRANCE,-118.34011703,33.84161174
6827081,2015,2016-10-27,1972,2015-02-18,0842,16610,NA,3,5,6,1972,0,0,0,NA,0,NA,PACIFIC COAST HWY,HAWTHORNE BL,35,W,N,B,-,Y,LA,7,1,-,-,16.02,H,-,S,N,4,0,1,2,A,-,03,22350,NA,N,C,C,A,A,H,-,A,A,0,NA,NA,NA,NA,Y,NA,A,NA,0,0,1,0,0,0,0,0,0,-,-,NA,NA,LOS ANGELES,TORRANCE,-118.35132189,33.80505302
6827085,2015,2016-09-08,1972,2015-02-18,2318,17648,NA,3,5,6,1972,0,0,0,NA,0,NA,DEL AMO,HAWTHORN BL,100,W,N,A,-,Y,LA,7,107,-,-,3.01,I,6,S,N,4,0,1,2,A,-,09,21804,A,N,D,C,A,A,H,-,C,A,0,NA,NA,NA,NA,Y,NA,A,NA,0,0,1,0,0,0,0,0,0,-,-,NA,NA,LOS ANGELES,TORRANCE,-118.35384242,33.84857913
6827090,2015,2015-03-11,1972,2015-02-07,1237,14197,NA,6,5,6,1972,0,0,0,NA,0,NA,TORRANCE BL,WESTERN AV,30,W,N,A,-,N,NA,NA,NA,NA,NA,NA,NA,NA,NA,N,3,0,2,2,A,-,08,22107,NA,F,D,C,A,A,H,-,A,A,0,NA,NA,NA,NA,Y,NA,A,NA,0,1,1,0,0,0,0,0,0,-,-,NA,NA,LOS ANGELES,TORRANCE,-118.30940964,33.83824573
6827156,2015,2015-03-11,1942,2015-01-22,1315,40157,1663,4,5,7,1942,0,0,0,P,0,16TL24,SHELDON ST,LAUREL CANYON BL,0,NA,Y,A,-,N,NA,NA,NA,NA,NA,NA,NA,NA,NA,Y,4,0,2,2,A,-,12,21453,A,N,D,C,A,A,H,-,A,A,0,NA,NA,NA,NA,Y,NA,A,07,0,0,2,0,0,0,0,0,0,-,-,NA,NA,LOS ANGELES,LOS ANGELES,-118.4037301,34.23196006
6827158,2015,2015-03-18,1900,2015-01-30,0804,532596,2603,5,5,6,1950,0,0,0,NA,0,262T1,AVENUE S,SIERRA HWY,0,NA,Y,B,-,N,NA,NA,NA,NA,NA,NA,NA,NA,NA,N,4,0,1,3,A,-,03,22350,NA,N,C,C,A,B,H,-,A,A,0,NA,NA,NA,NA,Y,NA,D,22,0,0,1,0,0,0,0,0,0,-,-,NA,NA,LOS ANGELES,PALMDALE,-118.11419006,34.55806001
6827160,2015,2015-03-11,1942,2015-01-26,1650,34599,2143,1,5,7,1942,0,0,0,NA,0,19T74W,FALLBROOK AV,VICTORY BL,341,N,N,C,-,N,NA,NA,NA,NA,NA,NA,NA,NA,NA,N,4,0,2,2,A,-,08,21460,5,F,D,C,A,B,H,-,C,A,0,NA,NA,NA,NA,Y,NA,-,99,0,0,2,0,0,0,0,0,0,-,-,NA,NA,LOS ANGELES,LOS ANGELES,-118.62339,34.18739549
6827162,2015,2016-10-27,1900,2015-02-10,2150,527062,2611,2,5,6,1950,0,0,0,NA,0,262T1,DIVISION ST,PALMDALE BL,0,NA,Y,A,-,Y,LA,7,138,-,-,43.681,I,5,E,N,4,0,2,2,A,-,01,23152,A,N,D,C,A,A,H,-,C,A,0,NA,NA,NA,NA,Y,Y,D,22,0,0,2,0,0,0,0,0,0,-,-,NA,NA,LOS ANGELES,PALMDALE,-118.12954252,34.57982539
6827163,2015,2015-03-10,1975,2015-01-11,1328,344,NA,7,5,6,1975,0,0,0,NA,0,001,VINCENT AV,ROWLAND AV,100,S,N,C,-,N,NA,NA,NA,NA,NA,NA,NA,NA,NA,Y,4,0,1,1,A,-,03,22350,NA,N,E,J,A,B,H,-,A,D,0,NA,NA,NA,NA,Y,NA,-,NA,0,0,1,0,0,0,0,0,0,-,-,NA,NA,LOS ANGELES,WEST COVINA,-117.92605551,34.07884667
6827164,2015,2015-03-11,1942,2015-01-21,1220,38017,2158,3,5,7,1942,0,0,0,NA,0,21TL62,VICTORY BL,MASON AV,60,W,N,A,-,N,NA,NA,NA,NA,NA,NA,NA,NA,NA,N,4,0,1,4,A,-,07,21658,A,F,C,C,A,A,H,-,A,A,0,NA,NA,NA,NA,Y,Y,-,99,0,0,1,0,0,0,0,0,0,-,-,NA,NA,LOS ANGELES,LOS ANGELES,-118.57987805,34.18839759
6827167,2015,2015-03-10,1975,2015-01-11,1436,412,1975,7,5,6,1975,0,0,0,NA,0,001,WILLOW AV,PACIFIC AV,0,NA,Y,C,-,N,NA,NA,NA,NA,NA,NA,NA,NA,NA,N,4,0,1,2,A,-,05,21650,1,N,D,G,A,B,H,-,A,A,0,NA,Y,NA,NA,Y,NA,L,04,0,0,1,0,0,0,1,0,0,-,-,NA,NA,LOS ANGELES,WEST COVINA,-117.94766006,34.07581007
6827168,2015,2015-03-11,1942,2015-01-25,1500,27792,2137,7,5,7,1942,0,0,0,NA,0,10T35,DESOTO AV,SHERMAN WY,0,NA,Y,A,-,N,NA,NA,NA,NA,NA,NA,NA,NA,NA,N,3,0,1,2,D,-,00,NA,NA,F,G,B,B,A,H,-,A,A,0,Y,NA,NA,NA,Y,NA,-,-,0,1,0,0,1,0,0,0,0,-,-,NA,NA,LOS ANGELES,LOS ANGELES,-118.58845008,34.20112005
6827170,2015,2016-10-27,1900,2015-02-16,1810,248079,2608,1,5,6,1950,0,0,0,NA,0,26271,RT 138,22ND ST EAST,528,W,N,A,-,Y,LA,7,138,-,-,45.87,H,-,E,Y,4,0,1,2,A,-,09,21804,A,N,D,C,A,A,H,-,C,D,0,NA,NA,NA,NA,Y,NA,A,01,0,0,1,0,0,0,0,0,0,-,-,NA,NA,LOS ANGELES,PALMDALE,-118.09136177,34.58010022
6827171,2015,2015-03-10,1975,2015-01-14,1939,392,NA,3,5,6,1975,0,0,0,NA,0,TRAFFI,CALIFORNIA AV,ROBINDALE ST,250,N,N,A,-,N,NA,NA,NA,NA,NA,NA,NA,NA,NA,Y,3,0,1,2,A,-,01,23152,A,N,C,E,A,A,H,-,B,D,0,NA,NA,NA,NA,Y,Y,A,01,0,1,0,0,0,0,0,0,0,-,-,NA,NA,LOS ANGELES,WEST COVINA,-117.93751668,34.06150995
6827172,2015,2015-03-11,1942,2015-01-22,1835,38380,2138,4,5,7,1942,0,0,0,NA,0,21TL62,SATICOY ST,OSO AV,0,NA,Y,A,-,N,NA,NA,NA,NA,NA,NA,NA,NA,NA,N,4,0,1,2,A,-,09,21804,A,F,B,G,A,A,H,-,C,A,0,NA,Y,NA,NA,Y,NA,L,04,0,0,1,0,0,0,1,0,0,-,-,NA,NA,LOS ANGELES,LOS ANGELES,-118.57538014,34.20835001
6827174,2015,2016-10-26,1900,2015-02-18,1228,253807,2619,3,5,6,1950,0,0,0,NA,0,261T1,10TH ST W,RT 14,141,N,N,A,-,Y,LA,7,14,-,R,61.897,R,4,S,Y,4,0,2,2,A,-,03,22350,NA,N,C,C,A,A,H,-,A,D,0,NA,NA,NA,NA,Y,NA,A,01,0,0,2,0,0,0,0,0,0,-,SF,NA,NA,LOS ANGELES,PALMDALE,-118.14941326,34.60655681
6827175,2015,2015-03-10,1975,2015-01-15,1901,392,NA,4,5,6,1975,0,0,0,NA,0,TRAFFI,FRANCISQUITO AV,SUNSET AV,0,NA,Y,A,-,N,NA,NA,NA,NA,NA,NA,NA,NA,NA,N,4,0,1,2,A,-,12,21453,A,N,D,C,A,A,H,-,C,A,0,NA,NA,NA,NA,Y,NA,A,07,0,0,1,0,0,0,0,0,0,-,-,NA,NA,LOS ANGELES,WEST COVINA,-117.95415006,34.05387002
6827176,2015,2015-03-11,1942,2015-01-15,1158,36904,2183,4,5,7,1942,0,0,0,NA,0,21X46,CALABASAS RD,EL CANON AV,195,E,N,A,-,N,NA,NA,NA,NA,NA,NA,NA,NA,NA,N,4,0,1,2,A,-,09,21801,A,F,B,C,A,A,H,-,A,A,0,NA,NA,NA,NA,Y,NA,-,NA,0,0,1,0,0,0,0,0,0,-,-,NA,NA,LOS ANGELES,LOS ANGELES,-118.63793858,34.15803285
6827179,2015,2015-03-10,1975,2015-01-15,1859,399,NA,4,5,6,1975,0,0,0,NA,0,003,W CAMERON AV,S TOLUCA AV,0,NA,Y,A,-,N,NA,NA,NA,NA,NA,NA,NA,NA,NA,N,4,0,1,2,A,-,10,21950,A,N,G,B,B,A,H,-,C,D,0,Y,NA,NA,NA,Y,NA,-,NA,0,0,1,0,1,0,0,0,0,-,-,NA,NA,LOS ANGELES,WEST COVINA,-117.94244001,34.06879006