CASE_ID,ACCIDENT_YEAR,PROC_DATE,JURIS,COLLISION_DATE,COLLISION_TIME,OFFICER_ID,REPORTING_DISTRICT,DAY_OF_WEEK,CHP_SHIFT,POPULATION,CNTY_CITY_LOC,SPECIAL_COND,BEAT_TYPE,CHP_BEAT_TYPE,CITY_DIVISION_LAPD,CHP_BEAT_CLASS,BEAT_NUMBER,PRIMARY_RD,SECONDARY_RD,DISTANCE,DIRECTION,INTERSECTION,WEATHER_1,WEATHER_2,STATE_HWY_IND,CALTRANS_COUNTY,CALTRANS_DISTRICT,STATE_ROUTE,ROUTE_SUFFIX,POSTMILE_PREFIX,POSTMILE,LOCATION_TYPE,RAMP_INTERSECTION,SIDE_OF_HWY,TOW_AWAY,COLLISION_SEVERITY,NUMBER_KILLED,NUMBER_INJURED,PARTY_COUNT,PRIMARY_COLL_FACTOR,PCF_CODE_OF_VIOL,PCF_VIOL_CATEGORY,PCF_VIOLATION,PCF_VIOL_SUBSECTION,HIT_AND_RUN,TYPE_OF_COLLISION,MVIW,PED_ACTION,ROAD_SURFACE,ROAD_COND_1,ROAD_COND_2,LIGHTING,CONTROL_DEVICE,CHP_ROAD_TYPE,PEDESTRIAN_ACCIDENT,BICYCLE_ACCIDENT,MOTORCYCLE_ACCIDENT,TRUCK_ACCIDENT,NOT_PRIVATE_PROPERTY,ALCOHOL_INVOLVED,STWD_VEHTYPE_AT_FAULT,CHP_VEHTYPE_AT_FAULT,COUNT_SEVERE_INJ,COUNT_VISIBLE_INJ,COUNT_COMPLAINT_PAIN,COUNT_PED_KILLED,COUNT_PED_INJURED,COUNT_BICYCLIST_KILLED,COUNT_BICYCLIST_INJURED,COUNT_MC_KILLED,COUNT_MC_INJURED,PRIMARY_RAMP,SECONDARY_RAMP,LATITUDE,LONGITUDE,COUNTY,CITY,POINT_X,POINT_Y
6828137,2014,2015-03-11,9525,2014-10-22,1745,16983,NA,3,2,5,1990,0,1,3,NA,2,574,RT 57,PATHFINDER RD,528,N,N,A,-,Y,NA,NA,57,NA,NA,NA,NA,NA,NA,N,4,0,2,2,A,-,03,22350,NA,N,C,C,A,A,H,-,A,D,0,NA,NA,NA,NA,Y,NA,A,01,0,0,2,0,0,0,0,0,0,-,-,33.99706,-117.83913,LOS ANGELES,DIAMOND BAR,-117.83924491,33.99717275
6828138,2014,2015-03-11,9525,2014-10-24,1335,19044,NA,5,1,6,1955,0,1,1,NA,2,107,RT 10,KELLOGG DR,528,W,N,A,-,Y,NA,NA,10,NA,NA,NA,NA,NA,NA,N,4,0,1,2,A,-,07,21658,A,N,B,C,A,A,H,-,A,A,0,NA,NA,NA,NA,Y,NA,A,01,0,0,1,0,0,0,0,0,0,-,-,34.06398,-117.81621,LOS ANGELES,POMONA,-117.81620479,34.06386483
6828141,2014,2015-03-11,9525,2014-10-22,1522,18729,NA,3,2,1,1934,0,1,1,NA,2,203,RT 10,RT 605,528,E,N,A,-,Y,NA,NA,NA,NA,NA,NA,NA,NA,NA,Y,4,0,1,3,A,-,03,22350,NA,N,C,C,A,A,H,-,A,D,0,NA,NA,NA,NA,Y,NA,A,01,0,0,1,0,0,0,0,0,0,-,-,34.13329,-117.95353,LOS ANGELES,IRWINDALE,-118.10457,33.91382
6828142,2014,2015-03-11,9525,2014-10-24,1845,18366,NA,5,2,1,1934,0,1,1,NA,2,651,RT 605,RT 210,1584,S,N,A,-,Y,NA,NA,NA,NA,NA,NA,NA,NA,NA,Y,3,0,1,1,A,-,08,22107,NA,M,E,I,A,A,H,-,A,D,0,NA,NA,NA,NA,Y,Y,A,01,0,1,0,0,0,0,0,0,0,-,-,NA,NA,LOS ANGELES,IRWINDALE,-117.95962,34.13475
6828145,2014,2015-03-11,9525,2014-10-25,2330,19970,NA,6,3,9,1900,0,3,5,NA,2,003,LA SEDA AV,RENAULT ST,158,S,N,B,-,N,NA,NA,NA,NA,NA,NA,NA,NA,NA,Y,3,0,1,2,A,-,01,23152,A,N,E,I,A,A,H,-,D,D,0,NA,NA,NA,NA,Y,Y,A,01,0,1,0,0,0,0,0,0,0,-,-,34.01272,-117.89751,LOS ANGELES,UNINCORPORATED,-117.89747858,34.01294845
6828146,2014,2015-03-11,9525,2014-10-25,1852,19291,NA,6,2,6,1975,0,1,1,NA,2,105,RT 10,HOLT AV,1584,E,N,A,-,Y,NA,NA,10,NA,NA,NA,NA,NA,NA,Y,4,0,1,3,A,-,03,22350,NA,N,C,C,A,A,H,-,-,D,0,NA,NA,NA,NA,Y,NA,A,01,0,0,1,0,0,0,0,0,0,-,-,34.06835,-117.85985,LOS ANGELES,WEST COVINA,-117.8598527,34.06833638
6828149,2014,2015-03-11,9525,2014-10-18,1850,20505,NA,6,2,9,1900,0,3,5,NA,2,004,DON JULIAN RD,PAMELA KAY LN,20,E,N,A,-,N,NA,NA,NA,NA,NA,NA,NA,NA,NA,Y,3,0,1,3,A,-,08,22107,NA,N,B,E,A,A,H,-,C,D,0,NA,NA,NA,NA,Y,NA,A,07,0,1,0,0,0,0,0,0,0,-,-,NA,NA,LOS ANGELES,UNINCORPORATED,-117.99668892,34.04014538
6828150,2014,2015-03-11,9525,2014-10-25,1840,19632,NA,6,2,4,1946,0,1,1,NA,2,211,RT 210,HUNTINGTON DR,1584,E,N,A,-,Y,NA,NA,210,NA,NA,NA,NA,NA,NA,N,4,0,1,2,A,-,03,22350,NA,N,C,C,A,A,H,-,A,D,0,NA,NA,NA,NA,Y,NA,A,01,0,0,1,0,0,0,0,0,0,-,-,34.13703,-118.01165,LOS ANGELES,MONROVIA,-118.01163252,34.13708459
6828154,2014,2015-03-11,9525,2014-10-24,1510,19321,NA,5,2,4,1946,0,1,1,NA,2,201,RT 210,MYRTLE AV,1056,W,N,A,-,Y,NA,NA,210,NA,NA,NA,NA,NA,NA,Y,4,0,2,6,A,-,03,22350,NA,N,C,C,A,A,H,-,A,D,0,NA,NA,NA,NA,Y,NA,A,01,0,0,2,0,0,0,0,0,0,-,-,34.13657,-118.00967,LOS ANGELES,MONROVIA,-118.00970664,34.13646376
6828158,2014,2015-03-11,9525,2014-10-24,1722,19632,NA,5,2,6,1955,0,1,3,NA,2,072,RT 71,RT 57,130,E,N,A,-,Y,NA,NA,NA,NA,NA,NA,NA,NA,NA,Y,4,0,1,2,A,-,03,22350,NA,N,C,C,A,A,H,-,A,D,0,NA,NA,NA,NA,Y,NA,A,01,0,0,1,0,0,0,0,0,0,TO,-,34.06578,-117.80622,LOS ANGELES,POMONA,NA,NA
6828241,2015,2016-09-26,9550,2015-01-05,0550,16109,NA,1,3,9,1900,0,1,3,NA,2,600,RT 60,7TH AV,1000,E,N,A,-,Y,LA,7,60,-,-,14.49,H,-,W,Y,4,0,3,4,A,-,03,22350,NA,N,C,C,A,A,H,-,D,D,1,NA,NA,NA,NA,Y,NA,A,01,0,0,3,0,0,0,0,0,0,-,-,34.01532,-117.98379,LOS ANGELES,UNINCORPORATED,-117.98576278,34.01714603
6828251,2014,2015-03-09,9550,2014-12-28,2205,20688,NA,7,3,9,1900,0,2,4,NA,1,023,MULBERRY DR,PAINTER AV,30,W,N,A,-,N,NA,NA,NA,NA,NA,NA,NA,NA,NA,N,4,0,1,2,A,-,01,23152,A,N,C,C,A,A,H,-,C,A,0,NA,NA,NA,NA,Y,Y,A,01,0,0,1,0,0,0,0,0,0,-,-,33.95372,-118.04289,LOS ANGELES,UNINCORPORATED,-118.0428964,33.95345209
6828253,2015,2016-11-01,9550,2015-01-05,1610,20737,NA,1,2,6,1949,0,1,1,NA,2,651,RT 605,FIRESTONE BL,1000,S,N,A,-,Y,LA,7,605,-,R,8.19,H,-,N,Y,4,0,1,2,A,-,03,22350,NA,N,C,C,A,A,H,-,A,D,1,NA,NA,NA,NA,Y,NA,D,22,0,0,1,0,0,0,0,0,0,-,-,33.92187,-118.1044,LOS ANGELES,NORWALK,-118.10436068,33.9217512
6828259,2014,2015-03-09,9550,2014-12-25,1950,19120,NA,4,2,9,1900,0,2,4,NA,1,051,FULLERTON RD,CAMINO BELLO,64,S,N,A,-,N,NA,NA,NA,NA,NA,NA,NA,NA,NA,Y,3,0,1,2,A,-,08,22107,NA,M,E,I,A,A,H,-,C,D,0,NA,NA,NA,NA,Y,Y,D,22,0,1,0,0,0,0,0,0,0,-,-,33.98628,-117.90632,LOS ANGELES,UNINCORPORATED,-117.90658561,33.98621819
6828266,2014,2015-03-09,9550,2014-12-29,0750,13935,NA,1,1,9,1900,0,3,5,NA,2,002,PAINTER AV,MYSTIC ST,0,NA,Y,A,-,N,NA,NA,NA,NA,NA,NA,NA,NA,NA,Y,4,0,2,3,A,-,12,21453,A,N,D,C,A,A,H,-,A,A,0,NA,NA,NA,NA,Y,NA,D,22,0,0,2,0,0,0,0,0,0,-,-,33.95057,-118.0454,LOS ANGELES,UNINCORPORATED,-118.04575005,33.95048009
6828269,2015,2016-09-26,9550,2015-01-11,0625,020755,NA,7,1,1,1932,0,1,3,NA,2,600,RT 60,RT 605,2150,E,N,C,-,Y,LA,7,60,-,-,12.17,H,-,W,Y,4,0,1,2,A,-,07,21658,A,N,B,C,A,B,C,-,C,D,1,NA,NA,NA,NA,Y,NA,D,22,0,0,1,0,0,0,0,0,0,-,-,34.03057,-118.01955,LOS ANGELES,INDUSTRY,-118.02006315,34.03083292
6828272,2014,2015-03-09,9550,2014-12-19,0056,19017,NA,5,3,9,1900,0,1,3,NA,2,601,RT 60,AZUSA AV,600,W,N,A,-,Y,NA,NA,60,NA,NA,NA,NA,NA,NA,Y,2,0,2,2,A,-,01,23152,A,N,B,E,A,A,H,-,C,D,0,NA,NA,NA,Y,Y,Y,A,01,1,1,0,0,0,0,0,0,0,-,-,33.99724,-117.93331,LOS ANGELES,UNINCORPORATED,-117.93329651,33.99729667
6828279,2014,2016-07-11,9550,2014-12-24,1515,019117,NA,3,2,5,1919,0,1,3,NA,2,091,RT 91,GRIDLEY RD,890,W,N,A,-,Y,LA,7,91,-,R,17.4,H,-,E,Y,3,0,2,2,A,-,03,22350,NA,N,C,C,A,A,H,-,A,D,1,NA,NA,NA,Y,Y,NA,A,01,0,2,0,0,0,0,0,0,0,-,-,33.87632,-118.09521,LOS ANGELES,CERRITOS,-118.0945242,33.8764064
6828286,2014,2016-07-08,9550,2014-12-29,0925,20795,NA,1,1,5,1919,0,1,3,NA,2,091,RT 91,GRIDLEY RD,220,E,N,A,-,Y,LA,7,91,-,R,17.61,H,-,E,Y,4,0,2,2,A,-,07,21658,A,N,B,C,A,A,H,-,A,D,1,NA,NA,NA,Y,Y,NA,A,07,0,0,2,0,0,0,0,0,0,-,-,33.87635,-118.09074,LOS ANGELES,CERRITOS,-118.09085528,33.87642139
6828290,2014,2016-06-29,9550,2014-12-28,1415,20018,NA,7,2,9,1900,0,1,3,NA,2,600,RT 60,CROSSROADS PKWY,1200,W,N,A,-,Y,LA,7,60,-,-,12.4,H,-,W,Y,4,0,1,3,A,-,07,21658,A,N,B,C,A,A,H,-,A,D,1,NA,NA,NA,NA,Y,NA,A,01,0,0,1,0,0,0,0,0,0,-,-,33.01827,-117.33471,LOS ANGELES,UNINCORPORATED,-118.01644984,34.02941903
6828297,2015,2016-11-01,9550,2015-01-12,1727,17398,NA,1,2,6,1949,0,1,1,NA,2,651,RT 605,ROSECRANS AV,200,N,N,A,-,Y,LA,7,605,-,R,6.88,H,-,S,N,4,0,1,4,A,-,03,22350,NA,N,C,C,A,A,H,-,B,D,1,NA,NA,NA,NA,Y,NA,D,22,0,0,1,0,0,0,0,0,0,-,-,NA,NA,LOS ANGELES,NORWALK,-118.10539891,33.90283912
6828302,2014,2015-03-26,9550,2014-12-27,0950,20824,NA,6,1,6,1920,0,1,1,NA,2,500,RT 5,RT 605,25,S,N,A,-,Y,NA,NA,5,NA,NA,NA,NA,NA,NA,Y,4,0,1,2,A,-,03,22350,NA,N,C,C,A,A,H,-,A,D,0,NA,NA,NA,NA,Y,NA,D,22,0,0,1,0,0,0,0,0,0,-,-,33.9409,-118.09635,LOS ANGELES,DOWNEY,-118.09635195,33.94089871
6828303,2014,2016-06-29,9550,2014-12-23,1505,16237,NA,2,2,9,1900,0,1,3,NA,2,600,RT 60,7TH AV,200,W,N,A,-,Y,LA,7,60,-,-,14.22,H,-,E,N,4,0,1,3,A,-,03,22350,NA,N,C,C,A,A,H,-,A,D,1,NA,NA,NA,Y,Y,NA,F,26,0,0,1,0,0,0,0,0,0,-,-,34.01831,-117.98739,LOS ANGELES,UNINCORPORATED,-117.98891214,34.02013687
6828307,2014,2015-03-26,9550,2014-12-23,1300,20025,NA,2,1,5,1919,0,1,1,NA,2,652,RT 605,195TH ST,200,S,N,A,-,Y,NA,NA,605,NA,NA,NA,NA,NA,NA,Y,3,0,3,2,A,-,03,22350,NA,N,C,C,A,A,H,-,A,D,0,NA,NA,NA,Y,Y,NA,F,26,0,2,1,0,0,0,0,0,0,-,-,33.85259,-118.09454,LOS ANGELES,CERRITOS,-118.09461424,33.85257184
6828309,2014,2015-03-26,9550,2014-12-30,0315,20392,NA,2,3,3,1964,0,1,1,NA,2,650,RT 605,TELEGRAPH RD,1300,N,N,A,-,Y,NA,NA,605,NA,NA,NA,NA,NA,NA,Y,3,0,3,4,A,-,03,22350,NA,N,C,C,A,A,H,-,C,D,0,NA,NA,NA,Y,Y,NA,G,25,0,2,1,0,0,0,0,0,0,-,-,33.95315,-118.09021,LOS ANGELES,SANTA FE SPRINGS,-118.09012003,33.95309483
6828348,2015,2015-03-13,1962,2015-02-11,1736,127,1962,3,5,4,1962,0,0,0,NA,0,022,LAS TUNAS DR,SAN MARINO AV,0,NA,Y,A,-,N,NA,NA,NA,NA,NA,NA,NA,NA,NA,Y,3,0,6,3,A,-,09,21801,A,N,D,C,A,A,H,-,C,A,0,NA,NA,NA,NA,Y,NA,A,01,0,1,5,0,0,0,0,0,0,-,-,NA,NA,LOS ANGELES,SAN GABRIEL,-118.10249003,34.10249008
6828379,2015,2015-03-13,1976,2015-02-06,0826,744,NA,5,5,3,1964,0,0,0,NA,0,NA,CARMENITA RD,CAMBRIDGE ST,33,S,N,A,-,N,NA,NA,NA,NA,NA,NA,NA,NA,NA,N,4,0,2,3,A,-,03,22350,NA,N,C,C,A,A,H,-,A,A,0,NA,NA,NA,Y,Y,NA,A,07,0,0,2,0,0,0,0,0,0,-,-,NA,NA,LOS ANGELES,SANTA FE SPRINGS,-118.04667,33.90643952
6828387,2014,2015-03-09,1976,2014-12-31,0632,745,NA,3,5,3,1964,0,0,0,NA,0,NA,MARQUARDT AV,FREEWAY DR,453,N,N,B,-,N,NA,NA,NA,NA,NA,NA,NA,NA,NA,Y,3,0,1,2,A,-,08,22102,NA,N,D,C,A,A,H,-,C,D,0,NA,NA,NA,NA,Y,NA,D,22,0,1,0,0,0,0,0,0,0,-,-,NA,NA,LOS ANGELES,SANTA FE SPRINGS,-118.03784,33.89060208
6828426,2015,2015-03-16,1912,2015-02-19,0916,8188,NA,4,5,6,1912,0,0,0,NA,0,NA,VANOWEN ST,VANOWEN PL,640,E,N,A,-,N,NA,NA,NA,NA,NA,NA,NA,NA,NA,Y,4,0,1,6,A,-,08,22107,NA,N,B,E,A,A,H,-,A,D,0,NA,NA,NA,Y,Y,NA,F,27,0,0,1,0,0,0,0,0,0,-,-,NA,NA,LOS ANGELES,BURBANK,-118.35383507,34.19276344
6828430,2015,2015-03-20,1912,2015-02-17,1739,9463,NA,2,5,6,1912,0,0,0,NA,0,NA,GLENOAKS BL,SAN JOSE AV,68,S,N,A,-,N,NA,NA,NA,NA,NA,NA,NA,NA,NA,Y,4,0,2,2,A,-,05,21460,C,N,B,C,A,A,H,-,B,D,0,NA,NA,NA,NA,Y,NA,A,01,0,0,2,0,0,0,0,0,0,-,-,NA,NA,LOS ANGELES,BURBANK,-118.31001949,34.18595875
6828434,2015,2015-03-13,1912,2015-02-16,1400,9589,NA,1,5,6,1912,0,0,0,NA,0,NA,ALAMEDA AV,PASS AV,0,NA,Y,A,-,N,NA,NA,NA,NA,NA,NA,NA,NA,NA,N,4,0,1,3,A,-,12,21453,A,N,D,C,A,A,H,-,A,A,0,NA,NA,NA,NA,Y,NA,A,07,0,0,1,0,0,0,0,0,0,-,-,NA,NA,LOS ANGELES,BURBANK,-118.34437006,34.15278002
6828446,2015,2016-09-08,1976,2015-02-23,0805,596,NA,1,5,5,1976,0,0,0,NA,0,004,WHITTIER BL,LA ENTRADA AV,0,NA,Y,A,-,Y,LA,7,72,-,-,2.262,I,6,N,N,3,0,2,4,A,-,09,21801,A,N,B,C,A,B,H,-,A,A,0,NA,NA,NA,NA,Y,NA,A,01,0,1,1,0,0,0,0,0,0,-,-,NA,NA,LOS ANGELES,WHITTIER,-118.01261161,33.95187286
6828454,2015,2015-03-13,1976,2015-02-18,2007,371,NA,3,5,5,1976,0,0,0,NA,0,001,PAINTER AV,PHILADELPHIA ST,0,NA,Y,A,-,N,NA,NA,NA,NA,NA,NA,NA,NA,NA,Y,4,0,2,3,A,-,01,23152,A,N,D,C,A,A,H,-,C,A,0,NA,NA,NA,NA,Y,Y,A,07,0,0,2,0,0,0,0,0,0,-,-,NA,NA,LOS ANGELES,WHITTIER,-118.03267011,33.97908007
6828458,2015,2015-03-20,1976,2015-02-18,0922,249,NA,3,5,5,1976,0,0,0,NA,0,NA,LA CUARTA ST,MILTON AV,150,W,N,A,-,N,NA,NA,NA,NA,NA,NA,NA,NA,NA,Y,4,0,3,3,A,-,09,21804,A,N,D,C,A,A,H,-,A,D,0,NA,NA,NA,NA,Y,NA,A,01,0,0,3,0,0,0,0,0,0,-,-,NA,NA,LOS ANGELES,WHITTIER,-118.04021362,33.96822
6828462,2015,2015-03-19,1976,2015-02-15,1800,509,NA,7,5,5,1976,0,0,0,NA,0,NA,COLLEGE AV,SARGENT AV,59,S,N,A,-,N,NA,NA,NA,NA,NA,NA,NA,NA,NA,Y,4,0,1,2,A,-,03,22350,NA,F,C,C,A,A,H,-,C,D,0,NA,NA,NA,NA,Y,NA,D,22,0,0,1,0,0,0,0,0,0,-,-,NA,NA,LOS ANGELES,WHITTIER,-118.02744,33.96187823
6828466,2015,2015-03-20,1976,2015-02-15,0034,465,NA,7,5,5,1976,0,0,0,NA,0,NA,LAMBERT RD,EL ARCO DR,285,E,N,A,-,N,NA,NA,NA,NA,NA,NA,NA,NA,NA,Y,3,0,2,5,A,-,03,22350,NA,N,C,E,A,A,H,-,C,D,0,NA,NA,NA,NA,Y,NA,A,01,0,1,1,0,0,0,0,0,0,-,-,NA,NA,LOS ANGELES,WHITTIER,-117.99561024,33.93447092
6828494,2015,2015-03-20,1909,2015-02-18,2114,507,NA,3,5,4,1909,0,0,0,NA,0,NORTH,GAGE AV,IRA AV,10,E,N,A,-,N,NA,NA,NA,NA,NA,NA,NA,NA,NA,Y,3,0,3,5,A,-,08,22107,NA,N,B,C,A,A,H,-,C,A,0,NA,NA,NA,NA,Y,NA,A,01,0,2,1,0,0,0,0,0,0,-,-,NA,NA,LOS ANGELES,BELL GARDENS,-118.1514474,33.97426624
6828498,2015,2015-03-19,1909,2015-02-13,0351,566,1909,5,5,4,1909,0,0,0,NA,0,NORTH,SCOUT AV,FLORENCE PL,36,S,N,A,-,N,NA,NA,NA,NA,NA,NA,NA,NA,NA,Y,4,0,1,2,A,-,01,23153,A,F,C,E,A,A,H,-,C,D,0,NA,NA,NA,NA,Y,Y,A,01,0,0,1,0,0,0,0,0,0,-,-,NA,NA,LOS ANGELES,BELL GARDENS,-118.14001584,33.96511591
6828644,2015,2015-03-24,9545,2015-02-09,1600,19006,NA,1,2,9,1900,0,3,5,NA,2,002,15TH ST WEST,AVENUE O,0,NA,Y,A,-,N,NA,NA,NA,NA,NA,NA,NA,NA,NA,Y,4,0,1,2,A,-,09,21802,A,N,D,C,A,A,H,-,A,D,0,NA,NA,NA,NA,Y,NA,A,01,0,0,1,0,0,0,0,0,0,-,-,34.61649,-118.15661,LOS ANGELES,UNINCORPORATED,-118.15663008,34.61652011
6828648,2015,2015-03-13,9545,2015-02-10,1640,17495,NA,2,2,9,1900,0,3,5,NA,2,001,AVENUE I,70TH ST EAST,0,NA,Y,A,-,N,NA,NA,NA,NA,NA,NA,NA,NA,NA,Y,3,0,1,2,A,-,09,21802,A,N,D,C,A,A,H,-,A,A,0,NA,NA,NA,NA,Y,NA,D,22,0,1,0,0,0,0,0,0,0,-,-,34.70469,-118.00533,LOS ANGELES,UNINCORPORATED,-118.00545012,34.70464003
6828660,2015,2016-09-23,9545,2015-02-14,1830,019006,NA,6,2,9,1900,0,1,3,NA,1,042,RT 138,165TH ST E,0,NA,Y,A,-,Y,LA,7,138,-,-,63.68,I,5,W,Y,3,0,2,2,A,-,09,21801,A,N,D,C,A,A,H,-,B,A,0,NA,NA,NA,NA,Y,NA,A,01,0,1,1,0,0,0,0,0,0,-,-,34.50618,-117.83531,LOS ANGELES,UNINCORPORATED,-117.83542756,34.50606125
6828703,2015,2015-03-20,1900,2015-02-20,1350,236790,1122,5,5,6,1992,0,0,0,NA,0,112T1,SIERRA HWY,NEWGROVE ST,64,S,N,A,-,N,NA,NA,NA,NA,NA,NA,NA,NA,NA,N,4,0,1,2,A,-,03,22350,NA,N,C,C,A,A,H,-,A,D,0,NA,NA,NA,NA,Y,NA,A,01,0,0,1,0,0,0,0,0,0,-,-,NA,NA,LOS ANGELES,LANCASTER,-118.1363335,34.69460589
6828708,2015,2015-03-11,1928,2015-02-25,1406,324,520,3,5,5,1928,0,0,0,NA,0,503,ROSECRANS AV,KORNBLUM AV,0,NA,Y,A,-,N,NA,NA,NA,NA,NA,NA,NA,NA,NA,Y,4,0,2,2,A,-,03,22350,NA,N,C,C,A,A,H,-,A,A,0,NA,NA,NA,NA,Y,NA,A,01,0,0,2,0,0,0,0,0,0,-,-,NA,NA,LOS ANGELES,HAWTHORNE,-118.33738002,33.90193005
6828748,2015,2016-09-27,9565,2015-02-10,1352,19540,NA,2,1,7,1942,0,1,1,NA,2,082,RT 10,BUNDY DR,150,NA,N,A,-,Y,LA,7,10,-,R,4.612,R,1,W,N,4,0,2,3,A,-,03,22350,NA,M,C,C,A,A,H,-,A,D,1,NA,NA,NA,NA,Y,NA,-,99,0,0,2,0,0,0,0,0,0,TO,-,34.17367,-118.26859,LOS ANGELES,LOS ANGELES,-118.4479191,34.02871204
6828768,2015,2016-10-17,9565,2015-02-14,1050,019879,NA,6,1,5,1928,0,1,1,NA,2,060,RT 405,135TH ST,200,N,N,A,-,Y,LA,7,405,-,-,19.27,H,-,N,Y,3,0,3,6,A,-,03,22350,NA,N,C,C,A,A,H,-,A,D,1,NA,NA,NA,NA,Y,NA,A,01,0,1,2,0,0,0,0,0,0,-,-,33.91197,-118.37049,LOS ANGELES,HAWTHORNE,-118.37030015,33.90250945
6828776,2015,2015-03-18,9565,2015-02-10,0745,018195,NA,2,1,7,1942,1,4,S,NA,2,901,BUNDY DR,WILSHIRE BL,50,S,N,A,-,N,NA,NA,NA,NA,NA,NA,NA,NA,NA,N,4,0,1,1,C,-,18,NA,NA,F,H,A,A,A,H,-,A,D,0,NA,NA,NA,NA,Y,NA,-,-,0,0,1,0,0,0,0,0,0,-,-,34.04402,-118.46736,LOS ANGELES,LOS ANGELES,-118.46738197,34.0439743
6828858,2015,2015-03-12,1965,2015-01-11,0304,3808,0B2C,7,5,5,1965,0,0,0,NA,0,B002,17TH ST,PICO BL,590,N,N,C,-,N,NA,NA,NA,NA,NA,NA,NA,NA,NA,Y,3,0,1,5,A,-,08,22107,NA,N,C,E,A,B,H,-,C,D,0,NA,NA,NA,NA,Y,Y,A,07,0,1,0,0,0,0,0,0,0,-,-,NA,NA,LOS ANGELES,SANTA MONICA,-118.47411641,34.01888554
6828870,2015,2015-03-16,1942,2015-02-21,1205,36754,1256,6,5,7,1942,0,0,0,L,0,3T5,FLORENCE AV,GRAND AV,85,E,N,A,-,N,NA,NA,NA,NA,NA,NA,NA,NA,NA,Y,3,0,2,3,A,-,03,22350,NA,F,C,C,A,A,H,-,A,A,0,NA,NA,NA,NA,Y,NA,A,01,0,2,0,0,0,0,0,0,0,-,-,NA,NA,LOS ANGELES,LOS ANGELES,-118.28002019,33.97466
6828882,2015,2015-03-19,1900,2015-02-03,2145,530600,2617,2,5,6,1950,0,0,0,NA,0,262T1,OAK BRIDGE WY,CYPRESS GROVE LN,200,S,N,A,-,N,NA,NA,NA,NA,NA,NA,NA,NA,NA,Y,3,0,1,2,A,-,08,22107,NA,N,B,C,A,A,H,-,C,D,0,NA,NA,NA,NA,Y,NA,D,22,0,1,0,0,0,0,0,0,0,-,-,NA,NA,LOS ANGELES,PALMDALE,NA,NA
6828886,2015,2015-03-11,1900,2015-02-01,1758,517840,2623,7,5,6,1950,0,0,0,NA,0,264T1,AVENUE O,110TH ST EAST,0,NA,Y,A,-,N,NA,NA,NA,NA,NA,NA,NA,NA,NA,Y,3,0,1,1,A,-,12,22450,A,N,E,I,A,A,H,-,C,D,0,NA,NA,NA,NA,Y,NA,D,22,0,1,0,0,0,0,0,0,0,-,-,NA,NA,LOS ANGELES,PALMDALE,-117.93403009,34.61669007
6828890,2015,2015-03-20,1900,2015-02-03,0037,473617,2619,2,5,6,1950,0,0,0,NA,0,2363T1,SIERRA HWY,AVE O,837,N,N,A,-,N,NA,NA,NA,NA,NA,NA,NA,NA,NA,N,4,0,1,2,A,-,03,22350,NA,M,C,C,A,A,H,-,C,D,0,NA,NA,NA,NA,Y,NA,D,22,0,0,1,0,0,0,0,0,0,-,-,NA,NA,LOS ANGELES,PALMDALE,-118.1241212,34.61961548
6828945,2015,2016-06-01,1900,2015-01-30,0750,253807,2619,5,5,6,1950,0,0,0,NA,0,261T1,SIERRA HWY,AVENUE M,172,S,N,A,-,N,NA,NA,NA,NA,NA,NA,NA,NA,NA,Y,4,0,2,3,A,-,03,22350,NA,N,C,C,A,B,H,-,A,D,0,NA,NA,NA,NA,Y,NA,D,22,0,0,2,0,0,0,0,0,0,-,-,NA,NA,LOS ANGELES,PALMDALE,-118.12818808,34.64539117
6828960,2015,2016-09-22,9565,2015-02-03,1401,17981,NA,2,2,7,1942,0,1,1,NA,2,083,RT 10,OVERLAND AV,500,E,N,A,-,Y,LA,7,10,-,R,6.58,H,-,W,Y,4,0,4,2,A,-,03,22350,NA,N,C,C,A,A,H,-,A,D,1,NA,NA,NA,Y,Y,NA,F,26,0,0,4,0,0,0,0,0,0,-,-,34.03195,-118.4493,LOS ANGELES,LOS ANGELES,-118.4140697,34.03173808
6828961,2015,2016-10-17,9565,2015-02-03,0830,016020,NA,2,1,5,1928,0,1,1,NA,2,060,RT 405,135TH ST,120,N,N,A,-,Y,LA,7,405,-,-,19.78,H,-,S,Y,4,0,1,2,A,-,07,21658,A,N,B,C,A,A,H,-,A,D,1,NA,NA,NA,Y,Y,NA,A,01,0,0,1,0,0,0,0,0,0,-,-,33.91052,-118.37,LOS ANGELES,HAWTHORNE,-118.370579,33.90991194
6828981,2015,2016-10-12,9565,2015-02-02,1740,20560,NA,1,2,7,1942,0,1,1,NA,2,010,RT 105,120TH ST,750,NA,N,A,-,Y,LA,7,405,-,R,20.29,R,2,S,Y,4,0,1,2,A,-,03,22350,NA,N,C,C,A,A,H,-,D,D,1,NA,NA,NA,NA,Y,NA,A,07,0,0,1,0,0,0,0,0,0,TO,-,33.92612,-118.36917,LOS ANGELES,LOS ANGELES,-118.3701498,33.91729521