CASE_ID,ACCIDENT_YEAR,PROC_DATE,JURIS,COLLISION_DATE,COLLISION_TIME,OFFICER_ID,REPORTING_DISTRICT,DAY_OF_WEEK,CHP_SHIFT,POPULATION,CNTY_CITY_LOC,SPECIAL_COND,BEAT_TYPE,CHP_BEAT_TYPE,CITY_DIVISION_LAPD,CHP_BEAT_CLASS,BEAT_NUMBER,PRIMARY_RD,SECONDARY_RD,DISTANCE,DIRECTION,INTERSECTION,WEATHER_1,WEATHER_2,STATE_HWY_IND,CALTRANS_COUNTY,CALTRANS_DISTRICT,STATE_ROUTE,ROUTE_SUFFIX,POSTMILE_PREFIX,POSTMILE,LOCATION_TYPE,RAMP_INTERSECTION,SIDE_OF_HWY,TOW_AWAY,COLLISION_SEVERITY,NUMBER_KILLED,NUMBER_INJURED,PARTY_COUNT,PRIMARY_COLL_FACTOR,PCF_CODE_OF_VIOL,PCF_VIOL_CATEGORY,PCF_VIOLATION,PCF_VIOL_SUBSECTION,HIT_AND_RUN,TYPE_OF_COLLISION,MVIW,PED_ACTION,ROAD_SURFACE,ROAD_COND_1,ROAD_COND_2,LIGHTING,CONTROL_DEVICE,CHP_ROAD_TYPE,PEDESTRIAN_ACCIDENT,BICYCLE_ACCIDENT,MOTORCYCLE_ACCIDENT,TRUCK_ACCIDENT,NOT_PRIVATE_PROPERTY,ALCOHOL_INVOLVED,STWD_VEHTYPE_AT_FAULT,CHP_VEHTYPE_AT_FAULT,COUNT_SEVERE_INJ,COUNT_VISIBLE_INJ,COUNT_COMPLAINT_PAIN,COUNT_PED_KILLED,COUNT_PED_INJURED,COUNT_BICYCLIST_KILLED,COUNT_BICYCLIST_INJURED,COUNT_MC_KILLED,COUNT_MC_INJURED,PRIMARY_RAMP,SECONDARY_RAMP,LATITUDE,LONGITUDE,COUNTY,CITY,POINT_X,POINT_Y
6834777,2015,2016-11-01,9550,2015-01-17,1810,20737,NA,6,2,6,1920,0,1,1,NA,2,651,RT 605,CECELIA ST,530,S,N,A,-,Y,LA,7,605,-,R,8.81,H,-,N,N,4,0,1,2,A,-,07,21658,A,N,B,C,A,A,H,-,D,D,1,NA,NA,Y,NA,Y,NA,A,01,0,0,1,0,0,0,0,0,1,-,-,33.93061,-118.10197,LOS ANGELES,DOWNEY,-118.10198394,33.93052397
6834778,2015,2015-03-05,9550,2015-01-17,1405,20755,NA,6,2,9,1900,0,3,5,NA,2,004,COLIMA RD,AZUSA RD,375,W,N,A,-,N,NA,NA,NA,NA,NA,NA,NA,NA,NA,N,3,0,1,2,A,-,09,21801,A,N,D,C,A,A,H,-,A,D,0,NA,NA,Y,NA,Y,Y,A,01,0,1,0,0,0,0,0,0,1,-,-,33.99091,-117.93291,LOS ANGELES,UNINCORPORATED,-117.93314473,33.99086628
6834779,2015,2016-11-01,9550,2015-01-17,1330,20765,NA,6,1,5,1919,0,1,1,NA,2,652,RT 605,SOUTH ST,300,S,N,A,-,Y,LA,7,605,-,R,3.69,H,-,N,N,4,0,1,2,A,-,03,22350,NA,N,C,C,A,A,H,-,A,D,1,NA,NA,NA,NA,Y,NA,A,01,0,0,1,0,0,0,0,0,0,-,-,33.85801,-118.09587,LOS ANGELES,CERRITOS,-118.09580454,33.85748653
6834780,2015,2016-10-06,9550,2015-01-17,1225,020824,NA,6,1,9,1900,0,1,1,NA,2,650,RT 605,ROSE HILLS RD,100,S,N,A,-,Y,LA,7,605,-,R,15.55,H,-,N,Y,3,0,1,1,A,-,03,22350,NA,N,E,J,A,A,H,-,A,D,1,NA,NA,Y,NA,Y,NA,C,02,0,1,0,0,0,0,0,0,1,-,-,34.01807,-118.05268,LOS ANGELES,UNINCORPORATED,-118.05289533,34.01775425
6834781,2015,2016-10-06,9550,2015-01-10,2045,20014,NA,6,2,9,1900,0,1,1,NA,2,650,RT 605,WASHINGTON BL,800,N,N,C,-,Y,LA,7,605,-,R,12.203,R,3,S,Y,4,0,1,1,A,-,08,22107,NA,N,E,I,A,A,H,-,D,D,1,NA,NA,NA,NA,Y,NA,A,01,0,0,1,0,0,0,0,0,0,-,-,33.97649,-118.07957,LOS ANGELES,UNINCORPORATED,-118.07950211,33.97594575
6834782,2015,2015-03-06,9550,2015-01-10,1945,18949,NA,6,2,9,1900,0,3,5,NA,2,003,STIMSON AV,LUJON ST,0,NA,Y,C,-,N,NA,NA,NA,NA,NA,NA,NA,NA,NA,Y,4,0,2,2,A,-,09,21801,A,N,A,C,A,B,H,-,C,A,0,NA,NA,NA,NA,Y,NA,A,01,0,0,2,0,0,0,0,0,0,-,-,33.99986,-117.96159,LOS ANGELES,UNINCORPORATED,-117.96150005,33.99981001
6834783,2015,2015-03-05,9550,2015-01-10,1808,20597,NA,6,2,9,1900,0,3,5,NA,2,001,SORENSEN AV,ROSE HEDGE DR,147,S,N,B,C,N,NA,NA,NA,NA,NA,NA,NA,NA,NA,N,4,0,1,2,A,-,11,21950,B,N,G,B,D,B,H,-,C,D,0,Y,NA,NA,NA,Y,NA,N,60,0,0,1,0,1,0,0,0,0,-,-,33.97404,-118.05685,LOS ANGELES,UNINCORPORATED,-118.05648264,33.97441241
6834784,2015,2016-11-01,9550,2015-01-10,1350,20755,NA,6,1,6,1949,0,1,1,NA,2,651,RT 605,FIRESTONE BL,300,N,N,C,-,Y,LA,7,605,-,R,8.027,R,2,N,Y,4,0,1,1,A,-,03,22350,NA,N,E,I,A,B,H,-,A,D,1,NA,NA,NA,NA,Y,NA,A,01,0,0,1,0,0,0,0,0,0,-,-,33.9291,-118.10328,LOS ANGELES,NORWALK,-118.10447689,33.91942516
6834785,2015,2015-03-06,9550,2015-01-10,1335,20741,NA,6,1,9,1900,0,2,4,NA,1,023,MULBERRY DR,LAUREL AV,0,NA,Y,C,-,N,NA,NA,NA,NA,NA,NA,NA,NA,NA,Y,3,0,3,2,A,-,12,21453,A,N,D,C,A,B,H,-,A,A,0,NA,NA,NA,NA,Y,NA,A,07,0,1,2,0,0,0,0,0,0,-,-,33.95122,-118.03946,LOS ANGELES,UNINCORPORATED,-118.03921005,33.95107009
6834786,2015,2016-09-13,9550,2015-01-10,1330,20037,NA,6,1,6,1920,0,1,1,NA,2,500,RT 5,FLORENCE AV,690,N,N,C,-,Y,LA,7,5,-,-,6.51,H,-,N,Y,4,0,1,2,A,-,03,22350,NA,N,C,C,A,B,H,-,A,D,1,NA,NA,NA,NA,Y,NA,A,01,0,0,1,0,0,0,0,0,0,-,-,33.93711,-118.09386,LOS ANGELES,DOWNEY,-118.09370454,33.93692802
6834793,2015,2015-03-06,9550,2015-01-23,1800,20597,NA,5,2,9,1900,0,3,5,NA,2,002,CARMENITA RD,MEYER RD,0,NA,Y,A,-,N,NA,NA,NA,NA,NA,NA,NA,NA,NA,Y,4,0,1,2,A,-,09,21801,A,N,D,C,A,A,H,-,B,A,0,NA,NA,NA,NA,Y,NA,A,01,0,0,1,0,0,0,0,0,0,-,-,33.92546,-118.04618,LOS ANGELES,UNINCORPORATED,-118.04658008,33.92560003
6834794,2015,2016-09-26,9550,2015-01-23,1632,17511,NA,5,2,9,1900,0,1,3,NA,2,602,RT 60,AZUSA AV,3000,E,N,A,-,Y,LA,7,60,-,-,18.54,H,-,W,Y,4,0,2,3,A,-,03,22350,NA,N,C,C,A,A,H,-,A,D,1,NA,NA,NA,NA,Y,NA,A,01,0,0,2,0,0,0,0,0,0,-,-,33.99601,-117.9225,LOS ANGELES,UNINCORPORATED,-117.92137253,33.99582038
6834795,2015,2016-09-26,9550,2015-01-23,1615,16237,NA,5,2,9,1900,0,1,3,NA,2,600,RT 60,RT 605,430,E,N,A,-,Y,LA,7,60,-,-,11.973,R,2,W,Y,2,0,1,1,A,-,08,22107,NA,N,E,I,A,A,H,-,A,D,1,NA,NA,Y,NA,Y,NA,C,02,1,0,0,0,0,0,0,0,1,-,-,34.03388,-118.02461,LOS ANGELES,UNINCORPORATED,-118.02310722,34.03218908
6834796,2015,2016-10-17,9550,2015-01-23,1505,20755,NA,5,2,5,1919,0,1,3,NA,2,092,RT 91,183RD ST,100,W,N,A,-,Y,LA,7,91,-,R,20.15,H,-,E,Y,4,0,1,2,A,-,03,22350,NA,N,C,C,A,A,H,-,A,D,1,NA,NA,NA,NA,Y,NA,A,07,0,0,1,0,0,0,0,0,0,-,-,33.8665,-118.0508,LOS ANGELES,CERRITOS,-118.05053822000001,33.86665846
6834797,2015,2016-09-26,9550,2015-01-23,1130,014312,NA,5,1,9,1900,0,2,4,NA,1,051,NOGALES ST,RT 60,0,NA,Y,A,-,Y,LA,7,60,-,-,20.261,R,4,E,Y,4,0,2,2,A,-,12,21453,A,N,D,C,A,A,H,-,A,A,1,NA,NA,NA,NA,Y,NA,A,07,0,0,2,0,0,0,0,0,0,-,EF,33.99276,-117.88882,LOS ANGELES,UNINCORPORATED,-117.89157868,33.99407048
6834798,2015,2016-09-23,9550,2015-01-23,1050,16237,NA,5,1,9,1900,0,1,3,NA,2,600,RT 60,7TH AV,100,W,N,A,-,Y,LA,7,60,-,-,14.24,H,-,W,Y,4,0,2,2,A,-,03,22350,NA,N,C,C,A,A,H,-,A,D,1,NA,NA,NA,NA,Y,NA,A,01,0,0,2,0,0,0,0,0,0,-,-,34.02208,-117.99028,LOS ANGELES,UNINCORPORATED,-117.98854599,34.02008274
6834799,2015,2016-10-18,9550,2015-01-23,0905,18531,NA,5,1,7,1941,0,1,3,NA,2,090,RT 91,ATLANTIC,538,E,N,A,-,Y,LA,7,91,-,R,12.22,H,-,W,Y,4,0,3,3,A,-,03,22350,NA,N,C,C,A,A,H,-,A,D,1,NA,NA,NA,NA,Y,NA,A,01,0,0,3,0,0,0,0,0,0,-,-,33.87689,-118.18414,LOS ANGELES,LONG BEACH,-118.18410074,33.87684766
6834800,2015,2016-11-05,9550,2015-01-22,2235,18150,NA,4,3,9,1900,0,3,5,NA,2,001,WHITTIER BL,RT 605,70,E,N,A,-,Y,LA,7,72,-,-,6.65,H,-,S,N,2,0,1,2,A,-,01,23152,A,F,C,G,A,A,H,-,C,D,0,NA,Y,NA,NA,Y,Y,A,01,1,0,0,0,0,0,1,0,0,-,-,33.99303,-118.06885,LOS ANGELES,UNINCORPORATED,-118.06918557,33.99331385
6834841,2014,2015-03-06,9550,2014-12-24,1220,20070,NA,3,1,6,1949,0,1,1,NA,2,651,RT 605,FIRESTONE BL,100,N,N,A,-,Y,NA,NA,NA,NA,NA,NA,NA,NA,NA,Y,3,0,1,2,A,-,03,22350,NA,N,C,C,A,A,H,-,A,D,0,NA,NA,NA,NA,Y,NA,A,01,0,1,0,0,0,0,0,0,0,-,-,NA,NA,LOS ANGELES,NORWALK,-118.1042052,33.92500162
6834842,2014,2015-03-06,9550,2014-12-23,1926,19117,NA,2,2,6,1920,0,1,1,NA,2,651,RT 605,FIRESTONE BL,350,N,N,A,-,Y,NA,NA,NA,NA,NA,NA,NA,NA,NA,Y,4,0,1,2,A,-,03,22350,NA,N,C,C,A,A,H,-,C,D,0,NA,NA,NA,NA,Y,NA,A,01,0,0,1,0,0,0,0,0,0,-,-,33.92589,-118.10358,LOS ANGELES,DOWNEY,-118.10404922,33.92567467
6834843,2014,2015-03-09,9550,2014-12-22,1535,16237,NA,1,2,9,1900,0,2,4,NA,1,031,HACIENDA BL,NEWTON ST,0,NA,Y,A,-,N,NA,NA,NA,NA,NA,NA,NA,NA,NA,Y,4,0,2,2,A,-,12,21453,A,N,D,C,A,A,H,-,A,A,0,NA,NA,NA,NA,Y,NA,A,01,0,0,2,0,0,0,0,0,0,-,-,33.99582,-117.96834,LOS ANGELES,UNINCORPORATED,-117.96822013,33.99605007
6834844,2014,2015-03-06,9550,2014-12-21,2155,20688,NA,7,2,6,1949,0,1,1,NA,2,500,RT 5,IMPERIAL HWY,10,N,N,A,-,Y,NA,NA,5,NA,NA,NA,NA,NA,NA,Y,4,0,1,2,A,-,03,22350,NA,N,C,C,A,A,H,-,C,D,0,NA,NA,NA,NA,Y,NA,A,01,0,0,1,0,0,0,0,0,0,-,-,33.91738,-118.0801,LOS ANGELES,NORWALK,-118.08012303,33.9173637
6834845,2014,2015-03-09,9550,2014-12-21,1430,20755,NA,7,2,9,1900,0,2,4,NA,1,051,FULLERTON RD,GALATINA ST,300,N,N,A,-,N,NA,NA,NA,NA,NA,NA,NA,NA,NA,Y,4,0,4,3,A,-,09,21801,A,N,D,C,A,A,H,-,A,D,0,NA,NA,NA,NA,Y,NA,A,01,0,0,4,0,0,0,0,0,0,-,-,33.9811,-117.9079,LOS ANGELES,UNINCORPORATED,-117.90869000000001,33.97968
6834846,2014,2015-03-12,9550,2014-12-20,1840,20664,NA,6,2,6,1949,0,1,1,NA,2,651,RT 605,FIRESTONE BL,500,N,N,A,-,Y,NA,NA,NA,NA,NA,NA,NA,NA,NA,Y,4,0,3,2,A,-,03,22350,NA,N,C,C,A,A,H,-,C,D,0,NA,NA,NA,NA,Y,NA,A,01,0,0,3,0,0,0,0,0,0,-,-,33.93522,-118.09836,LOS ANGELES,NORWALK,-118.10394807,33.92607722
6834847,2014,2015-03-09,9550,2014-12-20,2330,20696,NA,6,3,9,1900,0,2,4,NA,1,042,COLIMA RD,JELLICK AV,0,NA,Y,A,-,N,NA,NA,NA,NA,NA,NA,NA,NA,NA,Y,3,0,2,2,A,-,09,21453,C,N,D,C,A,A,H,-,C,A,0,NA,NA,NA,NA,Y,Y,A,01,0,1,1,0,0,0,0,0,0,-,-,33.98803,-117.9011,LOS ANGELES,UNINCORPORATED,-117.90120007,33.98810011
6834848,2014,2015-03-09,9550,2014-12-20,1800,20696,NA,6,2,9,1900,0,3,5,NA,2,005,COLIMA RD,FAIRNAY DR,300,E,N,A,-,N,NA,NA,NA,NA,NA,NA,NA,NA,NA,Y,4,0,1,3,A,-,03,22350,NA,N,C,C,A,A,A,-,-,A,0,NA,NA,NA,NA,Y,NA,A,01,0,0,1,0,0,0,0,0,0,-,-,NA,NA,LOS ANGELES,UNINCORPORATED,-117.869072,33.987177
6834849,2014,2015-03-06,9550,2014-12-20,1712,19017,NA,6,2,5,1919,0,1,1,NA,2,652,RT 605,ARTESIA BL,1000,S,N,A,-,Y,NA,NA,605,NA,NA,NA,NA,NA,NA,Y,4,0,1,3,A,-,03,22350,NA,N,C,C,A,A,H,-,B,D,0,NA,NA,NA,NA,Y,NA,A,01,0,0,1,0,0,0,0,0,0,-,-,33.87029,-118.10012,LOS ANGELES,CERRITOS,-118.10011825,33.8702906
6834850,2014,2015-03-06,9550,2014-12-20,1210,20743,NA,6,1,7,1941,0,1,1,NA,2,653,RT 605,SPRING ST,10,S,N,B,-,Y,NA,NA,605,NA,NA,NA,NA,NA,NA,Y,4,0,2,2,A,-,03,22350,NA,N,C,C,A,A,H,-,A,D,0,NA,NA,NA,NA,Y,NA,A,01,0,0,2,0,0,0,0,0,0,FR,-,33.81076,-118.08116,LOS ANGELES,LONG BEACH,-118.08133678,33.81076079
6834851,2014,2015-03-09,9550,2014-12-19,2245,18854,NA,5,3,9,1900,0,3,5,NA,2,003,VALLECITO DR,SONNET PL,124,N,N,A,-,N,NA,NA,NA,NA,NA,NA,NA,NA,NA,Y,3,0,2,1,A,-,03,22350,NA,N,E,I,A,A,H,-,C,-,0,NA,NA,NA,NA,Y,NA,A,01,0,1,1,0,0,0,0,0,0,-,-,33.99912,-117.98288,LOS ANGELES,UNINCORPORATED,-117.98293576,33.99906937
6834852,2014,2016-07-11,9550,2014-12-19,1910,19017,NA,5,2,5,1908,0,1,3,NA,2,091,RT 91,BELLFLOWER BL,1000,W,N,A,-,Y,LA,7,91,-,R,15.42,H,-,E,N,3,0,1,3,A,-,03,22350,NA,N,C,C,A,A,H,-,C,D,1,NA,NA,NA,NA,Y,NA,A,01,0,1,0,0,0,0,0,0,0,-,-,33.87655,-118.13219,LOS ANGELES,BELLFLOWER,-118.12882394,33.87607184
6834853,2014,2015-03-06,9550,2014-12-19,1325,20741,NA,5,1,9,1900,0,1,1,NA,2,650,RT 605,SARAGOSSA ST,2000,N,N,B,-,Y,NA,NA,605,NA,NA,NA,NA,NA,NA,Y,4,0,1,2,A,-,03,22350,NA,N,C,C,A,A,H,-,A,D,0,NA,NA,NA,NA,Y,NA,A,01,0,0,1,0,0,0,0,0,0,-,-,33.98301,-118.07358,LOS ANGELES,UNINCORPORATED,-118.07355256,33.98298727
6834854,2014,2015-03-06,9550,2014-12-19,1210,20305,NA,5,1,5,1919,0,1,1,NA,2,652,RT 605,SOUTH ST,1500,N,N,A,-,Y,NA,NA,605,NA,NA,NA,NA,NA,NA,Y,4,0,1,2,A,-,03,22350,NA,N,C,C,A,A,H,-,A,D,0,NA,NA,NA,NA,Y,NA,A,07,0,0,1,0,0,0,0,0,0,-,-,33.86387,-118.09799,LOS ANGELES,CERRITOS,-118.09811105,33.86382552
6834855,2014,2015-03-06,9550,2014-12-19,1040,15040,NA,5,1,6,1949,0,1,1,NA,2,500,RT 5,FLORENCE AV,1,S,N,A,-,Y,NA,NA,5,NA,NA,NA,NA,NA,NA,N,4,0,1,2,A,-,03,22350,NA,N,C,C,A,A,H,-,A,D,0,NA,NA,NA,NA,Y,NA,A,01,0,0,1,0,0,0,0,0,0,-,-,33.92291,-118.08371,LOS ANGELES,NORWALK,-118.08380204,33.92284509
6834856,2014,2015-03-06,9550,2014-12-19,0810,20305,NA,5,1,6,1949,0,1,1,NA,2,651,RT 605,IMPERIAL HWY,190,N,N,A,-,Y,NA,NA,605,NA,NA,NA,NA,NA,NA,Y,4,0,1,2,A,-,03,22350,NA,N,C,C,A,A,H,-,A,D,0,NA,NA,NA,NA,Y,NA,A,01,0,0,1,0,0,0,0,0,0,-,-,33.91786,-118.1044,LOS ANGELES,NORWALK,-118.10454182,33.91786591
6834857,2014,2015-03-09,9550,2014-12-19,0650,20777,NA,5,1,9,1900,0,2,4,NA,1,022,VALLEY VIEW AV,LEFFINGWELL RD,0,NA,Y,A,-,N,NA,NA,NA,NA,NA,NA,NA,NA,NA,Y,4,0,1,2,A,-,09,21801,A,N,D,C,A,A,H,-,A,A,0,NA,NA,NA,NA,Y,NA,A,01,0,0,1,0,0,0,0,0,0,-,-,33.92275,-118.0292,LOS ANGELES,UNINCORPORATED,-118.02922005,33.92277007
6834858,2014,2015-03-09,9550,2014-12-18,1715,19421,NA,4,2,9,1900,0,3,5,NA,2,003,GALE AV,LATCHFORD AV,0,NA,Y,A,-,N,NA,NA,NA,NA,NA,NA,NA,NA,NA,Y,3,0,1,2,A,-,03,22350,NA,N,C,C,A,A,H,-,C,D,0,NA,NA,NA,NA,Y,NA,A,01,0,1,0,0,0,0,0,0,0,-,-,34.01854,-117.98457,LOS ANGELES,UNINCORPORATED,-117.98469012,34.0184601
6834859,2014,2015-03-06,9550,2014-12-18,1035,20305,NA,4,1,9,1900,0,1,1,NA,2,500,RT 5,NORWALK BL,340,N,N,A,-,Y,NA,NA,NA,NA,NA,NA,NA,NA,NA,N,4,0,1,3,A,-,03,22350,NA,F,C,C,A,A,H,-,A,D,0,NA,NA,NA,NA,Y,NA,-,99,0,0,1,0,0,0,0,0,0,-,-,33.91305,-118.07472,LOS ANGELES,UNINCORPORATED,-118.07465578,33.91248281
6834860,2014,2015-03-09,9550,2014-12-18,0735,20755,NA,4,1,9,1900,0,2,4,NA,1,031,FOLGER ST,FIELDGATE AV,400,W,N,A,-,N,NA,NA,NA,NA,NA,NA,NA,NA,NA,N,4,0,1,2,A,-,09,21804,A,N,D,C,A,A,H,-,B,D,0,NA,NA,NA,NA,Y,NA,A,01,0,0,1,0,0,0,0,0,0,-,-,34.00646,-117.95021,LOS ANGELES,UNINCORPORATED,-117.95017236,34.00644636
6834861,2014,2015-03-06,9550,2014-12-17,1010,18412,NA,3,1,6,1920,0,1,1,NA,2,651,RT 605,FLORENCE AV,800,S,N,B,-,Y,NA,NA,605,NA,NA,NA,NA,NA,NA,N,4,0,1,2,A,-,03,22350,NA,N,C,C,A,A,H,-,A,D,0,NA,NA,NA,NA,Y,NA,A,01,0,0,1,0,0,0,0,0,0,-,-,33.93155,-118.10141,LOS ANGELES,DOWNEY,-118.1014485,33.93156997
6834862,2014,2016-07-11,9550,2014-12-16,0945,14862,NA,2,1,3,1903,0,1,3,NA,2,091,RT 91,PIONEER BL,250,W,N,A,-,Y,LA,7,91,-,R,18.04,H,-,W,Y,4,0,1,4,A,-,03,22350,NA,N,C,C,A,A,H,-,A,D,1,NA,NA,NA,NA,Y,NA,A,01,0,0,1,0,0,0,0,0,0,-,-,33.87666,-118.0873,LOS ANGELES,ARTESIA,-118.08342288,33.87645329
6834863,2014,2015-03-06,9550,2014-12-15,0435,20795,NA,1,3,5,1908,0,1,3,NA,2,091,RT 91,RT 605,100,W,N,A,-,Y,NA,NA,NA,NA,NA,NA,NA,NA,NA,Y,4,0,1,1,A,-,01,23152,A,N,E,I,A,A,H,-,C,D,0,NA,NA,NA,NA,Y,Y,A,07,0,0,1,0,0,0,0,0,0,-,-,33.8595,-118.05984,LOS ANGELES,BELLFLOWER,-118.10297875,33.87648
6834864,2014,2015-03-06,9550,2014-12-17,0350,20340,NA,3,3,5,1919,0,1,1,NA,2,652,RT 605,SOUTH ST,1000,N,N,C,-,Y,NA,NA,605,NA,NA,NA,NA,NA,NA,Y,4,0,1,1,A,-,03,22350,NA,N,E,I,A,B,H,-,C,D,0,NA,NA,NA,NA,Y,NA,A,01,0,0,1,0,0,0,0,0,0,-,-,33.86019,-118.09631,LOS ANGELES,CERRITOS,-118.09648785,33.86013423
6834865,2014,2015-03-09,9550,2014-12-16,1900,20360,NA,2,2,9,1900,0,3,5,NA,2,004,FULLERTON RD,CROSS HAVEN DR,20,N,N,A,-,N,NA,NA,NA,NA,NA,NA,NA,NA,NA,Y,4,0,2,2,A,-,03,22350,NA,N,C,C,A,B,H,-,C,A,0,NA,NA,NA,NA,Y,NA,A,01,0,0,2,0,0,0,0,0,0,-,-,33.98354,-117.90781,LOS ANGELES,UNINCORPORATED,-117.90770257,33.98394448
6834866,2014,2016-07-11,9550,2014-12-16,1640,20709,NA,2,2,7,1941,0,1,3,NA,2,090,RT 91,CHERRY AV,600,E,N,C,-,Y,LA,7,91,-,R,13.24,H,-,E,N,4,0,1,2,A,-,03,22350,NA,N,C,C,A,B,H,-,B,D,1,NA,NA,NA,NA,Y,NA,A,01,0,0,1,0,0,0,0,0,0,-,-,33.87585,-118.16635,LOS ANGELES,LONG BEACH,-118.16647035,33.87599357
6834867,2014,2016-06-29,9550,2014-12-16,1515,16237,NA,2,2,9,1900,0,1,3,NA,2,600,RT 60,HACIENDA BL,2000,W,N,A,-,Y,LA,7,60,-,-,15.55,H,-,E,Y,4,0,1,2,A,-,03,22350,NA,N,C,C,A,A,H,-,A,D,1,NA,NA,NA,NA,Y,NA,A,01,0,0,1,0,0,0,0,0,0,-,-,34.01055,-117.97701,LOS ANGELES,UNINCORPORATED,-117.97084728,34.0087915
6834868,2014,2015-03-06,9550,2014-12-15,1755,19293,NA,1,2,6,1949,0,1,1,NA,2,500,RT 5,CARMENITA RD,1000,N,N,A,-,Y,NA,NA,5,NA,NA,NA,NA,NA,NA,N,3,0,1,2,A,-,07,21658,A,N,B,C,A,A,H,-,C,D,0,NA,NA,Y,NA,Y,NA,A,01,0,1,0,0,0,0,0,0,1,-,-,33.8967,-118.05148,LOS ANGELES,NORWALK,-118.05161811,33.89644394
6834869,2014,2016-07-08,9550,2014-12-15,0635,20765,NA,1,1,5,1919,0,1,3,NA,2,092,RT 91,CARMENITA RD,200,W,N,A,-,Y,LA,7,91,-,R,20.41,H,-,W,Y,4,0,1,2,A,-,07,21658,A,N,B,C,A,A,H,-,A,D,1,NA,NA,Y,NA,Y,NA,A,01,0,0,1,0,0,0,0,0,1,-,-,33.8655,-118.04845,LOS ANGELES,CERRITOS,-118.04695232,33.86437207
6834870,2014,2016-07-08,9550,2014-12-14,2125,20551,NA,7,2,5,1908,0,1,3,NA,2,090,RT 91,DOWNEY AV,10,E,N,A,-,Y,LA,7,91,-,R,14.13,H,-,E,Y,3,0,2,2,A,-,03,22350,NA,N,D,C,A,A,H,-,C,D,1,NA,NA,NA,NA,Y,NA,A,01,0,1,1,0,0,0,0,0,0,-,-,33.87718,-118.15111,LOS ANGELES,BELLFLOWER,-118.15113159,33.87694726
6834871,2014,2015-03-06,9550,2014-12-14,1920,20282,NA,7,2,6,1920,0,1,1,NA,2,651,RT 605,FLORENCE AV,15,S,N,A,-,Y,NA,NA,605,NA,NA,NA,NA,NA,NA,Y,4,0,2,1,A,-,08,22107,NA,N,E,I,A,A,H,-,C,D,0,NA,NA,NA,NA,Y,NA,A,01,0,0,2,0,0,0,0,0,0,-,-,33.93854,-118.09808,LOS ANGELES,DOWNEY,-118.09810345,33.93855292
6834872,2014,2015-03-06,9550,2014-12-26,1140,20730,NA,5,1,6,1920,0,1,1,NA,2,651,RT 605,FLORENCE AV,2300,S,N,A,-,Y,NA,NA,605,NA,NA,NA,NA,NA,NA,N,4,0,3,2,A,-,03,22350,NA,N,C,C,A,A,H,-,A,D,0,NA,NA,NA,NA,Y,NA,A,07,0,0,3,0,0,0,0,0,0,-,-,33.93201,-118.10114,LOS ANGELES,DOWNEY,-118.1012033,33.93204282
6834873,2014,2015-03-06,9550,2014-12-24,1535,20070,NA,3,2,5,1969,0,1,1,NA,2,151,RT 105,PARAMOUNT BL,250,E,N,A,-,Y,NA,NA,NA,NA,NA,NA,NA,NA,NA,Y,4,0,1,3,A,-,03,22350,NA,N,C,C,A,A,H,-,A,D,0,NA,NA,NA,NA,Y,NA,A,01,0,0,1,0,0,0,0,0,0,-,-,33.91203,-118.15533,LOS ANGELES,SOUTH GATE,-118.15920522,33.91182224
6834874,2014,2016-06-29,9550,2014-12-23,1635,1827,NA,2,2,9,1900,0,1,3,NA,2,600,RT 60,CROSSROADS PKWY,300,E,N,A,-,Y,LA,7,60,-,-,12.78,H,-,E,Y,3,0,1,1,A,-,08,22107,NA,N,B,I,A,A,H,-,A,D,1,NA,NA,Y,NA,Y,NA,C,02,0,1,0,0,0,0,0,0,1,-,-,34.02913,-118.01002,LOS ANGELES,UNINCORPORATED,-118.01026619,34.02898459
6834875,2014,2015-03-06,9550,2014-12-25,2045,20664,NA,4,2,9,1900,0,1,1,NA,2,650,RT 605,ROSEHILLS RD,150,S,N,A,-,Y,NA,NA,605,NA,NA,NA,NA,NA,NA,Y,3,0,2,1,A,-,08,22107,NA,N,E,I,A,A,H,-,C,D,0,NA,NA,NA,NA,Y,NA,A,01,0,1,1,0,0,0,0,0,0,FR,-,34.01724,-118.05423,LOS ANGELES,UNINCORPORATED,-118.05408496,34.01706758
6834876,2014,2016-07-08,9550,2014-12-25,1100,20795,NA,4,1,5,1919,0,1,3,NA,2,091,RT 91,RT 605,435,W,N,A,-,Y,LA,7,91,-,R,16.82,H,-,E,N,4,0,1,1,A,-,08,22107,NA,N,E,I,A,A,H,-,A,D,1,NA,NA,NA,NA,Y,NA,A,01,0,0,1,0,0,0,0,0,0,-,-,33.87618,-118.10415,LOS ANGELES,CERRITOS,-118.10455094,33.87636757
6834877,2014,2016-07-11,9550,2014-12-24,1550,19117,NA,3,2,5,1908,0,1,3,NA,2,091,RT 91,LAKEWOOD BL,50,E,N,A,-,Y,LA,7,91,-,R,14.64,H,-,E,Y,4,0,2,2,A,-,03,22350,NA,N,C,C,A,A,H,-,A,D,1,NA,NA,NA,NA,Y,NA,A,08,0,0,2,0,0,0,0,0,0,-,-,33.87693,-118.14014,LOS ANGELES,BELLFLOWER,-118.14223141,33.87703755