CASE_ID,ACCIDENT_YEAR,PROC_DATE,JURIS,COLLISION_DATE,COLLISION_TIME,OFFICER_ID,REPORTING_DISTRICT,DAY_OF_WEEK,CHP_SHIFT,POPULATION,CNTY_CITY_LOC,SPECIAL_COND,BEAT_TYPE,CHP_BEAT_TYPE,CITY_DIVISION_LAPD,CHP_BEAT_CLASS,BEAT_NUMBER,PRIMARY_RD,SECONDARY_RD,DISTANCE,DIRECTION,INTERSECTION,WEATHER_1,WEATHER_2,STATE_HWY_IND,CALTRANS_COUNTY,CALTRANS_DISTRICT,STATE_ROUTE,ROUTE_SUFFIX,POSTMILE_PREFIX,POSTMILE,LOCATION_TYPE,RAMP_INTERSECTION,SIDE_OF_HWY,TOW_AWAY,COLLISION_SEVERITY,NUMBER_KILLED,NUMBER_INJURED,PARTY_COUNT,PRIMARY_COLL_FACTOR,PCF_CODE_OF_VIOL,PCF_VIOL_CATEGORY,PCF_VIOLATION,PCF_VIOL_SUBSECTION,HIT_AND_RUN,TYPE_OF_COLLISION,MVIW,PED_ACTION,ROAD_SURFACE,ROAD_COND_1,ROAD_COND_2,LIGHTING,CONTROL_DEVICE,CHP_ROAD_TYPE,PEDESTRIAN_ACCIDENT,BICYCLE_ACCIDENT,MOTORCYCLE_ACCIDENT,TRUCK_ACCIDENT,NOT_PRIVATE_PROPERTY,ALCOHOL_INVOLVED,STWD_VEHTYPE_AT_FAULT,CHP_VEHTYPE_AT_FAULT,COUNT_SEVERE_INJ,COUNT_VISIBLE_INJ,COUNT_COMPLAINT_PAIN,COUNT_PED_KILLED,COUNT_PED_INJURED,COUNT_BICYCLIST_KILLED,COUNT_BICYCLIST_INJURED,COUNT_MC_KILLED,COUNT_MC_INJURED,PRIMARY_RAMP,SECONDARY_RAMP,LATITUDE,LONGITUDE,COUNTY,CITY,POINT_X,POINT_Y
6837822,2015,2015-03-17,1941,2015-02-13,1613,5462,NA,5,5,7,1941,0,0,0,NA,0,NA,SAINT LOUIS AV,ANAHEIM,0,NA,Y,A,-,N,NA,NA,NA,NA,NA,NA,NA,NA,NA,N,3,0,1,2,A,-,05,21650,1,N,D,G,A,A,H,-,A,D,0,NA,Y,NA,NA,Y,NA,L,NA,0,1,0,0,0,0,1,0,0,-,-,NA,NA,LOS ANGELES,LONG BEACH,-118.16659011,33.78260003
6837833,2015,2016-10-31,1941,2015-02-19,1507,6185,NA,4,5,7,1941,0,0,0,NA,0,NA,PACIFIC COAST HWY,OREGON AV,180,E,N,A,-,Y,LA,7,1,-,-,6.95,H,-,N,N,4,0,1,2,A,-,09,21804,A,N,D,C,A,A,H,-,A,D,0,NA,NA,NA,NA,Y,NA,A,NA,0,0,1,0,0,0,0,0,0,-,-,NA,NA,LOS ANGELES,LONG BEACH,-118.20117812,33.78992063
6837837,2015,2015-03-17,1941,2015-02-11,1300,6017,NA,3,5,7,1941,0,0,0,NA,0,NA,LONG BEACH BL,17TH ST,0,NA,Y,A,-,N,NA,NA,NA,NA,NA,NA,NA,NA,NA,N,4,0,1,2,A,-,05,21650,1,N,G,G,A,A,H,-,A,D,0,NA,Y,NA,NA,Y,NA,L,NA,0,0,1,0,0,0,1,0,0,-,-,NA,NA,LOS ANGELES,LONG BEACH,-118.18928001,33.78805002
6837841,2015,2015-03-19,1900,2015-02-20,1355,502210,0635,5,5,6,1985,0,0,0,NA,0,61T1,SOLEDAD CANYON RD,RUE ENTREE,0,NA,Y,A,-,N,NA,NA,NA,NA,NA,NA,NA,NA,NA,Y,4,0,1,3,A,-,09,21801,A,N,D,C,A,A,H,-,A,A,0,NA,NA,NA,NA,Y,NA,A,01,0,0,1,0,0,0,0,0,0,-,-,NA,NA,LOS ANGELES,SANTA CLARITA,-118.41153001,34.4281401
6837842,2015,2015-03-19,1942,2015-02-24,1645,40294,2139,2,5,7,1942,0,0,0,NA,0,9T52,WINNETKA AV,LEADWELL ST,90,N,N,A,-,N,NA,NA,NA,NA,NA,NA,NA,NA,NA,Y,3,0,1,2,A,-,08,22102,NA,N,D,C,A,A,H,-,B,D,0,NA,NA,Y,NA,Y,NA,D,22,0,1,0,0,0,0,0,0,1,-,-,NA,NA,LOS ANGELES,LOS ANGELES,-118.57099,34.20371689
6837845,2015,2015-03-20,1942,2015-02-27,1345,36153,0985,5,5,7,1942,0,0,0,I,0,9TL54,MOORPARK ST,SYLMAR AV,0,NA,Y,A,-,N,NA,NA,NA,NA,NA,NA,NA,NA,NA,N,4,0,1,2,A,-,08,22100,B,N,D,C,A,A,H,-,A,D,0,NA,NA,NA,NA,Y,NA,A,01,0,0,1,0,0,0,0,0,0,-,-,NA,NA,LOS ANGELES,LOS ANGELES,-118.44656001,34.15159007
6837846,2015,2015-03-19,1942,2015-02-19,1825,40006,2134,4,5,7,1942,0,0,0,NA,0,10X88,SHERMAN WY,SHOUP AV,0,NA,Y,A,-,N,NA,NA,NA,NA,NA,NA,NA,NA,NA,Y,3,0,1,2,A,-,09,21801,A,N,A,C,A,A,H,-,C,A,0,NA,NA,NA,NA,Y,NA,A,01,0,1,0,0,0,0,0,0,0,-,-,NA,NA,LOS ANGELES,LOS ANGELES,-118.61466008,34.20102001
6837848,2015,2016-10-05,1906,2015-01-13,1546,4408,1906,2,5,5,1906,0,0,0,NA,0,NA,RAMONA BL,RT 605,0,NA,Y,A,-,Y,LA,7,605,-,-,21.231,R,4,N,N,4,0,1,2,A,-,03,22350,NA,M,C,C,A,A,H,-,A,A,0,NA,NA,NA,NA,Y,Y,A,07,0,0,1,0,0,0,0,0,0,-,-,NA,NA,LOS ANGELES,BALDWIN PARK,-117.99774389,34.07995587
6837850,2015,2015-03-24,1942,2015-02-17,0910,40972,2136,2,5,7,1942,0,0,0,NA,0,21TL63,SATICOY ST,CANOGA AV,164,W,N,A,-,N,NA,NA,NA,NA,NA,NA,NA,NA,NA,N,4,0,1,2,A,-,07,21658,A,N,B,C,A,A,H,-,A,D,0,NA,NA,NA,Y,Y,NA,A,01,0,0,1,0,0,0,0,0,0,-,-,NA,NA,LOS ANGELES,LOS ANGELES,-118.59805152,34.20832
6837852,2015,2015-08-07,1906,2015-01-11,1258,4404,1906,7,5,5,1906,0,0,0,NA,0,001,FRANCISQUITO AV,FRAZIER ST,0,NA,Y,C,-,N,NA,NA,NA,NA,NA,NA,NA,NA,NA,Y,4,0,1,2,A,-,09,21801,A,N,A,C,A,B,H,-,A,A,0,NA,NA,NA,NA,Y,NA,A,01,0,0,1,0,0,0,0,0,0,-,-,NA,NA,LOS ANGELES,BALDWIN PARK,-117.98262012000001,34.0748201
6837853,2015,2015-03-24,1900,2015-02-02,1415,272611,0454,1,5,6,1949,0,0,0,NA,0,43T1P,IMPERIAL HWY,TRANSPORTATION CENTER,27,W,N,A,-,N,NA,NA,NA,NA,NA,NA,NA,NA,NA,Y,4,0,7,2,A,-,07,21658,A,N,C,C,A,A,H,-,A,D,0,NA,NA,NA,NA,Y,NA,A,01,0,0,7,0,0,0,0,0,0,-,-,NA,NA,LOS ANGELES,NORWALK,-118.062209,33.917087
6837854,2015,2015-03-19,1942,2015-02-21,1940,36733,2138,6,5,7,1942,0,0,0,NA,0,15T45,MASON AV,SATICOY ST,75,N,N,A,-,N,NA,NA,NA,NA,NA,NA,NA,NA,NA,N,3,0,1,2,A,-,01,23152,A,N,C,C,A,A,H,-,C,D,0,NA,NA,NA,NA,Y,Y,D,22,0,1,0,0,0,0,0,0,0,-,-,NA,NA,LOS ANGELES,LOS ANGELES,-118.57972,34.20854574
6837856,2015,2015-08-07,1906,2015-01-31,1645,1791,1906,6,5,5,1906,0,0,0,NA,0,002,BALDWIN PARK BL,OLIVE ST,40,S,N,A,-,N,NA,NA,NA,NA,NA,NA,NA,NA,NA,Y,4,0,1,3,A,-,08,22107,NA,N,B,C,A,A,H,-,A,A,0,NA,NA,NA,NA,Y,NA,A,07,0,0,1,0,0,0,0,0,0,-,-,NA,NA,LOS ANGELES,BALDWIN PARK,-117.96490049,34.09939034
6837857,2015,2015-03-20,1942,2015-02-24,1000,38729,1802,2,5,7,1942,0,0,0,R,0,18A49,FIGUEROA ST,91ST ST,30,NA,N,A,-,N,NA,NA,NA,NA,NA,NA,NA,NA,NA,N,4,0,3,2,A,-,04,21703,NA,N,C,C,A,A,H,-,A,D,0,NA,NA,NA,NA,Y,NA,A,07,0,0,3,0,0,0,0,0,0,-,-,NA,NA,LOS ANGELES,LOS ANGELES,-118.2827201,33.95420012
6837858,2015,2015-03-19,1942,2015-02-27,1700,41478,2141,5,5,7,1942,0,0,0,NA,0,21X98,FALLBROOK AV,OSTRONIC DR,0,NA,Y,A,-,N,NA,NA,NA,NA,NA,NA,NA,NA,NA,Y,4,0,1,3,A,-,04,21703,NA,N,A,C,A,A,H,-,C,A,0,NA,NA,NA,NA,Y,NA,A,01,0,0,1,0,0,0,0,0,0,-,-,NA,NA,LOS ANGELES,LOS ANGELES,-118.62328009,34.16794006
6837870,2015,2015-03-25,1942,2015-02-23,1500,39217,2107,1,5,7,1942,0,0,0,NA,0,17TL12,DE SOTO AV,ROSCOE BL,200,N,N,A,-,N,NA,NA,NA,NA,NA,NA,NA,NA,NA,Y,4,0,1,2,A,-,08,22102,NA,N,D,C,A,A,H,-,A,D,0,NA,NA,NA,NA,Y,NA,D,22,0,0,1,0,0,0,0,0,0,-,-,NA,NA,LOS ANGELES,LOS ANGELES,-118.58849,34.22048865
6837874,2015,2015-04-01,1942,2015-02-13,1855,41513,2145,5,5,7,1942,0,0,0,NA,0,21EL4,VICTORY BL,HANNA AV,0,NA,Y,A,-,N,NA,NA,NA,NA,NA,NA,NA,NA,NA,N,4,0,1,2,A,-,09,21801,A,N,A,A,A,A,H,-,C,D,0,NA,NA,NA,NA,Y,NA,-,-,0,0,1,0,0,0,0,0,0,-,-,NA,NA,LOS ANGELES,LOS ANGELES,-118.6069101,34.18670008
6837878,2015,2016-10-17,1942,2015-02-24,1910,39703,1532,2,5,7,1942,0,0,0,O,0,16T25,OXNARD ST,LAUREL CANYON BL,280,E,N,A,-,Y,LA,7,170,-,R,16.52,R,4,S,Y,4,0,3,2,A,-,03,22350,NA,N,C,C,A,A,H,-,C,D,0,NA,NA,NA,Y,Y,NA,F,26,0,0,3,0,0,0,0,0,0,-,-,NA,NA,LOS ANGELES,LOS ANGELES,-118.39462353,34.17802314
6837882,2015,2015-03-19,1942,2015-02-22,0730,30830,1904,7,5,7,1942,0,0,0,NA,0,16TL23,POLK ST,KISMET AV,59,E,N,B,-,N,NA,NA,NA,NA,NA,NA,NA,NA,NA,Y,4,0,1,4,A,-,05,21460,NA,N,B,E,A,A,H,-,A,A,0,NA,NA,NA,NA,Y,NA,A,01,0,0,1,0,0,0,0,0,0,-,-,NA,NA,LOS ANGELES,LOS ANGELES,-118.43391873,34.32167969
6837886,2015,2016-10-26,1942,2015-02-22,1830,41664,1991,7,5,7,1942,0,0,0,NA,0,10X94,ROSCOE BL,RT 405,0,NA,Y,B,C,Y,LA,7,405,-,-,43.925,R,3,N,N,3,0,1,2,A,-,10,21950,A,N,G,B,B,B,H,-,C,A,0,Y,NA,NA,NA,Y,NA,-,NA,0,1,0,0,1,0,0,0,0,-,NO,NA,NA,LOS ANGELES,LOS ANGELES,-118.47306528,34.22358629
6837893,2015,2015-03-24,1941,2015-02-18,1344,5895,NA,3,5,7,1941,0,0,0,NA,0,NA,SANTA FE,WILLOW,0,NA,Y,A,-,N,NA,NA,NA,NA,NA,NA,NA,NA,NA,Y,4,0,3,3,A,-,12,21453,A,N,C,C,A,A,H,-,A,A,0,NA,NA,NA,NA,Y,NA,A,NA,0,0,3,0,0,0,0,0,0,-,-,NA,NA,LOS ANGELES,LONG BEACH,-118.21552007,33.80440002
6837894,2015,2015-03-19,1942,2015-02-12,0745,37854,1962,4,5,7,1942,0,0,0,NA,0,19A61,LASSEN ST,SEPULVEDA BL,270,E,N,A,-,N,NA,NA,NA,NA,NA,NA,NA,NA,NA,N,4,0,1,2,A,-,08,22107,NA,N,D,C,A,A,H,-,A,D,0,NA,NA,NA,NA,Y,NA,D,22,0,0,1,0,0,0,0,0,0,-,-,NA,NA,LOS ANGELES,LOS ANGELES,-118.46663814,34.25004
6837898,2015,2016-10-26,1942,2015-03-03,2245,34332,1971,2,5,7,1942,0,0,0,NA,0,16T25,RT 405,NORDHOFF ST,5,E,N,A,-,Y,LA,7,405,-,-,44.9,R,4,S,N,4,0,1,2,A,-,12,21453,A,N,-,C,A,A,H,-,C,A,0,NA,NA,NA,NA,Y,NA,-,-,0,0,1,0,0,0,0,0,0,SF,-,NA,NA,LOS ANGELES,LOS ANGELES,-118.47315764,34.23774017
6837902,2015,2015-03-30,1942,2015-02-13,1640,36153,1991,5,5,7,1942,0,0,0,NA,0,17TL12,ROSCOE BL,LANGDON AV,0,NA,Y,A,-,N,NA,NA,NA,NA,NA,NA,NA,NA,NA,Y,4,0,1,2,A,-,-,NA,NA,N,D,C,A,A,H,-,A,A,0,NA,NA,NA,NA,Y,NA,-,-,0,0,1,0,0,0,0,0,0,-,-,NA,NA,LOS ANGELES,LOS ANGELES,-118.46993009,34.22139007
6837910,2015,2015-03-23,1942,2015-03-03,1635,40735,1027,2,5,7,1942,0,0,0,J,0,9TL52,BALBOA BL,VANOWEN ST,0,NA,Y,A,-,N,NA,NA,NA,NA,NA,NA,NA,NA,NA,Y,2,0,2,2,A,-,09,21801,A,N,D,C,A,A,H,-,A,A,0,NA,NA,NA,NA,Y,NA,D,22,1,0,1,0,0,0,0,0,0,-,-,NA,NA,LOS ANGELES,LOS ANGELES,-118.50112008,34.19390008
6837914,2015,2015-03-25,1942,2015-02-25,2210,38857,1049,3,5,7,1942,0,0,0,J,0,17T17,VICTORY BL,ODESSA AV,387,E,N,A,-,N,NA,NA,NA,NA,NA,NA,NA,NA,NA,Y,3,0,1,2,A,-,08,22107,NA,N,C,E,A,A,H,-,C,D,0,NA,NA,NA,NA,Y,NA,A,01,0,1,0,0,0,0,0,0,0,-,-,NA,NA,LOS ANGELES,LOS ANGELES,-118.48892261,34.18661399
6837918,2015,2015-03-19,1942,2015-02-28,1500,38765,1049,6,5,7,1942,0,0,0,J,0,9TL45,VICTORY BL,WOODLEY AV,0,NA,Y,A,-,N,NA,NA,NA,NA,NA,NA,NA,NA,NA,Y,3,0,2,2,A,-,12,21453,A,N,D,C,A,A,H,-,A,A,0,NA,NA,NA,NA,Y,NA,D,22,0,1,1,0,0,0,0,0,0,-,-,NA,NA,LOS ANGELES,LOS ANGELES,-118.48365001,34.18662001
6837923,2015,2015-03-12,1900,2015-01-15,1930,543254,1328,4,5,5,1935,0,0,0,NA,0,132T1,NORWALK BL,CENTRALIA ST,15,S,N,A,-,N,NA,NA,NA,NA,NA,NA,NA,NA,NA,N,4,0,1,2,A,-,03,22350,NA,N,C,C,A,A,H,-,C,A,0,NA,NA,NA,NA,Y,NA,A,07,0,0,1,0,0,0,0,0,0,-,-,NA,NA,LOS ANGELES,LAKEWOOD,-118.07207911,33.83869888
6837924,2015,2015-03-12,1942,2015-01-29,1225,38356,1562,4,5,7,1942,0,0,0,O,0,16TL26,LAUREL CANYON BL,LANDALE ST,0,NA,Y,A,-,N,NA,NA,NA,NA,NA,NA,NA,NA,NA,Y,4,0,1,2,A,-,09,21801,A,N,D,C,A,A,H,-,A,A,0,NA,NA,NA,NA,Y,NA,A,07,0,0,1,0,0,0,0,0,0,-,-,NA,NA,LOS ANGELES,LOS ANGELES,-118.39649007,34.15219006
6837926,2015,2015-03-12,1942,2015-01-26,0945,38118,2015,1,5,7,1942,0,0,0,NA,0,6T7W2,VERMONT AV,COUNCIL ST,0,NA,Y,B,-,N,NA,NA,NA,NA,NA,NA,NA,NA,NA,N,3,0,1,2,A,-,09,21802,A,N,D,G,A,A,H,-,A,A,0,NA,Y,NA,NA,Y,NA,A,01,0,1,0,0,0,0,1,0,0,-,-,NA,NA,LOS ANGELES,LOS ANGELES,-118.29169001,34.07451011
6837928,2015,2015-03-12,1942,2015-01-21,1120,36696,1504,3,5,7,1942,0,0,0,O,0,15A1,LANKERSHIM BL,CONANT ST,0,NA,Y,A,-,N,NA,NA,NA,NA,NA,NA,NA,NA,NA,N,4,0,2,2,A,-,12,21453,A,N,D,C,A,A,H,-,A,A,0,NA,NA,NA,NA,Y,NA,A,01,0,0,2,0,0,0,0,0,0,-,-,NA,NA,LOS ANGELES,LOS ANGELES,NA,NA
6837930,2015,2015-03-12,1900,2015-01-27,1650,520665,1335,2,5,5,1908,0,0,0,NA,0,133T2,DOWNEY AV,PARK ST,0,NA,Y,A,-,N,NA,NA,NA,NA,NA,NA,NA,NA,NA,N,4,0,1,2,A,-,03,22350,NA,N,C,C,A,A,H,-,A,D,0,NA,NA,NA,NA,Y,NA,A,01,0,0,1,0,0,0,0,0,0,-,-,NA,NA,LOS ANGELES,BELLFLOWER,-118.15131003,33.87835006
6837931,2015,2015-09-11,1900,2015-01-24,2500,483167,0468,6,5,4,1936,0,0,0,NA,0,46T2,SANTA GERTRUDES RD,ALICANTE RD,341,S,N,A,-,N,NA,NA,NA,NA,NA,NA,NA,NA,NA,Y,1,1,0,1,A,-,08,22107,NA,N,E,I,A,A,H,-,C,D,0,NA,NA,NA,NA,Y,NA,A,01,0,0,0,0,0,0,0,0,0,-,-,NA,NA,LOS ANGELES,LA MIRADA,-117.99475448,33.90179396
6837932,2015,2015-03-12,1942,2015-01-29,1905,40735,1524,4,5,7,1942,0,0,0,O,0,9TL52,VICTORY BL,BELLINGHAM AV,0,NA,Y,A,-,N,NA,NA,NA,NA,NA,NA,NA,NA,NA,Y,4,0,2,2,A,-,12,21453,A,N,D,C,A,A,H,-,C,A,0,NA,NA,NA,NA,Y,NA,A,01,0,0,2,0,0,0,0,0,0,-,-,NA,NA,LOS ANGELES,LOS ANGELES,-118.39875007,34.18667001
6837934,2015,2015-03-12,1900,2015-01-15,0826,526288,1335,4,5,5,1908,0,0,0,NA,0,133T1,DOWNEY AV,E 64TH ST,0,NA,Y,A,-,N,NA,NA,NA,NA,NA,NA,NA,NA,NA,NA,2,0,2,2,A,-,09,21801,A,N,D,C,A,A,H,-,A,D,0,NA,NA,NA,NA,Y,NA,A,01,1,0,1,0,0,0,0,0,0,-,-,NA,NA,LOS ANGELES,BELLFLOWER,-118.15129001,33.87106011
6837935,2015,2015-03-12,1900,2015-01-24,1859,489533,0453,6,5,6,1949,0,0,0,NA,0,43T1,IMPERIAL HWY,STUDEBAKER RD,0,NA,Y,A,-,N,NA,NA,NA,NA,NA,NA,NA,NA,NA,N,4,0,1,2,A,-,08,22107,NA,M,H,G,A,A,H,-,C,A,0,NA,Y,NA,NA,Y,NA,A,01,0,0,1,0,0,0,1,0,0,-,-,NA,NA,LOS ANGELES,NORWALK,-118.09931002,33.917180020000004
6837936,2015,2015-03-12,1942,2015-01-15,0920,39410,1599,4,5,7,1942,0,0,0,O,0,15A39W,CAHUENGA BL,CAHUENGA BL 3329,0,NA,N,A,-,N,NA,NA,NA,NA,NA,NA,NA,NA,NA,N,4,0,1,2,A,-,08,22102,NA,N,D,C,A,A,H,-,A,B,0,NA,NA,NA,NA,Y,NA,A,01,0,0,1,0,0,0,0,0,0,-,-,NA,NA,LOS ANGELES,LOS ANGELES,-118.350801,34.130842
6837937,2015,2015-03-18,1965,2015-01-17,1230,3764,2,6,5,5,1965,0,0,0,NA,0,002,11TH ST,OCEAN PARK BL,0,NA,Y,A,-,N,NA,NA,NA,NA,NA,NA,NA,NA,NA,Y,3,0,2,2,A,-,12,21453,A,N,D,C,A,A,H,-,A,A,0,NA,NA,NA,NA,Y,NA,A,01,0,1,1,0,0,0,0,0,0,-,-,NA,NA,LOS ANGELES,SANTA MONICA,-118.47380012,34.00839001
6837938,2015,2015-03-12,1900,2015-01-26,1545,466331,1329,1,5,5,1935,0,0,0,NA,0,132T1,DEL AMO BL,GRAYWOOD AV,150,W,N,C,-,N,NA,NA,NA,NA,NA,NA,NA,NA,NA,N,4,0,1,3,A,-,03,22350,NA,N,C,C,A,B,H,-,B,A,0,NA,NA,NA,NA,Y,NA,A,01,0,0,1,0,0,0,0,0,0,-,-,NA,NA,LOS ANGELES,LAKEWOOD,-118.13872295,33.84716327
6837939,2015,2016-04-13,1916,2015-01-21,1627,2673,68A,3,5,4,1916,0,0,0,NA,0,001,GRAND AV,NAVILLA AV,115,S,N,A,-,N,NA,NA,NA,NA,NA,NA,NA,NA,NA,N,4,0,2,2,A,-,03,22350,NA,N,C,C,A,A,H,-,B,A,0,NA,NA,NA,NA,Y,NA,-,-,0,0,2,0,0,0,0,0,0,-,-,NA,NA,LOS ANGELES,COVINA,-117.87242394,34.08039476
6837944,2015,2015-03-11,1942,2015-01-21,1315,34922,1546,3,5,7,1942,0,0,0,O,0,15AG7,MAGNOLIA BL,TUJUNGA AV,200,W,N,A,-,N,NA,NA,NA,NA,NA,NA,NA,NA,NA,N,4,0,2,3,A,-,03,22350,NA,N,C,C,A,A,H,-,A,D,0,NA,NA,NA,NA,Y,NA,A,01,0,0,2,0,0,0,0,0,0,-,-,NA,NA,LOS ANGELES,LOS ANGELES,-118.37964983,34.16494108
6837947,2015,2015-03-12,1942,2015-01-30,1830,41531,1063,5,5,7,1942,0,0,0,J,0,1048,VENTURA BL,RESEDA BL,200,W,N,B,-,N,NA,NA,NA,NA,NA,NA,NA,NA,NA,Y,4,0,1,3,A,-,07,21658,A,N,D,C,A,A,H,-,C,A,0,NA,NA,NA,NA,Y,NA,-,NA,0,0,1,0,0,0,0,0,0,-,-,NA,NA,LOS ANGELES,LOS ANGELES,-118.53667476,34.1689979
6837948,2015,2015-03-11,1942,2015-01-21,1610,34639,1599,3,5,7,1942,0,0,0,O,0,15X4,CAHUENGA BL,MULHOLLAND DR,300,W,N,A,-,N,NA,NA,NA,NA,NA,NA,NA,NA,NA,Y,3,0,1,1,A,-,03,22350,NA,N,H,J,A,A,H,-,A,D,0,NA,NA,NA,NA,Y,NA,-,NA,0,1,0,0,0,0,0,0,0,-,-,NA,NA,LOS ANGELES,LOS ANGELES,-118.34279224,34.12369335
6837951,2015,2015-03-12,1942,2015-01-05,2130,41462,NA,1,5,7,1942,0,0,0,NA,0,10A39,BALBOA AV,VICTORY BL,0,NA,N,A,-,N,NA,NA,NA,NA,NA,NA,NA,NA,NA,Y,4,0,1,1,A,-,03,22350,NA,N,E,J,A,A,H,-,C,A,0,NA,NA,NA,NA,Y,NA,A,07,0,0,1,0,0,0,0,0,0,-,-,NA,NA,LOS ANGELES,LOS ANGELES,-118.50110008,34.18663011
6837952,2015,2015-03-11,1942,2015-01-20,1855,36102,1501,2,5,7,1942,0,0,0,O,0,15A1,SATICOY ST,COLDWATER CANYON BL,200,W,N,A,-,N,NA,NA,NA,NA,NA,NA,NA,NA,NA,N,4,0,1,2,A,-,04,21705,NA,N,C,C,A,A,H,-,C,D,0,NA,NA,NA,NA,Y,NA,A,07,0,0,1,0,0,0,0,0,0,-,-,NA,NA,LOS ANGELES,LOS ANGELES,-118.41502914,34.20674766
6837956,2015,2015-03-24,1942,2015-01-14,1040,52781,1581,3,5,7,1942,0,0,0,O,0,15A85,LAUREL CANYON BL,MOORPARK ST,0,NA,Y,A,-,N,NA,NA,NA,NA,NA,NA,NA,NA,NA,Y,3,0,1,2,A,-,08,22107,NA,N,A,C,A,A,H,-,A,A,0,NA,NA,NA,NA,Y,NA,-,NA,0,1,0,0,0,0,0,0,0,-,-,NA,NA,LOS ANGELES,LOS ANGELES,-118.39649003,34.15038006
6837960,2015,2015-03-11,1942,2015-01-30,2040,36733,1591,5,5,7,1942,0,0,0,O,0,15745,VENTURA BL,LAUREL CANYON BL,100,W,N,A,-,N,NA,NA,NA,NA,NA,NA,NA,NA,NA,N,4,0,1,2,A,-,08,22102,NA,N,D,C,A,A,H,-,C,D,0,NA,NA,NA,NA,Y,NA,A,01,0,0,1,0,0,0,0,0,0,-,-,NA,NA,LOS ANGELES,LOS ANGELES,-118.39558817,34.14354207
6837963,2015,2015-03-12,1900,2015-01-10,2300,4406,WESTC,6,5,1,1932,0,0,0,NA,0,NA,AZUSA AV,RAILROAD ST,0,NA,Y,C,-,N,NA,NA,NA,NA,NA,NA,NA,NA,NA,N,4,0,1,2,A,-,03,22350,NA,F,C,C,A,B,H,-,C,D,0,NA,NA,NA,NA,Y,NA,-,NA,0,0,1,0,0,0,0,0,0,-,-,NA,NA,LOS ANGELES,INDUSTRY,-117.93039013,34.00389011
6837964,2015,2015-03-11,1942,2015-01-30,1215,39703,1596,5,5,7,1942,0,0,0,O,0,19T74,VENTURA BL,EUREKA DR,34,W,N,A,-,N,NA,NA,NA,NA,NA,NA,NA,NA,NA,Y,4,0,2,3,A,-,05,21651,A,N,A,C,A,A,H,-,A,A,0,NA,NA,NA,NA,Y,NA,A,01,0,0,2,0,0,0,0,0,0,-,-,NA,NA,LOS ANGELES,LOS ANGELES,-118.376125,34.14051043
6837967,2015,2015-03-12,1906,2015-01-26,1733,4404,1906,1,5,5,1906,0,0,0,NA,0,003,GARVEY AV,BIG DALTON AV,28,W,N,C,-,N,NA,NA,NA,NA,NA,NA,NA,NA,NA,Y,4,0,1,2,A,-,05,21650,NA,N,B,D,A,B,H,-,A,D,0,NA,NA,NA,NA,Y,Y,A,01,0,0,1,0,0,0,0,0,0,-,-,NA,NA,LOS ANGELES,BALDWIN PARK,-117.96643282,34.07000379
6837968,2015,2015-03-11,1942,2015-01-31,1300,33294,1545,6,5,7,1942,0,0,0,O,0,35M74,LAUREL CANYON BL,HUSTON ST,120,S,N,A,-,N,NA,NA,NA,NA,NA,NA,NA,NA,NA,Y,4,0,3,2,A,-,03,22350,NA,N,C,C,A,A,H,-,A,A,0,NA,NA,NA,NA,Y,NA,A,01,0,0,3,0,0,0,0,0,0,-,-,NA,NA,LOS ANGELES,LOS ANGELES,-118.39649744,34.1590909
6837970,2015,2015-03-12,1942,2015-01-31,0045,25495,0663,6,5,7,1942,0,0,0,F,0,2TL23,SANTA MONICA BL,LAS PALMAS AV,240,E,N,A,-,N,NA,NA,NA,NA,NA,NA,NA,NA,NA,N,4,0,1,2,A,-,11,21954,A,F,G,B,D,A,H,-,C,A,0,Y,NA,NA,NA,Y,Y,N,60,0,0,1,0,1,0,0,0,0,-,-,NA,NA,LOS ANGELES,LOS ANGELES,-118.33547883,34.09072
6837971,2015,2015-03-12,1906,2015-01-24,2144,4405,1906,6,5,5,1906,0,0,0,NA,0,003,MERCED AV,MERCED AV 14213,24,S,N,A,-,N,NA,NA,NA,NA,NA,NA,NA,NA,NA,N,4,0,2,2,A,-,03,22350,NA,N,C,C,A,A,H,-,C,D,0,NA,NA,NA,NA,Y,NA,A,01,0,0,2,0,0,0,0,0,0,-,-,NA,NA,LOS ANGELES,BALDWIN PARK,NA,NA
6837973,2015,2015-03-12,1900,2015-01-12,0800,436136,1322,1,5,5,1935,0,0,0,NA,0,132T2,ALLINGTON ST,WOODRUFF AV,0,NA,Y,A,-,N,NA,NA,NA,NA,NA,NA,NA,NA,NA,N,4,0,1,2,A,-,12,21453,A,N,D,G,A,A,H,-,A,A,0,NA,Y,NA,NA,Y,NA,L,NA,0,0,1,0,0,0,1,0,0,-,-,NA,NA,LOS ANGELES,LAKEWOOD,-118.11719009,33.8655501
6837975,2015,2015-03-12,1906,2015-01-25,1619,2892,1906,7,5,5,1906,0,0,0,NA,0,002,MAINE AV,LOS ANGELES ST,0,NA,Y,A,-,N,NA,NA,NA,NA,NA,NA,NA,NA,NA,N,4,0,1,2,A,-,12,21453,NA,F,-,B,B,A,H,-,A,A,0,Y,NA,NA,NA,Y,Y,A,01,0,0,1,0,1,0,0,0,0,-,-,NA,NA,LOS ANGELES,BALDWIN PARK,-117.96049005,34.09230008
6837979,2015,2015-03-12,1906,2015-01-26,1745,2836,NA,1,5,5,1906,0,0,0,NA,0,NA,RAMONA BL,LA RICA AV,60,W,N,A,-,N,NA,NA,NA,NA,NA,NA,NA,NA,NA,N,2,0,1,2,A,-,11,21955,NA,F,G,B,D,A,H,-,B,A,0,Y,NA,NA,NA,Y,NA,N,60,1,0,0,0,1,0,0,0,0,-,-,NA,NA,LOS ANGELES,BALDWIN PARK,-117.96669719,34.08497704