CASE_ID,ACCIDENT_YEAR,PROC_DATE,JURIS,COLLISION_DATE,COLLISION_TIME,OFFICER_ID,REPORTING_DISTRICT,DAY_OF_WEEK,CHP_SHIFT,POPULATION,CNTY_CITY_LOC,SPECIAL_COND,BEAT_TYPE,CHP_BEAT_TYPE,CITY_DIVISION_LAPD,CHP_BEAT_CLASS,BEAT_NUMBER,PRIMARY_RD,SECONDARY_RD,DISTANCE,DIRECTION,INTERSECTION,WEATHER_1,WEATHER_2,STATE_HWY_IND,CALTRANS_COUNTY,CALTRANS_DISTRICT,STATE_ROUTE,ROUTE_SUFFIX,POSTMILE_PREFIX,POSTMILE,LOCATION_TYPE,RAMP_INTERSECTION,SIDE_OF_HWY,TOW_AWAY,COLLISION_SEVERITY,NUMBER_KILLED,NUMBER_INJURED,PARTY_COUNT,PRIMARY_COLL_FACTOR,PCF_CODE_OF_VIOL,PCF_VIOL_CATEGORY,PCF_VIOLATION,PCF_VIOL_SUBSECTION,HIT_AND_RUN,TYPE_OF_COLLISION,MVIW,PED_ACTION,ROAD_SURFACE,ROAD_COND_1,ROAD_COND_2,LIGHTING,CONTROL_DEVICE,CHP_ROAD_TYPE,PEDESTRIAN_ACCIDENT,BICYCLE_ACCIDENT,MOTORCYCLE_ACCIDENT,TRUCK_ACCIDENT,NOT_PRIVATE_PROPERTY,ALCOHOL_INVOLVED,STWD_VEHTYPE_AT_FAULT,CHP_VEHTYPE_AT_FAULT,COUNT_SEVERE_INJ,COUNT_VISIBLE_INJ,COUNT_COMPLAINT_PAIN,COUNT_PED_KILLED,COUNT_PED_INJURED,COUNT_BICYCLIST_KILLED,COUNT_BICYCLIST_INJURED,COUNT_MC_KILLED,COUNT_MC_INJURED,PRIMARY_RAMP,SECONDARY_RAMP,LATITUDE,LONGITUDE,COUNTY,CITY,POINT_X,POINT_Y
6838790,2015,2016-10-03,9535,2015-02-10,1030,16021,NA,2,1,5,1915,0,1,1,NA,2,074,RT 710,ALONDRA BL,25,S,N,A,-,Y,LA,7,710,-,-,13.95,H,-,N,Y,4,0,1,2,A,-,07,21658,A,N,B,C,A,A,H,-,A,D,1,NA,NA,NA,Y,Y,NA,G,25,0,0,1,0,0,0,0,0,0,-,-,33.8916,-118.18795,LOS ANGELES,COMPTON,-118.18880712,33.88911225
6838804,2015,2016-10-04,9535,2015-02-02,1510,19121,NA,1,2,6,1922,0,1,1,NA,2,400,RT 10,DURFEE AV,400,E,N,A,-,Y,LA,7,10,-,-,30.61,H,-,E,Y,4,0,5,4,A,-,03,22350,NA,N,C,C,A,A,H,-,A,D,1,NA,NA,NA,NA,Y,NA,D,22,0,0,5,0,0,0,0,0,0,-,-,34.06384,-118.00851,LOS ANGELES,EL MONTE,-118.00963868,34.06403788
6838807,2015,2015-03-17,9535,2015-02-05,1755,13421,NA,4,2,9,1900,0,2,4,NA,2,022,OLYMPIC BL,DOWNEY RD,103,E,N,A,-,N,NA,NA,NA,NA,NA,NA,NA,NA,NA,N,3,0,2,3,A,-,08,22100,A,N,D,G,A,A,H,-,C,D,0,NA,Y,NA,NA,Y,NA,D,22,0,2,0,0,0,0,2,0,0,-,-,34.01887,-118.17967,LOS ANGELES,UNINCORPORATED,-118.1797408,34.01891
6838816,2014,2016-06-20,9535,2014-12-29,0635,16815,NA,1,1,1,1973,0,1,1,NA,2,073,RT 710,BANDINI BL,300,N,N,A,-,Y,LA,7,710,-,-,22.13,H,-,S,Y,4,0,1,4,A,-,08,22107,NA,N,E,I,A,A,H,-,A,D,1,NA,NA,NA,NA,Y,NA,A,08,0,0,1,0,0,0,0,0,0,-,-,34.0014,-118.1745,LOS ANGELES,VERNON,-118.17523109,34.00027834
6838819,2014,2016-06-20,9535,2014-12-23,1810,20833,NA,2,2,4,1907,0,1,1,NA,2,072,RT 710,SLAUSON RR,50,S,N,A,-,Y,LA,7,710,-,-,21.02,H,-,N,Y,4,0,1,3,A,-,07,21658,A,N,B,C,A,A,H,-,C,D,1,NA,NA,NA,Y,Y,NA,G,25,0,0,1,0,0,0,0,0,0,-,-,33.98943,-118.1718,LOS ANGELES,BELL,-118.16954877,33.98653542
6838919,2015,2015-04-08,9545,2015-02-26,1445,017305,NA,4,2,9,1900,0,3,5,NA,2,001,SIERRA HWY,AVENUE E,0,NA,Y,A,-,N,NA,NA,NA,NA,NA,NA,NA,NA,NA,Y,3,0,2,2,A,-,09,21801,A,N,D,C,A,A,H,-,A,D,0,NA,NA,NA,Y,Y,NA,G,26,0,1,1,0,0,0,0,0,0,-,-,34.7624,-118.4684,LOS ANGELES,UNINCORPORATED,-118.14682002,34.76243003
6838923,2015,2016-10-10,9545,2015-02-26,1655,017751,NA,4,2,9,1900,0,1,3,NA,2,031,RT 14,SIERRA HWY,1500,N,N,A,-,Y,LA,7,14,-,R,52.83,H,-,N,Y,4,0,2,3,A,-,03,22350,NA,N,C,C,A,A,H,-,A,D,1,NA,NA,NA,NA,Y,NA,D,22,0,0,2,0,0,0,0,0,0,-,-,34.49085,-118.13229,LOS ANGELES,UNINCORPORATED,-118.13008545,34.49140575
6838976,2015,2016-09-19,9530,2015-02-14,1645,020624,NA,6,2,6,1972,0,1,1,NA,2,400,RT 405,ARTESIA BL,100,S,N,A,-,Y,LA,7,405,-,-,16.53,H,-,N,Y,4,0,1,3,A,-,03,22350,NA,N,C,C,A,A,H,-,A,D,1,NA,NA,NA,NA,Y,NA,A,01,0,0,1,0,0,0,0,0,0,-,-,33.87248,-118.34179,LOS ANGELES,TORRANCE,-118.34163703,33.8722483
6838978,2015,2015-03-19,9530,2015-02-13,0935,020665,NA,5,1,9,1900,0,3,5,NA,2,001,FLORENCE AV,MOUNTAIN VIEW AV,0,NA,Y,A,-,N,NA,NA,NA,NA,NA,NA,NA,NA,NA,Y,4,0,2,2,A,-,09,21801,A,N,D,C,A,A,H,-,A,A,0,NA,NA,NA,NA,Y,NA,A,01,0,0,2,0,0,0,0,0,0,-,-,33.5824,-118.1332,LOS ANGELES,UNINCORPORATED,-118.21757004,33.97341003
6838979,2015,2015-03-19,9530,2015-02-13,0805,20678,NA,5,1,9,1900,0,3,5,NA,2,004,SANTA FE AV,DEL AMO BL,1690,N,N,A,-,N,NA,NA,NA,NA,NA,NA,NA,NA,NA,Y,4,0,1,2,A,-,08,22107,NA,N,C,E,A,A,H,-,A,D,0,NA,NA,NA,Y,Y,NA,A,01,0,0,1,0,0,0,0,0,0,-,-,33.8519,-118.2128,LOS ANGELES,UNINCORPORATED,-118.21262345,33.85106926
6838981,2015,2015-03-20,9530,2015-02-11,2222,020608,NA,3,3,9,1900,0,3,5,NA,2,001,PACIFIC BL,FLORENCE AV,0,NA,Y,A,-,N,NA,NA,NA,NA,NA,NA,NA,NA,NA,Y,4,0,3,2,A,-,12,21453,A,N,D,C,A,A,H,-,E,A,0,NA,NA,NA,NA,Y,NA,A,01,0,0,3,0,0,0,0,0,0,-,-,33.97379,-118.2252,LOS ANGELES,UNINCORPORATED,-118.22523013,33.97422005
6838984,2015,2015-03-19,9530,2015-02-18,1847,20643,NA,3,2,9,1900,0,3,5,NA,2,006,RAYMOND AV,TORRANCE BL,241,N,N,A,-,N,NA,NA,NA,NA,NA,NA,NA,NA,NA,Y,3,0,1,2,A,-,05,21650,NA,N,A,C,A,A,H,-,C,D,0,NA,NA,NA,NA,Y,NA,D,22,0,1,0,0,0,0,0,0,0,-,-,33.8431,-118.2965,LOS ANGELES,UNINCORPORATED,-118.29627166,33.8426409
6838986,2015,2016-10-18,9530,2015-02-22,1600,19338,NA,7,2,7,1942,0,1,3,NA,2,310,RT 91,RT 110,20,W,N,B,C,Y,LA,7,91,-,-,6.31,H,-,E,Y,4,0,1,3,A,-,03,22350,NA,N,D,C,A,B,H,-,A,D,1,NA,NA,NA,NA,Y,NA,A,01,0,0,1,0,0,0,0,0,0,-,-,NA,NA,LOS ANGELES,LOS ANGELES,-118.28575143,33.87262606
6838990,2015,2016-10-06,9530,2015-01-24,1405,19722,NA,6,2,7,1941,0,1,1,NA,2,072,RT 710,PACIFIC COAST HWY,815,N,N,A,-,Y,LA,7,710,-,-,7.05,H,-,N,Y,4,0,2,3,D,-,00,NA,NA,N,B,C,A,A,H,-,A,D,1,NA,NA,NA,Y,Y,NA,-,-,0,0,2,0,0,0,0,0,0,-,-,33.79226,-118.2075,LOS ANGELES,LONG BEACH,-118.20753191,33.79233898
6838995,2015,2016-09-13,9530,2015-02-05,1445,019778,NA,4,2,7,1941,0,1,1,NA,2,071,RT 710,ARTESIA BL,1200,S,N,A,-,Y,LA,7,710,-,-,12.49,H,-,N,Y,3,0,3,4,A,-,03,22350,NA,N,C,C,A,A,H,-,A,D,1,NA,NA,NA,NA,Y,NA,D,22,0,1,2,0,0,0,0,0,0,-,-,33.86975,-118.19504,LOS ANGELES,LONG BEACH,-118.19542856,33.86866443
6839000,2015,2016-10-18,9530,2015-02-06,0745,019338,NA,5,1,5,1915,0,1,3,NA,2,310,RT 91,ALAMEDA ST,72,W,N,A,-,Y,LA,7,91,-,R,10.108,R,2,E,Y,3,0,1,1,A,-,03,22350,NA,N,E,I,A,A,H,-,A,D,1,NA,NA,NA,Y,Y,NA,G,27,0,1,0,0,0,0,0,0,0,-,-,33.87151,-118.21663,LOS ANGELES,COMPTON,-118.21965607,33.8735605
6839361,2015,2015-03-17,9545,2015-02-15,0617,016885,NA,7,1,6,1950,0,3,5,NA,2,002,AVENUE S,5TH ST EAST,6,E,N,A,-,N,NA,NA,NA,NA,NA,NA,NA,NA,NA,Y,3,0,2,1,A,-,01,23152,A,N,E,I,A,A,H,-,A,A,0,NA,NA,NA,NA,Y,Y,D,22,0,1,1,0,0,0,0,0,0,-,-,34.55787,-118.12028,LOS ANGELES,PALMDALE,-118.12039011,34.55799
6839365,2015,2015-03-17,9545,2015-02-20,1655,017305,NA,5,2,9,1900,0,3,5,NA,2,002,ELIZABETH LAKE RD,GODDE HILL RD,5069,E,N,A,-,N,NA,NA,NA,NA,NA,NA,NA,NA,NA,Y,3,0,1,2,A,-,06,21750,NA,F,E,I,A,A,H,-,A,D,0,NA,NA,NA,NA,Y,NA,D,22,0,1,0,0,0,0,0,0,0,-,-,34.60262,-118.24332,LOS ANGELES,UNINCORPORATED,-118.2434466,34.60274893
6839381,2015,2016-09-23,9545,2015-02-19,0913,12653,NA,4,1,9,1900,0,1,3,NA,1,042,RT 138,165TH ST E,0,NA,Y,A,-,Y,LA,7,138,-,-,63.68,I,5,E,N,4,0,1,2,A,-,09,21801,A,N,D,C,A,A,H,-,A,A,0,NA,NA,NA,NA,Y,NA,E,22,0,0,1,0,0,0,0,0,0,-,-,34.50624,-117.83562,LOS ANGELES,UNINCORPORATED,-117.83542756,34.50606125
6839394,2015,2015-03-16,1942,2015-02-21,2235,32192,1821,6,5,7,1942,0,0,0,R,0,18A1,CENTURY BL,BARRING CROSS ST,6,E,N,A,-,N,NA,NA,NA,NA,NA,NA,NA,NA,NA,Y,4,0,5,2,A,-,09,21801,A,N,A,C,A,A,H,-,C,D,0,NA,NA,NA,NA,Y,NA,D,22,0,0,5,0,0,0,0,0,0,-,-,NA,NA,LOS ANGELES,LOS ANGELES,-118.28935026,33.94550011
6839402,2015,2015-03-23,1942,2015-03-02,0555,41792,1259,1,5,7,1942,0,0,0,L,0,12A67,77TH ST,AVALON BL,0,NA,Y,B,-,N,NA,NA,NA,NA,NA,NA,NA,NA,NA,Y,4,0,3,2,A,-,09,21801,A,N,D,C,A,A,H,-,A,D,0,NA,NA,NA,NA,Y,NA,D,22,0,0,3,0,0,0,0,0,0,-,-,NA,NA,LOS ANGELES,LOS ANGELES,-118.26517002,33.96934011
6839443,2015,2015-03-19,1900,2015-01-31,1030,529472,0560,6,5,3,1968,0,0,0,NA,0,55TIAM,GARVEY AV,LASHBROOK AV,10,E,N,A,-,N,NA,NA,NA,NA,NA,NA,NA,NA,NA,N,4,0,1,2,A,-,03,22350,NA,N,C,C,A,A,H,-,A,A,0,NA,NA,NA,Y,Y,NA,F,26,0,0,1,0,0,0,0,0,0,-,-,NA,NA,LOS ANGELES,SOUTH EL MONTE,-118.06311705,34.06274
6839444,2015,2015-03-13,9545,2015-02-19,2225,019872,NA,4,3,9,1900,0,3,5,NA,2,004,AVENUE T,117TH ST E,361,E,N,A,-,N,NA,NA,NA,NA,NA,NA,NA,NA,NA,Y,4,0,1,1,A,-,08,22107,NA,N,F,I,A,A,H,-,D,D,0,NA,NA,NA,NA,Y,NA,A,01,0,0,1,0,0,0,0,0,0,-,-,34.5428,-117.92286,LOS ANGELES,UNINCORPORATED,-117.91858402,34.54281002
6839446,2015,2016-10-18,9530,2015-02-23,1525,18200,NA,1,2,5,1977,0,1,3,NA,2,310,RT 91,ALAMEDA ST,2112,W,N,A,-,Y,LA,7,91,-,R,9.87,H,-,E,Y,4,0,2,3,A,-,03,22350,NA,N,C,C,A,A,H,-,A,D,1,NA,NA,NA,NA,Y,NA,A,01,0,0,2,0,0,0,0,0,0,-,-,33.873,-118.222,LOS ANGELES,CARSON,-118.22377274,33.87391487
6839448,2015,2015-03-13,9545,2015-02-26,1330,020159,NA,4,1,9,1900,0,3,5,NA,2,002,BOUQUET CANYON RD,SPUNKY CANYON RD,3168,S,N,A,-,N,NA,NA,NA,NA,NA,NA,NA,NA,NA,Y,3,0,1,1,A,-,08,22107,NA,N,E,I,A,A,H,-,A,D,0,NA,NA,NA,NA,Y,NA,A,01,0,1,0,0,0,0,0,0,0,-,-,34.58337,-118.34006,LOS ANGELES,UNINCORPORATED,-118.34848079,34.58339736
6839452,2015,2015-03-13,9545,2015-02-23,1615,017495,NA,1,2,9,1900,0,3,5,NA,2,002,QUARTZ HILL RD,AVENUE M,650,E,N,B,C,N,NA,NA,NA,NA,NA,NA,NA,NA,NA,Y,4,0,1,1,A,-,03,22350,NA,N,F,A,A,B,H,-,A,D,0,NA,NA,NA,NA,Y,NA,A,01,0,0,1,0,0,0,0,0,0,-,-,34.64644,-118.20541,LOS ANGELES,UNINCORPORATED,-118.21608806,34.6442018
6839456,2015,2016-04-13,9545,2015-02-24,0210,019951,NA,2,3,9,1900,0,3,5,NA,2,002,ELIZABETH LAKE RD,JOHNSON RD,0,NA,Y,A,-,N,NA,NA,NA,NA,NA,NA,NA,NA,NA,Y,2,0,1,1,A,-,03,22350,NA,N,E,J,A,A,H,-,E,A,0,NA,NA,NA,NA,Y,NA,A,07,1,0,0,0,0,0,0,0,0,-,-,34.6597,-118.37713,LOS ANGELES,UNINCORPORATED,-118.37727012,34.65958003
6839458,2015,2016-09-27,9530,2015-02-22,1025,020624,NA,7,1,9,1900,0,3,5,NA,2,006,CARSON ST,RT 110,50,W,N,B,-,Y,LA,7,110,-,-,6.926,R,4,S,N,4,0,1,3,A,-,03,22350,NA,F,C,C,A,A,H,-,A,A,1,NA,NA,NA,NA,Y,NA,-,99,0,0,1,0,0,0,0,0,0,-,-,33.8316,-118.28797,LOS ANGELES,UNINCORPORATED,-118.28748919,33.83041023
6839459,2015,2015-03-17,1900,2015-02-23,0730,MEZA,0533,1,5,5,1959,0,0,0,NA,0,53TIAM,SAN GABRIEL BL,GRAVES AV,65,S,N,A,-,N,NA,NA,NA,NA,NA,NA,NA,NA,NA,N,4,0,1,2,A,-,10,21950,A,N,G,B,B,A,H,-,A,A,0,Y,NA,NA,NA,Y,NA,D,22,0,0,1,0,1,0,0,0,0,-,-,NA,NA,LOS ANGELES,ROSEMEAD,-118.09052364,34.0537118
6839460,2015,2016-10-26,9545,2015-02-24,0655,015351,NA,2,1,9,1900,0,1,3,NA,2,021,RT 14,AVENUE 0-8,208,S,N,A,-,Y,LA,7,14,-,R,62.08,H,-,S,Y,3,0,1,1,A,-,08,22107,NA,N,E,I,A,A,H,-,A,D,1,NA,NA,NA,NA,Y,NA,A,01,0,1,0,0,0,0,0,0,0,-,-,34.60828,-118.15117,LOS ANGELES,UNINCORPORATED,-118.15157261,34.60841297
6839464,2015,2017-02-09,9545,2015-02-13,1515,018420,NA,5,2,9,1900,0,1,3,NA,1,042,RT 138,85TH ST EAST,350,E,N,A,-,Y,LA,7,138,-,-,55.01,H,-,E,Y,4,0,3,3,A,-,03,22350,NA,N,C,C,A,A,H,-,A,D,0,NA,NA,NA,NA,Y,NA,A,07,0,0,3,0,0,0,0,0,0,-,-,34.52119,-117.97748,LOS ANGELES,UNINCORPORATED,-117.97838768,34.52113152
6839466,2015,2016-10-18,9530,2015-02-20,1649,17755,NA,5,2,9,1900,0,1,3,NA,2,310,RT 91,SANTA FE AV,285,E,N,A,-,Y,LA,7,91,-,R,10.46,H,-,E,N,4,0,2,4,A,-,03,22350,NA,N,C,C,A,A,H,-,A,D,1,NA,NA,NA,NA,Y,NA,D,22,0,0,2,0,0,0,0,0,0,-,-,33.87332,-118.21344,LOS ANGELES,UNINCORPORATED,-118.21354517,33.87339403
6839467,2015,2015-03-19,1900,2015-02-23,1047,524061,0533,1,5,5,1959,0,0,0,NA,0,55T1AM,GARVEY AV,SULLIVAN ST,376,E,N,A,-,N,NA,NA,NA,NA,NA,NA,NA,NA,NA,N,3,0,1,2,D,-,00,NA,NA,N,D,G,A,A,H,-,A,A,0,NA,Y,NA,Y,Y,NA,-,-,0,1,0,0,0,0,1,0,0,-,-,NA,NA,LOS ANGELES,ROSEMEAD,-118.07183574,34.06264951
6839523,2015,2017-01-07,1942,2015-02-28,1100,41059,1268,6,5,7,1942,0,0,0,L,0,3T5,MAIN ST,85TH PL,2,E,N,A,-,N,NA,NA,NA,NA,NA,NA,NA,NA,NA,Y,3,0,1,1,A,-,01,23152,A,N,A,I,A,A,H,-,A,D,0,NA,NA,NA,NA,Y,Y,A,01,0,1,0,0,0,0,0,0,0,-,-,NA,NA,LOS ANGELES,LOS ANGELES,-118.27388,33.96081
6839540,2015,2015-03-13,1902,2015-02-25,1304,699,15,3,5,5,1902,0,0,0,NA,0,002,HUNTINGTON DR,CENTENNIAL WY,391,W,N,A,-,N,NA,NA,NA,NA,NA,NA,NA,NA,NA,Y,4,0,2,2,A,-,07,21658,A,N,B,C,A,A,H,-,A,D,0,NA,NA,NA,NA,Y,NA,A,08,0,0,2,0,0,0,0,0,0,-,-,NA,NA,LOS ANGELES,ARCADIA,-118.041703,34.135659
6839552,2015,2015-03-13,1942,2015-02-22,2200,40479,1239,7,5,7,1942,0,0,0,L,0,12X4W4,59TH ST,FIGUEROA BL,0,NA,Y,B,-,N,NA,NA,NA,NA,NA,NA,NA,NA,NA,N,4,0,1,2,A,-,10,21950,A,F,G,B,B,B,-,-,C,A,0,Y,NA,NA,NA,Y,NA,-,99,0,0,1,0,1,0,0,0,0,-,-,NA,NA,LOS ANGELES,LOS ANGELES,-118.28269002,33.98760003
6839556,2015,2017-01-28,1942,2015-02-27,1355,40440,1211,5,5,7,1942,0,0,0,L,0,3T57,54TH ST,6TH AV,0,NA,Y,A,-,N,NA,NA,NA,NA,NA,NA,NA,NA,NA,N,4,0,1,3,A,-,09,21802,A,F,D,C,A,A,H,-,A,A,0,NA,NA,NA,NA,Y,NA,-,99,0,0,1,0,0,0,0,0,0,-,-,NA,NA,LOS ANGELES,LOS ANGELES,-118.3236501,33.99318001
6839560,2015,2015-03-13,1942,2015-02-19,1900,37354,1854,4,5,7,1942,0,0,0,R,0,NA,CENTRAL,88TH ST,5,S,N,A,-,N,NA,NA,NA,NA,NA,NA,NA,NA,NA,N,4,0,1,2,A,-,00,21658,D,N,B,G,A,A,H,-,C,A,0,NA,Y,NA,NA,Y,Y,L,04,0,0,1,0,0,0,1,0,0,-,-,NA,NA,LOS ANGELES,LOS ANGELES,-118.25642,33.95742629
6839564,2015,2015-03-13,1942,2015-02-22,0240,41205,1862,7,5,7,1942,0,0,0,R,0,18A17,BROADWAY,115TH ST,40,N,N,A,-,N,NA,NA,NA,NA,NA,NA,NA,NA,NA,Y,4,0,1,1,A,-,03,22350,A,N,E,I,A,A,H,-,C,D,0,NA,NA,NA,NA,Y,NA,A,01,0,0,1,0,0,0,0,0,0,-,-,NA,NA,LOS ANGELES,LOS ANGELES,-118.278347,33.930171
6839572,2015,2015-03-13,1942,2015-02-18,1249,NA,1841,3,5,7,1942,0,0,0,R,0,18E15,IMPERIAL HWY,HOOVER ST,0,NA,Y,A,-,N,NA,NA,NA,NA,NA,NA,NA,NA,NA,Y,4,0,1,2,A,-,09,21801,A,N,D,C,A,A,H,-,A,A,0,NA,NA,NA,NA,Y,NA,A,01,0,0,1,0,0,0,0,0,0,-,-,NA,NA,LOS ANGELES,LOS ANGELES,-118.28699007,33.93099003
6839576,2015,2016-10-05,1942,2015-02-19,0840,40286,1842,4,5,7,1942,0,0,0,R,0,1822,CENTURY,RT 110,25,W,N,A,-,Y,LA,7,110,-,-,15.099,R,4,S,N,4,0,1,2,A,-,00,21760,C,N,B,G,A,A,H,-,A,D,0,NA,Y,NA,NA,Y,NA,A,01,0,0,1,0,0,0,1,0,0,-,SF,NA,NA,LOS ANGELES,LOS ANGELES,-118.27968719,33.94743484
6839580,2015,2015-03-13,1942,2015-02-18,1030,24543,1823,3,5,7,1942,0,0,0,R,0,25MQ14,AVALON BL,CENTURY BL,0,NA,Y,A,-,N,NA,NA,NA,NA,NA,NA,NA,NA,NA,Y,3,0,2,2,A,-,09,21801,A,N,D,C,A,A,H,-,A,A,0,NA,NA,NA,NA,Y,NA,A,01,0,1,1,0,0,0,0,0,0,-,-,NA,NA,LOS ANGELES,LOS ANGELES,-118.26518009,33.94561004
6839584,2015,2015-03-13,1942,2015-02-22,1330,41585,1844,7,5,7,1942,0,0,0,R,0,18A63,109TH ST,AVALON BL,0,NA,Y,B,-,N,NA,NA,NA,NA,NA,NA,NA,NA,NA,N,3,0,2,2,A,-,09,21802,A,N,D,C,A,A,H,-,A,A,0,NA,NA,NA,NA,Y,NA,A,08,0,1,1,0,0,0,0,0,0,-,-,NA,NA,LOS ANGELES,LOS ANGELES,-118.26519009,33.93740004
6839588,2015,2015-03-13,1942,2015-02-18,2005,3,1800,3,5,7,1942,0,0,0,R,0,18A3,IMPERIAL HWY,VERMONT AV,192,E,N,A,-,N,NA,NA,NA,NA,NA,NA,NA,NA,NA,N,4,0,1,2,A,-,08,22107,NA,N,D,C,A,A,H,-,B,A,0,NA,NA,NA,NA,Y,NA,A,01,0,0,1,0,0,0,0,0,0,-,-,33.93095,-118.29093,LOS ANGELES,LOS ANGELES,-118.29097828,33.93098
6839592,2015,2015-03-13,1942,2015-02-28,0815,27259,1203,6,5,7,1942,0,0,0,L,0,5TL21,SAINT ANDREWS PL,49TH ST,0,NA,Y,A,-,N,NA,NA,NA,NA,NA,NA,NA,NA,NA,N,4,0,1,2,A,-,12,22450,NA,N,D,C,A,A,H,-,A,A,0,NA,NA,NA,NA,Y,NA,A,08,0,0,1,0,0,0,0,0,0,-,-,NA,NA,LOS ANGELES,LOS ANGELES,-118.31135009,33.99898005
6839596,2015,2015-03-13,1942,2015-02-24,1540,39028,1839,2,5,7,1942,0,0,0,R,0,18T39,103RD ST,CROESUS AV,24,W,N,A,-,N,NA,NA,NA,NA,NA,NA,NA,NA,NA,N,4,0,1,2,D,-,00,NA,NA,N,-,-,A,A,H,-,A,A,0,NA,NA,NA,NA,Y,NA,-,-,0,0,1,0,0,0,0,0,0,-,-,NA,NA,LOS ANGELES,LOS ANGELES,-118.23388897,33.94313
6839600,2015,2015-03-13,1942,2015-02-23,1500,31814,1802,1,5,7,1942,0,0,0,R,0,3T57,91ST ST,MAIN ST,272,W,N,A,-,N,NA,NA,NA,NA,NA,NA,NA,NA,NA,N,2,0,1,2,A,-,03,22350,NA,N,A,J,A,A,H,-,A,D,0,NA,NA,Y,NA,Y,NA,C,03,1,0,0,0,0,0,0,0,1,-,-,NA,NA,LOS ANGELES,LOS ANGELES,-118.27477516,33.95372902
6839747,2015,2015-03-25,1942,2015-02-11,0104,40574,1544,3,5,7,1942,0,0,0,O,0,9T55,LAUREL CANYON BL,RIVERSIDE DR,0,NA,Y,A,-,N,NA,NA,NA,NA,NA,NA,NA,NA,NA,N,3,0,1,2,A,-,08,22107,NA,N,C,C,A,A,H,-,C,A,0,NA,NA,Y,NA,Y,NA,A,01,0,1,0,0,0,0,0,0,1,-,-,NA,NA,LOS ANGELES,LOS ANGELES,-118.39649003,34.15762004
6839850,2014,2015-03-16,1924,2014-11-10,1524,114575,24,1,5,5,1924,0,0,0,NA,0,8L7D,146TH ST,WESTERN AV,0,NA,Y,A,-,N,NA,NA,NA,NA,NA,NA,NA,NA,NA,Y,2,0,4,2,A,-,09,21802,A,N,D,C,A,A,H,-,A,A,0,NA,NA,NA,NA,Y,NA,A,07,1,1,2,0,0,0,0,0,0,-,-,NA,NA,LOS ANGELES,GARDENA,-118.30916008,33.89900009
6839928,2015,2015-03-24,1900,2015-02-22,1700,526292,0521,7,5,4,1971,0,0,0,NA,0,52T1PM,TEMPLE CITY BL,WOODRUFF AV,0,NA,Y,C,-,N,NA,NA,NA,NA,NA,NA,NA,NA,NA,Y,4,0,1,2,D,-,00,NA,NA,N,D,C,A,B,H,-,B,A,0,NA,NA,NA,NA,Y,NA,-,-,0,0,1,0,0,0,0,0,0,-,-,NA,NA,LOS ANGELES,TEMPLE CITY,-118.06126004,34.10847002
6839932,2015,2015-03-19,1900,2015-02-16,0853,524061,0560,1,5,3,1968,0,0,0,NA,0,55T1,GARVEY AV,CHICO AV,0,NA,Y,A,-,N,NA,NA,NA,NA,NA,NA,NA,NA,NA,N,4,0,1,2,A,-,10,21950,A,N,G,B,B,A,H,-,A,A,0,Y,NA,NA,NA,Y,NA,A,01,0,0,1,0,1,0,0,0,0,-,-,NA,NA,LOS ANGELES,SOUTH EL MONTE,-118.06003003,34.06274001
6839940,2015,2015-03-18,1942,2015-01-27,0830,36602,2023,2,5,7,1942,0,0,0,NA,0,20T59,4TH ST,ARDMORE AV,0,NA,Y,A,-,N,NA,NA,NA,NA,NA,NA,NA,NA,NA,N,4,0,1,2,A,-,09,21802,A,N,H,G,A,A,H,-,A,A,0,NA,Y,NA,NA,Y,NA,A,01,0,0,1,0,0,0,1,0,0,-,-,NA,NA,LOS ANGELES,LOS ANGELES,-118.30160006,34.06720008
6839944,2015,2015-03-18,1942,2015-01-28,1450,38282,2024,3,5,7,1942,0,0,0,NA,0,20T59,HARVARD BL,WILSHIRE BL,340,N,N,B,-,N,NA,NA,NA,NA,NA,NA,NA,NA,NA,N,4,0,1,2,A,-,09,21804,A,N,D,C,A,A,E,-,A,D,0,NA,NA,NA,NA,Y,NA,A,01,0,0,1,0,0,0,0,0,0,-,-,NA,NA,LOS ANGELES,LOS ANGELES,-118.30422,34.06174
6839948,2015,2016-04-13,1942,2015-01-26,1745,41123,2014,1,5,7,1942,0,0,0,NA,0,20A74,ARDMORE AV,3RD ST,0,NA,Y,C,-,N,NA,NA,NA,NA,NA,NA,NA,NA,NA,Y,4,0,4,2,A,-,09,21802,A,N,D,C,A,B,H,-,C,D,0,NA,NA,NA,NA,Y,NA,-,-,0,0,4,0,0,0,0,0,0,-,-,NA,NA,LOS ANGELES,LOS ANGELES,-118.30164001,34.06901001
6839952,2015,2015-03-18,1942,2015-01-24,1140,38310,2083,6,5,7,1942,0,0,0,NA,0,7T23,VENICE BL,WESTERN AV,37,W,N,A,-,N,NA,NA,NA,NA,NA,NA,NA,NA,NA,N,3,0,2,3,A,-,07,21658,A,N,B,C,A,A,D,-,A,A,0,NA,NA,NA,NA,Y,NA,A,01,0,1,1,0,0,0,0,0,0,-,-,NA,NA,LOS ANGELES,LOS ANGELES,-118.3091519,34.04357