CASE_ID,ACCIDENT_YEAR,PROC_DATE,JURIS,COLLISION_DATE,COLLISION_TIME,OFFICER_ID,REPORTING_DISTRICT,DAY_OF_WEEK,CHP_SHIFT,POPULATION,CNTY_CITY_LOC,SPECIAL_COND,BEAT_TYPE,CHP_BEAT_TYPE,CITY_DIVISION_LAPD,CHP_BEAT_CLASS,BEAT_NUMBER,PRIMARY_RD,SECONDARY_RD,DISTANCE,DIRECTION,INTERSECTION,WEATHER_1,WEATHER_2,STATE_HWY_IND,CALTRANS_COUNTY,CALTRANS_DISTRICT,STATE_ROUTE,ROUTE_SUFFIX,POSTMILE_PREFIX,POSTMILE,LOCATION_TYPE,RAMP_INTERSECTION,SIDE_OF_HWY,TOW_AWAY,COLLISION_SEVERITY,NUMBER_KILLED,NUMBER_INJURED,PARTY_COUNT,PRIMARY_COLL_FACTOR,PCF_CODE_OF_VIOL,PCF_VIOL_CATEGORY,PCF_VIOLATION,PCF_VIOL_SUBSECTION,HIT_AND_RUN,TYPE_OF_COLLISION,MVIW,PED_ACTION,ROAD_SURFACE,ROAD_COND_1,ROAD_COND_2,LIGHTING,CONTROL_DEVICE,CHP_ROAD_TYPE,PEDESTRIAN_ACCIDENT,BICYCLE_ACCIDENT,MOTORCYCLE_ACCIDENT,TRUCK_ACCIDENT,NOT_PRIVATE_PROPERTY,ALCOHOL_INVOLVED,STWD_VEHTYPE_AT_FAULT,CHP_VEHTYPE_AT_FAULT,COUNT_SEVERE_INJ,COUNT_VISIBLE_INJ,COUNT_COMPLAINT_PAIN,COUNT_PED_KILLED,COUNT_PED_INJURED,COUNT_BICYCLIST_KILLED,COUNT_BICYCLIST_INJURED,COUNT_MC_KILLED,COUNT_MC_INJURED,PRIMARY_RAMP,SECONDARY_RAMP,LATITUDE,LONGITUDE,COUNTY,CITY,POINT_X,POINT_Y
6844762,2015,2015-03-17,1942,2015-02-09,1115,31816,1394,1,5,7,1942,0,0,0,M,0,4TL43,FLORENCE AV,MAIN ST,155,E,N,A,-,N,NA,NA,NA,NA,NA,NA,NA,NA,NA,N,4,0,1,2,A,-,03,22350,NA,N,C,C,A,A,H,-,A,D,0,NA,NA,NA,NA,Y,NA,A,01,0,0,1,0,0,0,0,0,0,-,-,NA,NA,LOS ANGELES,LOS ANGELES,-118.27394,33.97468
6844764,2015,2015-03-16,1942,2015-02-12,1745,39889,0154,4,5,7,1942,0,0,0,A,0,1TL24,MAIN ST,6TH ST,30,S,N,A,-,N,NA,NA,NA,NA,NA,NA,NA,NA,NA,N,3,0,1,2,A,-,07,21658,A,N,B,G,A,A,H,-,C,A,0,NA,Y,NA,NA,Y,NA,A,01,0,1,0,0,0,0,1,0,0,-,-,NA,NA,LOS ANGELES,LOS ANGELES,-118.24998659,34.0451892
6844765,2015,2015-03-16,1942,2015-02-10,1825,40291,RD118,2,5,7,1942,0,0,0,NA,0,11A95,GLENDALE BL,SCOTT AV,100,S,N,A,-,N,NA,NA,NA,NA,NA,NA,NA,NA,NA,N,4,0,1,2,A,-,03,22350,NA,N,C,C,A,A,H,-,C,D,0,NA,NA,NA,NA,Y,NA,-,NA,0,0,1,0,0,0,0,0,0,-,-,NA,NA,LOS ANGELES,LOS ANGELES,-118.26018423,34.08168601
6844766,2015,2016-04-13,1942,2015-02-12,1530,39123,NA,4,5,7,1942,0,0,0,NA,0,1307,9TH ST,CROCKER ST,0,NA,N,A,-,N,NA,NA,NA,NA,NA,NA,NA,NA,NA,N,4,0,1,2,A,-,04,21703,NA,N,C,G,A,A,H,-,A,D,0,NA,Y,NA,NA,Y,NA,-,NA,0,0,1,0,0,0,1,0,0,-,-,NA,NA,LOS ANGELES,LOS ANGELES,-118.24928009,34.03633009
6844768,2015,2015-03-16,1942,2015-02-10,1305,37225,0195,2,5,7,1942,0,0,0,A,0,1TL11,BROADWAY,17TH ST,0,NA,Y,A,-,N,NA,NA,NA,NA,NA,NA,NA,NA,NA,N,4,0,1,2,A,-,12,21453,A,F,D,C,A,A,H,-,A,D,0,NA,NA,NA,NA,Y,NA,-,99,0,0,1,0,0,0,0,0,0,-,-,NA,NA,LOS ANGELES,LOS ANGELES,-118.26416,34.03343
6844769,2015,2015-03-16,1942,2015-02-09,0725,38399,1144,1,5,7,1942,0,0,0,K,0,11T25,GLENDALE BL,SILVER LAKE AV,28,N,N,A,-,N,NA,NA,NA,NA,NA,NA,NA,NA,NA,Y,3,0,1,2,A,-,09,21801,A,N,D,C,A,A,H,-,A,A,0,NA,NA,Y,NA,Y,NA,A,01,0,1,0,0,0,0,0,0,1,-,-,NA,NA,LOS ANGELES,LOS ANGELES,-118.25920485,34.10081575
6844770,2015,2015-03-16,1942,2015-02-10,1610,34458,1115,2,5,7,1942,0,0,0,K,0,4TL4,YOSEMITE DR,MAYWOOD AV,442,W,N,A,-,N,NA,NA,NA,NA,NA,NA,NA,NA,NA,Y,3,0,1,2,A,-,03,22350,NA,N,C,E,A,A,H,-,A,D,0,NA,NA,NA,NA,Y,NA,A,01,0,1,0,0,0,0,0,0,0,-,-,NA,NA,LOS ANGELES,LOS ANGELES,-118.2124231,34.13457233
6844772,2015,2015-03-25,1942,2015-02-27,1530,34458,0212,5,5,7,1942,0,0,0,B,0,4TL4,BEVERLY BL,MADISON AV,0,NA,Y,A,-,N,NA,NA,NA,NA,NA,NA,NA,NA,NA,Y,3,0,1,2,A,-,09,21801,A,N,D,C,A,A,H,-,A,D,0,NA,NA,NA,NA,Y,NA,A,01,0,1,0,0,0,0,0,0,0,-,-,NA,NA,LOS ANGELES,LOS ANGELES,-118.28942006,34.07631011
6844773,2015,2015-03-16,1942,2015-02-17,1650,39889,1345,2,5,7,1942,0,0,0,M,0,13TL22,CENTRAL AV,41ST ST,0,NA,Y,A,-,N,NA,NA,NA,NA,NA,NA,NA,NA,NA,N,4,0,1,2,A,-,09,21801,A,N,D,C,A,A,H,-,A,A,0,NA,NA,NA,NA,Y,NA,A,01,0,0,1,0,0,0,0,0,0,-,-,NA,NA,LOS ANGELES,LOS ANGELES,-118.25651002,34.00924009
6844774,2015,2015-03-16,1942,2015-02-13,1850,39876,1174,5,5,7,1942,0,0,0,K,0,4TL43,ECHO PARK AV,DONALDSON ST,0,NA,Y,A,-,N,NA,NA,NA,NA,NA,NA,NA,NA,NA,Y,4,0,1,2,A,-,09,21801,A,N,A,C,A,A,H,-,C,D,0,NA,NA,NA,NA,Y,NA,A,01,0,0,1,0,0,0,0,0,0,-,-,NA,NA,LOS ANGELES,LOS ANGELES,-118.24917009,34.09140003
6844776,2015,2015-03-17,1942,2015-02-28,1210,41420,0299,6,5,7,1942,0,0,0,B,0,2XL11,PICO BL,CONSTANCE ST,0,NA,Y,A,-,N,NA,NA,NA,NA,NA,NA,NA,NA,NA,N,4,0,1,2,A,-,00,20015,NA,F,D,B,B,A,H,-,C,D,0,Y,NA,NA,NA,Y,NA,-,99,0,0,1,0,1,0,0,0,0,-,-,NA,NA,LOS ANGELES,LOS ANGELES,-118.27790007,34.04509009
6844777,2015,2015-03-16,1942,2015-02-17,1700,40099,1395,2,5,7,1942,0,0,0,M,0,4TL4,FLORENCE AV,TOWNE AV,0,NA,Y,A,-,N,NA,NA,NA,NA,NA,NA,NA,NA,NA,Y,4,0,2,2,A,-,09,21801,A,N,D,C,A,A,H,-,A,A,0,NA,NA,NA,NA,Y,NA,A,07,0,0,2,0,0,0,0,0,0,-,-,NA,NA,LOS ANGELES,LOS ANGELES,-118.26737011,33.97471007
6844778,2015,2015-03-16,1942,2015-02-13,1230,31152,1138,5,5,7,1942,0,0,0,K,0,11TL25,TOLEDO ST,YORK BL,10,S,N,A,-,N,NA,NA,NA,NA,NA,NA,NA,NA,NA,N,3,0,2,3,A,-,10,21950,A,N,G,B,B,A,H,-,A,A,0,Y,NA,NA,NA,Y,NA,A,07,0,1,1,0,2,0,0,0,0,-,-,NA,NA,LOS ANGELES,LOS ANGELES,-118.19076647,34.11832311
6844779,2015,2015-03-16,1967,2015-02-13,1627,40256,932,5,5,2,1967,0,0,0,NA,0,NORTH,WALNUT AV,WILLOW,0,NA,Y,A,-,N,NA,NA,NA,NA,NA,NA,NA,NA,NA,Y,3,0,3,3,A,-,12,21453,A,N,A,C,A,A,H,-,A,A,0,NA,NA,NA,NA,Y,NA,A,01,0,1,2,0,0,0,0,0,0,-,-,NA,NA,LOS ANGELES,SIGNAL HILL,-118.1719801,33.80442003
6844780,2015,2015-03-16,1942,2015-02-20,1500,34458,0245,5,5,7,1942,0,0,0,B,0,4TL4,CARONDELET ST,6TH ST,30,N,N,A,-,N,NA,NA,NA,NA,NA,NA,NA,NA,NA,N,4,0,1,2,A,-,21,22106,NA,N,D,C,A,A,H,-,A,D,0,NA,NA,NA,NA,Y,NA,A,08,0,0,1,0,0,0,0,0,0,-,-,NA,NA,LOS ANGELES,LOS ANGELES,-118.27954,34.06165
6844781,2015,2015-03-16,1942,2015-02-16,0800,38656,1303,1,5,7,1942,0,0,0,M,0,NEWT,9TH ST,E 9TH ST 925,0,NA,N,A,-,N,NA,NA,NA,NA,NA,NA,NA,NA,NA,N,4,0,1,2,A,-,00,22650,NA,N,A,G,A,A,H,-,A,D,0,NA,Y,NA,NA,Y,NA,-,NA,0,0,1,0,0,0,1,0,0,-,-,NA,NA,LOS ANGELES,LOS ANGELES,-118.247701,34.034864
6844782,2015,2015-03-23,1942,2015-02-13,1550,34426,1149,5,5,7,1942,0,0,0,K,0,2TL28,FIGUEROA ST,AVENUE 56,160,S,N,A,-,N,NA,NA,NA,NA,NA,NA,NA,NA,NA,N,3,0,1,2,-,-,-,NA,NA,N,D,G,A,A,H,-,C,D,0,NA,Y,NA,NA,Y,NA,-,-,0,1,0,0,0,0,1,0,0,-,-,NA,NA,LOS ANGELES,LOS ANGELES,-118.19465444,34.10867723
6844783,2015,2015-03-16,1942,2015-02-15,1815,36860,1162,7,5,7,1942,0,0,0,K,0,11A62,SUNSET BL,VIRGIL PL,0,NA,Y,A,-,N,NA,NA,NA,NA,NA,NA,NA,NA,NA,N,4,0,1,2,A,-,04,21703,NA,N,C,C,A,A,H,-,C,D,0,NA,NA,NA,NA,Y,NA,-,NA,0,0,1,0,0,0,0,0,0,-,-,NA,NA,LOS ANGELES,LOS ANGELES,-118.28616009,34.09754005
6844784,2015,2016-04-13,1942,2015-02-14,1655,33452,0279,6,5,7,1942,0,0,0,B,0,1TL24,BLAINE ST,OLYMPIC BL,230,N,N,A,-,N,NA,NA,NA,NA,NA,NA,NA,NA,NA,N,3,0,2,2,A,-,08,22100,B,N,D,C,A,A,H,-,A,D,0,NA,NA,NA,NA,Y,NA,A,01,0,1,1,0,0,0,0,0,0,-,-,NA,NA,LOS ANGELES,LOS ANGELES,-118.26966239,34.04785479
6844785,2015,2015-03-16,1942,2015-02-15,1640,33452,1177,7,5,7,1942,0,0,0,K,0,1TL24,CYPRESS AV,FIGUEROA ST,0,NA,Y,A,-,N,NA,NA,NA,NA,NA,NA,NA,NA,NA,N,4,0,2,2,A,-,09,21801,A,N,D,C,A,A,H,-,A,A,0,NA,NA,NA,NA,Y,NA,A,01,0,0,2,0,0,0,0,0,0,-,-,NA,NA,LOS ANGELES,LOS ANGELES,-118.21904012,34.08643002
6844786,2015,2015-03-16,1942,2015-02-06,0530,36284,1127,5,5,7,1942,0,0,0,K,0,11A25,FIGUEROA ST,GARVANZA AV,15,N,N,A,-,N,NA,NA,NA,NA,NA,NA,NA,NA,NA,N,4,0,1,2,A,-,09,21801,A,N,D,C,A,A,H,-,C,D,0,NA,NA,NA,NA,Y,NA,-,NA,0,0,1,0,0,0,0,0,0,-,-,NA,NA,LOS ANGELES,LOS ANGELES,-118.18358484,34.11640915
6844787,2015,2015-03-16,1942,2015-02-14,0001,38050,0269,6,5,7,1942,0,0,0,B,0,2T15,UNION AV,7TH ST,0,NA,Y,A,-,N,NA,NA,NA,NA,NA,NA,NA,NA,NA,Y,4,0,1,2,A,-,12,21453,A,N,D,C,A,A,H,-,C,A,0,NA,NA,NA,NA,Y,Y,A,01,0,0,1,0,0,0,0,0,0,-,-,NA,NA,LOS ANGELES,LOS ANGELES,-118.27117012,34.05393006
6844788,2015,2015-03-16,1942,2015-02-13,1740,34426,0267,5,5,7,1942,0,0,0,B,0,2TL28,UNION AV,7TH ST,0,NA,Y,A,-,N,NA,NA,NA,NA,NA,NA,NA,NA,NA,N,4,0,1,2,A,-,09,21801,A,N,D,C,A,A,H,-,C,A,0,NA,NA,NA,NA,Y,NA,A,01,0,0,1,0,0,0,0,0,0,-,-,NA,NA,LOS ANGELES,LOS ANGELES,-118.27117012,34.05393006
6844789,2015,2015-03-16,1942,2015-02-11,1230,35379,1393,3,5,7,1942,0,0,0,M,0,13A27,GAGE AV,MAIN ST,0,NA,Y,A,-,N,NA,NA,NA,NA,NA,NA,NA,NA,NA,Y,3,0,3,2,A,-,09,21801,A,N,D,C,A,A,H,-,A,A,0,NA,NA,NA,NA,Y,NA,A,07,0,1,2,0,0,0,0,0,0,-,-,NA,NA,LOS ANGELES,LOS ANGELES,-118.2739501,33.98242011
6844790,2015,2015-03-16,1942,2015-02-21,1935,39639,1151,6,5,7,1942,0,0,0,K,0,11TL21,VERMONT AV,DELONGPRE AV,145,S,N,A,-,N,NA,NA,NA,NA,NA,NA,NA,NA,NA,Y,4,0,1,2,A,-,21,22106,NA,N,B,C,A,A,H,-,C,D,0,NA,NA,NA,NA,Y,NA,A,01,0,0,1,0,0,0,0,0,0,-,-,NA,NA,LOS ANGELES,LOS ANGELES,-118.29176302,34.09662238
6844791,2015,2015-03-16,1942,2015-02-09,0755,38233,0248,1,5,7,1942,0,0,0,B,0,11T32,W 3RD ST,LOMA DR,150,W,N,A,-,N,NA,NA,NA,NA,NA,NA,NA,NA,NA,N,4,0,3,3,A,-,03,22350,NA,N,-,C,A,A,H,-,A,D,0,NA,NA,NA,NA,Y,NA,A,01,0,0,3,0,0,0,0,0,0,-,-,NA,NA,LOS ANGELES,LOS ANGELES,-118.26601154,34.06008488
6844792,2015,2015-03-16,1942,2015-02-06,1715,37611,0281,5,5,7,1942,0,0,0,B,0,1TL24,11TH ST,ALVARADO ST,169,E,N,A,-,N,NA,NA,NA,NA,NA,NA,NA,NA,NA,N,3,0,1,2,A,-,09,21801,A,N,D,G,A,A,H,-,A,D,0,NA,Y,NA,NA,Y,NA,A,01,0,1,0,0,0,0,1,0,0,-,-,NA,NA,LOS ANGELES,LOS ANGELES,-118.28030402,34.05005377
6844793,2015,2015-03-16,1942,2015-02-17,1735,39889,1303,2,5,7,1942,0,0,0,M,0,13TL22,MAPLE AV,11TH ST,5,S,N,A,-,N,NA,NA,NA,NA,NA,NA,NA,NA,NA,N,3,0,1,3,A,-,05,21650,1,N,D,G,A,A,H,-,A,A,0,NA,Y,Y,NA,Y,NA,L,04,0,1,0,0,0,0,1,0,0,-,-,NA,NA,LOS ANGELES,LOS ANGELES,-118.25515918,34.03714862
6844794,2015,2015-03-16,1942,2015-02-13,1720,32108,1126,5,5,7,1942,0,0,0,K,0,11A37,YORK BL,N AVENUE 55,0,NA,Y,A,-,N,NA,NA,NA,NA,NA,NA,NA,NA,NA,N,3,0,1,2,A,-,09,21801,A,N,D,G,A,A,H,-,A,D,0,NA,Y,NA,NA,Y,NA,-,NA,0,1,0,0,0,0,1,0,0,-,-,NA,NA,LOS ANGELES,LOS ANGELES,-118.19817002,34.11971009
6844796,2015,2015-03-16,1942,2015-02-20,1225,40008,0269,5,5,7,1942,0,0,0,B,0,13TL55,W 7TH ST,S UNION AV,100,E,N,A,-,N,NA,NA,NA,NA,NA,NA,NA,NA,NA,N,3,0,1,2,A,-,17,22517,NA,N,B,G,A,A,H,-,A,D,0,NA,Y,NA,NA,Y,NA,A,01,0,1,0,0,0,0,1,0,0,-,-,NA,NA,LOS ANGELES,LOS ANGELES,-118.27088137,34.05379771
6844797,2015,2015-03-16,1942,2015-02-05,0810,30380,1327,4,5,7,1942,0,0,0,M,0,4TL43,EAST 2ND ST,S HOOPER ST,0,NA,Y,A,-,N,NA,NA,NA,NA,NA,NA,NA,NA,NA,Y,4,0,1,2,A,-,09,21802,A,N,D,C,A,A,H,-,A,A,0,NA,NA,NA,NA,Y,NA,A,07,0,0,1,0,0,0,0,0,0,-,-,NA,NA,LOS ANGELES,LOS ANGELES,-118.28436001,34.07046002
6844798,2015,2016-04-13,1942,2015-02-14,0026,40062,1161,6,5,7,1942,0,0,0,K,0,11A51,N NORMANDIE AV,FOUNTAIN,400,S,N,A,-,N,NA,NA,NA,NA,NA,NA,NA,NA,NA,Y,4,0,1,1,C,-,18,NA,NA,N,H,J,A,A,A,-,D,D,0,NA,Y,NA,NA,Y,NA,-,-,0,0,1,0,0,0,1,0,0,-,-,NA,NA,LOS ANGELES,LOS ANGELES,-118.3005,34.09410298
6844800,2015,2015-03-16,1942,2015-02-25,1550,40839,0291,3,5,7,1942,0,0,0,B,0,2FB43,WASHINGTON,HOOVER ST,0,NA,Y,A,-,N,NA,NA,NA,NA,NA,NA,NA,NA,NA,N,4,0,1,2,A,-,10,21950,A,N,A,B,B,A,-,-,A,A,0,Y,NA,NA,NA,Y,NA,A,01,0,0,1,0,1,0,0,0,0,-,-,NA,NA,LOS ANGELES,LOS ANGELES,-118.28412,34.03985011
6844801,2015,2015-03-16,1942,2015-02-06,1625,37611,0192,5,5,7,1942,0,0,0,A,0,1TL24,OLIVE ST,17TH ST,0,NA,Y,A,-,N,NA,NA,NA,NA,NA,NA,NA,NA,NA,Y,4,0,1,2,A,-,08,22100,B,N,B,C,A,A,H,-,A,D,0,NA,NA,NA,NA,Y,NA,A,01,0,0,1,0,0,0,0,0,0,-,-,NA,NA,LOS ANGELES,LOS ANGELES,-118.26602011,34.03445
6844805,2015,2015-03-16,1942,2015-02-15,2105,39062,0159,7,5,7,1942,0,0,0,A,0,1T11,6TH ST,MATEO ST,968,E,N,A,-,N,NA,NA,NA,NA,NA,NA,NA,NA,NA,Y,2,0,6,2,A,-,01,23152,A,N,D,C,A,A,H,-,C,A,0,NA,NA,NA,NA,Y,Y,A,01,2,2,2,0,0,0,0,0,0,-,-,NA,NA,LOS ANGELES,LOS ANGELES,-118.22958,34.03858
6844809,2015,2015-03-16,1942,2015-02-11,1635,34458,0139,3,5,7,1942,0,0,0,A,0,4TL4,4TH ST,HEWITT ST,50,W,N,A,-,N,NA,NA,NA,NA,NA,NA,NA,NA,NA,N,4,0,2,3,A,-,03,22350,NA,N,C,C,A,A,G,-,A,D,0,NA,NA,NA,NA,Y,NA,A,01,0,0,2,0,0,0,0,0,0,-,-,NA,NA,LOS ANGELES,LOS ANGELES,-118.23557472,34.04357
6844813,2015,2015-03-16,1942,2015-02-12,0015,39745,0124,4,5,7,1942,0,0,0,A,0,1T11W3,MAIN ST,1ST ST,10,S,N,A,-,N,NA,NA,NA,NA,NA,NA,NA,NA,NA,Y,4,0,1,2,A,-,08,22107,NA,N,B,C,A,A,H,-,C,D,0,NA,NA,NA,NA,Y,NA,A,01,0,0,1,0,0,0,0,0,0,-,-,NA,NA,LOS ANGELES,LOS ANGELES,-118.2434,34.05223
6844817,2015,2015-03-16,1942,2015-02-11,0550,32996,0119,3,5,7,1942,0,0,0,A,0,2TL15,CESAR E CHAVEZ AV,LYON ST,180,E,N,A,-,N,NA,NA,NA,NA,NA,NA,NA,NA,NA,N,4,0,1,2,A,-,03,22350,NA,N,C,C,A,A,H,-,A,A,0,NA,NA,NA,NA,Y,NA,A,01,0,0,1,0,0,0,0,0,0,-,-,NA,NA,LOS ANGELES,LOS ANGELES,-118.23035073,34.05614381
6844821,2015,2015-03-16,1942,2015-02-11,1030,32996,0185,3,5,7,1942,0,0,0,A,0,2TL15,LOS ANGELES ST,OLYMPIC BL,102,S,N,A,-,N,NA,NA,NA,NA,NA,NA,NA,NA,NA,N,3,0,1,2,A,-,08,22102,NA,N,D,G,A,A,H,-,A,A,0,NA,Y,NA,NA,Y,NA,A,01,0,1,0,0,0,0,1,0,0,-,-,NA,NA,LOS ANGELES,LOS ANGELES,-118.25609149,34.03939517
6844825,2015,2015-03-16,1942,2015-02-11,1140,37952,0118,3,5,7,1942,0,0,0,A,0,1TL24,MAIN ST,BRUNO ST,0,NA,Y,A,-,N,NA,NA,NA,NA,NA,NA,NA,NA,NA,Y,3,0,2,2,A,-,09,21801,A,N,A,C,A,A,H,-,A,D,0,NA,NA,NA,NA,Y,NA,A,01,0,1,1,0,0,0,0,0,0,-,-,NA,NA,LOS ANGELES,LOS ANGELES,-118.23460007,34.06207009
6844829,2015,2015-03-16,1942,2015-02-12,1640,40099,0118,4,5,7,1942,0,0,0,A,0,4TL4,MAIN ST,ANN ST,5,N,N,A,-,N,NA,NA,NA,NA,NA,NA,NA,NA,NA,Y,2,0,1,2,A,-,11,21456,B,N,G,B,B,-,H,-,A,A,0,Y,NA,NA,NA,Y,NA,N,60,1,0,0,0,1,0,0,0,0,-,-,NA,NA,LOS ANGELES,LOS ANGELES,-118.23133657,34.06480794
6844838,2015,2015-03-17,1969,2015-02-23,1531,10197,TRFC,1,5,5,1969,0,0,0,NA,0,002,FILESTONE BLVD,MADISON AV,90,W,N,A,-,N,NA,NA,NA,NA,NA,NA,NA,NA,NA,Y,3,0,1,2,A,-,08,22107,NA,N,B,C,A,A,H,-,A,A,0,NA,NA,NA,NA,Y,NA,A,01,0,1,0,0,0,0,0,0,0,-,-,NA,NA,LOS ANGELES,SOUTH GATE,-118.213715,33.954994
6844842,2015,2015-03-16,1969,2015-02-25,0727,10197,TRFC,3,5,5,1969,0,0,0,NA,0,003,OTIS ST,ABBOTT RD,120,N,N,A,-,N,NA,NA,NA,NA,NA,NA,NA,NA,NA,Y,3,0,4,3,A,-,08,22107,NA,N,A,C,A,A,H,-,A,D,0,NA,NA,NA,NA,Y,NA,A,01,0,2,2,0,0,0,0,0,0,-,-,NA,NA,LOS ANGELES,SOUTH GATE,-118.19853086,33.93572899
6844846,2015,2015-03-16,1969,2015-02-25,0610,10197,TRFC,3,5,5,1969,0,0,0,NA,0,004,WRIGHT RD,ALMIRA AV,95,S,N,A,-,N,NA,NA,NA,NA,NA,NA,NA,NA,NA,Y,4,0,1,4,A,-,08,22107,NA,N,A,C,A,A,H,-,A,D,0,NA,NA,NA,NA,Y,NA,A,08,0,0,1,0,0,0,0,0,0,-,-,NA,NA,LOS ANGELES,SOUTH GATE,-118.18107588,33.93695209
6844850,2015,2015-03-17,1969,2015-02-27,0811,10097,PTRL,5,5,5,1969,0,0,0,NA,0,0A2,CALIFORNIA AV,FILESTONE BLVD,0,NA,Y,A,-,N,NA,NA,NA,NA,NA,NA,NA,NA,NA,Y,4,0,1,2,A,-,09,21801,A,N,D,C,A,A,H,-,A,A,0,NA,NA,NA,NA,Y,NA,A,08,0,0,1,0,0,0,0,0,0,-,-,NA,NA,LOS ANGELES,SOUTH GATE,-118.2061,33.95418
6844853,2015,2015-03-16,1942,2015-02-21,0630,40008,0192,6,5,7,1942,0,0,0,A,0,13TL55,PICO BL,HOPE ST,0,NA,Y,A,-,N,NA,NA,NA,NA,NA,NA,NA,NA,NA,Y,4,0,1,2,A,-,09,21801,A,N,D,C,A,A,D,-,A,A,0,NA,NA,NA,NA,Y,NA,A,01,0,0,1,0,0,0,0,0,0,-,-,NA,NA,LOS ANGELES,LOS ANGELES,-118.26571,34.03952006
6844854,2015,2015-03-17,1969,2015-02-07,1635,10166,PTRL,6,5,5,1969,0,0,0,NA,0,0A4,FILESTONE BLVD,FIRESTONE PL,0,NA,Y,A,-,N,NA,NA,NA,NA,NA,NA,NA,NA,NA,Y,4,0,5,2,A,-,09,21801,A,N,D,C,A,A,H,-,A,A,0,NA,NA,NA,NA,Y,NA,A,01,0,0,5,0,0,0,0,0,0,-,-,NA,NA,LOS ANGELES,SOUTH GATE,-118.179212,33.951098
6844857,2015,2015-03-20,1942,2015-02-12,0850,34853,0182,4,5,7,1942,0,0,0,A,0,2A39,FLOWER ST,11TH ST,0,NA,Y,A,-,N,NA,NA,NA,NA,NA,NA,NA,NA,NA,Y,4,0,1,2,D,-,00,NA,NA,N,D,C,A,A,H,-,A,A,0,NA,NA,NA,NA,Y,NA,-,-,0,0,1,0,0,0,0,0,0,-,-,NA,NA,LOS ANGELES,LOS ANGELES,-118.26415008,34.0429801
6844858,2015,2015-03-16,1969,2015-02-22,1518,10160,PTRL,7,5,5,1969,0,0,0,NA,0,004,FIRESTONE BL,MASON ST,165,W,N,A,-,N,NA,NA,NA,NA,NA,NA,NA,NA,NA,N,4,0,5,3,A,-,03,22350,NA,N,C,C,A,A,H,-,A,D,0,NA,NA,NA,NA,Y,NA,A,08,0,0,5,0,0,0,0,0,0,-,-,NA,NA,LOS ANGELES,SOUTH GATE,-118.18062956,33.95136751
6844862,2015,2015-03-17,1969,2015-02-26,1734,10116,PTRL,4,5,5,1969,0,0,0,NA,0,0A4,TWEEDY BL,BRYSON AV,12,W,N,A,-,N,NA,NA,NA,NA,NA,NA,NA,NA,NA,Y,4,0,1,2,A,-,10,21950,A,N,G,B,B,A,H,-,A,A,0,Y,NA,NA,NA,Y,NA,A,08,0,0,1,0,1,0,0,0,0,-,-,NA,NA,LOS ANGELES,SOUTH GATE,-118.19351907,33.94287475
6844878,2015,2015-03-20,1969,2015-02-23,0712,20201,TRFC,1,5,5,1969,0,0,0,NA,0,002,STATE ST,DUANE WY,0,NA,Y,A,-,N,NA,NA,NA,NA,NA,NA,NA,NA,NA,N,4,0,1,2,A,-,09,21802,A,N,D,D,A,A,H,-,A,D,0,NA,NA,NA,NA,Y,NA,A,07,0,0,1,0,0,0,0,0,0,-,-,NA,NA,LOS ANGELES,SOUTH GATE,-118.21300004,33.94951011
6844893,2015,2015-08-24,1942,2015-02-12,1145,41262,1321,4,5,7,1942,0,0,0,M,0,3A63,WASHINGTON,BROADWAY,0,NA,Y,A,-,N,NA,NA,NA,NA,NA,NA,NA,NA,NA,N,4,0,1,2,A,-,07,21658,A,F,B,C,A,A,H,-,A,A,0,NA,NA,NA,NA,Y,NA,-,99,0,0,1,0,0,0,0,0,0,-,-,NA,NA,LOS ANGELES,LOS ANGELES,-118.26575006,34.03144011
6844933,2015,2015-08-24,1942,2015-02-09,1305,41891,LA,1,5,7,1942,0,0,0,NA,0,1362,MAIN ST,51ST ST,0,NA,Y,A,-,N,NA,NA,NA,NA,NA,NA,NA,NA,NA,Y,4,0,2,2,A,-,09,21801,A,N,D,C,A,A,H,-,A,A,0,NA,NA,NA,NA,Y,NA,-,NA,0,0,2,0,0,0,0,0,0,-,-,NA,NA,LOS ANGELES,LOS ANGELES,-118.27397009,33.99649007
6844937,2015,2015-08-24,1942,2015-02-03,1350,37638,1313,2,5,7,1942,0,0,0,M,0,XL3,CENTRAL,WASHINGTON,0,NA,Y,A,-,N,NA,NA,NA,NA,NA,NA,NA,NA,NA,N,3,0,1,2,A,-,09,21804,A,N,D,G,A,A,-,-,A,A,0,NA,Y,NA,NA,Y,NA,L,04,0,1,0,0,0,0,1,0,0,-,-,NA,NA,LOS ANGELES,LOS ANGELES,-118.25056002,34.02442008
6844964,2015,2015-03-24,1942,2015-03-03,0205,37618,1266,2,5,7,1942,0,0,0,L,0,12TL41,W 80TH ST,HOOVER ST,0,NA,Y,C,-,N,NA,NA,NA,NA,NA,NA,NA,NA,NA,Y,3,0,1,2,A,-,12,22450,A,N,D,C,A,B,H,-,C,A,0,NA,NA,NA,NA,Y,NA,A,07,0,1,0,0,0,0,0,0,0,-,-,NA,NA,LOS ANGELES,LOS ANGELES,-118.28712011,33.96671006
6844968,2015,2015-03-23,1942,2015-03-03,1425,40869,1273,2,5,7,1942,0,0,0,L,0,12TL41,89TH ST,WESTERN,0,NA,Y,A,-,N,NA,NA,NA,NA,NA,NA,NA,NA,NA,N,4,0,2,2,A,-,09,21801,A,N,D,C,A,A,H,-,A,A,0,NA,NA,NA,NA,Y,NA,A,01,0,0,2,0,0,0,0,0,0,-,-,NA,NA,LOS ANGELES,LOS ANGELES,-118.30902,33.95633006
6844972,2015,2015-03-23,1942,2015-03-03,1115,40869,1249,2,5,7,1942,0,0,0,L,0,12TL41,HOOVER ST,68TH ST,0,NA,Y,A,-,N,NA,NA,NA,NA,NA,NA,NA,NA,NA,Y,4,0,2,2,A,-,12,21453,A,N,D,C,A,A,H,-,A,A,0,NA,NA,NA,NA,Y,NA,A,07,0,0,2,0,0,0,0,0,0,-,-,NA,NA,LOS ANGELES,LOS ANGELES,-118.28710006,33.97823007