CASE_ID,ACCIDENT_YEAR,PROC_DATE,JURIS,COLLISION_DATE,COLLISION_TIME,OFFICER_ID,REPORTING_DISTRICT,DAY_OF_WEEK,CHP_SHIFT,POPULATION,CNTY_CITY_LOC,SPECIAL_COND,BEAT_TYPE,CHP_BEAT_TYPE,CITY_DIVISION_LAPD,CHP_BEAT_CLASS,BEAT_NUMBER,PRIMARY_RD,SECONDARY_RD,DISTANCE,DIRECTION,INTERSECTION,WEATHER_1,WEATHER_2,STATE_HWY_IND,CALTRANS_COUNTY,CALTRANS_DISTRICT,STATE_ROUTE,ROUTE_SUFFIX,POSTMILE_PREFIX,POSTMILE,LOCATION_TYPE,RAMP_INTERSECTION,SIDE_OF_HWY,TOW_AWAY,COLLISION_SEVERITY,NUMBER_KILLED,NUMBER_INJURED,PARTY_COUNT,PRIMARY_COLL_FACTOR,PCF_CODE_OF_VIOL,PCF_VIOL_CATEGORY,PCF_VIOLATION,PCF_VIOL_SUBSECTION,HIT_AND_RUN,TYPE_OF_COLLISION,MVIW,PED_ACTION,ROAD_SURFACE,ROAD_COND_1,ROAD_COND_2,LIGHTING,CONTROL_DEVICE,CHP_ROAD_TYPE,PEDESTRIAN_ACCIDENT,BICYCLE_ACCIDENT,MOTORCYCLE_ACCIDENT,TRUCK_ACCIDENT,NOT_PRIVATE_PROPERTY,ALCOHOL_INVOLVED,STWD_VEHTYPE_AT_FAULT,CHP_VEHTYPE_AT_FAULT,COUNT_SEVERE_INJ,COUNT_VISIBLE_INJ,COUNT_COMPLAINT_PAIN,COUNT_PED_KILLED,COUNT_PED_INJURED,COUNT_BICYCLIST_KILLED,COUNT_BICYCLIST_INJURED,COUNT_MC_KILLED,COUNT_MC_INJURED,PRIMARY_RAMP,SECONDARY_RAMP,LATITUDE,LONGITUDE,COUNTY,CITY,POINT_X,POINT_Y
6851133,2015,2015-03-23,1900,2015-03-05,2007,263565,1121,4,5,6,1992,0,0,0,NA,0,111T1,AV I,7TH ST E,22,W,N,A,-,N,NA,NA,NA,NA,NA,NA,NA,NA,NA,Y,4,0,1,2,A,-,05,21650,NA,F,B,C,A,A,H,-,C,A,0,NA,NA,NA,NA,Y,NA,D,22,0,0,1,0,0,0,0,0,0,-,-,NA,NA,LOS ANGELES,LANCASTER,-118.11717302,34.70415838
6851164,2015,2015-03-23,1942,2015-03-05,0755,38980,1759,4,5,7,1942,0,0,0,Q,0,21TL61,LASSEN ST,HASKELL AV,0,NA,Y,A,-,N,NA,NA,NA,NA,NA,NA,NA,NA,NA,Y,3,0,2,3,A,-,09,21801,A,N,D,C,A,A,H,-,A,A,0,NA,NA,NA,NA,Y,NA,A,07,0,1,1,0,0,0,0,0,0,-,-,NA,NA,LOS ANGELES,LOS ANGELES,-118.47617009,34.25010004
6851165,2015,2015-05-02,1942,2015-03-04,2010,40643,2159,3,5,7,1942,0,0,0,NA,0,9TL53,VICTORY BL,CORBIN AV,250,W,N,A,-,N,NA,NA,NA,NA,NA,NA,NA,NA,NA,Y,4,0,1,2,A,-,08,22107,NA,N,B,E,A,A,H,-,D,D,0,NA,NA,NA,NA,Y,NA,A,01,0,0,1,0,0,0,0,0,0,-,-,NA,NA,LOS ANGELES,LOS ANGELES,-118.56302371,34.18652
6851166,2015,2015-03-23,1942,2015-03-05,2015,38183,2172,4,5,7,1942,0,0,0,NA,0,16T23,VALLEY CIRCLE BL,MARIANO ST,20,N,N,A,-,N,NA,NA,NA,NA,NA,NA,NA,NA,NA,Y,4,0,2,2,A,-,09,21801,A,N,D,C,A,A,H,-,C,A,0,NA,NA,NA,NA,Y,NA,D,22,0,0,2,0,0,0,0,0,0,-,-,NA,NA,LOS ANGELES,LOS ANGELES,-118.64265584,34.16843608
6851167,2015,2015-04-07,1942,2015-03-05,0925,30452,1067,4,5,7,1942,0,0,0,J,0,9TL53,VENTURA BL,GENESTA AV,0,NA,Y,A,-,N,NA,NA,NA,NA,NA,NA,NA,NA,NA,N,4,0,1,2,A,-,12,21453,A,N,D,C,A,A,H,-,A,A,0,NA,NA,NA,NA,Y,NA,-,-,0,0,1,0,0,0,0,0,0,-,-,NA,NA,LOS ANGELES,LOS ANGELES,-118.50328011,34.15976007
6851168,2015,2015-03-20,1942,2015-03-01,2030,41249,LA,7,5,7,1942,0,0,0,NA,0,929,VICTORY BL,VENTURA CYN,0,NA,Y,C,-,N,NA,NA,NA,NA,NA,NA,NA,NA,NA,Y,4,0,1,2,A,-,03,22350,NA,N,D,C,A,B,G,-,C,D,0,NA,NA,NA,NA,Y,NA,D,22,0,0,1,0,0,0,0,0,0,-,-,NA,NA,LOS ANGELES,LOS ANGELES,-118.42905,34.18668004
6851169,2015,2015-05-02,1942,2015-03-02,0545,26805,1664,1,5,7,1942,0,0,0,P,0,16EL1,GLENOAKS BL,TRUESDALE ST,350,S,N,B,-,N,NA,NA,NA,NA,NA,NA,NA,NA,NA,Y,3,0,3,2,A,-,03,22350,NA,N,D,C,A,B,H,-,C,A,0,NA,NA,NA,Y,Y,NA,A,01,0,2,1,0,0,0,0,0,0,-,-,NA,NA,LOS ANGELES,LOS ANGELES,-118.38632839,34.24869523
6851170,2015,2015-03-24,1942,2015-02-26,1610,4133,1664,4,5,7,1942,0,0,0,P,0,16A77,SHELDON ST,GLENOAKS,0,NA,Y,A,-,N,NA,NA,NA,NA,NA,NA,NA,NA,NA,Y,3,0,1,2,A,-,09,21801,A,N,D,C,A,A,H,-,A,A,0,NA,NA,NA,NA,Y,NA,A,01,0,1,0,0,0,0,0,0,0,-,-,NA,NA,LOS ANGELES,LOS ANGELES,-118.38394002,34.24643002
6851171,2015,2015-03-24,1942,2015-02-26,0620,41105,0935,4,5,7,1942,0,0,0,I,0,9A5W3,VICTORY BL,VAN NUYS BL,20,S,N,A,-,N,NA,NA,NA,NA,NA,NA,NA,NA,NA,Y,4,0,1,2,A,-,09,21801,A,N,A,D,A,A,H,-,B,A,0,NA,NA,NA,NA,Y,NA,A,01,0,0,1,0,0,0,0,0,0,-,-,NA,NA,LOS ANGELES,LOS ANGELES,-118.44874,34.18667
6851172,2015,2015-03-20,1942,2015-03-04,1900,40065,1795,3,5,7,1942,0,0,0,Q,0,17T17,ROSCOE BL,BALBOA BL,124,W,N,A,-,N,NA,NA,NA,NA,NA,NA,NA,NA,NA,N,4,0,1,2,A,-,09,21804,A,F,D,C,A,A,H,-,C,D,0,NA,NA,NA,NA,Y,NA,-,99,0,0,1,0,0,0,0,0,0,-,-,NA,NA,LOS ANGELES,LOS ANGELES,-118.50304936,34.22119197
6851173,2015,2015-03-20,1942,2015-03-04,1240,26319,1045,3,5,7,1942,0,0,0,J,0,19TL74,OXNARD ST,WHITE OAK AV,0,NA,Y,A,-,N,NA,NA,NA,NA,NA,NA,NA,NA,NA,Y,4,0,1,3,A,-,12,21453,A,F,D,C,A,A,H,-,A,A,0,NA,NA,NA,Y,Y,NA,F,26,0,0,1,0,0,0,0,0,0,-,-,NA,NA,LOS ANGELES,LOS ANGELES,-118.51850004,34.18014001
6851201,2015,2015-03-24,1942,2015-03-02,0920,27260,1006,1,5,7,1942,0,0,0,J,0,19TL71,ROSCOE BL,LOUISE AV,5,S,N,B,-,N,NA,NA,NA,NA,NA,NA,NA,NA,NA,N,4,0,1,3,A,-,09,21801,A,F,A,C,A,B,H,-,A,A,0,NA,NA,NA,NA,Y,NA,-,NA,0,0,1,0,0,0,0,0,0,-,-,NA,NA,LOS ANGELES,LOS ANGELES,-118.50986,34.22113
6851202,2015,2015-03-24,1942,2015-03-04,1045,30452,1009,3,5,7,1942,0,0,0,J,0,9T53,ROSCOE BL,HASKELL AV,13,E,N,A,-,N,NA,NA,NA,NA,NA,NA,NA,NA,NA,Y,4,0,1,1,A,-,01,23152,A,N,E,I,A,A,H,-,A,D,0,NA,NA,NA,NA,Y,NA,A,01,0,0,1,0,0,0,0,0,0,-,-,NA,NA,LOS ANGELES,LOS ANGELES,-118.47641708,34.22135064
6851203,2015,2015-03-24,1942,2015-03-04,0700,33504,0919,3,5,7,1942,0,0,0,I,0,9T53,VANOWEN ST,SUNNYSLOPE AV,272,W,N,A,-,N,NA,NA,NA,NA,NA,NA,NA,NA,NA,Y,3,0,3,2,A,-,09,21804,A,N,D,C,A,A,H,-,A,D,0,NA,NA,NA,NA,Y,NA,A,01,0,2,1,0,0,0,0,0,0,-,-,NA,NA,LOS ANGELES,LOS ANGELES,-118.42778784,34.19394
6851204,2015,2015-03-23,1942,2015-03-05,0945,35433,0969,4,5,7,1942,0,0,0,I,0,15T45,COLDWATER CANYON AV,RIVERSIDE DR,0,NA,Y,A,-,N,NA,NA,NA,NA,NA,NA,NA,NA,NA,Y,3,0,2,2,A,-,09,21801,A,N,D,C,A,A,H,-,A,A,0,NA,NA,NA,NA,Y,NA,A,01,0,1,1,0,0,0,0,0,0,-,-,NA,NA,LOS ANGELES,LOS ANGELES,-118.4137901,34.1576301
6851205,2015,2015-03-23,1942,2015-03-01,0120,39442,0916,7,5,7,1942,0,0,0,I,0,9X61,WOODMAN AV,HART ST,375,S,N,B,C,N,NA,NA,NA,NA,NA,NA,NA,NA,NA,N,3,0,1,2,A,-,11,21956,A,N,G,B,D,B,H,-,C,D,0,Y,NA,NA,NA,Y,Y,N,60,0,1,0,0,1,0,0,0,0,-,-,NA,NA,LOS ANGELES,LOS ANGELES,-118.43127,34.19654142
6851206,2015,2015-03-23,1942,2015-03-05,1625,40337,1035,4,5,7,1942,0,0,0,J,0,17TL14,RESEDA BL,VANOWEN ST,120,S,N,A,-,N,NA,NA,NA,NA,NA,NA,NA,NA,NA,Y,3,0,3,3,A,-,03,22350,NA,N,A,C,A,A,H,-,A,D,0,NA,NA,NA,NA,Y,NA,A,01,0,1,2,0,0,0,0,0,0,-,-,NA,NA,LOS ANGELES,LOS ANGELES,-118.53604,34.19352082
6851207,2015,2015-03-23,1942,2015-03-05,0830,38185,1735,4,5,7,1942,0,0,0,Q,0,19TL75,CHATSWORTH ST,AMESTOY AV,28,E,N,A,-,N,NA,NA,NA,NA,NA,NA,NA,NA,NA,N,3,0,2,2,A,-,03,22350,NA,N,D,C,A,A,H,-,A,A,0,NA,NA,NA,NA,Y,NA,A,01,0,1,1,0,0,0,0,0,0,-,-,NA,NA,LOS ANGELES,LOS ANGELES,-118.50656749,34.26481
6851208,2015,2015-03-23,1942,2015-03-04,1205,40119,0989,3,5,7,1942,0,0,0,I,0,9TL56,WOODMAN AV,MOORPARK ST,111,N,N,A,-,N,NA,NA,NA,NA,NA,NA,NA,NA,NA,N,4,0,2,2,A,-,04,21703,NA,N,C,C,A,A,H,-,A,D,0,NA,NA,NA,NA,Y,NA,A,01,0,0,2,0,0,0,0,0,0,-,-,NA,NA,LOS ANGELES,LOS ANGELES,-118.43123,34.15066446
6851209,2015,2015-03-23,1942,2015-03-04,1535,38356,0994,3,5,7,1942,0,0,0,I,0,16TL26,BEVERLY GLEN BL,VALLEY VISTA BL,0,NA,Y,A,-,N,NA,NA,NA,NA,NA,NA,NA,NA,NA,Y,3,0,2,2,A,-,09,21801,A,N,D,C,A,A,H,-,A,A,0,NA,NA,NA,NA,Y,NA,A,01,0,1,1,0,0,0,0,0,0,-,-,NA,NA,LOS ANGELES,LOS ANGELES,-118.44690012,34.14651006
6851210,2015,2015-03-23,1942,2015-03-05,1830,40735,0989,4,5,7,1942,0,0,0,I,0,9TL52,VENTURA BL,WOODMAN AV,0,NA,Y,A,-,N,NA,NA,NA,NA,NA,NA,NA,NA,NA,Y,4,0,1,2,A,-,09,21801,A,N,D,C,A,A,H,-,C,A,0,NA,NA,NA,NA,Y,NA,A,01,0,0,1,0,0,0,0,0,0,-,-,NA,NA,LOS ANGELES,LOS ANGELES,-118.43123011,34.14802004
6851211,2015,2015-03-23,1942,2015-03-05,0650,38185,0952,4,5,7,1942,0,0,0,I,0,19TL75,SEPULVEDA BL,CLARK ST,260,N,N,A,-,N,NA,NA,NA,NA,NA,NA,NA,NA,NA,Y,3,0,2,2,A,-,07,21658,A,N,D,C,A,A,H,-,A,A,0,NA,NA,NA,NA,Y,NA,A,01,0,1,1,0,0,0,0,0,0,-,-,NA,NA,LOS ANGELES,LOS ANGELES,-118.46616396,34.16919317
6851212,2015,2015-05-12,1942,2015-03-03,1045,38185,0985,2,5,7,1942,0,0,0,I,0,19TL75,MOORPARK ST,TYRONE AV,160,E,N,A,-,N,NA,NA,NA,NA,NA,NA,NA,NA,NA,N,4,0,1,3,A,-,03,22350,NA,N,C,C,A,A,H,-,A,A,0,NA,NA,NA,NA,Y,NA,A,01,0,0,1,0,0,0,0,0,0,-,-,NA,NA,LOS ANGELES,LOS ANGELES,-118.44424462,34.15104492
6851213,2015,2015-03-23,1942,2015-03-05,1245,40735,1012,4,5,7,1942,0,0,0,J,0,9TL52,SATICOY ST,RESEDA BL,0,NA,Y,A,-,N,NA,NA,NA,NA,NA,NA,NA,NA,NA,Y,3,0,3,2,A,-,09,21801,A,N,D,C,A,A,H,-,A,A,0,NA,NA,NA,NA,Y,NA,A,01,0,1,2,0,0,0,0,0,0,-,-,NA,NA,LOS ANGELES,LOS ANGELES,-118.5360501,34.20841001
6851214,2015,2015-03-23,1942,2015-03-05,0735,30452,1007,4,5,7,1942,0,0,0,J,0,9TL53,ROSCOE BL,LOUISE AV,0,NA,Y,A,-,N,NA,NA,NA,NA,NA,NA,NA,NA,NA,Y,4,0,1,2,A,-,09,21801,A,N,D,C,A,A,H,-,A,A,0,NA,NA,NA,NA,Y,NA,A,07,0,0,1,0,0,0,0,0,0,-,-,NA,NA,LOS ANGELES,LOS ANGELES,-118.50986007,34.22113001
6851215,2015,2015-03-23,1942,2015-03-04,1340,33829,1077,3,5,7,1942,0,0,0,J,0,10TL36,VENTURA BL,AMESTOY AV,5,E,N,A,-,N,NA,NA,NA,NA,NA,NA,NA,NA,NA,Y,3,0,2,1,A,-,03,22350,NA,N,E,I,A,A,H,-,A,A,0,NA,NA,NA,NA,Y,NA,A,07,0,1,1,0,0,0,0,0,0,-,-,NA,NA,LOS ANGELES,LOS ANGELES,-118.50541413,34.16022624
6851216,2015,2015-03-23,1942,2015-03-04,1415,38956,1971,3,5,7,1942,0,0,0,NA,0,19TL76,SEPULVEDA BL,NORDHOFF ST,520,N,N,A,-,N,NA,NA,NA,NA,NA,NA,NA,NA,NA,Y,3,0,1,1,A,-,08,22107,NA,N,F,-,A,A,H,-,A,D,0,NA,NA,Y,NA,Y,NA,C,02,0,1,0,0,0,0,0,0,1,-,-,NA,NA,LOS ANGELES,LOS ANGELES,-118.46769945,34.23695627
6851217,2015,2015-03-23,1942,2015-03-04,2235,25907,1975,3,5,7,1942,0,0,0,NA,0,15T43,SUNBURST ST,HAZELTINE AV,109,W,N,A,-,N,NA,NA,NA,NA,NA,NA,NA,NA,NA,Y,4,0,1,1,A,-,03,22350,NA,N,D,I,A,A,E,-,C,D,0,NA,NA,NA,NA,Y,NA,A,NA,0,0,1,0,0,0,0,0,0,-,-,NA,NA,LOS ANGELES,LOS ANGELES,-118.44392,34.23423
6851218,2015,2015-03-23,1942,2015-03-05,1010,40972,2143,4,5,7,1942,0,0,0,NA,0,21TL63,FALLBROOK AV,VICTORY BL,703,N,N,A,-,N,NA,NA,NA,NA,NA,NA,NA,NA,NA,Y,3,0,1,2,A,-,09,21804,A,N,D,C,A,A,H,-,A,D,0,NA,NA,NA,NA,Y,NA,A,01,0,1,0,0,0,0,0,0,0,-,-,NA,NA,LOS ANGELES,LOS ANGELES,-118.62339,34.18838859
6851219,2015,2015-03-23,1942,2015-03-04,0810,40972,2173,3,5,7,1942,0,0,0,NA,0,21TL63,FALLBROOK AV,MARIANO ST,0,NA,Y,A,-,N,NA,NA,NA,NA,NA,NA,NA,NA,NA,Y,4,0,1,2,A,-,09,21804,A,N,D,C,A,A,H,-,A,A,0,NA,NA,NA,NA,Y,NA,A,01,0,0,1,0,0,0,0,0,0,-,-,NA,NA,LOS ANGELES,LOS ANGELES,-118.62329008,34.16834002
6851220,2015,2015-03-23,1942,2015-03-03,1935,39703,1781,2,5,7,1942,0,0,0,Q,0,16T25,MASON AV,PARTHENIA ST,0,NA,Y,A,-,N,NA,NA,NA,NA,NA,NA,NA,NA,NA,Y,3,0,2,2,A,-,12,21453,A,N,D,C,A,A,H,-,C,A,0,NA,NA,NA,NA,Y,NA,A,07,0,2,0,0,0,0,0,0,0,-,-,NA,NA,LOS ANGELES,LOS ANGELES,-118.57978014,34.22821005
6851221,2015,2015-03-23,1942,2015-03-04,1040,26736,1785,3,5,7,1942,0,0,0,Q,0,35M25,PARTHENIA ST,LINDLEY AV,800,W,N,A,-,N,NA,NA,NA,NA,NA,NA,NA,NA,NA,N,4,0,2,2,A,-,09,21801,A,N,B,C,A,A,H,-,A,D,0,NA,NA,NA,NA,Y,NA,A,07,0,0,2,0,0,0,0,0,0,-,-,NA,NA,LOS ANGELES,LOS ANGELES,-118.52999201,34.22868059
6851222,2015,2015-03-23,1942,2015-03-03,1455,40119,1701,2,5,7,1942,0,0,0,Q,0,9TL56,TAMPA AV,WILBUR AV,0,N,N,A,-,N,NA,NA,NA,NA,NA,NA,NA,NA,NA,Y,3,0,2,2,A,-,05,21460,A,N,A,C,A,A,H,-,A,D,0,NA,NA,NA,NA,Y,NA,A,01,0,1,1,0,0,0,0,0,0,-,-,NA,NA,LOS ANGELES,LOS ANGELES,-118.55818009,34.28879006
6851259,2015,2016-10-31,1956,2015-03-11,0649,1236,20,3,5,5,1956,0,0,0,NA,0,002,RT 1,DIAMOND ST,0,NA,Y,B,-,Y,LA,7,1,-,-,19.941,I,5,N,Y,4,0,1,2,A,-,09,21801,A,N,A,C,A,A,H,-,B,A,0,NA,NA,NA,NA,Y,NA,A,01,0,0,1,0,0,0,0,0,0,-,-,NA,NA,LOS ANGELES,REDONDO BEACH,-118.38725744,33.84497176
6851260,2015,2015-03-23,1956,2015-03-11,1435,1257,13,3,5,5,1956,0,0,0,NA,0,001,PROSPECT AV,RUBY ST,0,NA,Y,B,-,N,NA,NA,NA,NA,NA,NA,NA,NA,NA,Y,4,0,2,2,A,-,03,22350,NA,N,C,C,A,A,H,-,A,D,0,NA,NA,NA,NA,Y,NA,A,07,0,0,2,0,0,0,0,0,0,-,-,NA,NA,LOS ANGELES,REDONDO BEACH,-118.37594,33.83320009
6851267,2015,2015-03-20,1942,2015-03-02,1750,550490,1132,1,5,7,1942,0,0,0,K,0,111T2,DIVISION ST,AVENUE J,95,N,N,A,-,N,NA,NA,NA,NA,NA,NA,NA,NA,NA,N,4,0,2,2,A,-,01,23152,A,M,D,C,A,A,H,-,B,D,0,NA,NA,NA,NA,Y,Y,A,01,0,0,2,0,0,0,0,0,0,-,-,NA,NA,LOS ANGELES,LOS ANGELES,-118.13036266,34.68974041
6851268,2015,2015-03-20,1900,2015-03-05,2100,484625,1123,4,5,6,1992,0,0,0,NA,0,111T1P,10TH ST WEST,AVENUE K,0,NA,Y,A,-,N,NA,NA,NA,NA,NA,NA,NA,NA,NA,Y,4,0,1,2,A,-,01,23152,A,M,D,C,A,A,H,-,C,A,0,NA,NA,NA,NA,Y,Y,A,01,0,0,1,0,0,0,0,0,0,-,-,NA,NA,LOS ANGELES,LANCASTER,-118.14789004,34.67487008
6851269,2015,2015-03-20,1900,2015-03-07,1940,528232,1126,6,5,6,1992,0,0,0,NA,0,111T1,AVENUE K-8,20TH ST WEST,0,NA,Y,A,-,N,NA,NA,NA,NA,NA,NA,NA,NA,NA,N,3,0,2,2,A,-,01,23152,A,N,D,C,A,A,H,-,C,A,0,NA,NA,NA,NA,Y,Y,A,01,0,1,1,0,0,0,0,0,0,-,-,NA,NA,LOS ANGELES,LANCASTER,-118.16570014,34.66767008
6851270,2015,2015-03-20,1900,2015-03-01,1235,600122,1182,7,5,6,1992,0,0,0,NA,0,112T1,45TH ST WEST,AVENUE K-6,316,N,N,C,-,N,NA,NA,NA,NA,NA,NA,NA,NA,NA,Y,4,0,1,2,A,-,08,22107,NA,N,D,C,A,B,H,-,A,D,0,NA,NA,NA,NA,Y,NA,A,01,0,0,1,0,0,0,0,0,0,-,-,NA,NA,LOS ANGELES,LANCASTER,-118.21019466,34.67023651
6851271,2015,2015-05-12,1900,2015-03-03,2100,510509,1137,2,5,6,1992,0,0,0,NA,0,111T1,AVENUE J-8,17TH ST EAST,0,NA,Y,A,-,N,NA,NA,NA,NA,NA,NA,NA,NA,NA,Y,3,0,3,2,A,-,12,22450,A,N,D,C,A,A,H,-,C,D,0,NA,NA,NA,NA,Y,NA,A,01,0,1,2,0,0,0,0,0,0,-,-,NA,NA,LOS ANGELES,LANCASTER,-118.09915004,34.68233009
6851272,2015,2015-03-20,1900,2015-03-05,1117,528221,1123,4,5,6,1992,0,0,0,NA,0,112T2,AVENUE J,CEDAR AV,0,NA,Y,A,-,N,NA,NA,NA,NA,NA,NA,NA,NA,NA,Y,4,0,1,2,A,-,09,21801,A,N,A,C,A,A,H,-,A,A,0,NA,NA,NA,NA,Y,NA,A,01,0,0,1,0,0,0,0,0,0,-,-,NA,NA,LOS ANGELES,LANCASTER,-118.13815005,34.68946011
6851273,2015,2015-03-20,1900,2015-03-06,2129,263565,1122,5,5,6,1992,0,0,0,NA,0,112T1,AVENUE J,SIERRA HWY,0,NA,Y,A,-,N,NA,NA,NA,NA,NA,NA,NA,NA,NA,Y,4,0,1,2,A,-,12,21453,A,N,D,C,A,A,H,-,C,A,0,NA,NA,NA,NA,Y,NA,A,01,0,0,1,0,0,0,0,0,0,-,-,NA,NA,LOS ANGELES,LANCASTER,-118.13537009,34.68943006
6851274,2015,2015-03-20,1900,2015-03-06,0910,531568,1121,5,5,6,1992,0,0,0,NA,0,111T2,10TH ST WEST,AVENUE I,0,NA,Y,A,-,N,NA,NA,NA,NA,NA,NA,NA,NA,NA,N,4,0,2,2,A,-,12,21453,A,N,D,C,A,A,H,-,A,A,0,NA,NA,NA,NA,Y,NA,-,-,0,0,2,0,0,0,0,0,0,-,-,NA,NA,LOS ANGELES,LANCASTER,-118.14812008,34.70395011
6851275,2015,2015-03-20,1900,2015-03-07,1252,528221,1122,6,5,6,1992,0,0,0,NA,0,112T2,AVENUE J,FIG AV,0,NA,Y,A,-,N,NA,NA,NA,NA,NA,NA,NA,NA,NA,Y,4,0,2,2,A,-,09,21801,A,N,A,C,A,A,H,-,A,A,0,NA,NA,NA,NA,Y,NA,A,01,0,0,2,0,0,0,0,0,0,-,-,NA,NA,LOS ANGELES,LANCASTER,-118.14201008,34.68945002
6851446,2015,2015-08-20,1942,2015-02-18,0130,33504,1586,3,5,7,1942,0,0,0,O,0,15T45,LANKERSHIM BL,CAMPO DE CAHUENGA,306,NA,N,A,-,N,NA,NA,NA,NA,NA,NA,NA,NA,NA,Y,4,0,1,1,A,-,01,23152,A,N,E,I,A,A,H,-,C,D,0,NA,NA,NA,NA,Y,Y,A,01,0,0,1,0,0,0,0,0,0,-,-,NA,NA,LOS ANGELES,LOS ANGELES,-118.36218005,34.13899011
6851601,2015,2015-03-25,1942,2015-03-08,2330,36571,1864,7,5,7,1942,0,0,0,R,0,5T21,118TH ST,CENTRAL AV,700,W,N,A,-,N,NA,NA,NA,NA,NA,NA,NA,NA,NA,N,3,0,1,2,A,-,03,22350,NA,N,B,E,A,A,H,-,C,D,0,NA,NA,NA,NA,Y,NA,A,08,0,1,0,0,0,0,0,0,0,-,-,NA,NA,LOS ANGELES,LOS ANGELES,-118.25655628,33.92666979
6851602,2015,2015-03-25,1942,2015-03-04,0645,38399,0239,3,5,7,1942,0,0,0,B,0,11T32,2ND ST,BEAUDRY AV,37,W,N,A,-,N,NA,NA,NA,NA,NA,NA,NA,NA,NA,Y,4,0,1,2,A,-,12,21453,A,N,D,C,A,A,H,-,A,A,0,NA,NA,NA,NA,Y,NA,D,22,0,0,1,0,0,0,0,0,0,-,-,NA,NA,LOS ANGELES,LOS ANGELES,-118.25540515,34.05800344
6851609,2015,2015-03-25,1942,2015-03-05,1625,38444,1233,4,5,7,1942,0,0,0,L,0,12T73,59TH ST,WILTON PL,50,W,N,A,-,N,NA,NA,NA,NA,NA,NA,NA,NA,NA,Y,4,0,1,2,A,-,03,22350,NA,N,A,E,A,A,H,-,A,D,0,NA,NA,NA,NA,Y,NA,D,22,0,0,1,0,0,0,0,0,0,-,-,NA,NA,LOS ANGELES,LOS ANGELES,-118.31502461,33.98732809
6851610,2015,2015-03-25,1942,2015-03-05,1830,39889,0212,4,5,7,1942,0,0,0,B,0,11TL32,VIRGIL AV,CLINTON ST,0,NA,Y,A,-,N,NA,NA,NA,NA,NA,NA,NA,NA,NA,Y,4,0,2,2,A,-,09,21801,A,N,A,C,A,A,H,-,A,A,0,NA,NA,NA,NA,Y,NA,A,01,0,0,2,0,0,0,0,0,0,-,-,NA,NA,LOS ANGELES,LOS ANGELES,-118.28683004,34.08178011
6851613,2015,2015-03-25,1942,2015-03-06,1330,40971,1258,5,5,7,1942,0,0,0,L,0,3T5,MAIN ST,73RD ST,0,NA,Y,A,-,N,NA,NA,NA,NA,NA,NA,NA,NA,NA,N,4,0,2,2,A,-,08,22107,NA,N,A,C,A,A,H,-,A,D,0,NA,NA,NA,NA,Y,NA,A,01,0,0,2,0,0,0,0,0,0,-,-,NA,NA,LOS ANGELES,LOS ANGELES,-118.2739301,33.97384003
6851617,2015,2015-04-03,1942,2015-03-06,1900,41056,1257,5,5,7,1942,0,0,0,L,0,12TL41,FIGUEROA ST,77TH ST,25,N,N,A,-,N,NA,NA,NA,NA,NA,NA,NA,NA,NA,N,4,0,2,2,A,-,07,21658,A,N,B,C,A,A,H,-,C,A,0,NA,NA,NA,NA,Y,NA,-,-,0,0,2,0,0,0,0,0,0,-,-,NA,NA,LOS ANGELES,LOS ANGELES,-118.2827186,33.96986855
6851634,2015,2015-04-15,1942,2015-02-27,0550,37225,1151,5,5,7,1942,0,0,0,K,0,1TL11,EDGEMONT ST,SUNSET BL,0,NA,Y,A,-,N,NA,NA,NA,NA,NA,NA,NA,NA,NA,Y,4,0,2,2,A,-,12,21453,A,N,D,C,A,A,H,-,A,A,0,NA,NA,NA,NA,Y,NA,-,-,0,0,2,0,0,0,0,0,0,-,-,NA,NA,LOS ANGELES,LOS ANGELES,-118.29614012,34.09815004
6851646,2015,2015-03-25,1942,2015-03-05,1510,39889,0261,4,5,7,1942,0,0,0,B,0,11TL32,7TH ST,CARONDELET ST,15,W,N,A,-,N,NA,NA,NA,NA,NA,NA,NA,NA,NA,N,4,0,1,2,A,-,03,22350,NA,F,C,C,A,A,H,-,A,A,0,NA,NA,NA,NA,Y,NA,-,99,0,0,1,0,0,0,0,0,0,-,-,NA,NA,LOS ANGELES,LOS ANGELES,-118.28158455,34.05859782
6851662,2015,2015-03-26,1942,2015-02-09,1610,33452,0181,1,5,7,1942,0,0,0,A,0,1TL24,LA LIVE WY,12TH ST,0,NA,Y,A,-,N,NA,NA,NA,NA,NA,NA,NA,NA,NA,Y,3,0,2,2,A,-,12,21453,A,N,D,C,A,A,H,-,A,A,0,NA,NA,NA,NA,Y,NA,A,01,0,2,0,0,0,0,0,0,0,-,-,NA,NA,LOS ANGELES,LOS ANGELES,-118.27087009,34.04386012
6851665,2015,2015-04-02,1942,2015-02-06,1200,40514,1372,5,5,7,1942,0,0,0,M,0,13A27,MAIN,57TH ST,25,S,N,A,-,N,NA,NA,NA,NA,NA,NA,NA,NA,NA,N,4,0,2,3,A,-,04,21703,NA,N,C,C,A,A,H,-,A,A,0,NA,NA,NA,NA,Y,NA,-,NA,0,0,2,0,0,0,0,0,0,-,-,NA,NA,LOS ANGELES,LOS ANGELES,-118.27394,33.99061144
6851669,2015,2015-03-26,1942,2015-02-13,1430,34426,0267,5,5,7,1942,0,0,0,B,0,2TL28,CENTRAL AV,NEWTON ST,0,NA,Y,A,-,N,NA,NA,NA,NA,NA,NA,NA,NA,NA,N,4,0,1,2,A,-,05,21650,1,N,D,G,A,A,H,-,A,A,0,NA,Y,NA,NA,Y,NA,L,04,0,0,1,0,0,0,1,0,0,-,-,NA,NA,LOS ANGELES,LOS ANGELES,-118.24727005,34.02802009