CASE_ID,ACCIDENT_YEAR,PROC_DATE,JURIS,COLLISION_DATE,COLLISION_TIME,OFFICER_ID,REPORTING_DISTRICT,DAY_OF_WEEK,CHP_SHIFT,POPULATION,CNTY_CITY_LOC,SPECIAL_COND,BEAT_TYPE,CHP_BEAT_TYPE,CITY_DIVISION_LAPD,CHP_BEAT_CLASS,BEAT_NUMBER,PRIMARY_RD,SECONDARY_RD,DISTANCE,DIRECTION,INTERSECTION,WEATHER_1,WEATHER_2,STATE_HWY_IND,CALTRANS_COUNTY,CALTRANS_DISTRICT,STATE_ROUTE,ROUTE_SUFFIX,POSTMILE_PREFIX,POSTMILE,LOCATION_TYPE,RAMP_INTERSECTION,SIDE_OF_HWY,TOW_AWAY,COLLISION_SEVERITY,NUMBER_KILLED,NUMBER_INJURED,PARTY_COUNT,PRIMARY_COLL_FACTOR,PCF_CODE_OF_VIOL,PCF_VIOL_CATEGORY,PCF_VIOLATION,PCF_VIOL_SUBSECTION,HIT_AND_RUN,TYPE_OF_COLLISION,MVIW,PED_ACTION,ROAD_SURFACE,ROAD_COND_1,ROAD_COND_2,LIGHTING,CONTROL_DEVICE,CHP_ROAD_TYPE,PEDESTRIAN_ACCIDENT,BICYCLE_ACCIDENT,MOTORCYCLE_ACCIDENT,TRUCK_ACCIDENT,NOT_PRIVATE_PROPERTY,ALCOHOL_INVOLVED,STWD_VEHTYPE_AT_FAULT,CHP_VEHTYPE_AT_FAULT,COUNT_SEVERE_INJ,COUNT_VISIBLE_INJ,COUNT_COMPLAINT_PAIN,COUNT_PED_KILLED,COUNT_PED_INJURED,COUNT_BICYCLIST_KILLED,COUNT_BICYCLIST_INJURED,COUNT_MC_KILLED,COUNT_MC_INJURED,PRIMARY_RAMP,SECONDARY_RAMP,LATITUDE,LONGITUDE,COUNTY,CITY,POINT_X,POINT_Y
6851670,2015,2015-03-26,1942,2015-02-12,1830,41495,164,4,5,7,1942,0,0,0,P,0,1FB61,SPRING ST,6TH,120,N,N,A,-,N,NA,NA,NA,NA,NA,NA,NA,NA,NA,N,4,0,1,2,A,-,10,21952,NA,F,G,B,F,A,H,-,C,D,0,Y,NA,NA,NA,Y,NA,-,99,0,0,1,0,1,0,0,0,0,-,-,NA,NA,LOS ANGELES,LOS ANGELES,-118.25075002,34.04622152
6851673,2015,2015-03-26,1942,2015-02-12,0855,41520,0202,4,5,7,1942,0,0,0,B,0,2A5,N VERMONT AV,SANTA MONICA,150,S,N,A,-,N,NA,NA,NA,NA,NA,NA,NA,NA,NA,Y,3,0,1,2,A,-,06,21755,A,N,D,C,A,A,H,-,A,D,0,NA,NA,NA,NA,Y,NA,-,NA,0,1,0,0,0,0,0,0,0,-,-,NA,NA,LOS ANGELES,LOS ANGELES,-118.29173839,34.09045868
6851686,2015,2016-09-27,9565,2015-02-19,2255,19355,NA,4,3,7,1942,0,1,1,NA,2,082,RT 10,CENTINELA AV,300,E,N,A,-,Y,LA,7,10,-,R,4.38,H,-,E,N,3,0,1,2,A,-,08,22107,NA,N,B,C,A,A,H,-,C,D,1,NA,NA,NA,NA,Y,NA,D,22,0,1,0,0,0,0,0,0,0,-,-,34.02761,-117.45121,LOS ANGELES,LOS ANGELES,-118.45178893,34.02762245
6851690,2015,2016-09-28,9565,2015-02-21,1845,020710,NA,6,2,7,1942,0,1,1,NA,2,064,RT 405,SKIRBALL CENTER DR,50,N,N,A,-,Y,LA,7,405,-,-,36.72,H,-,S,Y,4,0,1,3,A,-,03,22350,NA,N,C,C,A,A,H,-,D,D,1,NA,NA,NA,NA,Y,NA,D,22,0,0,1,0,0,0,0,0,0,-,-,34.12867,-118.47422,LOS ANGELES,LOS ANGELES,-118.47861633,34.12272521
6851694,2015,2016-09-28,9565,2015-02-22,1645,019879,NA,7,2,9,1900,0,1,1,NA,2,060,RT 405,IMPERIAL HWY,100,N,N,C,-,Y,LA,7,405,-,R,21.27,H,-,N,Y,4,0,1,4,A,-,03,22350,NA,M,C,C,A,B,H,-,A,D,1,NA,NA,NA,NA,Y,NA,D,22,0,0,1,0,0,0,0,0,0,-,-,33.93276,-118.36818,LOS ANGELES,UNINCORPORATED,-118.36826799,33.93143716
6851706,2015,2015-03-24,1973,2015-01-16,1724,568,1973,5,5,1,1973,0,0,0,NA,0,001,ALAMEDA ST,27TH ST,21,N,N,A,-,N,NA,NA,NA,NA,NA,NA,NA,NA,NA,N,4,0,1,2,A,-,03,22350,NA,N,C,C,A,A,H,-,C,A,0,NA,NA,NA,NA,Y,NA,-,NA,0,0,1,0,0,0,0,0,0,-,-,NA,NA,LOS ANGELES,VERNON,-118.23951,34.01291759
6851709,2015,2015-03-26,9530,2015-03-09,0120,020687,NA,1,3,9,1900,0,3,5,NA,2,002,BROADWAY,ROSECRANS AV,206,S,N,A,-,N,NA,NA,NA,NA,NA,NA,NA,NA,NA,Y,2,0,3,2,A,-,01,23152,A,N,E,I,A,A,H,-,C,D,0,NA,NA,NA,NA,Y,Y,A,01,3,0,0,0,0,0,0,0,0,-,-,33.90057,-118.27861,LOS ANGELES,UNINCORPORATED,-118.2784,33.90194
6851713,2015,2015-03-27,9565,2015-03-04,1625,17713,NA,3,2,9,1900,0,3,5,NA,2,004,120TH ST,LA CIENEGA BL,90,W,N,A,-,N,NA,NA,NA,NA,NA,NA,NA,NA,NA,Y,3,0,1,3,A,-,03,22350,NA,N,C,C,A,A,H,-,A,D,0,NA,NA,NA,NA,Y,NA,A,01,0,1,0,0,0,0,0,0,0,-,-,33.92365,-118.37061,LOS ANGELES,UNINCORPORATED,-118.37037611,33.92362139
6851717,2015,2016-09-27,9565,2015-03-08,0815,020495,Y,7,1,5,1965,0,1,1,NA,2,081,RT 10,11TH ST,300,E,N,A,-,Y,LA,7,10,-,R,2.54,H,-,W,Y,3,0,2,2,A,-,08,22107,NA,N,B,C,A,A,H,-,A,D,1,NA,NA,NA,NA,Y,NA,A,01,0,2,0,0,0,0,0,0,0,-,-,34.01715,-118.48243,LOS ANGELES,SANTA MONICA,-118.48084791,34.01848206
6851753,2015,2016-09-28,9565,2015-03-03,0745,15512,NA,2,1,6,1933,0,1,1,NA,2,060,RT 405,ARBOR VITAE ST,500,S,N,A,-,Y,LA,7,405,-,-,22.72,H,-,N,Y,4,0,1,3,A,-,03,22350,NA,N,C,C,A,A,H,-,A,D,1,NA,NA,NA,NA,Y,NA,D,22,0,0,1,0,0,0,0,0,0,-,-,NA,NA,LOS ANGELES,INGLEWOOD,-118.36913884,33.95238888
6851761,2015,2016-09-19,9530,2015-03-02,0950,020868,NA,1,1,9,1900,0,1,1,NA,2,410,RT 405,RT 110,1112,S,N,A,-,Y,LA,7,405,-,-,12.74,H,-,N,Y,4,0,1,2,A,-,03,22350,NA,N,C,C,A,B,G,-,A,D,1,NA,NA,NA,NA,Y,NA,A,07,0,0,1,0,0,0,0,0,0,-,-,33.8544,-118.28145,LOS ANGELES,UNINCORPORATED,-118.28190617999999,33.85473783
6851762,2015,2016-10-12,9565,2015-03-08,1945,020604,NA,7,2,5,1928,0,1,1,NA,2,012,RT 105,HAWTHORNE BL,50,E,N,A,-,Y,LA,7,105,-,R,3.559,R,1,W,Y,4,0,1,2,A,-,03,22350,NA,N,C,C,A,A,H,-,C,A,1,NA,NA,NA,NA,Y,NA,A,01,0,0,1,0,0,0,0,0,0,TO,-,33.93407,-118.35169,LOS ANGELES,HAWTHORNE,-118.34485086,33.93085521
6851763,2015,2016-09-22,9565,2015-03-05,1950,19362,NA,4,2,5,1965,0,1,1,NA,2,081,RT 10,20TH ST,50,E,N,A,-,Y,LA,7,10,-,R,3.08,H,-,E,Y,4,0,1,2,A,-,03,22350,NA,N,C,C,A,-,H,-,C,D,1,NA,NA,NA,NA,Y,NA,A,01,0,0,1,0,0,0,0,0,0,-,-,34.02336,-118.47286,LOS ANGELES,SANTA MONICA,-118.47353424,34.02329027
6851764,2015,2015-03-24,9545,2015-03-01,1247,016885,NA,7,1,9,1900,0,3,5,NA,2,001,AVE I,40TH ST E,0,NA,Y,B,-,N,NA,NA,NA,NA,NA,NA,NA,NA,NA,Y,4,0,1,2,A,-,09,21802,A,N,D,D,A,A,H,-,A,A,0,NA,NA,NA,NA,Y,NA,A,01,0,0,1,0,0,0,0,0,0,-,-,34.70461,-118.05918,LOS ANGELES,UNINCORPORATED,-118.05921008,34.70460007
6851765,2015,2016-09-12,9530,2015-03-02,1000,019778,NA,1,1,9,1900,0,1,1,NA,2,120,RT 110,223RD ST,175,N,N,C,-,Y,LA,7,110,-,-,6.7,H,-,S,N,4,0,1,2,A,-,03,22350,NA,N,C,C,A,B,H,-,A,D,1,NA,NA,NA,NA,Y,NA,A,07,0,0,1,0,0,0,0,0,0,TO,-,33.82712,-118.28753,LOS ANGELES,UNINCORPORATED,-118.28751516,33.82710499
6851766,2015,2016-09-21,9565,2015-03-01,1020,019042,NA,7,1,7,1942,0,1,1,NA,2,060,RT 405,RT 105,500,S,N,A,B,Y,LA,7,105,-,R,2.576,R,2,E,Y,3,0,3,1,A,-,08,22107,NA,N,E,I,A,A,H,-,A,D,1,NA,NA,NA,NA,Y,NA,A,01,0,1,2,0,0,0,0,0,0,TO,-,33.93066,-118.3686,LOS ANGELES,LOS ANGELES,-118.36075641,33.93196255
6851767,2015,2016-09-28,9565,2015-03-05,1835,020255,NA,4,2,7,1942,0,1,1,NA,2,063,RT 405,SANTA MONICA BL,450,S,N,A,-,Y,LA,7,405,-,-,30.77,H,-,S,N,4,0,1,2,A,-,03,22350,NA,N,C,C,A,A,H,-,C,D,1,NA,NA,Y,NA,Y,NA,C,02,0,0,1,0,0,0,0,0,1,-,-,34.04387,-118.44441,LOS ANGELES,LOS ANGELES,-118.44583425,34.04583026
6851768,2015,2015-03-24,9545,2015-03-01,1235,020244,NA,7,1,9,1900,0,3,5,NA,2,002,20TH ST W,AVE M,0,NA,Y,B,-,N,NA,NA,NA,NA,NA,NA,NA,NA,NA,Y,3,0,2,2,A,-,09,21801,A,N,D,C,A,A,H,-,B,A,0,NA,NA,NA,NA,Y,NA,A,07,0,2,0,0,0,0,0,0,0,-,-,34.64576,-118.16557,LOS ANGELES,UNINCORPORATED,-118.16557001,34.64576005
6851770,2015,2016-09-21,9565,2015-03-03,1830,20490,NA,2,2,7,1942,0,1,1,NA,2,061,RT 405,VENICE BL,300,S,N,A,-,Y,LA,7,405,-,-,28.02,H,-,S,Y,4,0,1,2,A,-,03,22350,NA,N,C,C,A,A,H,-,C,D,1,NA,NA,NA,NA,Y,NA,A,01,0,0,1,0,0,0,0,0,0,-,-,34.012,-118.418,LOS ANGELES,LOS ANGELES,-118.41912419,34.01286107
6851771,2015,2016-09-22,9565,2015-03-04,2025,020255,NA,3,2,7,1942,0,1,1,NA,2,083,RT 10,LA CIENEGA BL,950,W,N,A,-,Y,LA,7,10,-,R,8.65,H,-,E,Y,2,0,1,2,A,-,03,22350,NA,N,C,C,A,A,H,-,D,D,1,NA,NA,Y,NA,Y,NA,C,02,1,0,0,0,0,0,0,0,1,-,-,34.03495,-118.38348,LOS ANGELES,LOS ANGELES,-118.38082846,34.03652444
6851773,2015,2016-10-26,9545,2015-03-01,1600,017305,NA,7,2,9,1900,0,1,3,NA,2,011,RT 14,AVE L,15,N,N,B,C,Y,LA,7,14,-,R,65.69,H,-,S,Y,4,0,1,2,A,-,03,22350,NA,N,D,C,A,B,H,-,A,D,1,NA,NA,NA,NA,Y,NA,A,01,0,0,1,0,0,0,0,0,0,FR,-,34.66061,-118.15361,LOS ANGELES,UNINCORPORATED,-118.15353971,34.66060275
6851774,2015,2016-09-21,9565,2015-03-06,2000,020173,NA,5,2,9,1900,0,3,5,NA,2,004,LA CIENEGA BL,RT 405,200,E,N,A,-,Y,LA,7,405,-,R,21.462,R,4,S,Y,4,0,1,1,A,-,08,22107,A,N,E,I,A,A,H,-,C,A,1,NA,NA,NA,NA,Y,NA,A,01,0,0,1,0,0,0,0,0,0,-,TO,33.02875,-118.37015,LOS ANGELES,UNINCORPORATED,-118.36849596,33.93418031
6851775,2015,2016-10-27,9565,2015-03-04,1940,020310,NA,3,2,5,1965,0,1,1,NA,2,081,RT 10,4TH ST,600,E,N,A,-,Y,LA,7,1,-,R,34.686,R,1,N,NA,4,0,1,2,A,-,03,22350,NA,N,C,C,A,A,H,-,D,D,1,NA,NA,NA,NA,Y,NA,A,01,0,0,1,0,0,0,0,0,0,-,-,34.01337,-118.4897,LOS ANGELES,SANTA MONICA,-118.48756214,34.013866
6851777,2015,2016-09-20,9545,2015-03-01,0620,019345,NA,7,1,9,1900,0,1,3,NA,1,044,RT 18,240TH ST E,525,E,N,B,-,Y,LA,7,18,-,-,2.26,H,-,N,Y,4,0,1,1,A,-,08,22107,NA,N,E,I,A,A,H,-,A,D,0,NA,NA,NA,NA,Y,NA,A,01,0,0,1,0,0,0,0,0,0,-,-,34.49846,-117.70015,LOS ANGELES,UNINCORPORATED,-117.70015993,34.49849356
6851778,2015,2016-10-12,9565,2015-03-07,0850,020086,NA,6,1,9,1900,0,1,1,NA,2,012,RT 105,WESTERN AV,100,W,N,A,-,Y,LA,7,105,-,R,5.72,H,-,W,Y,4,0,1,3,A,-,03,22350,NA,N,C,C,A,A,H,-,A,D,1,NA,NA,NA,NA,Y,NA,A,07,0,0,1,0,0,0,0,0,0,-,-,33.92537,-118.31446,LOS ANGELES,UNINCORPORATED,-118.30934029,33.92580558
6851779,2015,2016-09-27,9565,2015-03-04,2130,019362,NA,3,2,7,1942,0,1,1,NA,2,082,RT 10,GATEWAY BL,750,E,N,A,-,Y,LA,7,10,-,R,5.07,H,-,E,Y,4,0,1,4,A,-,03,22350,NA,N,C,C,A,A,H,-,C,D,1,NA,NA,NA,NA,Y,NA,A,01,0,0,1,0,0,0,0,0,0,-,-,34.03014,-118.4405,LOS ANGELES,LOS ANGELES,-118.44018776,34.03026551
6851782,2015,2016-09-28,9565,2015-03-06,1710,020086,NA,5,2,6,1933,0,1,1,NA,2,060,RT 405,MANCHESTER BL,300,S,N,A,-,Y,LA,7,405,-,-,23.3,H,-,S,Y,4,0,3,2,A,-,03,22350,NA,N,C,C,A,A,H,-,A,D,1,NA,NA,NA,NA,Y,NA,A,01,0,0,3,0,0,0,0,0,0,-,-,33.95769,-118.36945,LOS ANGELES,INGLEWOOD,-118.36947203,33.96079496
6851783,2015,2016-10-12,9565,2015-03-04,1340,15512,NA,3,1,9,1900,0,1,1,NA,2,012,RT 105,VERMONT AV,600,W,N,A,-,Y,LA,7,105,-,R,6.529,R,1,W,Y,4,0,1,2,A,-,03,22350,NA,N,C,C,A,A,H,-,A,D,1,NA,NA,NA,NA,Y,NA,A,01,0,0,1,0,0,0,0,0,0,-,-,33.92809,-118.29195,LOS ANGELES,UNINCORPORATED,-118.29562199,33.92870856
6851787,2015,2016-09-28,9565,2015-03-01,0135,020520,NA,7,3,6,1933,0,1,1,NA,2,060,RT 405,CENTURY BL,500,S,N,B,-,Y,LA,7,405,-,-,22.13,H,-,S,Y,3,0,3,1,A,-,08,22107,NA,N,E,I,A,B,H,-,C,D,1,NA,NA,NA,NA,Y,NA,A,07,0,1,2,0,0,0,0,0,0,-,-,33.93917,-118.36847,LOS ANGELES,INGLEWOOD,-118.36855268,33.94380363
6851788,2015,2015-03-24,1902,2015-03-07,1209,696,32,6,5,5,1902,0,0,0,NA,0,005,SANTA ANITA AV,LONGDEN AV,0,NA,Y,A,-,N,NA,NA,NA,NA,NA,NA,NA,NA,NA,N,3,0,1,2,A,-,03,22350,NA,N,C,C,A,A,H,-,A,A,0,NA,NA,NA,NA,Y,NA,A,01,0,1,0,0,0,0,0,0,0,-,-,NA,NA,LOS ANGELES,ARCADIA,-118.03101003,34.11416007
6851792,2015,2015-03-24,1902,2015-03-03,1543,719,28,2,5,5,1902,0,0,0,NA,0,005,1ST AV,CAMINO REAL AV,0,NA,Y,A,-,N,NA,NA,NA,NA,NA,NA,NA,NA,NA,Y,4,0,2,2,A,-,12,22450,A,N,D,C,A,A,H,-,A,D,0,NA,NA,NA,NA,Y,NA,-,NA,0,0,2,0,0,0,0,0,0,-,-,NA,NA,LOS ANGELES,ARCADIA,-118.02797013,34.12182008
6851795,2015,2015-03-24,1942,2015-03-04,1610,39049,0111,3,5,7,1942,0,0,0,A,0,2TL14,WEST CESAR E CHAVEZ AV,GRAND AV,0,NA,Y,A,-,N,NA,NA,NA,NA,NA,NA,NA,NA,NA,N,3,0,1,2,A,-,17,21100,3,N,G,B,E,A,H,-,A,A,0,Y,NA,NA,NA,Y,NA,A,01,0,1,0,0,1,0,0,0,0,-,-,NA,NA,LOS ANGELES,LOS ANGELES,-118.24389012,34.06064007
6851798,2015,2016-09-13,9530,2015-03-08,0130,020548,NA,7,3,7,1941,0,1,1,NA,2,071,RT 710,LONG BEACH BL,1161,S,N,A,-,Y,LA,7,710,-,-,11.79,H,-,S,Y,3,0,1,2,A,-,01,23152,A,N,C,C,A,A,H,-,E,D,1,NA,NA,Y,NA,Y,Y,A,01,0,1,0,0,0,0,0,0,1,-,-,33.85714,-118.20318,LOS ANGELES,LONG BEACH,-118.2012403,33.85999181
6851799,2015,2015-03-24,1942,2015-03-01,0035,35769,0152,7,5,7,1942,0,0,0,A,0,1A41,5TH ST,FLOWER ST,0,NA,Y,C,-,N,NA,NA,NA,NA,NA,NA,NA,NA,NA,Y,4,0,2,2,A,-,12,21453,A,N,D,C,A,B,H,-,C,A,0,NA,NA,NA,NA,Y,NA,A,01,0,0,2,0,0,0,0,0,0,-,-,NA,NA,LOS ANGELES,LOS ANGELES,-118.25611009,34.05163003
6851802,2015,2016-10-12,9530,2015-03-04,0530,018278,NA,3,3,5,1943,0,1,1,NA,2,210,RT 105,LONG BEACH BL,1584,W,N,A,-,Y,LA,7,105,-,R,11.21,H,-,W,Y,4,0,3,3,A,-,03,22350,NA,N,C,D,A,A,H,-,C,D,6,NA,NA,NA,NA,Y,NA,A,07,0,0,3,0,0,0,0,0,0,-,-,33.92697,-118.21416,LOS ANGELES,LYNWOOD,-118.21518203,33.92738873
6851803,2015,2015-03-24,1942,2015-03-03,1900,39761,0195,2,5,7,1942,0,0,0,A,0,13T55,MAPLE AV,14TH ST,0,NA,Y,A,-,N,NA,NA,NA,NA,NA,NA,NA,NA,NA,N,3,0,1,2,A,-,09,21802,A,F,D,G,A,A,H,-,C,D,0,NA,Y,NA,NA,Y,NA,-,99,0,1,0,0,0,0,1,0,0,-,-,NA,NA,LOS ANGELES,LOS ANGELES,-118.25804,34.03355005
6851806,2015,2016-10-06,9530,2015-03-04,0940,14701,NA,3,1,7,1941,0,1,1,NA,2,072,RT 710,RT 405,200,S,N,A,-,Y,LA,7,710,-,-,9.37,H,-,S,Y,4,0,3,2,A,-,03,22350,NA,N,B,C,A,A,H,-,A,D,1,NA,NA,NA,NA,Y,NA,A,01,0,0,3,0,0,0,0,0,0,-,-,33.82,-118.207,LOS ANGELES,LONG BEACH,-118.20741534,33.82592765
6851807,2015,2016-09-23,1942,2015-03-02,1010,31152,1172,1,5,7,1942,0,0,0,K,0,11TL25,GLENDALE BL,ALLESANDRO ST,0,NA,Y,B,-,Y,LA,7,2,-,-,14.07,H,-,W,Y,4,0,2,2,A,-,08,22107,NA,N,D,C,A,A,H,-,A,D,0,NA,NA,NA,NA,Y,NA,A,01,0,0,2,0,0,0,0,0,0,-,-,NA,NA,LOS ANGELES,LOS ANGELES,-118.25924149,34.08961626
6851809,2015,2016-04-12,1900,2015-03-02,2000,293951,0522,1,5,4,1971,0,0,0,NA,0,52T1PM,RT 164,BROADWAY,0,NA,Y,B,-,N,NA,NA,NA,NA,NA,NA,NA,NA,NA,N,4,0,1,2,A,-,11,21456,A,F,G,B,B,B,H,-,C,A,0,Y,NA,NA,NA,Y,NA,N,60,0,0,1,0,1,0,0,0,0,-,-,NA,NA,LOS ANGELES,TEMPLE CITY,-118.07353,34.099026
6851810,2015,2016-09-12,9530,2015-03-04,1120,14298,NA,3,1,7,1941,0,1,1,NA,2,420,RT 405,PACIFIC PL,528,N,N,A,-,Y,LA,7,405,-,-,6.84,H,-,N,Y,4,0,4,3,A,-,03,22350,NA,N,C,C,A,A,H,-,A,D,1,NA,NA,NA,NA,Y,NA,A,01,0,0,4,0,0,0,0,0,0,-,-,33.4924,-118.1156,LOS ANGELES,LONG BEACH,-118.19570433,33.82178843
6851811,2015,2015-03-24,1942,2015-03-04,0730,32996,0211,3,5,7,1942,0,0,0,B,0,1TL11,MELROSE ST,MARIPOSA AV,0,NA,Y,A,-,N,NA,NA,NA,NA,NA,NA,NA,NA,NA,Y,3,0,1,2,A,-,09,21801,A,N,D,C,A,A,H,-,A,D,0,NA,NA,Y,NA,Y,NA,A,01,0,1,0,0,0,0,0,0,1,-,-,NA,NA,LOS ANGELES,LOS ANGELES,-118.2992701,34.0835701
6851813,2015,2016-10-31,1956,2015-03-05,1817,1224,16,4,5,5,1956,0,0,0,NA,0,003,RT 1,PEARL ST,0,NA,Y,A,-,Y,LA,7,1,-,-,1.94,I,5,S,N,4,0,1,2,A,-,09,21802,A,N,D,C,A,A,H,-,C,D,0,NA,NA,NA,NA,Y,NA,A,01,0,0,1,0,0,0,0,0,0,-,-,NA,NA,LOS ANGELES,REDONDO BEACH,-118.12231159,33.7749009
6851814,2015,2016-10-20,9530,2015-03-03,1545,14298,NA,2,2,7,1941,0,1,1,NA,2,430,RT 405,RT 19,1056,E,N,A,-,Y,LA,7,405,-,-,2.925,H,-,S,Y,4,0,1,2,A,-,03,22350,NA,N,C,C,A,A,H,-,A,A,1,NA,NA,NA,NA,Y,NA,A,01,0,0,1,0,0,0,0,0,0,-,-,33.8031,-118.1375,LOS ANGELES,LONG BEACH,-118.13654697,33.80289692
6851815,2015,2015-03-24,1942,2015-03-05,0805,32996,0212,4,5,7,1942,0,0,0,B,0,1TL11,JUANITA AV,CLINTON ST,0,NA,Y,A,-,N,NA,NA,NA,NA,NA,NA,NA,NA,NA,Y,4,0,2,2,A,-,09,21802,A,N,D,C,A,A,H,-,A,A,0,NA,NA,NA,NA,Y,NA,A,01,0,0,2,0,0,0,0,0,0,-,-,NA,NA,LOS ANGELES,LOS ANGELES,-118.29051009,34.08176006
6851818,2015,2016-09-13,9530,2015-03-02,1650,18200,NA,1,2,7,1941,0,1,1,NA,2,071,RT 710,ATLANTIC AV,20,S,N,A,-,Y,LA,7,710,-,-,13.62,H,-,S,Y,4,0,1,1,A,-,08,22107,NA,N,E,I,A,A,H,-,A,D,0,NA,NA,NA,NA,Y,NA,A,01,0,0,1,0,0,0,0,0,0,-,-,33.876,-118.193,LOS ANGELES,LONG BEACH,-118.19091841,33.8846815
6851819,2015,2015-03-24,1942,2015-03-03,2155,36698,0251,2,5,7,1942,0,0,0,B,0,11T21,RAMPART BL,3RD ST,0,NA,Y,A,-,N,NA,NA,NA,NA,NA,NA,NA,NA,NA,Y,3,0,4,3,A,-,09,21801,A,N,D,C,A,A,H,-,C,D,0,NA,NA,NA,NA,Y,NA,A,01,0,1,3,0,0,0,0,0,0,-,-,NA,NA,LOS ANGELES,LOS ANGELES,-118.27888013,34.06625007
6851822,2015,2016-11-01,9530,2015-03-01,1730,020446,NA,7,2,7,1942,0,1,1,NA,2,110,RT 110,ROSECRANS AV,310,S,N,B,-,Y,LA,7,110,-,-,11.59,H,-,N,Y,4,0,1,2,A,-,07,21658,A,F,B,C,A,A,H,-,A,D,1,NA,NA,NA,NA,Y,NA,-,99,0,0,1,0,0,0,0,0,0,-,-,33.91805,-118.23292,LOS ANGELES,LOS ANGELES,-118.28641185,33.89775932
6851823,2015,2015-03-24,1942,2015-03-04,1145,31152,0235,3,5,7,1942,0,0,0,B,0,11TL25,TEMPLE ST,ALVARADO ST,0,NA,Y,A,-,N,NA,NA,NA,NA,NA,NA,NA,NA,NA,Y,3,0,2,2,A,-,12,21453,A,N,-,C,A,A,H,-,A,A,0,NA,NA,NA,NA,Y,NA,A,01,0,1,1,0,0,0,0,0,0,-,-,NA,NA,LOS ANGELES,LOS ANGELES,-118.26805011,34.07027005
6851826,2015,2016-10-18,9530,2015-03-01,1420,19338,NA,7,2,7,1942,0,1,3,NA,2,310,RT 91,RT 110,550,E,N,A,-,Y,LA,7,110,-,-,10.26,R,2,N,Y,4,0,1,1,C,-,18,NA,NA,N,E,I,A,A,H,-,A,D,1,NA,NA,NA,NA,Y,NA,-,-,0,0,1,0,0,0,0,0,0,TO,-,NA,NA,LOS ANGELES,LOS ANGELES,-118.28482889,33.87843631
6851827,2015,2015-03-24,1942,2015-03-10,1210,40869,1232,2,5,7,1942,0,0,0,L,0,18TL23,SLAUSON AV,VAN NESS,0,NA,Y,A,-,N,NA,NA,NA,NA,NA,NA,NA,NA,NA,N,3,0,3,3,A,-,12,21453,A,N,D,C,A,A,H,-,A,A,0,NA,NA,NA,NA,Y,NA,A,01,0,1,2,0,0,0,0,0,0,-,-,NA,NA,LOS ANGELES,LOS ANGELES,-118.3176,33.98911005
6851830,2015,2016-10-20,9530,2015-03-02,2015,20231,NA,1,2,5,1977,0,1,1,NA,2,410,RT 405,WILMINGTON AV,500,N,N,B,-,Y,LA,7,405,-,-,9.68,H,-,N,Y,4,0,1,2,A,-,07,21658,A,N,B,C,A,A,H,-,D,D,1,NA,NA,NA,NA,Y,NA,A,01,0,0,1,0,0,0,0,0,0,-,-,33.82588,-118.24312,LOS ANGELES,CARSON,-118.24337033,33.82591577
6851831,2015,2015-04-13,1942,2015-03-05,0740,33599,1213,4,5,7,1942,0,0,0,L,0,3TL5,SLAUSON AV,WESTERN AV,0,NA,Y,A,-,N,NA,NA,NA,NA,NA,NA,NA,NA,NA,N,4,0,1,2,A,-,12,21453,A,N,H,A,A,A,H,-,A,A,0,NA,NA,Y,NA,Y,NA,-,-,0,0,1,0,0,0,0,0,1,-,-,NA,NA,LOS ANGELES,LOS ANGELES,-118.30895002,33.98915001
6851834,2015,2015-03-21,1900,2015-03-04,0754,524061,0562,3,5,3,1968,0,0,0,NA,0,55T1AM,PECK RD,FARDON ST,35,N,N,A,-,N,NA,NA,NA,NA,NA,NA,NA,NA,NA,Y,4,0,1,2,A,-,03,22350,NA,N,C,C,A,A,H,-,A,A,0,NA,NA,NA,NA,Y,NA,A,01,0,0,1,0,0,0,0,0,0,-,-,NA,NA,LOS ANGELES,SOUTH EL MONTE,-118.03706491,34.03979281
6851835,2015,2016-04-13,1942,2015-03-03,1200,24543,1841,2,5,7,1942,0,0,0,R,0,25MQ14,HOOVER ST,IMPERIAL HWY,0,NA,Y,A,-,N,NA,NA,NA,NA,NA,NA,NA,NA,NA,Y,4,0,3,4,A,-,12,21453,A,N,D,C,A,A,H,-,A,A,0,NA,NA,NA,NA,Y,NA,A,01,0,0,3,0,0,0,0,0,0,-,-,NA,NA,LOS ANGELES,LOS ANGELES,-118.28699007,33.93099003
6851837,2015,2016-10-27,9565,2015-03-07,1925,020480,NA,6,2,5,1965,0,1,3,NA,2,080,RT 1,4TH ST,200,S,N,A,-,Y,LA,7,1,-,R,34.85,H,-,N,Y,4,0,1,2,A,-,03,22350,NA,N,C,C,A,A,H,-,C,D,1,NA,NA,NA,NA,Y,NA,A,01,0,0,1,0,0,0,0,0,0,-,-,34.01662,-118.48371,LOS ANGELES,SANTA MONICA,-118.48995976,34.01269639