CASE_ID,ACCIDENT_YEAR,PROC_DATE,JURIS,COLLISION_DATE,COLLISION_TIME,OFFICER_ID,REPORTING_DISTRICT,DAY_OF_WEEK,CHP_SHIFT,POPULATION,CNTY_CITY_LOC,SPECIAL_COND,BEAT_TYPE,CHP_BEAT_TYPE,CITY_DIVISION_LAPD,CHP_BEAT_CLASS,BEAT_NUMBER,PRIMARY_RD,SECONDARY_RD,DISTANCE,DIRECTION,INTERSECTION,WEATHER_1,WEATHER_2,STATE_HWY_IND,CALTRANS_COUNTY,CALTRANS_DISTRICT,STATE_ROUTE,ROUTE_SUFFIX,POSTMILE_PREFIX,POSTMILE,LOCATION_TYPE,RAMP_INTERSECTION,SIDE_OF_HWY,TOW_AWAY,COLLISION_SEVERITY,NUMBER_KILLED,NUMBER_INJURED,PARTY_COUNT,PRIMARY_COLL_FACTOR,PCF_CODE_OF_VIOL,PCF_VIOL_CATEGORY,PCF_VIOLATION,PCF_VIOL_SUBSECTION,HIT_AND_RUN,TYPE_OF_COLLISION,MVIW,PED_ACTION,ROAD_SURFACE,ROAD_COND_1,ROAD_COND_2,LIGHTING,CONTROL_DEVICE,CHP_ROAD_TYPE,PEDESTRIAN_ACCIDENT,BICYCLE_ACCIDENT,MOTORCYCLE_ACCIDENT,TRUCK_ACCIDENT,NOT_PRIVATE_PROPERTY,ALCOHOL_INVOLVED,STWD_VEHTYPE_AT_FAULT,CHP_VEHTYPE_AT_FAULT,COUNT_SEVERE_INJ,COUNT_VISIBLE_INJ,COUNT_COMPLAINT_PAIN,COUNT_PED_KILLED,COUNT_PED_INJURED,COUNT_BICYCLIST_KILLED,COUNT_BICYCLIST_INJURED,COUNT_MC_KILLED,COUNT_MC_INJURED,PRIMARY_RAMP,SECONDARY_RAMP,LATITUDE,LONGITUDE,COUNTY,CITY,POINT_X,POINT_Y
6852600,2015,2015-03-18,1900,2015-02-27,0800,502210,0642,5,5,6,1985,0,0,0,NA,0,64T1,NEWHALL RANCH RD,MCBEAN PKWY,25,E,N,A,-,N,NA,NA,NA,NA,NA,NA,NA,NA,NA,N,4,0,1,2,A,-,04,21703,NA,N,C,C,A,A,H,-,A,A,0,NA,NA,NA,NA,Y,NA,A,01,0,0,1,0,0,0,0,0,0,-,-,NA,NA,LOS ANGELES,SANTA CLARITA,-118.55762509,34.4313646
6852601,2015,2015-03-20,1900,2015-02-28,1855,520084,0641,6,5,6,1985,0,0,0,NA,0,62T1,COPPER HILL DR,COURTLAND WY,101,E,N,B,-,N,NA,NA,NA,NA,NA,NA,NA,NA,NA,Y,3,0,1,1,A,-,01,23152,A,N,E,I,A,B,H,-,C,D,0,NA,NA,NA,NA,Y,Y,A,01,0,1,0,0,0,0,0,0,0,-,-,NA,NA,LOS ANGELES,SANTA CLARITA,-118.51854507,34.45958331
6852703,2015,2016-09-13,9540,2015-02-09,0635,14339,NA,1,1,9,1900,0,1,1,NA,2,509,RT 5,LAKE HUGHES RD,11088,N,N,A,-,Y,LA,7,5,-,R,16.6,H,-,S,Y,4,0,2,2,A,-,07,21658,A,N,C,C,A,A,H,-,A,D,3,NA,NA,NA,NA,Y,NA,A,01,0,0,2,0,0,0,0,0,0,-,-,34.52247,-118.64007,LOS ANGELES,UNINCORPORATED,-118.21788949,34.03075836
6852704,2015,2016-10-05,9540,2015-02-22,1202,19788,NA,7,1,7,1942,0,1,1,NA,2,213,RT 210,YARNELL ST,1000,E,N,B,C,Y,LA,7,210,-,R,1.17,H,-,E,Y,3,0,1,1,A,-,03,22350,NA,N,E,I,A,B,H,-,A,D,1,NA,NA,NA,NA,Y,NA,D,22,0,1,0,0,0,0,0,0,0,-,-,34.32295,-118.47234,LOS ANGELES,LOS ANGELES,-118.47374309,34.32317004
6852705,2015,2016-09-07,9540,2015-02-23,0640,018037,NA,1,1,7,1942,0,1,1,NA,1,501,RT 5,RT 405,150,S,N,A,-,Y,LA,7,5,-,-,41.56,H,-,S,Y,4,0,1,2,A,-,07,21658,A,N,C,C,A,A,H,-,A,D,1,NA,NA,NA,NA,Y,NA,A,01,0,0,1,0,0,0,0,0,0,-,-,34.29092,-118.4675,LOS ANGELES,LOS ANGELES,-118.46754957,34.29093354
6852706,2015,2016-09-07,9540,2015-02-23,1237,19788,NA,1,1,7,1942,0,1,1,NA,1,502,RT 5,ROXFORD ST,5280,N,N,B,-,Y,LA,7,5,-,R,43.53,H,-,N,Y,4,0,1,4,A,-,03,22350,NA,N,C,C,A,A,H,-,A,D,1,NA,NA,NA,Y,Y,NA,G,25,0,0,1,0,0,0,0,0,0,-,-,34.31586,-118.4884,LOS ANGELES,LOS ANGELES,-118.48632539,34.31078002
6852707,2015,2016-09-07,9540,2015-02-25,0430,019545,NA,3,3,7,1942,0,1,1,NA,1,503,RT 5,SAN FERNANDO RD,220,S,N,A,-,Y,LA,7,5,-,R,43.8,H,-,S,Y,2,0,1,2,A,-,08,22107,NA,N,B,E,A,A,H,-,C,D,1,NA,NA,NA,Y,Y,NA,A,01,1,0,0,0,0,0,0,0,0,-,-,34.31451,-118.48943,LOS ANGELES,LOS ANGELES,-118.48913975,34.31419282
6852708,2015,2016-09-07,9540,2015-03-07,1420,019816,NA,6,2,7,1942,0,1,1,NA,1,501,RT 5,ROXFORD ST,300,S,N,A,-,Y,LA,7,5,-,-,42.59,H,-,S,Y,4,0,4,3,A,-,03,22350,NA,N,C,C,A,A,H,-,A,D,1,NA,NA,NA,NA,Y,NA,A,08,0,0,4,0,0,0,0,0,0,-,-,34.30195,-118.4785,LOS ANGELES,LOS ANGELES,-118.47899511,34.30248536
6852709,2015,2016-10-10,9540,2015-03-07,1049,018202,NA,6,1,9,1900,0,1,3,NA,2,147,RT 14,AGUA DULCE CYN RD,2640,N,N,A,-,Y,LA,7,14,-,-,40.38,H,-,S,Y,4,0,2,4,A,-,03,22350,NA,N,C,C,A,A,H,-,A,D,1,NA,NA,NA,NA,Y,NA,A,07,0,0,2,0,0,0,0,0,0,-,-,34.4704,-118.31997,LOS ANGELES,UNINCORPORATED,-118.32180081,34.4688258
6852710,2015,2016-10-04,9540,2015-03-07,1215,018208,NA,6,1,7,1942,0,1,1,NA,1,501,RT 5,RINALDI ST,200,N,N,A,-,Y,LA,7,5,-,-,40.53,H,-,S,N,4,0,1,2,A,-,03,22350,NA,N,C,C,A,A,H,-,A,D,1,NA,NA,NA,NA,Y,NA,D,22,0,0,1,0,0,0,0,0,0,-,-,34.27827,-118.45178,LOS ANGELES,LOS ANGELES,-118.45591976,34.28002843
6852711,2015,2016-10-05,9540,2015-03-03,1800,018582,NA,2,2,7,1942,0,1,1,NA,2,210,RT 210,MACLAY ST,1584,E,N,A,-,Y,LA,7,210,-,R,5.41,H,-,W,Y,2,0,1,2,A,-,07,21658,A,N,B,C,A,A,H,-,C,D,1,NA,NA,Y,NA,Y,NA,D,22,1,0,0,0,0,0,0,0,1,-,-,34.29435,-118.41416,LOS ANGELES,LOS ANGELES,-118.41402607,34.29435578
6852712,2015,2016-10-11,9540,2015-03-02,1721,019317,NA,1,2,6,1985,0,1,3,NA,1,143,RT 14,NEWHALL AV,528,S,N,B,C,Y,LA,7,14,-,R,26.81,H,-,S,N,4,0,1,3,A,-,03,22350,NA,N,B,C,A,B,H,-,B,D,1,NA,NA,NA,NA,Y,NA,D,22,0,0,1,0,0,0,0,0,0,-,-,34.36121,-118.50603,LOS ANGELES,SANTA CLARITA,-118.50550526,34.36190287
6852713,2015,2016-10-10,9540,2015-03-01,1555,019816,NA,7,2,9,1900,0,1,1,NA,2,506,RT 5,BISCAILUZ DR,112,S,N,C,-,Y,LA,7,5,-,R,56.1,H,-,N,Y,2,0,2,3,A,-,03,22350,NA,N,B,C,A,B,H,-,A,D,1,NA,NA,NA,Y,Y,NA,A,07,1,0,1,0,0,0,0,0,0,-,-,34.44961,-118.61295,LOS ANGELES,UNINCORPORATED,-118.61303941,34.44947366
6852714,2015,2016-09-27,9540,2015-03-01,1930,020875,NA,7,2,9,1900,0,1,1,NA,1,502,RT 5,CALGROVE BL,2640,S,N,B,C,Y,LA,7,5,-,R,48.54,H,-,N,N,2,0,1,2,A,-,07,21658,A,N,B,C,A,B,H,-,D,D,1,NA,NA,NA,Y,Y,NA,A,01,1,0,0,0,0,0,0,0,0,-,-,34.3625,-118.55493,LOS ANGELES,UNINCORPORATED,-118.55085791,34.35569519
6852715,2015,2016-09-27,9540,2015-03-01,0325,020167,NA,7,3,9,1900,0,1,1,NA,1,503,RT 5,WELDON CANYON RD,1475,N,N,B,C,Y,LA,7,5,-,R,46.86,H,-,S,Y,3,0,1,1,A,-,08,22107,NA,N,E,I,A,B,H,-,C,D,1,NA,NA,NA,Y,Y,NA,G,25,0,1,0,0,0,0,0,0,0,-,-,34.34178,-118.52777,LOS ANGELES,UNINCORPORATED,-118.52759048,34.34187629
6852716,2015,2016-10-10,9540,2015-02-26,1830,016062,NA,4,2,6,1985,0,1,3,NA,1,144,RT 14,PLACERITA CANYON RD,350,S,N,A,-,Y,LA,7,14,-,R,28.01,H,-,N,N,4,0,1,2,A,-,03,22350,NA,N,C,C,A,A,H,-,C,D,1,NA,NA,NA,NA,Y,NA,D,22,0,0,1,0,0,0,0,0,0,-,-,NA,NA,LOS ANGELES,SANTA CLARITA,-118.49447183,34.37669941
6852717,2015,2016-09-27,9540,2015-03-14,0945,017983,NA,6,1,9,1900,0,1,1,NA,1,502,RT 5,CALGROVE BL,5280,S,N,A,-,Y,LA,7,5,-,R,47.89,H,-,N,Y,3,0,3,3,A,-,08,22107,NA,N,E,I,A,A,H,-,A,D,1,NA,NA,NA,Y,Y,NA,A,01,0,2,1,0,0,0,0,0,0,-,-,34.35019,-118.54201,LOS ANGELES,UNINCORPORATED,-118.54212973,34.35033141
6852718,2015,2016-10-10,9540,2015-03-09,0850,12296,NA,1,1,9,1900,0,1,3,NA,2,147,RT 14,PURITAN MINE RD,1056,S,N,A,-,Y,LA,7,14,-,-,45.78,H,-,S,Y,3,0,2,3,A,-,03,22350,NA,N,C,C,A,A,H,-,A,D,1,NA,NA,NA,Y,Y,NA,A,01,0,1,1,0,0,0,0,0,0,-,-,34.50429,-118.24299,LOS ANGELES,UNINCORPORATED,-118.24446177,34.50455364
6852760,2015,2015-03-26,1947,2015-02-07,1341,1283,NA,6,5,5,1947,0,0,0,NA,0,00C,AVENIDA DE LA MERCED,3RD ST,6,W,N,A,-,N,NA,NA,NA,NA,NA,NA,NA,NA,NA,N,4,0,1,2,A,-,04,21703,NA,N,C,C,A,A,H,-,A,A,0,NA,NA,NA,NA,Y,NA,D,22,0,0,1,0,0,0,0,0,0,-,-,NA,NA,LOS ANGELES,MONTEBELLO,-118.09889937,34.02297677
6852778,2015,2016-10-05,9575,2015-03-10,1725,019754,NA,2,2,7,1942,0,1,1,NA,2,061,RT 210,SUNLAND BL,5280,E,N,A,-,Y,LA,7,210,-,R,12.15,H,-,W,Y,4,0,1,1,C,-,18,NA,NA,N,E,I,A,A,H,-,A,D,1,NA,NA,NA,NA,Y,NA,-,-,0,0,1,0,0,0,0,0,0,-,-,34.24575,-118.32674,LOS ANGELES,LOS ANGELES,-118.32084922,34.24638287
6852779,2015,2016-10-26,9575,2015-03-11,0635,17416,NA,3,1,7,1942,0,1,3,NA,2,044,RT 134,CAHUENGA BL,950,E,N,B,-,Y,LA,7,134,-,-,0.98,H,-,W,Y,4,0,1,2,A,-,03,22350,NA,N,C,C,A,A,H,-,A,D,1,NA,NA,NA,NA,Y,NA,D,22,0,0,1,0,0,0,0,0,0,-,-,34.15324,-118.35728,LOS ANGELES,LOS ANGELES,-118.35968481,34.15323046
6852781,2015,2016-09-22,9575,2015-03-10,0740,19669,NA,2,1,9,1900,0,1,1,NA,2,065,RT 210,MICHILLINDA AV,700,W,N,A,-,Y,LA,7,210,-,R,29.74,H,-,E,Y,3,0,1,3,A,-,07,21658,A,N,B,C,A,A,H,-,A,D,1,NA,NA,NA,NA,Y,NA,D,22,0,1,0,0,0,0,0,0,0,-,-,34.14838,-118.06891,LOS ANGELES,UNINCORPORATED,-118.06903112,34.1485621
6852785,2015,2016-09-22,9575,2015-03-10,1635,17354,NA,2,2,6,1953,0,1,1,NA,2,063,RT 210,MOUNTAIN ST,900,E,N,A,-,Y,LA,7,210,-,R,24.26,H,-,E,Y,4,0,1,2,A,-,03,22350,NA,N,C,C,A,A,H,-,A,D,0,NA,NA,NA,NA,Y,NA,D,22,0,0,1,0,0,0,0,0,0,-,-,34.15645,-118.15842,LOS ANGELES,PASADENA,-118.15878902,34.15953313
6852790,2015,2016-09-22,9575,2015-02-13,1030,16536,NA,5,1,5,1902,0,1,1,NA,2,065,RT 210,BALDWIN AV,800,W,N,A,-,Y,LA,7,210,-,R,30.59,H,-,E,Y,4,0,1,2,A,-,08,22107,NA,N,B,C,A,A,H,-,A,D,1,NA,NA,NA,NA,Y,NA,D,22,0,0,1,0,0,0,0,0,0,-,-,34.14864,-118.05079,LOS ANGELES,ARCADIA,-118.05433554,34.14865755
6852794,2015,2016-09-02,9575,2015-02-20,1035,20925,NA,5,1,6,1912,0,1,1,NA,2,051,RT 5,BURBANK BL,300,S,N,A,-,Y,LA,7,5,-,-,29.72,H,-,N,Y,4,0,1,2,A,-,03,22350,NA,N,C,D,A,A,H,-,A,D,1,NA,NA,NA,Y,Y,NA,F,27,0,0,1,0,0,0,0,0,0,-,-,34.18482,-118.31667,LOS ANGELES,BURBANK,-118.31691093,34.18505654
6852795,2015,2016-10-12,9575,2015-03-05,1330,20030,NA,4,1,7,1942,0,1,1,NA,2,050,RT 5,COLORADO ST,300,N,N,A,-,Y,LA,7,5,-,-,25.84,H,-,S,N,4,0,1,2,A,-,03,22350,NA,N,C,C,A,A,H,-,A,D,1,NA,NA,NA,NA,Y,NA,D,22,0,0,1,0,0,0,0,0,0,-,-,34.14491,-118.27861,LOS ANGELES,LOS ANGELES,-118.27802129,34.1416544
6852831,2015,2016-10-05,9540,2015-02-20,1210,016405,NA,5,1,9,1900,0,2,4,NA,2,012,PICO CANYON RD,MARRIOTT WY,0,NA,Y,A,-,Y,LA,7,5,-,R,50.637,R,4,S,Y,3,0,2,2,A,-,12,21453,A,N,D,C,A,A,H,-,A,A,1,NA,NA,NA,NA,Y,NA,A,07,0,1,1,0,0,0,0,0,0,-,-,34.38018,-118.56883,LOS ANGELES,UNINCORPORATED,-118.56783414,34.38292345
6852832,2015,2016-10-10,9540,2015-02-28,2040,019317,NA,6,2,6,1985,0,1,3,NA,1,144,RT 14,SAND CANYON RD,5280,S,N,B,C,Y,LA,7,14,-,R,31.99,H,-,N,Y,2,0,1,1,A,-,03,22350,NA,N,E,I,A,B,H,-,D,D,1,NA,NA,NA,NA,Y,NA,A,01,1,0,0,0,0,0,0,0,0,-,-,34.41497,-118.4439,LOS ANGELES,SANTA CLARITA,-118.44397767,34.41475502
6852833,2015,2016-10-10,9540,2015-02-28,2131,19856,NA,6,2,9,1900,0,1,1,NA,2,510,RT 5,SMOKEY BEAR RD,1100,N,N,A,-,Y,LA,7,5,-,R,78.39,H,-,N,Y,3,0,2,1,A,-,08,22107,NA,N,E,I,A,A,H,-,D,D,1,NA,NA,NA,NA,Y,NA,A,01,0,2,0,0,0,0,0,0,0,-,-,34.71371,-118.7981,LOS ANGELES,UNINCORPORATED,-118.79815184,34.71370914
6852834,2015,2016-10-10,9540,2015-02-28,1329,019317,NA,6,1,6,1985,0,1,3,NA,1,145,RT 14,VIA PRINCESSA,528,N,N,A,-,Y,LA,7,14,-,R,31.13,H,-,S,Y,3,0,1,1,A,-,08,22107,NA,N,E,I,A,A,H,-,A,D,1,NA,NA,NA,NA,Y,NA,A,01,0,1,0,0,0,0,0,0,0,-,-,34.40446,-118.45157,LOS ANGELES,SANTA CLARITA,-118.45202608,34.40431711
6852835,2015,2016-09-02,9540,2015-02-26,1925,019816,NA,4,2,7,1942,0,1,1,NA,1,502,RT 5,BALBOA BL,528,N,N,A,-,Y,LA,7,5,-,R,44.61,H,-,N,Y,4,0,1,3,A,-,03,22350,NA,N,C,C,A,A,H,-,A,D,1,NA,NA,NA,NA,Y,NA,A,01,0,0,1,0,0,0,0,0,0,-,-,34.3224,-118.49875,LOS ANGELES,LOS ANGELES,-118.49873548,34.32253428
6852844,2015,2016-04-13,1947,2015-02-22,1902,1402,NA,7,5,5,1947,0,0,0,NA,0,00B,WHITTIER BL,GREENWOOD AV,12,W,N,C,-,N,NA,NA,NA,NA,NA,NA,NA,NA,NA,N,3,0,1,2,A,-,10,21950,A,N,G,B,B,B,H,-,C,D,0,Y,NA,NA,NA,Y,NA,A,01,0,1,0,0,1,0,0,0,0,-,-,NA,NA,LOS ANGELES,MONTEBELLO,-118.11191902,34.0108348
6852845,2015,2015-03-23,1947,2015-02-07,0931,61P,1947,6,5,5,1947,0,0,0,NA,0,00E,GARFIELD AV,WHITTIER BL,0,NA,Y,A,-,N,NA,NA,NA,NA,NA,NA,NA,NA,NA,N,4,0,1,2,D,-,00,NA,NA,N,C,C,A,A,H,-,A,A,0,NA,NA,NA,NA,Y,NA,-,-,0,0,1,0,0,0,0,0,0,-,-,NA,NA,LOS ANGELES,MONTEBELLO,-118.13003005,34.01460001
6852878,2015,2016-10-05,9540,2015-02-26,0210,018513,NA,4,3,7,1942,0,1,1,NA,2,210,RT 210,POLK ST,46,W,N,A,-,Y,LA,7,210,-,R,3.27,H,-,W,Y,2,0,1,1,A,-,01,23152,A,N,E,I,A,A,H,-,D,D,1,NA,NA,NA,NA,Y,Y,A,01,1,0,0,0,0,0,0,0,0,-,-,NA,NA,LOS ANGELES,LOS ANGELES,-118.44001147,34.31667152
6852879,2015,2016-09-07,9540,2015-02-23,1235,018037,NA,1,1,7,1942,0,1,1,NA,1,502,RT 5,ROXFORD ST,3538,N,N,A,-,Y,LA,7,5,-,R,43.45,H,-,N,Y,2,0,1,3,A,-,03,22350,NA,F,C,A,A,A,H,-,A,D,1,NA,NA,NA,NA,Y,NA,A,07,1,0,0,0,0,0,0,0,0,-,-,34.30992,-118.48517,LOS ANGELES,LOS ANGELES,-118.48558309,34.30979396
6852880,2015,2016-10-04,9540,2015-02-22,1110,016405,NA,7,1,6,1985,0,1,1,NA,2,506,RT 5,MAGIC MOUNTAIN PKWY,150,S,N,B,C,Y,LA,7,5,-,R,53.402,R,1,N,Y,3,0,4,2,A,-,03,22350,NA,N,C,C,A,B,H,-,A,D,1,NA,NA,NA,NA,Y,NA,A,01,0,3,1,0,0,0,0,0,0,-,-,34.42268,-118.5825,LOS ANGELES,SANTA CLARITA,-118.58210075,34.42113838
6853003,2015,2015-03-25,1956,2015-03-14,1720,1297,09,6,5,5,1956,0,0,0,NA,0,002,ESPLANADE,SAPPHIRE ST,100,S,N,A,-,N,NA,NA,NA,NA,NA,NA,NA,NA,NA,N,3,0,1,2,A,-,06,21750,A,N,B,G,A,A,H,-,A,A,0,NA,Y,NA,NA,Y,Y,L,04,0,1,0,0,0,0,1,0,0,-,-,NA,NA,LOS ANGELES,REDONDO BEACH,-118.38969279,33.83331097
6853014,2015,2016-09-02,9540,2015-03-10,0550,14339,NA,2,3,7,1942,0,1,1,NA,1,503,RT 5,RT 14,1920,S,N,A,-,Y,LA,7,5,-,R,45.03,H,-,S,Y,4,0,1,3,A,-,03,22350,NA,N,C,C,A,A,H,-,C,D,1,NA,NA,NA,NA,Y,NA,A,01,0,0,1,0,0,0,0,0,0,-,-,34.32629,-118.50425,LOS ANGELES,LOS ANGELES,-118.50424246,34.32627588
6853015,2015,2016-09-02,9540,2015-03-08,1339,020875,NA,7,1,9,1900,0,1,1,NA,1,502,RT 5,BALBOA BL,3960,N,N,A,-,Y,LA,7,5,-,R,45.18,H,-,N,Y,4,0,2,2,A,-,03,22350,NA,N,C,C,A,A,H,-,A,D,1,NA,NA,NA,NA,Y,NA,A,01,0,0,2,0,0,0,0,0,0,-,-,34.33032,-118.50575,LOS ANGELES,UNINCORPORATED,-118.50524632,34.32850826
6853016,2015,2016-10-11,9540,2015-03-13,2355,020501,NA,5,3,6,1985,0,1,3,NA,1,143,RT 14,NEWHALL AV,750,S,N,A,-,Y,LA,7,14,-,R,26.81,H,-,S,Y,3,0,1,2,A,-,07,21658,A,N,B,C,A,A,H,-,C,D,1,NA,NA,NA,NA,Y,NA,A,07,0,1,0,0,0,0,0,0,0,-,-,34.35973,-118.50632,LOS ANGELES,SANTA CLARITA,-118.50550526,34.36190287
6853017,2015,2016-09-02,9540,2015-03-14,1030,018208,NA,6,1,7,1942,0,1,1,NA,1,502,RT 5,BALBOA BL,107,N,N,A,-,Y,LA,7,5,-,R,44.45,H,-,N,Y,4,0,3,2,A,-,07,21658,A,F,C,C,A,A,H,-,A,D,1,NA,NA,NA,NA,Y,Y,A,01,0,0,3,0,0,0,0,0,0,-,-,34.32147,-118.49655,LOS ANGELES,LOS ANGELES,-118.49643513,34.32123983
6853018,2015,2016-10-11,9540,2015-03-01,1130,017983,NA,7,1,9,1900,0,1,3,NA,1,142,RT 14,LOS PINETOS RD,1056,S,N,B,-,Y,LA,7,14,-,R,25.8,H,-,S,Y,3,0,3,2,A,-,07,21658,A,N,B,C,A,A,H,-,A,D,1,NA,NA,NA,NA,Y,NA,A,01,0,1,2,0,0,0,0,0,0,-,-,34.34357,-118.50555,LOS ANGELES,UNINCORPORATED,-118.50405659,34.34774013
6853019,2015,2016-10-10,9540,2015-03-01,2010,18721,NA,7,2,9,1900,0,1,1,NA,2,509,RT 5,UPPER CROSSOVER,1584,N,N,C,-,Y,LA,7,5,-,R,64.89,H,-,S,Y,2,0,1,1,A,-,08,22107,NA,N,E,I,A,B,H,-,D,D,1,NA,NA,NA,NA,Y,NA,A,01,1,0,0,0,0,0,0,0,0,-,-,34.55752,-118.67579,LOS ANGELES,UNINCORPORATED,-118.67589668,34.55748149
6853020,2015,2016-10-10,9540,2015-03-02,1241,018181,NA,1,1,9,1900,0,1,1,NA,2,513,RT 5,QUAIL LAKE RD,250,N,N,C,F,Y,LA,7,5,-,R,81.84,H,-,S,Y,3,0,2,1,A,-,03,22350,NA,N,E,I,A,B,B,-,A,D,1,NA,NA,NA,NA,Y,NA,A,07,0,2,0,0,0,0,0,0,0,-,-,34.76592,-118.79941,LOS ANGELES,UNINCORPORATED,-118.79806082,34.76318593
6853021,2015,2016-09-02,9540,2015-03-02,1537,019317,NA,1,2,7,1942,0,1,1,NA,1,503,RT 5,BALBOA BL,528,S,N,B,C,Y,LA,7,5,-,R,44.33,H,-,S,Y,4,0,1,3,A,-,03,22350,NA,N,B,C,A,B,H,-,A,D,1,NA,NA,NA,NA,Y,NA,A,01,0,0,1,0,0,0,0,0,0,-,-,34.31891,-118.49339,LOS ANGELES,LOS ANGELES,-118.49486721,34.32007139
6853022,2015,2016-09-23,9540,2015-03-03,1818,018502,NA,2,2,7,1942,0,1,1,NA,2,406,RT 405,RINALDI ST,750,S,N,A,-,Y,LA,7,405,-,-,47.61,H,-,N,Y,4,0,1,2,A,-,04,21703,NA,N,C,C,A,A,H,-,C,D,1,NA,NA,NA,NA,Y,NA,A,01,0,0,1,0,0,0,0,0,0,-,-,34.27697,-118.47035,LOS ANGELES,LOS ANGELES,-118.47040095,34.27684809
6853023,2015,2016-10-10,9540,2015-03-04,0645,017076,NA,3,1,9,1900,0,1,3,NA,2,147,RT 14,PURITAN MINE RD,2640,N,N,A,-,Y,LA,7,14,-,-,46.25,H,-,S,Y,4,0,2,2,A,-,03,22350,NA,N,C,C,A,A,H,-,A,D,1,NA,NA,NA,NA,Y,NA,A,01,0,0,2,0,0,0,0,0,0,-,-,34.50257,-118.23628,LOS ANGELES,UNINCORPORATED,-118.23664511,34.50274291
6853024,2015,2016-10-10,9540,2015-03-04,2150,018608,NA,3,2,9,1900,0,1,3,NA,1,145,RT 14,SAND CANYON RD,5280,S,N,A,-,Y,LA,7,14,-,-,32.42,H,-,S,Y,4,0,1,2,A,-,03,22350,NA,N,C,C,A,A,H,-,C,D,1,NA,NA,NA,NA,Y,NA,A,01,0,0,1,0,0,0,0,0,0,-,-,34.41558,-118.44374,LOS ANGELES,UNINCORPORATED,-118.43901356,34.41819948
6853025,2015,2016-10-10,9540,2015-03-06,1534,019317,NA,5,2,9,1900,0,1,3,NA,2,146,RT 14,SAND CANYON RD,1584,NA,N,A,-,Y,LA,7,14,-,-,33.73,H,-,N,Y,4,0,1,2,A,-,04,21703,NA,N,C,C,A,A,H,-,A,D,1,NA,NA,NA,NA,Y,NA,A,01,0,0,1,0,0,0,0,0,0,-,-,34.43417,-118.38594,LOS ANGELES,UNINCORPORATED,-118.41888345,34.42725351
6853026,2015,2015-03-25,9540,2015-03-01,1859,18721,1,7,2,9,1900,0,3,5,NA,2,001,SAN FRANCISQUITO CANYON RD,DILLAN CANYON RD,7920,N,N,C,-,N,NA,NA,NA,NA,NA,NA,NA,NA,NA,Y,3,0,1,1,A,-,08,22107,NA,N,E,I,A,B,H,-,D,D,0,NA,NA,NA,NA,Y,NA,A,01,0,1,0,0,0,0,0,0,0,-,-,34.52274,-118.53239,LOS ANGELES,UNINCORPORATED,NA,NA
6853027,2015,2015-03-25,9540,2015-03-07,1155,018181,NA,6,1,9,1900,0,2,4,NA,1,104,SAN FRANCISQUITO CANYON RD,STATOR LN,6336,S,N,A,-,N,NA,NA,NA,NA,NA,NA,NA,NA,NA,Y,2,0,1,1,A,-,03,22350,NA,N,F,A,A,A,H,-,A,D,0,NA,NA,Y,NA,Y,NA,C,02,1,0,0,0,0,0,0,0,1,-,-,34.52519,-118.5324,LOS ANGELES,UNINCORPORATED,-118.53237607,34.52503361
6853028,2015,2015-03-25,9540,2015-03-02,1245,018202,NA,1,1,9,1900,0,2,4,NA,1,201,SIERRA HWY,WYSE RD,218,N,N,B,-,N,NA,NA,NA,NA,NA,NA,NA,NA,NA,Y,4,0,1,1,A,-,08,22107,NA,N,E,I,A,A,H,-,A,D,0,NA,NA,NA,NA,Y,NA,A,07,0,0,1,0,0,0,0,0,0,-,-,34.52006,-118.29877,LOS ANGELES,UNINCORPORATED,-118.29938,34.51996
6853029,2015,2015-03-25,9540,2015-03-08,1640,19816,NA,7,2,9,1900,0,2,4,NA,1,104,SAN FRANCISQUITO CANYON RD,LACO FIRE CAMP #14,4752,S,N,A,-,N,NA,NA,NA,NA,NA,NA,NA,NA,NA,Y,4,0,1,1,A,-,08,22107,NA,N,E,I,A,A,H,-,A,D,0,NA,NA,NA,NA,Y,NA,A,01,0,0,1,0,0,0,0,0,0,-,-,34.56087,-118.49076,LOS ANGELES,UNINCORPORATED,NA,NA
6853030,2015,2015-03-25,9540,2015-03-10,1110,12296,NA,2,1,9,1900,0,2,4,NA,1,201,SIERRA HWY,VASQUEZ CANYON RD,0,NA,Y,A,-,N,NA,NA,NA,NA,NA,NA,NA,NA,NA,Y,3,0,5,2,A,-,09,21801,A,N,D,C,A,A,H,-,A,A,0,NA,NA,NA,NA,Y,NA,A,01,0,2,3,0,0,0,0,0,0,-,-,34.4546,-118.42062,LOS ANGELES,UNINCORPORATED,-118.42031004,34.45435004