CASE_ID,ACCIDENT_YEAR,PROC_DATE,JURIS,COLLISION_DATE,COLLISION_TIME,OFFICER_ID,REPORTING_DISTRICT,DAY_OF_WEEK,CHP_SHIFT,POPULATION,CNTY_CITY_LOC,SPECIAL_COND,BEAT_TYPE,CHP_BEAT_TYPE,CITY_DIVISION_LAPD,CHP_BEAT_CLASS,BEAT_NUMBER,PRIMARY_RD,SECONDARY_RD,DISTANCE,DIRECTION,INTERSECTION,WEATHER_1,WEATHER_2,STATE_HWY_IND,CALTRANS_COUNTY,CALTRANS_DISTRICT,STATE_ROUTE,ROUTE_SUFFIX,POSTMILE_PREFIX,POSTMILE,LOCATION_TYPE,RAMP_INTERSECTION,SIDE_OF_HWY,TOW_AWAY,COLLISION_SEVERITY,NUMBER_KILLED,NUMBER_INJURED,PARTY_COUNT,PRIMARY_COLL_FACTOR,PCF_CODE_OF_VIOL,PCF_VIOL_CATEGORY,PCF_VIOLATION,PCF_VIOL_SUBSECTION,HIT_AND_RUN,TYPE_OF_COLLISION,MVIW,PED_ACTION,ROAD_SURFACE,ROAD_COND_1,ROAD_COND_2,LIGHTING,CONTROL_DEVICE,CHP_ROAD_TYPE,PEDESTRIAN_ACCIDENT,BICYCLE_ACCIDENT,MOTORCYCLE_ACCIDENT,TRUCK_ACCIDENT,NOT_PRIVATE_PROPERTY,ALCOHOL_INVOLVED,STWD_VEHTYPE_AT_FAULT,CHP_VEHTYPE_AT_FAULT,COUNT_SEVERE_INJ,COUNT_VISIBLE_INJ,COUNT_COMPLAINT_PAIN,COUNT_PED_KILLED,COUNT_PED_INJURED,COUNT_BICYCLIST_KILLED,COUNT_BICYCLIST_INJURED,COUNT_MC_KILLED,COUNT_MC_INJURED,PRIMARY_RAMP,SECONDARY_RAMP,LATITUDE,LONGITUDE,COUNTY,CITY,POINT_X,POINT_Y
6853957,2015,2016-10-18,1942,2015-03-04,1750,39764,0821,3,5,7,1942,0,0,0,H,0,7T71,PCH,CLUB BAY DR,0,NA,Y,A,-,Y,LA,7,1,-,-,38.741,I,5,S,Y,2,0,3,3,A,-,09,21801,A,N,D,C,A,A,H,-,C,A,0,NA,NA,NA,NA,Y,NA,A,01,1,2,0,0,0,0,0,0,0,-,-,NA,NA,LOS ANGELES,LOS ANGELES,-118.54586489,34.03957475
6853960,2015,2015-03-25,1942,2015-03-03,2000,24475,0849,2,5,7,1942,0,0,0,H,0,6T11,OLYMPIC BL,CORNING AV,150,W,N,A,-,N,NA,NA,NA,NA,NA,NA,NA,NA,NA,N,4,0,2,2,A,-,03,22350,NA,N,C,C,A,A,H,-,C,D,0,NA,NA,NA,NA,Y,NA,A,01,0,0,2,0,0,0,0,0,0,-,-,NA,NA,LOS ANGELES,LOS ANGELES,-118.37778432,34.05937
6853961,2015,2015-03-25,1942,2015-03-11,1510,37966,0646,3,5,7,1942,0,0,0,F,0,6TL2,HOLLYWOOD BL,MCCADDEN PL,0,NA,Y,B,-,N,NA,NA,NA,NA,NA,NA,NA,NA,NA,N,4,0,1,2,A,-,10,21950,A,F,G,B,B,A,H,-,A,A,0,Y,NA,NA,NA,Y,NA,-,99,0,0,1,0,1,0,0,0,0,-,-,NA,NA,LOS ANGELES,LOS ANGELES,-118.33744003,34.10155008
6853964,2015,2015-03-25,1942,2015-03-01,1345,40157,0857,7,5,7,1942,0,0,0,H,0,8TL35,BEVERLY DR,PICO BL,123,S,N,C,-,N,NA,NA,NA,NA,NA,NA,NA,NA,NA,N,4,0,1,2,A,-,09,21804,A,N,H,G,A,B,H,-,A,D,0,NA,Y,NA,NA,Y,NA,A,08,0,0,1,0,0,0,1,0,0,-,-,NA,NA,LOS ANGELES,LOS ANGELES,-118.39539099,34.05493511
6853965,2015,2015-03-26,1942,2015-03-03,1550,38310,0644,2,5,7,1942,0,0,0,F,0,14T52,SUNSET BL,FORMOSA AV,0,NA,Y,A,-,N,NA,NA,NA,NA,NA,NA,NA,NA,NA,Y,4,0,1,2,A,-,09,21801,A,N,D,C,A,A,H,-,A,D,0,NA,NA,NA,NA,Y,NA,A,01,0,0,1,0,0,0,0,0,0,-,-,NA,NA,LOS ANGELES,LOS ANGELES,-118.34682003,34.09799009
6853968,2015,2015-03-25,1942,2015-03-02,1430,38013,0851,1,5,7,1942,0,0,0,H,0,7T38,SANTA MONICA BL,WELLESLEY AV,3,E,N,B,-,N,NA,NA,NA,NA,NA,NA,NA,NA,NA,N,4,0,1,2,A,-,06,21951,NA,N,G,B,B,A,H,-,A,D,0,Y,NA,NA,NA,Y,NA,A,07,0,0,1,0,1,0,0,0,0,-,-,NA,NA,LOS ANGELES,LOS ANGELES,-118.46550109,34.03956356
6853969,2015,2015-03-26,1942,2015-03-03,1155,39022,0668,2,5,7,1942,0,0,0,F,0,6TL7,LA MIRADA RD,WILTON PL,0,NA,Y,A,-,N,NA,NA,NA,NA,NA,NA,NA,NA,NA,N,4,0,2,2,A,-,09,21802,A,N,-,C,A,A,H,-,A,A,0,NA,NA,NA,NA,Y,NA,A,01,0,0,2,0,0,0,0,0,0,-,-,NA,NA,LOS ANGELES,LOS ANGELES,-118.31360012,34.09377002
6853970,2015,2015-03-25,9530,2015-03-02,0220,020473,NA,1,3,9,1900,0,3,5,NA,2,001,LOU DILLON AV,FIRESTONE BL,41,N,N,C,-,N,NA,NA,NA,NA,NA,NA,NA,NA,NA,Y,4,0,1,1,A,-,03,22350,NA,N,E,I,A,B,H,-,C,D,0,NA,NA,NA,NA,Y,NA,A,01,0,0,1,0,0,0,0,0,0,-,-,NA,NA,LOS ANGELES,UNINCORPORATED,-118.23469122,33.96026243
6853972,2015,2015-03-25,1942,2015-03-01,1325,R2138,0859,7,5,7,1942,0,0,0,H,0,8TL26W,LA CIENEGA BL,AIRDROME ST,380,S,N,B,-,N,NA,NA,NA,NA,NA,NA,NA,NA,NA,N,4,0,2,3,A,-,03,22350,NA,N,C,C,A,A,H,-,A,D,0,NA,NA,NA,NA,Y,NA,A,01,0,0,2,0,0,0,0,0,0,-,-,NA,NA,LOS ANGELES,LOS ANGELES,-118.37644629,34.04607537
6853973,2015,2015-03-26,1942,2015-03-03,2150,34959,0668,2,5,7,1942,0,0,0,F,0,20TL59,SUNSET BL,WESTERN AV,0,NA,Y,A,-,N,NA,NA,NA,NA,NA,NA,NA,NA,NA,Y,3,0,2,2,A,-,12,21453,A,N,D,C,A,A,H,-,C,A,0,NA,NA,NA,NA,Y,NA,A,01,0,1,1,0,0,0,0,0,0,-,-,NA,NA,LOS ANGELES,LOS ANGELES,-118.30922007,34.0981001
6853977,2015,2015-03-25,1942,2015-03-01,1435,40024,0629,7,5,7,1942,0,0,0,F,0,6TL7,WESTERN AV,FRANKLIN AV,0,NA,Y,B,-,N,NA,NA,NA,NA,NA,NA,NA,NA,NA,N,4,0,1,2,A,-,12,21453,A,N,-,G,A,A,H,-,A,A,0,NA,Y,NA,NA,Y,NA,L,04,0,0,1,0,0,0,1,0,0,-,-,NA,NA,LOS ANGELES,LOS ANGELES,-118.30926009,34.10538012
6853981,2015,2015-03-26,1942,2015-03-02,0615,38282,0774,1,5,7,1942,0,0,0,G,0,7TL23,VENICE BL,REDONDO BL,0,NA,Y,B,-,N,NA,NA,NA,NA,NA,NA,NA,NA,NA,N,4,0,1,2,A,-,10,21950,A,N,G,B,B,A,H,-,B,A,0,Y,NA,NA,NA,Y,NA,A,01,0,0,1,0,1,0,0,0,0,-,-,NA,NA,LOS ANGELES,LOS ANGELES,-118.35043003,34.04512004
6853985,2015,2015-03-26,1942,2015-03-01,0730,41401,706,7,5,7,1942,0,0,0,NA,0,7A33,HIGHLAND AV,MELROSE AV,0,NA,Y,B,-,N,NA,NA,NA,NA,NA,NA,NA,NA,NA,Y,2,0,1,2,A,-,12,21453,A,N,B,C,A,A,H,-,A,A,0,NA,NA,NA,NA,Y,NA,A,01,1,0,0,0,0,0,0,0,0,-,-,NA,NA,LOS ANGELES,LOS ANGELES,-118.33858013,34.08347002
6853989,2015,2015-03-26,1900,2015-03-02,1044,516551,0455,1,5,6,1949,0,0,0,NA,0,43T1,PIONEER BL,EXCELSIOR DR,0,NA,Y,C,-,N,NA,NA,NA,NA,NA,NA,NA,NA,NA,Y,4,0,1,2,D,-,00,NA,NA,N,A,C,A,B,H,-,A,A,0,NA,NA,NA,NA,Y,NA,-,-,0,0,1,0,0,0,0,0,0,-,-,NA,NA,LOS ANGELES,NORWALK,-118.08252003,33.89491004
6853990,2015,2015-03-25,9530,2015-03-04,1600,16193,NA,3,2,9,1900,0,3,5,NA,2,003,ROSECRANS AV,GIBSON ST,265,E,N,A,-,N,NA,NA,NA,NA,NA,NA,NA,NA,NA,Y,4,0,2,2,A,-,09,21801,A,N,D,C,A,A,H,-,A,D,0,NA,NA,NA,NA,Y,NA,A,01,0,0,2,0,0,0,0,0,0,-,-,NA,NA,LOS ANGELES,UNINCORPORATED,-118.18868859,33.90368
6853994,2015,2015-03-25,9530,2015-03-03,1530,13604,NA,2,2,9,1900,0,3,5,NA,2,001,FLORENCE AV,HOOPER AV,35,E,N,A,-,N,NA,NA,NA,NA,NA,NA,NA,NA,NA,N,4,0,1,2,A,-,03,22350,NA,M,C,C,A,A,H,-,A,A,0,NA,NA,NA,NA,Y,NA,-,99,0,0,1,0,0,0,0,0,0,-,-,NA,NA,LOS ANGELES,UNINCORPORATED,-118.16250839,33.9135849
6853999,2015,2015-04-29,1942,2015-03-08,1800,37700,2093,7,5,7,1942,0,0,0,NA,0,8TL28,WESTERN AV,WASHINGTON AV,5,N,N,A,-,N,NA,NA,NA,NA,NA,NA,NA,NA,NA,N,3,0,1,2,A,-,01,23152,A,N,H,G,A,A,H,-,A,A,0,NA,Y,NA,NA,Y,Y,A,07,0,1,0,0,0,0,1,0,0,-,-,NA,NA,LOS ANGELES,LOS ANGELES,-118.30899026,34.03993371
6854000,2015,2015-03-25,1902,2015-03-02,1430,668,19,1,5,5,1902,0,0,0,NA,0,002,CAMPUS DR,SANTA ANITA AV,1483,W,N,B,-,N,NA,NA,NA,NA,NA,NA,NA,NA,NA,Y,3,0,2,2,B,-,22,NA,NA,N,A,E,A,A,H,-,A,D,0,NA,NA,NA,NA,Y,Y,-,-,0,2,0,0,0,0,0,0,0,-,-,NA,NA,LOS ANGELES,ARCADIA,-118.03623892,34.13075248
6854004,2014,2015-03-18,9535,2014-11-01,0910,20794,NA,6,1,9,1900,0,2,4,NA,2,024,WHITTIER BL,HENDRICKS AV,8,E,N,B,-,N,NA,NA,NA,NA,NA,NA,NA,NA,NA,N,1,1,0,2,A,-,10,21950,A,N,G,B,B,B,H,-,A,A,0,Y,NA,NA,NA,Y,NA,A,07,0,0,0,1,0,0,0,0,0,-,-,34.0169,-118.13978,LOS ANGELES,UNINCORPORATED,-118.14011446,34.01677462
6854013,2014,2015-03-25,9575,2014-09-29,2100,20039,NA,1,2,7,1942,0,1,3,NA,2,041,RT 134,RT 2,2500,E,N,A,-,Y,LA,7,134,-,R,9.89,H,-,W,Y,1,2,0,2,A,-,03,22350,NA,N,C,C,A,A,H,-,C,D,1,NA,NA,Y,NA,Y,NA,C,02,0,0,0,0,0,0,0,2,0,-,-,34.14515,-118.2142,LOS ANGELES,LOS ANGELES,-118.21026467,34.1452471
6854024,2014,2015-03-27,9535,2014-12-16,0256,18188,NA,2,3,5,1915,0,1,1,NA,2,075,RT 710,ALONDRA BL,1591,N,N,B,C,Y,LA,7,710,-,-,14.25,H,-,S,N,1,1,0,2,A,-,-,NA,NA,N,G,B,E,B,H,-,E,D,1,Y,NA,NA,Y,Y,NA,N,60,0,0,0,1,0,0,0,0,0,-,-,33.89389,-118.18814,LOS ANGELES,COMPTON,-118.18814419,33.89340701
6854030,2014,2015-12-18,9545,2014-12-19,2500,18342,NA,5,4,9,1900,0,3,5,NA,2,003,ALISO CANYON RD,AVENUE Y-8,2640,S,N,A,-,N,NA,NA,NA,NA,NA,NA,NA,NA,NA,Y,1,1,0,1,A,-,01,23152,A,N,E,I,A,A,H,-,D,D,0,NA,NA,NA,NA,Y,Y,A,01,0,0,0,0,0,0,0,0,0,-,-,34.4521,-118.15452,LOS ANGELES,UNINCORPORATED,-118.15463969,34.45230939
6854039,2015,2015-03-23,1956,2015-02-04,1817,1188,01,3,5,5,1956,0,0,0,NA,0,001,AVENUE I,CATALINA AV,11,E,N,A,-,N,NA,NA,NA,NA,NA,NA,NA,NA,NA,Y,1,1,1,3,A,-,10,21950,A,N,G,B,B,A,H,-,C,A,0,Y,NA,NA,NA,Y,NA,I,09,1,0,0,1,1,0,0,0,0,-,-,NA,NA,LOS ANGELES,REDONDO BEACH,-118.3882842,33.81924585
6854041,2015,2015-03-23,1942,2015-02-05,1230,40164,889,4,5,7,1942,0,0,0,NA,0,8TL26,ROBERTSON BL,18TH ST,0,NA,Y,A,-,N,NA,NA,NA,NA,NA,NA,NA,NA,NA,Y,1,1,0,2,A,-,09,21801,A,N,D,C,A,A,H,-,A,A,0,NA,NA,Y,NA,Y,NA,A,07,0,0,0,0,0,0,0,1,0,-,-,NA,NA,LOS ANGELES,LOS ANGELES,-118.38609005,34.04681001
6854055,2015,2017-04-21,1900,2015-02-13,1100,529699,1148,5,5,6,1992,0,0,0,NA,0,111T2,AVENUE N,40TH ST WEST,2737,E,N,A,-,N,NA,NA,NA,NA,NA,NA,NA,NA,NA,Y,1,1,1,2,C,-,18,NA,NA,N,H,C,A,A,H,-,A,D,0,NA,NA,NA,NA,Y,NA,-,-,0,1,0,0,0,0,0,0,0,-,-,NA,NA,LOS ANGELES,LANCASTER,-118.19215087,34.63105887
6854056,2015,2015-03-23,1900,2015-02-14,2115,540665,1192,6,5,6,1992,0,0,0,NA,0,111T1,AVENUE L,35TH ST WEST,404,W,N,A,-,N,NA,NA,NA,NA,NA,NA,NA,NA,NA,N,1,1,0,2,A,-,11,21956,A,F,G,B,E,A,-,-,C,A,0,Y,NA,NA,NA,Y,Y,N,60,0,0,0,1,0,0,0,0,0,-,-,NA,NA,LOS ANGELES,LANCASTER,-118.19370056,34.66021
6854068,2015,2017-04-21,1900,2015-02-19,2031,442237,1127,4,5,6,1992,0,0,0,NA,0,112T1,AVENUE J,20TH ST W,500,W,N,A,-,N,NA,NA,NA,NA,NA,NA,NA,NA,NA,Y,1,1,0,2,A,-,11,21954,A,N,G,B,D,A,H,-,C,D,0,Y,NA,NA,NA,Y,Y,N,60,0,0,0,1,0,0,0,0,0,-,-,NA,NA,LOS ANGELES,LANCASTER,-118.16731983,34.68942
6854072,2015,2017-04-25,1923,2015-02-21,2302,495,303,6,5,3,1923,0,0,0,NA,0,003,AVIATION BL,122ND ST,81,S,N,A,-,N,NA,NA,NA,NA,NA,NA,NA,NA,NA,Y,1,1,0,2,A,-,00,21760,C,N,H,G,A,A,H,-,C,A,0,NA,Y,NA,NA,Y,NA,A,01,0,0,0,0,0,1,0,0,0,-,-,NA,NA,LOS ANGELES,EL SEGUNDO,-118.37843,33.92204783
6854078,2015,2015-03-23,1942,2015-02-26,0205,38857,1761,4,5,7,1942,0,0,0,Q,0,17T17,PLUMMER ST,CANOGA AV,362,W,N,A,-,N,NA,NA,NA,NA,NA,NA,NA,NA,NA,Y,1,2,1,5,A,-,03,22350,NA,N,E,B,F,A,H,-,C,D,0,Y,NA,NA,NA,Y,NA,A,01,0,0,1,2,1,0,0,0,0,-,-,NA,NA,LOS ANGELES,LOS ANGELES,-118.59881545,34.24273
6854079,2015,2017-04-25,1942,2015-02-26,1910,39546,1458,4,5,7,1942,0,0,0,N,0,14T47,CULVER BL,SLAUSON AV,73,W,N,A,-,N,NA,NA,NA,NA,NA,NA,NA,NA,NA,Y,1,1,0,2,A,-,11,21954,A,N,G,B,D,A,H,-,C,D,0,Y,NA,NA,NA,Y,Y,-,NA,0,0,0,1,0,0,0,0,0,-,-,NA,NA,LOS ANGELES,LOS ANGELES,-118.41498474,33.99833417
6854081,2015,2017-04-25,1942,2015-02-27,2020,39194,1505,5,5,7,1942,0,0,0,O,0,19T73,SATICOY ST,LEMP AV,0,NA,Y,A,-,N,NA,NA,NA,NA,NA,NA,NA,NA,NA,N,1,1,0,2,A,-,10,21950,A,F,G,B,B,A,H,-,C,D,0,Y,NA,NA,NA,Y,NA,-,99,0,0,0,1,0,0,0,0,0,-,-,NA,NA,LOS ANGELES,LOS ANGELES,-118.38448013,34.20847003
6854085,2015,2017-04-21,1942,2015-02-10,0600,3S393,1253,2,5,7,1942,0,0,0,L,0,12T41,WESTERN AV,78TH PL,0,NA,Y,A,-,N,NA,NA,NA,NA,NA,NA,NA,NA,NA,Y,1,1,0,2,A,-,09,21801,A,F,A,C,A,A,H,-,B,D,0,NA,NA,Y,NA,Y,NA,-,99,0,0,0,0,0,0,0,1,0,-,-,NA,NA,LOS ANGELES,LOS ANGELES,-118.30902001,33.96816002
6854113,2014,2015-03-27,9545,2014-10-19,1230,17495,NA,7,1,9,1900,0,1,3,NA,1,046,RT 2,BIG PINES HWY,23760,W,N,A,-,Y,LA,7,2,-,-,73.84,H,-,E,Y,1,1,0,1,C,-,18,NA,NA,N,E,J,A,A,H,-,A,D,0,NA,NA,Y,NA,Y,NA,-,-,0,0,0,0,0,0,0,1,0,-,-,34.3724,-117.766,LOS ANGELES,UNINCORPORATED,-117.76635931,34.37247525
6854119,2014,2015-12-18,1900,2014-12-18,2303,515583,1430,4,5,4,1937,0,0,0,NA,0,143T2,TEMPLE AV,WILLOW AV,434,E,N,A,-,N,NA,NA,NA,NA,NA,NA,NA,NA,NA,Y,1,2,0,1,A,-,03,22350,NA,N,E,I,A,A,H,-,C,A,0,NA,NA,NA,NA,Y,NA,A,01,0,0,0,0,0,0,0,0,0,-,-,NA,NA,LOS ANGELES,LA PUENTE,-117.97650498,34.04686575
6854122,2014,2015-03-27,9545,2014-11-08,0855,16936,NA,6,1,9,1900,0,1,3,NA,1,044,RT 18,223RD ST E,1040,E,N,A,-,Y,LA,7,18,-,-,3.73,H,-,S,Y,1,2,1,2,A,-,08,22107,NA,N,A,C,A,A,H,-,A,D,0,NA,NA,NA,Y,Y,NA,A,01,0,0,1,0,0,0,0,0,0,-,-,34.49855,-117.72786,LOS ANGELES,UNINCORPORATED,-117.72693155,34.49852283
6854124,2014,2015-12-18,9545,2014-11-19,2025,16124,NA,3,2,9,1900,0,1,3,NA,2,031,RT 14,VINCENT SUMMIT,1426,S,N,A,-,Y,LA,7,14,-,R,54.23,H,-,S,Y,1,1,0,2,A,-,03,22350,NA,N,F,A,A,A,H,-,D,D,1,NA,NA,Y,NA,Y,NA,C,02,0,0,0,0,0,0,0,1,0,FR,-,34.50761,-118.1133,LOS ANGELES,UNINCORPORATED,-118.1139212,34.50663191
6854143,2015,2015-04-14,9545,2015-01-11,2500,17305,NA,7,4,9,1900,0,3,5,NA,2,001,SIERRA HWY,AVENUE A,416,S,N,B,-,N,NA,NA,NA,NA,NA,NA,NA,NA,NA,N,1,1,0,2,D,-,00,NA,NA,F,G,B,E,A,H,-,D,D,0,Y,NA,NA,NA,Y,NA,-,-,0,0,0,1,0,0,0,0,0,-,-,34.81963,-118.15592,LOS ANGELES,UNINCORPORATED,-118.15590784,34.81954829
6854145,2015,2015-04-06,9580,2015-01-13,2050,18780,NA,2,2,7,1942,0,1,1,NA,2,404,RT 405,MULHOLLAND DR,1555,N,N,A,-,Y,LA,7,405,-,-,37.34,H,-,N,Y,1,1,2,6,A,-,07,21658,A,N,B,C,A,A,H,-,C,D,1,NA,NA,Y,NA,Y,Y,D,22,0,1,1,0,0,0,0,1,0,-,-,34.13492,-118.47208,LOS ANGELES,LOS ANGELES,-118.4734113,34.13050436
6854150,2015,2015-04-06,1900,2015-01-17,1803,491337,2608,6,5,6,1950,0,0,0,NA,0,264T1,RT 138,POND AV,0,NA,Y,A,-,Y,LA,7,138,-,-,47.071,I,5,E,Y,1,1,0,2,A,-,11,21954,A,N,G,B,D,A,H,-,C,D,0,Y,NA,NA,NA,Y,NA,N,60,0,0,0,1,0,0,0,0,0,-,-,NA,NA,LOS ANGELES,PALMDALE,-118.0704062,34.58020692
6854153,2015,2017-04-20,1955,2015-01-22,1828,40348,27,4,5,6,1955,0,0,0,NA,0,002,TOWNE AV,OAKHURST DR,181,N,N,A,-,N,NA,NA,NA,NA,NA,NA,NA,NA,NA,Y,1,1,0,2,A,-,03,22350,NA,N,D,C,A,A,H,-,C,D,0,NA,NA,Y,NA,Y,NA,C,02,0,0,0,0,0,0,0,1,0,-,-,NA,NA,LOS ANGELES,POMONA,-117.73681437,34.08884199
6854158,2015,2015-04-14,1900,2015-01-29,2155,540658,1137,4,5,6,1992,0,0,0,NA,0,112T2,CHALLENGER WY,EAST AVENUE J-3,80,S,N,C,-,N,NA,NA,NA,NA,NA,NA,NA,NA,NA,N,1,1,0,4,D,-,00,NA,NA,F,G,B,E,B,H,-,C,D,0,Y,NA,NA,NA,Y,NA,-,-,0,0,0,1,0,0,0,0,0,-,-,NA,NA,LOS ANGELES,LANCASTER,-118.112611,34.686521
6854159,2015,2017-04-20,9525,2015-01-30,0330,20552,NA,5,3,1,1934,0,1,1,NA,2,651,RT 605,LOWER AZUSA RD,419,N,N,B,-,Y,LA,7,605,-,-,22.23,H,-,S,N,1,1,0,2,A,-,08,22107,NA,F,G,B,E,A,H,-,D,D,1,Y,NA,NA,NA,Y,NA,-,99,0,0,0,1,0,0,0,0,0,-,-,34.093,-117.99047,LOS ANGELES,IRWINDALE,-117.99083691,34.09269569
6854171,2014,2015-04-15,9530,2014-06-24,1050,19694,NA,2,1,6,1972,0,1,1,NA,2,400,RT 405,VAN NESS AV,444,N,N,A,-,Y,LA,7,405,-,-,15.03,H,-,N,Y,1,1,0,3,A,-,03,22350,NA,N,F,A,A,A,H,-,A,D,1,NA,NA,Y,Y,Y,NA,C,02,0,0,0,0,0,0,0,1,0,-,-,33.86262,-118.31963,LOS ANGELES,TORRANCE,-118.31935824,33.86255312
6854178,2014,2016-01-13,9530,2014-07-04,2048,20636,NA,5,2,7,1942,0,1,1,NA,2,400,RT 405,NORMANDIE AV,115,S,N,A,-,Y,LA,7,405,-,-,13.79,H,-,S,Y,1,1,0,3,A,-,11,21954,A,N,G,B,E,A,H,-,C,D,1,Y,NA,NA,NA,Y,NA,N,60,0,0,0,1,0,0,0,0,0,-,-,33.85968,-118.29773,LOS ANGELES,LOS ANGELES,-118.29833625,33.85972575
6854179,2014,2015-04-15,9565,2014-07-10,1945,20209,NA,4,2,6,1933,0,1,1,NA,2,060,RT 405,ARBOR VITAE ST,67,N,N,A,-,Y,LA,7,405,-,-,22.75,H,-,S,N,1,1,0,1,C,-,18,NA,NA,N,H,A,A,A,H,-,A,D,1,NA,NA,NA,NA,Y,NA,-,-,0,0,0,0,0,0,0,0,0,-,-,33.95284,-118.36945,LOS ANGELES,INGLEWOOD,-118.3694356,33.95282088
6854182,2014,2015-04-14,9565,2014-08-03,0250,20487,NA,7,3,7,1942,0,1,1,NA,2,083,RT 10,MANNING AV,800,W,N,C,-,Y,LA,7,10,-,R,6.94,H,-,W,Y,1,1,6,2,A,-,03,22350,NA,N,C,C,A,B,H,-,D,D,1,NA,NA,NA,NA,Y,Y,A,01,0,6,0,0,0,0,0,0,0,-,-,34.03011,-118.40688,LOS ANGELES,LOS ANGELES,-118.40802568,34.03016746
6854187,2014,2015-04-14,9565,2014-08-26,0546,20349,NA,2,3,5,1965,0,1,3,NA,2,080,RT 1,MCCLURE TUNNEL,200,S,N,A,-,Y,LA,7,1,-,-,35.22,H,-,N,Y,1,1,0,4,A,-,03,22350,NA,N,F,A,A,A,H,-,C,D,1,NA,NA,Y,NA,Y,NA,C,02,0,0,0,0,0,0,0,1,0,-,-,34.01153,-118.49583,LOS ANGELES,SANTA MONICA,-118.49549266,34.01149993
6854190,2014,2016-01-12,9565,2014-09-14,2130,20556,NA,7,2,9,1900,0,2,4,NA,2,031,LA CIENEGA BL,STOCKER ST,0,NA,Y,A,-,N,NA,NA,NA,NA,NA,NA,NA,NA,NA,Y,1,1,1,2,A,-,03,22350,NA,N,E,I,A,A,H,-,C,A,0,NA,NA,NA,NA,Y,Y,A,01,0,1,0,0,0,0,0,0,0,-,-,33.99837,-118.36847,LOS ANGELES,UNINCORPORATED,-118.36959012,33.99805008
6854197,2014,2015-04-15,9530,2014-09-28,0153,20575,NA,7,3,5,1977,0,1,1,NA,2,410,RT 405,DEL AMO BL,1108,S,N,A,-,Y,LA,7,405,-,-,11.65,H,-,N,Y,1,1,0,3,A,-,07,21658,A,F,B,C,A,A,H,-,C,D,1,NA,NA,Y,Y,Y,NA,F,26,0,0,0,0,0,0,0,1,0,-,-,33.843,-118.2669,LOS ANGELES,CARSON,-118.26811757,33.84431254
6854208,2014,2015-04-11,9530,2014-10-24,2016,20751,NA,5,2,9,1900,0,3,5,NA,2,001,COMPTON AV,76TH PL,61,N,N,A,-,N,NA,NA,NA,NA,NA,NA,NA,NA,NA,Y,1,1,0,3,A,-,11,21954,A,F,G,B,D,A,H,-,C,D,0,Y,NA,NA,NA,Y,NA,N,60,0,0,0,1,0,0,0,0,0,-,-,33.97101,-118.24764,LOS ANGELES,UNINCORPORATED,-118.24769828,33.97093728
6854209,2014,2016-01-12,9530,2014-10-27,1920,20676,NA,1,2,9,1900,0,3,5,NA,2,006,VERMONT AV,CARSON ST,0,NA,Y,A,-,N,NA,NA,NA,NA,NA,NA,NA,NA,NA,Y,1,1,0,2,A,-,09,21801,A,N,A,C,A,A,H,-,C,A,0,NA,NA,Y,NA,Y,Y,D,22,0,0,0,0,0,0,0,1,0,-,-,33.49535,-118.17254,LOS ANGELES,UNINCORPORATED,-118.2902801,33.83160001
6854212,2014,2016-01-13,9590,2014-10-31,2110,20757,NA,5,2,7,1942,0,1,1,NA,2,052,RT 110,7TH ST,347,S,N,C,-,Y,LA,7,110,-,-,22.51,H,-,N,Y,1,2,0,2,A,-,08,22107,NA,N,E,I,A,B,H,-,C,D,1,NA,NA,NA,NA,Y,Y,D,22,0,0,0,0,0,0,0,0,0,-,-,34.05011,-118.26322,LOS ANGELES,LOS ANGELES,-118.263218,34.04988654
6854223,2015,2015-04-15,9525,2015-02-03,1415,14971,NA,2,2,1,1934,0,1,1,NA,2,652,RT 605,ARROW HWY,1295,N,N,A,-,Y,LA,7,605,-,-,24.21,H,-,N,Y,1,1,1,2,A,-,03,22350,NA,N,C,C,A,A,H,-,A,D,1,NA,NA,NA,NA,Y,NA,A,01,1,0,0,0,0,0,0,0,0,-,-,34.11746,-117.97444,LOS ANGELES,IRWINDALE,-117.97449243,34.11739012
6854224,2015,2015-04-15,9575,2015-02-03,0714,20918,NA,2,1,5,1902,0,1,1,NA,2,065,RT 210,2ND AV,193,E,N,A,-,Y,LA,7,210,-,R,32.41,H,-,W,Y,1,1,0,3,A,-,08,22107,NA,N,B,C,A,A,H,-,A,D,1,NA,NA,Y,NA,Y,NA,C,02,0,0,0,0,0,0,0,1,0,-,-,34.84072,-118.12777,LOS ANGELES,ARCADIA,-118.02401311,34.14456339
6854233,2015,2017-04-21,9545,2015-02-08,0350,19872,NA,7,3,9,1900,0,3,5,NA,2,003,SIERRA HWY,SOLEDAD CANYON RD,2400,N,N,E,-,N,NA,NA,NA,NA,NA,NA,NA,NA,NA,Y,1,2,0,1,A,-,03,22350,NA,N,E,I,A,B,H,-,D,D,0,NA,NA,NA,NA,Y,Y,A,01,0,0,0,0,0,0,0,0,0,-,-,34.29285,-118.07425,LOS ANGELES,UNINCORPORATED,-118.45860266,34.41063114
6854265,2014,2016-01-14,1975,2014-04-13,0903,353,NA,7,5,6,1975,0,0,0,NA,0,003,FRANCISQUITO AV,SUNSET AV,16,W,N,A,-,N,NA,NA,NA,NA,NA,NA,NA,NA,NA,Y,1,1,0,3,A,-,08,22107,NA,N,E,I,A,A,H,-,A,A,0,NA,NA,NA,NA,Y,NA,-,NA,0,0,0,0,0,0,0,0,0,-,-,NA,NA,LOS ANGELES,WEST COVINA,-117.95418899,34.05389951