CASE_ID,ACCIDENT_YEAR,PROC_DATE,JURIS,COLLISION_DATE,COLLISION_TIME,OFFICER_ID,REPORTING_DISTRICT,DAY_OF_WEEK,CHP_SHIFT,POPULATION,CNTY_CITY_LOC,SPECIAL_COND,BEAT_TYPE,CHP_BEAT_TYPE,CITY_DIVISION_LAPD,CHP_BEAT_CLASS,BEAT_NUMBER,PRIMARY_RD,SECONDARY_RD,DISTANCE,DIRECTION,INTERSECTION,WEATHER_1,WEATHER_2,STATE_HWY_IND,CALTRANS_COUNTY,CALTRANS_DISTRICT,STATE_ROUTE,ROUTE_SUFFIX,POSTMILE_PREFIX,POSTMILE,LOCATION_TYPE,RAMP_INTERSECTION,SIDE_OF_HWY,TOW_AWAY,COLLISION_SEVERITY,NUMBER_KILLED,NUMBER_INJURED,PARTY_COUNT,PRIMARY_COLL_FACTOR,PCF_CODE_OF_VIOL,PCF_VIOL_CATEGORY,PCF_VIOLATION,PCF_VIOL_SUBSECTION,HIT_AND_RUN,TYPE_OF_COLLISION,MVIW,PED_ACTION,ROAD_SURFACE,ROAD_COND_1,ROAD_COND_2,LIGHTING,CONTROL_DEVICE,CHP_ROAD_TYPE,PEDESTRIAN_ACCIDENT,BICYCLE_ACCIDENT,MOTORCYCLE_ACCIDENT,TRUCK_ACCIDENT,NOT_PRIVATE_PROPERTY,ALCOHOL_INVOLVED,STWD_VEHTYPE_AT_FAULT,CHP_VEHTYPE_AT_FAULT,COUNT_SEVERE_INJ,COUNT_VISIBLE_INJ,COUNT_COMPLAINT_PAIN,COUNT_PED_KILLED,COUNT_PED_INJURED,COUNT_BICYCLIST_KILLED,COUNT_BICYCLIST_INJURED,COUNT_MC_KILLED,COUNT_MC_INJURED,PRIMARY_RAMP,SECONDARY_RAMP,LATITUDE,LONGITUDE,COUNTY,CITY,POINT_X,POINT_Y
6870304,2015,2015-04-15,1900,2015-03-12,2038,263565,1121,4,5,6,1992,0,0,0,NA,0,111T1,AVENUE H,KINGTREE AV,0,NA,Y,A,-,N,NA,NA,NA,NA,NA,NA,NA,NA,NA,Y,4,0,1,3,A,-,09,21801,A,N,D,C,A,A,H,-,C,A,0,NA,NA,NA,NA,Y,NA,A,01,0,0,1,0,0,0,0,0,0,-,-,NA,NA,LOS ANGELES,LANCASTER,-118.15026009,34.71854007
6870306,2015,2015-04-15,1900,2015-03-28,0845,266037,0974,6,5,4,1979,0,0,0,NA,0,91T2,FOUNTAIN AV,OGDEN ST,8,W,N,A,-,N,NA,NA,NA,NA,NA,NA,NA,NA,NA,Y,3,0,1,2,A,-,07,21658,NA,N,H,D,A,A,H,-,A,A,0,NA,NA,Y,NA,Y,NA,A,NA,0,1,0,0,0,0,0,0,1,-,-,NA,NA,LOS ANGELES,WEST HOLLYWOOD,-118.35918637,34.09443
6870307,2015,2015-04-15,1906,2015-03-16,1023,2872,NA,1,5,5,1906,0,0,0,NA,0,001,COSBEY AV,EGIL AV,40,S,N,A,-,N,NA,NA,NA,NA,NA,NA,NA,NA,NA,N,3,0,1,2,A,-,03,22350,NA,N,C,E,A,A,H,-,A,D,0,NA,NA,NA,NA,Y,NA,A,01,0,1,0,0,0,0,0,0,0,-,-,NA,NA,LOS ANGELES,BALDWIN PARK,-117.98898899,34.07706819
6870308,2015,2015-04-15,1900,2015-03-12,1610,550490,1125,4,5,6,1992,0,0,0,NA,0,111T2,AVENUE I,13TH ST W,352,W,N,A,-,N,NA,NA,NA,NA,NA,NA,NA,NA,NA,Y,4,0,4,4,A,-,03,22350,NA,N,C,C,A,A,H,-,A,A,0,NA,NA,NA,NA,Y,NA,A,01,0,0,4,0,0,0,0,0,0,-,-,NA,NA,LOS ANGELES,LANCASTER,-118.15451871,34.70418
6870311,2015,2015-04-15,1906,2015-03-17,1703,1906,4408,2,5,5,1906,0,0,0,NA,0,003,PACIFIC AV,VINELAND AV,0,NA,Y,A,-,N,NA,NA,NA,NA,NA,NA,NA,NA,NA,N,4,0,1,3,A,-,03,22350,A,N,C,C,A,A,H,-,A,A,0,NA,NA,Y,NA,Y,NA,C,06,0,0,1,0,0,0,0,0,0,-,-,NA,NA,LOS ANGELES,BALDWIN PARK,-117.95711007,34.08276004
6870312,2015,2015-04-15,1900,2015-03-11,2150,263565,1126,3,5,6,1992,0,0,0,NA,0,111T1,COLUMBIA WY,10TH ST W,0,NA,Y,A,-,N,NA,NA,NA,NA,NA,NA,NA,NA,NA,Y,4,0,1,2,A,-,12,21453,A,N,D,C,A,A,H,-,C,A,0,NA,NA,NA,NA,Y,NA,A,01,0,0,1,0,0,0,0,0,0,-,-,NA,NA,LOS ANGELES,LANCASTER,-118.11233012,34.64593005
6870315,2015,2015-05-14,1906,2015-03-14,0959,1791,1906,6,5,5,1906,0,0,0,NA,0,003,VINELAND AV,MERCED AV,389,S,N,A,-,N,NA,NA,NA,NA,NA,NA,NA,NA,NA,Y,4,0,2,3,A,-,09,21801,A,N,A,C,A,A,H,-,A,D,0,NA,NA,NA,NA,Y,NA,A,01,0,0,2,0,0,0,0,0,0,-,-,NA,NA,LOS ANGELES,BALDWIN PARK,-117.96591346,34.07447437
6870316,2015,2015-04-15,1900,2015-03-12,0732,528221,1137,4,5,6,1992,0,0,0,NA,0,112T2,AVENUE K,20TH ST E,0,NA,Y,A,-,N,NA,NA,NA,NA,NA,NA,NA,NA,NA,Y,4,0,1,2,A,-,09,21801,A,N,D,C,A,A,H,-,A,A,0,NA,NA,NA,NA,Y,NA,A,07,0,0,1,0,0,0,0,0,0,-,-,NA,NA,LOS ANGELES,LANCASTER,-118.0949101,34.67529004
6870319,2015,2015-04-15,1906,2015-03-22,1056,2868,NA,7,5,5,1906,0,0,0,NA,0,003,PUENTE AV,FRANCISQUITO AV,0,NA,Y,B,-,N,NA,NA,NA,NA,NA,NA,NA,NA,NA,N,3,0,2,2,A,-,12,21453,A,N,G,B,B,A,H,-,A,A,0,Y,NA,Y,NA,Y,NA,C,02,0,2,0,0,1,0,0,0,1,-,-,34.0643,-117.96821,LOS ANGELES,BALDWIN PARK,-117.96836004,34.0643401
6870320,2015,2015-04-15,1900,2015-03-12,1806,550490,1127,4,5,6,1992,0,0,0,NA,0,111T2,AVENUE J-8,30TH ST W,39,W,N,A,-,N,NA,NA,NA,NA,NA,NA,NA,NA,NA,Y,4,0,1,2,A,-,03,22350,NA,N,C,C,A,A,H,-,A,A,0,NA,NA,NA,NA,Y,NA,A,01,0,0,1,0,0,0,0,0,0,-,-,NA,NA,LOS ANGELES,LANCASTER,-118.18383945,34.68214141
6870323,2015,2015-04-14,1900,2015-03-19,1215,48625,1137,4,5,6,1992,0,0,0,NA,0,111T2P,EMILE ZOLA ST,CAMRAN ST,25,N,N,A,-,N,NA,NA,NA,NA,NA,NA,NA,NA,NA,N,4,0,1,2,A,-,08,22107,NA,N,B,C,A,A,H,-,A,D,0,NA,NA,NA,NA,Y,NA,A,01,0,0,1,0,0,0,0,0,0,-,-,NA,NA,LOS ANGELES,LANCASTER,-118.10421,34.68184855
6870325,2015,2015-04-13,1900,2015-03-20,1727,528221,1126,5,5,6,1992,0,0,0,NA,0,111T1,AVENUE K,12TH ST WEST,45,W,N,A,-,N,NA,NA,NA,NA,NA,NA,NA,NA,NA,N,4,0,1,2,A,-,08,22107,NA,N,B,C,A,A,H,-,A,A,0,NA,NA,NA,NA,Y,NA,A,08,0,0,1,0,0,0,0,0,0,-,-,NA,NA,LOS ANGELES,LANCASTER,-118.15249851,34.674853830000004
6870328,2015,2015-04-14,1900,2015-03-07,1301,525205,2811,6,5,5,1915,0,0,0,NA,0,282T1,DWIGHT AV,MAGNOLIA ST,10,N,N,A,-,N,NA,NA,NA,NA,NA,NA,NA,NA,NA,N,3,0,1,1,D,-,00,NA,NA,N,H,A,A,A,H,-,A,D,0,NA,NA,NA,NA,Y,NA,-,-,0,1,0,0,0,0,0,0,0,-,-,NA,NA,LOS ANGELES,COMPTON,-118.24202166,33.89656739
6870331,2015,2015-04-16,1900,2015-03-12,1607,550490,1126,4,5,6,1992,0,0,0,NA,0,111T2,AVE J,10TH ST W,519,W,N,A,-,N,NA,NA,NA,NA,NA,NA,NA,NA,NA,N,4,0,5,3,A,-,04,21703,NA,N,C,C,A,A,H,-,A,D,0,NA,NA,NA,NA,Y,NA,A,01,0,0,5,0,0,0,0,0,0,-,-,NA,NA,LOS ANGELES,LANCASTER,-118.14974272,34.68944
6870335,2015,2015-04-16,1900,2015-03-12,1608,550490,1126,4,5,6,1992,0,0,0,NA,0,111T2,AVENUE J,10TH ST W,511,W,N,A,-,N,NA,NA,NA,NA,NA,NA,NA,NA,NA,N,4,0,3,2,A,-,04,21703,NA,N,C,C,A,A,H,-,A,D,0,NA,NA,NA,NA,Y,NA,A,01,0,0,3,0,0,0,0,0,0,-,-,NA,NA,LOS ANGELES,LANCASTER,-118.14971616,34.68944
6870351,2015,2015-04-14,1900,2015-03-25,1756,520726,0532,3,5,5,1959,0,0,0,NA,0,53T1PM,HELLMAN AV,DEL MAR AV,9,W,N,A,-,N,NA,NA,NA,NA,NA,NA,NA,NA,NA,N,4,0,1,2,A,-,05,21650,1,N,A,G,A,A,H,-,A,A,0,NA,Y,NA,NA,Y,NA,L,04,0,0,1,0,0,0,1,0,0,-,-,NA,NA,LOS ANGELES,ROSEMEAD,-118.09956965,34.06986
6870375,2015,2015-04-14,1900,2015-03-24,2000,263565,1132,2,5,6,1992,0,0,0,NA,0,111T1,DIVISION ST,AVENUE I,5,S,N,A,-,N,NA,NA,NA,NA,NA,NA,NA,NA,NA,N,4,0,1,2,A,-,05,21650,NA,N,H,G,A,A,H,-,C,A,0,NA,Y,NA,NA,Y,NA,L,04,0,0,1,0,0,0,1,0,0,-,-,NA,NA,LOS ANGELES,LANCASTER,-118.13043961,34.70397629
6870379,2015,2015-04-14,1900,2015-03-22,1630,529699,1136,7,5,6,1992,0,0,0,NA,0,111T1,AV I,37TH ST EAST,114,E,N,A,-,N,NA,NA,NA,NA,NA,NA,NA,NA,NA,Y,3,0,3,1,A,-,08,22107,NA,N,F,A,A,A,H,-,A,D,0,NA,NA,NA,NA,Y,NA,B,07,0,3,0,0,0,0,0,0,0,-,-,NA,NA,LOS ANGELES,LANCASTER,-118.06333157,34.70456476
6870383,2015,2015-04-14,1900,2015-03-21,1505,550490,1126,6,5,6,1992,0,0,0,NA,0,111T2,10TH ST W,COMMERCE CENTER DR,200,N,N,A,-,N,NA,NA,NA,NA,NA,NA,NA,NA,NA,Y,3,0,4,3,A,-,03,22350,NA,N,C,C,A,A,H,-,A,A,0,NA,NA,NA,NA,Y,NA,A,01,0,1,3,0,0,0,0,0,0,-,-,NA,NA,LOS ANGELES,LANCASTER,-118.14787914,34.67302834
6870387,2015,2015-04-14,1900,2015-03-21,1533,550490,1135,6,5,6,1992,0,0,0,NA,0,111T2,NORBERRY ST,PINON SPRINGS DR,215,E,N,A,-,N,NA,NA,NA,NA,NA,NA,NA,NA,NA,N,3,0,1,2,A,-,11,21954,A,N,G,B,D,A,H,-,A,D,0,Y,NA,NA,NA,Y,NA,N,60,0,1,0,0,1,0,0,0,0,-,-,NA,NA,LOS ANGELES,LANCASTER,-118.1012263,34.69360332
6870391,2015,2015-04-14,1900,2015-03-06,1444,550490,1135,5,5,6,1992,0,0,0,NA,0,111T2,ESTON LN,WATFORD AV,51,E,N,A,-,N,NA,NA,NA,NA,NA,NA,NA,NA,NA,Y,3,0,1,2,A,-,08,22107,NA,N,A,C,A,A,H,-,A,D,0,NA,NA,NA,NA,Y,NA,A,01,0,1,0,0,0,0,0,0,0,-,-,NA,NA,LOS ANGELES,LANCASTER,-118.11980073,34.68687796
6870404,2015,2015-04-14,1953,2015-03-30,2141,7652,1953,1,5,6,1953,0,0,0,NA,0,002,WASHINGTON BL,EL MOLINO AV,200,W,N,A,-,N,NA,NA,NA,NA,NA,NA,NA,NA,NA,Y,3,0,2,4,A,-,08,22107,NA,N,D,C,A,A,H,-,C,A,0,NA,NA,NA,NA,Y,NA,A,01,0,2,0,0,0,0,0,0,0,-,-,NA,NA,LOS ANGELES,PASADENA,-118.13776977,34.16895702
6870415,2015,2015-04-21,1942,2015-03-02,1750,40705,0363,1,5,7,1942,0,0,0,C,0,3T5,MARLTON AV,SANTO TOMAS DR,87,N,N,A,-,N,NA,NA,NA,NA,NA,NA,NA,NA,NA,N,4,0,1,2,A,-,01,23152,A,N,B,E,A,A,H,-,A,D,0,NA,NA,NA,NA,Y,Y,A,01,0,0,1,0,0,0,0,0,0,-,-,NA,NA,LOS ANGELES,LOS ANGELES,-118.34248637,34.00890647
6870420,2015,2015-04-14,1953,2015-03-27,2034,0366,1953,5,5,6,1953,0,0,0,NA,0,003,SIERRA MADRE BL,FOOTHILL BL,0,NA,Y,A,-,N,NA,NA,NA,NA,NA,NA,NA,NA,NA,Y,4,0,1,3,A,-,12,21453,A,N,A,C,A,A,H,-,C,A,0,NA,NA,NA,NA,Y,NA,A,08,0,0,1,0,0,0,0,0,0,-,-,NA,NA,LOS ANGELES,PASADENA,-118.10032003,34.14983
6870423,2015,2015-04-20,1942,2015-03-02,1756,40705,0363,1,5,7,1942,0,0,0,C,0,3T5,MARLTON AV,LOCKLAND DR,214,S,N,A,-,N,NA,NA,NA,NA,NA,NA,NA,NA,NA,N,4,0,1,3,A,-,01,23152,NA,M,B,C,A,A,H,-,A,D,0,NA,NA,NA,NA,Y,Y,A,01,0,0,1,0,0,0,0,0,0,-,-,NA,NA,LOS ANGELES,LOS ANGELES,-118.34164638,34.00966924
6870424,2015,2015-04-14,1953,2015-03-28,1206,5828,1953,6,5,6,1953,0,0,0,NA,0,NA,CORSON ST,FAIR OAKS AV,10,W,N,A,-,N,NA,NA,NA,NA,NA,NA,NA,NA,NA,Y,4,0,1,2,A,-,03,22350,NA,N,C,C,A,A,H,-,A,A,0,NA,NA,NA,NA,Y,NA,A,07,0,0,1,0,0,0,0,0,0,-,-,NA,NA,LOS ANGELES,PASADENA,-118.15053174,34.15097253
6870427,2015,2015-04-14,1942,2015-03-08,0720,36754,0508,7,5,7,1942,0,0,0,E,0,18T23,SEPULVEDA BL,WESTERN AV,36,E,N,A,-,N,NA,NA,NA,NA,NA,NA,NA,NA,NA,Y,3,0,2,2,A,-,01,23152,A,N,C,C,A,A,H,-,A,A,0,NA,NA,NA,NA,Y,Y,A,07,0,1,1,0,0,0,0,0,0,-,-,NA,NA,LOS ANGELES,LOS ANGELES,-118.30876162,33.81705043
6870428,2015,2015-04-14,1953,2015-03-28,1302,1274,NA,6,5,6,1953,0,0,0,NA,0,002,LOS ROBLES AV,WOODBURY RD,100,S,N,A,-,N,NA,NA,NA,NA,NA,NA,NA,NA,NA,N,4,0,1,3,A,-,03,22350,NA,N,C,C,A,A,H,-,A,A,0,NA,NA,NA,NA,Y,NA,A,01,0,0,1,0,0,0,0,0,0,-,-,NA,NA,LOS ANGELES,PASADENA,-118.14172,34.18099694
6870431,2015,2015-04-14,1942,2015-03-01,0120,41056,0333,7,5,7,1942,0,0,0,C,0,3TS,CRENSHAW BL,28TH ST,210,N,N,A,-,N,NA,NA,NA,NA,NA,NA,NA,NA,NA,N,4,0,2,4,A,-,03,22350,NA,F,D,C,A,B,H,-,C,D,0,NA,NA,NA,NA,Y,NA,-,99,0,0,2,0,0,0,0,0,0,-,-,NA,NA,LOS ANGELES,LOS ANGELES,-118.335116,34.031699
6870432,2015,2015-04-14,1953,2015-03-28,1449,1314,1953,6,5,6,1953,0,0,0,NA,0,002,FAIR OAKS AV,MAPLE ST,0,NA,Y,A,-,N,NA,NA,NA,NA,NA,NA,NA,NA,NA,N,3,0,1,2,A,-,05,21650,1,F,B,G,A,A,H,-,A,A,0,NA,Y,NA,NA,Y,NA,L,04,0,1,0,0,0,0,1,0,0,-,-,NA,NA,LOS ANGELES,PASADENA,-118.15035001,34.10134006
6870435,2015,2015-04-14,1942,2015-03-16,0755,36754,0319,1,5,7,1942,0,0,0,C,0,3TL5,ADAMS BL,FIGUEROA BL,0,NA,Y,A,-,N,NA,NA,NA,NA,NA,NA,NA,NA,NA,N,2,0,1,2,A,-,10,21950,A,F,G,B,B,A,H,-,A,A,0,Y,NA,NA,NA,Y,NA,-,99,1,0,0,0,1,0,0,0,0,-,-,NA,NA,LOS ANGELES,LOS ANGELES,-118.27602002,34.02816008
6870436,2015,2015-04-14,1953,2015-03-28,2100,5364,NA,6,5,6,1953,0,0,0,NA,0,NA,MONTE VISTA ST,CRAIG AV,0,NA,Y,A,-,N,NA,NA,NA,NA,NA,NA,NA,NA,NA,Y,4,0,3,2,A,-,12,22450,NA,N,A,C,A,A,H,-,D,D,0,NA,NA,NA,NA,Y,NA,-,NA,0,0,3,0,0,0,0,0,0,-,-,NA,NA,LOS ANGELES,PASADENA,-118.10628004,34.15534009
6870439,2015,2015-04-14,1942,2015-03-07,0000,41056,0398,6,5,7,1942,0,0,0,C,0,12TL41,VERNON,HOOVER,441,E,N,A,-,N,NA,NA,NA,NA,NA,NA,NA,NA,NA,Y,3,0,1,2,A,-,01,23152,A,M,B,C,A,A,H,-,C,D,0,NA,NA,NA,NA,Y,Y,A,01,0,1,0,0,0,0,0,0,0,-,-,NA,NA,LOS ANGELES,LOS ANGELES,-118.25068783,34.00389
6870440,2015,2015-04-14,1953,2015-03-30,1557,1852,1953,1,5,6,1953,0,0,0,NA,0,003,HILL AV,LOMA VISTA ST,50,N,N,A,-,N,NA,NA,NA,NA,NA,NA,NA,NA,NA,Y,4,0,3,3,A,-,03,22350,NA,N,A,C,A,A,H,-,A,D,0,NA,NA,NA,NA,Y,NA,A,01,0,0,3,0,0,0,0,0,0,-,-,NA,NA,LOS ANGELES,PASADENA,-118.12146221,34.16048709
6870459,2015,2015-04-14,1942,2015-03-10,0805,37511,0636,2,5,7,1942,0,0,0,F,0,7TL23,SANTA MONICA BL,VINE ST,60,W,N,A,-,N,NA,NA,NA,NA,NA,NA,NA,NA,NA,N,4,0,1,3,A,-,03,22350,NA,F,C,C,A,A,H,-,A,A,0,NA,NA,NA,NA,Y,NA,-,99,0,0,1,0,0,0,0,0,0,-,-,NA,NA,LOS ANGELES,LOS ANGELES,-118.32680779,34.09074
6870463,2015,2015-04-14,1942,2015-03-07,2205,25495,0762,6,5,7,1942,0,0,0,G,0,7TL23,LA CIENEGA BL,SATURN ST,0,NA,Y,A,-,N,NA,NA,NA,NA,NA,NA,NA,NA,NA,Y,3,0,1,2,A,-,09,21802,A,N,D,C,A,A,H,-,C,A,0,NA,NA,NA,NA,Y,NA,A,01,0,1,0,0,0,0,0,0,0,-,-,NA,NA,LOS ANGELES,LOS ANGELES,-118.37616002,34.05154007
6870467,2015,2015-04-14,1942,2015-03-10,1755,37966,0729,2,5,7,1942,0,0,0,G,0,6TL2,BEVERLY BL,HUDSON AV,835,E,N,A,-,N,NA,NA,NA,NA,NA,NA,NA,NA,NA,N,4,0,2,2,A,-,03,22350,NA,N,C,C,A,A,H,-,A,D,0,NA,NA,NA,NA,Y,NA,A,01,0,0,2,0,0,0,0,0,0,-,-,NA,NA,LOS ANGELES,LOS ANGELES,-118.33064835,34.07603306
6870471,2015,2015-04-14,1942,2015-03-09,1345,38013,0755,1,5,7,1942,0,0,0,G,0,7TL72,SAN VICENTE BL,REDONDO AV,0,NA,Y,A,-,N,NA,NA,NA,NA,NA,NA,NA,NA,NA,Y,4,0,2,2,A,-,09,21453,C,N,D,C,A,A,H,-,A,A,0,NA,NA,NA,NA,Y,NA,A,01,0,0,2,0,0,0,0,0,0,-,-,NA,NA,LOS ANGELES,LOS ANGELES,-118.34786005,34.05142007
6870475,2015,2015-04-14,1942,2015-03-10,0800,37511,0701,2,5,7,1942,0,0,0,G,0,7TL23,CRESCENT HEIGHTS BL,ROMAINE ST,0,NA,Y,A,-,N,NA,NA,NA,NA,NA,NA,NA,NA,NA,Y,4,0,1,2,A,-,09,21802,A,N,D,C,A,A,H,-,A,A,0,NA,NA,NA,NA,Y,NA,A,07,0,0,1,0,0,0,0,0,0,-,-,NA,NA,LOS ANGELES,LOS ANGELES,-118.36591006,34.08873006
6870479,2015,2015-04-16,1942,2015-03-07,1105,36083,0753,6,5,7,1942,0,0,0,G,0,7TL38,GENESEE AV,SAN VICENTE BL,0,NA,Y,A,-,N,NA,NA,NA,NA,NA,NA,NA,NA,NA,N,4,0,1,2,A,-,09,21802,A,N,D,C,A,A,H,-,A,A,0,NA,NA,NA,NA,Y,NA,J,41,0,0,1,0,0,0,0,0,0,-,-,NA,NA,LOS ANGELES,LOS ANGELES,-118.36114002,34.05707008
6870481,2015,2016-04-13,1942,2015-03-28,1310,40294,0979,6,5,7,1942,0,0,0,I,0,19T74,COLDWATER CANYON AV,KLING ST,60,N,N,A,-,N,NA,NA,NA,NA,NA,NA,NA,NA,NA,Y,3,0,3,4,A,-,03,22350,NA,F,C,C,A,A,H,-,A,A,0,NA,NA,NA,NA,Y,NA,A,01,0,1,2,0,0,0,0,0,0,-,-,NA,NA,LOS ANGELES,LOS ANGELES,-118.41377548,34.15597451
6870482,2015,2015-04-17,1942,2015-03-24,1645,41553,1061,2,5,7,1942,0,0,0,J,0,10A17,VENTURA BL,JUMILLA AV,0,NA,Y,A,-,N,NA,NA,NA,NA,NA,NA,NA,NA,NA,N,4,0,1,2,A,-,09,21801,A,N,D,C,A,A,H,-,A,D,0,NA,NA,NA,NA,Y,NA,A,01,0,0,1,0,0,0,0,0,0,-,-,NA,NA,LOS ANGELES,LOS ANGELES,-118.56385012,34.17244004
6870485,2015,2015-05-18,1942,2015-03-21,1850,37541,1792,6,5,7,1942,0,0,0,Q,0,17A1,TAMPA AV,PARTHENIA,0,NA,Y,A,G,N,NA,NA,NA,NA,NA,NA,NA,NA,NA,N,4,0,3,4,A,-,00,20002,A,F,C,C,A,A,H,-,B,A,0,NA,NA,NA,NA,Y,NA,-,NA,0,0,3,0,0,0,0,0,0,-,-,NA,NA,LOS ANGELES,LOS ANGELES,-118.55355009,34.22823004
6870486,2015,2016-10-12,1942,2015-03-14,0755,37072,1063,6,5,7,1942,0,0,0,J,0,10A39,RESEDA,RT 101,0,NA,Y,A,-,Y,LA,7,101,-,-,21.104,R,4,N,N,4,0,1,2,A,-,05,21650,1,N,A,G,A,A,H,-,A,A,0,NA,Y,NA,NA,Y,NA,L,04,0,0,1,0,0,0,1,0,0,-,WF,NA,NA,LOS ANGELES,LOS ANGELES,-118.53336075,34.17260897
6870489,2015,2015-04-15,1942,2015-03-30,1325,39096,1043,1,5,7,1942,0,0,0,J,0,10TL34,RESEDA BL,OXNARD ST,0,NA,Y,A,-,N,NA,NA,NA,NA,NA,NA,NA,NA,NA,N,4,0,1,2,A,-,10,21950,A,F,G,B,B,A,H,-,A,A,0,Y,NA,NA,NA,Y,NA,A,01,0,0,1,0,1,0,0,0,0,-,-,NA,NA,LOS ANGELES,LOS ANGELES,-118.53601011,34.17998002
6870490,2015,2015-04-15,1942,2015-03-10,2000,37578,1037,2,5,7,1942,0,0,0,J,0,10X8,VANOWEN ST,BALBOA BL,250,W,N,A,-,N,NA,NA,NA,NA,NA,NA,NA,NA,NA,Y,4,0,1,2,A,-,09,21801,A,N,A,C,A,A,H,-,C,A,0,NA,NA,NA,NA,Y,NA,A,01,0,0,1,0,0,0,0,0,0,-,-,NA,NA,LOS ANGELES,LOS ANGELES,-118.50194498,34.19388167
6870493,2015,2015-04-15,1942,2015-03-29,2115,40643,0914,7,5,7,1942,0,0,0,I,0,9T55,KESTER AV,VANOWEN ST,20,N,N,A,-,N,NA,NA,NA,NA,NA,NA,NA,NA,NA,Y,3,0,1,3,A,-,01,23152,A,N,D,B,F,A,H,-,C,A,0,Y,NA,NA,NA,Y,Y,A,01,0,1,0,0,1,0,0,0,0,-,-,NA,NA,LOS ANGELES,LOS ANGELES,-118.45744058,34.19397486
6870494,2015,2015-04-15,1942,2015-03-18,1640,34216,1012,3,5,7,1942,0,0,0,J,0,10X6,RESEDA,WYANDOTTE,0,NA,Y,A,-,N,NA,NA,NA,NA,NA,NA,NA,NA,NA,N,4,0,1,2,A,-,09,21804,A,N,G,G,A,A,H,-,A,A,0,NA,Y,NA,NA,Y,NA,L,04,0,0,1,0,0,0,1,0,0,-,-,NA,NA,LOS ANGELES,LOS ANGELES,-118.53604013,34.20295006
6870496,2015,2015-04-16,1942,2015-03-28,1435,31931,1061,6,5,7,1942,0,0,0,J,0,35M56,VENTURA BL,AURA AV,0,NA,Y,A,-,N,NA,NA,NA,NA,NA,NA,NA,NA,NA,Y,4,0,4,2,A,-,09,21801,B,N,D,C,A,A,H,-,A,-,0,NA,NA,NA,NA,Y,NA,-,NA,0,0,4,0,0,0,0,0,0,-,-,NA,NA,LOS ANGELES,LOS ANGELES,-118.55459004,34.17269006
6870497,2015,2015-04-15,1942,2015-03-28,0110,25907,2134,6,5,7,1942,0,0,0,NA,0,15T43,SHERMAN WY,SHOUP AV,0,NA,Y,A,-,N,NA,NA,NA,NA,NA,NA,NA,NA,NA,Y,4,0,3,2,A,-,12,21453,A,F,B,C,A,A,H,-,C,A,0,NA,NA,NA,NA,Y,NA,-,99,0,0,3,0,0,0,0,0,0,-,-,NA,NA,LOS ANGELES,LOS ANGELES,-118.61466008,34.20102001
6870498,2015,2015-04-15,1942,2015-03-30,0930,37774,1007,1,5,7,1942,0,0,0,J,0,19TL77,BALBOA BL,SATICOY ST,8,S,N,A,-,N,NA,NA,NA,NA,NA,NA,NA,NA,NA,N,3,0,1,2,A,-,05,21650,1,N,D,G,A,A,H,-,A,D,0,NA,Y,NA,NA,Y,NA,L,04,0,1,0,0,0,0,1,0,0,-,-,NA,NA,LOS ANGELES,LOS ANGELES,-118.50115924,34.20839807
6870500,2015,2015-04-16,1942,2015-03-27,1300,38980,1061,5,5,7,1942,0,0,0,J,0,17T17,VENTURA BL,AURA AV,0,NA,Y,A,-,N,NA,NA,NA,NA,NA,NA,NA,NA,NA,Y,3,0,3,2,A,-,09,21801,A,N,D,C,A,A,H,-,A,D,0,NA,NA,NA,NA,Y,NA,A,01,0,3,0,0,0,0,0,0,0,-,-,NA,NA,LOS ANGELES,LOS ANGELES,-118.55459004,34.17269006
6870501,2015,2015-04-15,1942,2015-03-29,1845,40643,0926,7,5,7,1942,0,0,0,I,0,9T55,VANOWEN ST,HAZELTINE AV,0,NA,Y,A,-,N,NA,NA,NA,NA,NA,NA,NA,NA,NA,Y,4,0,3,3,A,-,01,23152,A,N,D,C,A,A,H,-,A,A,0,NA,NA,NA,NA,Y,Y,A,01,0,0,3,0,0,0,0,0,0,-,-,NA,NA,LOS ANGELES,LOS ANGELES,-118.43998004,34.19394007
6870502,2015,2015-04-15,1942,2015-03-19,0755,38480,1033,4,5,7,1942,0,0,0,J,0,10A1,VICTORY BL,WILBUR AV,150,W,N,A,-,N,NA,NA,NA,NA,NA,NA,NA,NA,NA,Y,4,0,1,2,A,-,08,22107,NA,N,-,C,A,A,H,-,A,D,0,NA,NA,NA,NA,Y,NA,A,07,0,0,1,0,0,0,0,0,0,-,-,NA,NA,LOS ANGELES,LOS ANGELES,-118.54523514,34.18658
6870504,2015,2015-04-16,1942,2015-03-28,1330,36599,1033,6,5,7,1942,0,0,0,J,0,16TL24,BASSETT ST,RESEDA BL,0,NA,Y,A,-,N,NA,NA,NA,NA,NA,NA,NA,NA,NA,N,4,0,1,2,A,-,09,21802,A,N,D,C,A,A,H,-,A,A,0,NA,NA,NA,NA,Y,NA,A,07,0,0,1,0,0,0,0,0,0,-,-,NA,NA,LOS ANGELES,LOS ANGELES,-118.53603999,34.19568012
6870505,2015,2015-04-15,1942,2015-03-27,1525,40294,1028,5,5,7,1942,0,0,0,J,0,15T44,BALBOA BL,HAYNES ST,0,NA,Y,A,-,N,NA,NA,NA,NA,NA,NA,NA,NA,NA,Y,3,0,2,3,A,-,09,21801,A,F,D,C,A,A,H,-,A,A,0,NA,NA,NA,NA,Y,NA,A,01,0,2,0,0,0,0,0,0,0,-,-,NA,NA,LOS ANGELES,LOS ANGELES,-118.50111003,34.18931012