CASE_ID,ACCIDENT_YEAR,PROC_DATE,JURIS,COLLISION_DATE,COLLISION_TIME,OFFICER_ID,REPORTING_DISTRICT,DAY_OF_WEEK,CHP_SHIFT,POPULATION,CNTY_CITY_LOC,SPECIAL_COND,BEAT_TYPE,CHP_BEAT_TYPE,CITY_DIVISION_LAPD,CHP_BEAT_CLASS,BEAT_NUMBER,PRIMARY_RD,SECONDARY_RD,DISTANCE,DIRECTION,INTERSECTION,WEATHER_1,WEATHER_2,STATE_HWY_IND,CALTRANS_COUNTY,CALTRANS_DISTRICT,STATE_ROUTE,ROUTE_SUFFIX,POSTMILE_PREFIX,POSTMILE,LOCATION_TYPE,RAMP_INTERSECTION,SIDE_OF_HWY,TOW_AWAY,COLLISION_SEVERITY,NUMBER_KILLED,NUMBER_INJURED,PARTY_COUNT,PRIMARY_COLL_FACTOR,PCF_CODE_OF_VIOL,PCF_VIOL_CATEGORY,PCF_VIOLATION,PCF_VIOL_SUBSECTION,HIT_AND_RUN,TYPE_OF_COLLISION,MVIW,PED_ACTION,ROAD_SURFACE,ROAD_COND_1,ROAD_COND_2,LIGHTING,CONTROL_DEVICE,CHP_ROAD_TYPE,PEDESTRIAN_ACCIDENT,BICYCLE_ACCIDENT,MOTORCYCLE_ACCIDENT,TRUCK_ACCIDENT,NOT_PRIVATE_PROPERTY,ALCOHOL_INVOLVED,STWD_VEHTYPE_AT_FAULT,CHP_VEHTYPE_AT_FAULT,COUNT_SEVERE_INJ,COUNT_VISIBLE_INJ,COUNT_COMPLAINT_PAIN,COUNT_PED_KILLED,COUNT_PED_INJURED,COUNT_BICYCLIST_KILLED,COUNT_BICYCLIST_INJURED,COUNT_MC_KILLED,COUNT_MC_INJURED,PRIMARY_RAMP,SECONDARY_RAMP,LATITUDE,LONGITUDE,COUNTY,CITY,POINT_X,POINT_Y
6874551,2015,2016-10-20,9590,2015-03-19,1405,19217,NA,4,2,7,1942,0,1,1,NA,2,062,RT 10,HOOVER ST,300,W,N,A,-,Y,LA,7,10,-,-,14.129,R,1,E,N,4,0,3,2,A,-,03,22350,NA,N,C,C,A,A,H,-,A,D,1,NA,NA,NA,NA,Y,NA,I,12,0,0,3,0,0,0,0,0,0,TO,-,34.21139,-118.17894,LOS ANGELES,LOS ANGELES,-118.2861361,34.03680645
6874562,2015,2015-04-15,1900,2015-03-11,0015,506937.,0642,3,5,6,1985,0,0,0,NA,0,62T1E,MCBEAN PKWY,SKY CHEST CIR,500,S,N,A,-,N,NA,NA,NA,NA,NA,NA,NA,NA,NA,Y,4,0,1,1,A,-,03,22350,NA,N,E,I,A,A,H,-,C,D,0,NA,NA,NA,NA,Y,NA,A,01,0,0,1,0,0,0,0,0,0,-,-,NA,NA,LOS ANGELES,SANTA CLARITA,-118.553173,34.44669
6874563,2015,2015-04-15,1900,2015-03-07,1105,542860,0622,6,5,6,1985,0,0,0,NA,0,64T1,MCBEAN PKWY,GRANARY SQUARE,45,S,N,A,-,N,NA,NA,NA,NA,NA,NA,NA,NA,NA,N,4,0,1,2,A,-,03,22350,NA,N,C,C,A,A,H,-,A,D,0,NA,NA,NA,NA,Y,NA,A,01,0,0,1,0,0,0,0,0,0,-,-,NA,NA,LOS ANGELES,SANTA CLARITA,-118.551589,34.402699
6874564,2015,2015-04-15,1900,2015-03-07,2050,437700,0642,6,5,6,1985,0,0,0,NA,0,64T1,SUMMER GROVE PL,SUNNY CREEK DR,500,N,N,A,-,N,NA,NA,NA,NA,NA,NA,NA,NA,NA,N,4,0,1,2,A,-,08,22107,NA,N,B,E,A,A,H,-,C,D,0,NA,NA,NA,NA,Y,NA,A,01,0,0,1,0,0,0,0,0,0,-,-,NA,NA,LOS ANGELES,SANTA CLARITA,NA,NA
6874565,2015,2015-04-15,1900,2015-03-07,2140,405550,0642,6,5,6,1985,0,0,0,NA,0,60T1PM,SAN FRANCISQUITO CANYON RD,COPPERHILL DR,2700,N,N,A,-,N,NA,NA,NA,NA,NA,NA,NA,NA,NA,Y,4,0,1,2,A,-,03,22350,NA,N,B,C,A,A,H,-,D,D,0,NA,NA,NA,NA,Y,NA,A,01,0,0,1,0,0,0,0,0,0,-,-,NA,NA,LOS ANGELES,SANTA CLARITA,-118.54657674,34.46689461
6874566,2015,2015-04-15,1900,2015-03-10,0645,472724,0611,2,5,6,1985,0,0,0,NA,0,61T1,WHITES CANYON RD,DELIGHT ST,0,NA,Y,A,-,N,NA,NA,NA,NA,NA,NA,NA,NA,NA,N,3,0,1,2,A,-,12,21453,A,N,D,G,A,A,H,-,A,A,0,NA,Y,NA,NA,Y,NA,A,01,0,1,0,0,0,0,1,0,0,-,-,NA,NA,LOS ANGELES,SANTA CLARITA,-118.4720601,34.42370007
6874567,2015,2016-09-27,1900,2015-03-12,1600,520084,0623,4,5,6,1985,0,0,0,NA,0,62T1,MCBEAN PKWY,RT 5,95,W,N,A,-,Y,LA,7,5,-,R,51.42,R,4,N,N,4,0,2,3,A,-,03,22350,NA,N,C,C,A,A,H,-,A,A,0,NA,NA,NA,NA,Y,NA,A,01,0,0,2,0,0,0,0,0,0,-,-,NA,NA,LOS ANGELES,SANTA CLARITA,-118.57100417,34.39384119
6874568,2015,2015-04-15,1900,2015-03-12,1440,509580,0633,4,5,6,1985,0,0,0,NA,0,61T7,VIA PRINCESSA,VISTA DEL CANON,580,E,N,A,-,N,NA,NA,NA,NA,NA,NA,NA,NA,NA,Y,4,0,1,1,A,-,08,22107,NA,N,E,I,A,A,H,-,A,D,0,NA,NA,Y,NA,Y,NA,C,02,0,0,1,0,0,0,0,0,1,-,-,NA,NA,LOS ANGELES,SANTA CLARITA,-118.46178758,34.40355503
6874569,2015,2015-04-15,1900,2015-03-17,1500,542860,0547,2,5,6,1985,0,0,0,NA,0,64T1,RAILROAD AV,DRAYTON ST,62,N,N,A,-,N,NA,NA,NA,NA,NA,NA,NA,NA,NA,Y,2,0,1,3,A,-,03,22350,NA,N,C,C,A,A,H,-,A,D,0,NA,NA,Y,NA,Y,NA,C,02,1,0,0,0,0,0,0,0,1,-,-,NA,NA,LOS ANGELES,SANTA CLARITA,-118.54064985,34.41150826
6874570,2015,2015-04-15,1900,2015-03-16,1740,437700,0642,1,5,6,1985,0,0,0,NA,0,64T1,BOUQUET CANYON RD,LOWES PLAZA DR,150,S,N,A,-,N,NA,NA,NA,NA,NA,NA,NA,NA,NA,N,4,0,1,2,A,-,03,22350,NA,N,C,C,A,A,H,-,A,D,0,NA,NA,NA,NA,Y,NA,A,01,0,0,1,0,0,0,0,0,0,-,-,NA,NA,LOS ANGELES,SANTA CLARITA,-118.539239,34.424555
6874572,2015,2015-04-15,1900,2015-03-14,1127,407357,0641,6,5,6,1985,0,0,0,NA,0,62T1,BOUQUET CANYON RD,SECO CANYON RD,75,S,N,A,-,N,NA,NA,NA,NA,NA,NA,NA,NA,NA,Y,4,0,1,2,A,-,07,21658,A,N,B,C,A,A,H,-,A,D,0,NA,NA,NA,NA,Y,NA,A,07,0,0,1,0,0,0,0,0,0,-,-,NA,NA,LOS ANGELES,SANTA CLARITA,-118.53167854,34.43312235
6874573,2015,2016-10-10,1900,2015-03-16,0955,509580,0633,1,5,6,1985,0,0,0,NA,0,61T1,VIA PRINCESSA,RT 14,0,NA,Y,A,-,Y,LA,7,14,-,R,30.726,R,4,N,Y,4,0,1,2,A,-,12,21453,A,N,D,C,A,A,H,-,A,A,0,NA,NA,NA,NA,Y,NA,A,01,0,0,1,0,0,0,0,0,0,-,NF,NA,NA,LOS ANGELES,SANTA CLARITA,-118.45754598,34.40096962
6874574,2015,2015-04-15,1900,2015-03-16,1306,408962,0631,1,5,6,1985,0,0,0,NA,0,63T1,SHINEDALE DR,BOCKDALE AV,0,NA,Y,A,-,N,NA,NA,NA,NA,NA,NA,NA,NA,NA,N,3,0,1,2,A,-,12,22450,A,N,D,G,A,A,H,-,A,D,0,NA,Y,NA,NA,Y,NA,L,04,0,1,0,0,0,0,1,0,0,-,-,NA,NA,LOS ANGELES,SANTA CLARITA,-118.42996005,34.42308009
6874575,2015,2015-04-15,1900,2015-03-17,1020,450416,0624,2,5,6,1985,0,0,0,NA,0,62T1,MCBEAN PKWY,AVENIDA NAVARRE,0,NA,Y,A,-,N,NA,NA,NA,NA,NA,NA,NA,NA,NA,Y,4,0,1,2,A,-,12,21453,A,N,D,C,A,A,H,-,A,A,0,NA,NA,NA,NA,Y,NA,A,01,0,0,1,0,0,0,0,0,0,-,-,NA,NA,LOS ANGELES,SANTA CLARITA,-118.55108006,34.39912003
6874576,2015,2016-10-10,1900,2015-03-19,0845,472724,0617,4,5,6,1985,0,0,0,NA,0,61T1,SIERRA HWY,RT 14,0,NA,Y,A,-,Y,LA,7,14,-,R,30.49,R,4,N,N,4,0,1,2,A,-,10,21950,A,N,G,B,B,A,H,-,A,A,0,Y,NA,NA,NA,Y,NA,A,07,0,0,1,0,1,0,0,0,0,-,SF,NA,NA,LOS ANGELES,SANTA CLARITA,-118.46088641,34.39911989
6874577,2015,2015-04-15,1900,2015-03-19,2232,532237,0633,4,5,6,1985,0,0,0,NA,0,61T1,JAKES WY,ELEANOR CIR,424,W,N,A,-,N,NA,NA,NA,NA,NA,NA,NA,NA,NA,N,4,0,2,2,A,-,21,22106,NA,M,C,C,A,A,H,-,C,D,0,NA,NA,NA,NA,Y,NA,A,01,0,0,2,0,0,0,0,0,0,-,-,NA,NA,LOS ANGELES,SANTA CLARITA,-118.44499792,34.41344129
6874578,2015,2015-04-15,1900,2015-03-20,1630,437700,0641,5,5,6,1985,0,0,0,NA,0,64T1,BOUQUET CANYON RD,WELLSTON DR,40,S,N,A,-,N,NA,NA,NA,NA,NA,NA,NA,NA,NA,Y,4,0,5,3,A,-,03,22350,NA,N,C,C,A,A,H,-,A,D,0,NA,NA,NA,NA,Y,NA,A,01,0,0,5,0,0,0,0,0,0,-,-,NA,NA,LOS ANGELES,SANTA CLARITA,-118.50210066,34.44765475
6874579,2015,2015-04-15,1900,2015-03-21,1330,509580,0642,6,5,6,1985,0,0,0,NA,0,62T1,NEWHALL RANCH RD,MCBEAN PKWY,320,E,N,A,-,N,NA,NA,NA,NA,NA,NA,NA,NA,NA,Y,3,0,3,3,A,-,04,21703,NA,N,C,C,A,A,H,-,A,A,0,NA,NA,NA,NA,Y,NA,A,01,0,1,2,0,0,0,0,0,0,-,-,NA,NA,LOS ANGELES,SANTA CLARITA,-118.55697923,34.43078102
6874580,2015,2015-04-15,1900,2015-03-23,1035,502210,0627,1,5,6,1985,0,0,0,NA,0,62T1,RAILROAD AV,8TH ST,0,NA,Y,A,-,N,NA,NA,NA,NA,NA,NA,NA,NA,NA,N,2,0,1,2,A,-,10,21950,A,N,G,B,B,A,H,-,A,A,0,Y,NA,NA,NA,Y,NA,A,08,1,0,0,0,1,0,0,0,0,-,-,NA,NA,LOS ANGELES,SANTA CLARITA,-118.52773006,34.38009011
6874581,2015,2015-04-15,1900,2015-03-20,1352,542860,0644,5,5,6,1985,0,0,0,NA,0,64T1,MCBEAN PKWY,BAYWOOD LN,65,S,N,A,-,N,NA,NA,NA,NA,NA,NA,NA,NA,NA,N,4,0,1,2,A,-,03,22350,NA,N,C,C,A,A,H,-,A,D,0,NA,NA,NA,NA,Y,NA,A,07,0,0,1,0,0,0,0,0,0,-,-,NA,NA,LOS ANGELES,SANTA CLARITA,-118.55939761,34.42945643
6874619,2015,2015-04-17,1900,2015-03-24,1755,272611,0453,2,5,6,1949,0,0,0,NA,0,43T1P,PIONEER BL,FOSTER RD,0,NA,Y,A,-,N,NA,NA,NA,NA,NA,NA,NA,NA,NA,Y,4,0,1,2,A,-,09,21801,A,N,A,C,A,A,H,-,A,A,0,NA,NA,NA,NA,Y,NA,A,01,0,0,1,0,0,0,0,0,0,-,-,NA,NA,LOS ANGELES,NORWALK,-118.08237999,33.90985011
6874620,2015,2015-04-15,1920,2015-03-03,1513,10705,NA,2,5,6,1920,0,0,0,NA,0,002,OLD RIVER SCHOOL RD,STEWART AND GRAY RD,135,S,N,A,-,N,NA,NA,NA,NA,NA,NA,NA,NA,NA,N,4,0,2,2,A,-,09,21804,A,N,D,C,A,A,H,-,A,D,0,NA,NA,NA,NA,Y,NA,-,NA,0,0,2,0,0,0,0,0,0,-,-,NA,NA,LOS ANGELES,DOWNEY,-118.1542831,33.93987989
6875251,2015,2016-09-02,9575,2015-03-11,1644,20902,NA,3,2,6,1912,0,1,1,NA,2,051,RT 5,ALAMEDA AV,400,N,N,A,-,Y,LA,7,5,-,-,28.308,R,1,S,N,4,0,1,2,A,-,21,22106,NA,N,C,C,A,A,H,-,B,D,1,NA,NA,NA,NA,Y,NA,A,01,0,0,1,0,0,0,0,0,0,-,-,34.1688,-118.30276,LOS ANGELES,BURBANK,-118.30265071,34.16893337
6875256,2015,2016-09-14,9590,2015-03-06,2120,20748,NA,5,2,7,1942,0,1,1,NA,2,052,RT 110,8TH ST,50,S,N,A,-,Y,LA,7,110,-,-,22.43,H,-,N,N,4,0,1,2,A,-,03,22350,NA,M,C,C,A,A,H,-,C,D,1,NA,NA,NA,NA,Y,NA,A,01,0,0,1,0,0,0,0,0,0,-,-,34.05211,-118.25922,LOS ANGELES,LOS ANGELES,-118.26432034,34.04921808
6875302,2015,2015-10-26,1941,2015-03-26,0729,6195,NA,4,5,7,1941,0,0,0,NA,0,NA,7TH ST,GOLDEN AV,0,NA,Y,A,-,N,NA,NA,NA,NA,NA,NA,NA,NA,NA,Y,4,0,2,2,A,-,03,22350,NA,N,C,C,A,A,H,-,A,A,0,NA,NA,NA,NA,Y,NA,A,NA,0,0,2,0,0,0,0,0,0,-,WO,NA,NA,LOS ANGELES,LONG BEACH,-118.2018,33.7753
6875306,2015,2015-10-28,1941,2015-03-26,1320,5569,NA,4,5,7,1941,0,0,0,NA,0,NA,ORANGE AV,53RD ST,60,N,N,A,-,N,NA,NA,NA,NA,NA,NA,NA,NA,NA,Y,4,0,1,4,A,-,08,22107,NA,N,B,E,A,A,H,-,A,D,0,NA,NA,NA,NA,Y,NA,A,NA,0,0,1,0,0,0,0,0,0,-,-,NA,NA,LOS ANGELES,LONG BEACH,-118.17726,33.85276454
6875310,2015,2015-10-26,1941,2015-03-26,1450,10659,NA,4,5,7,1941,0,0,0,NA,0,NA,CHERRY AV,ARTESIA,0,NA,Y,A,-,N,NA,NA,NA,NA,NA,NA,NA,NA,NA,Y,4,0,3,4,A,-,03,22350,NA,N,-,-,A,A,-,-,A,A,0,NA,NA,NA,NA,Y,NA,D,NA,0,0,3,0,0,0,0,0,0,-,-,NA,NA,LOS ANGELES,LONG BEACH,-118.16867012,33.87471009
6875346,2015,2015-10-28,1941,2015-03-26,1821,6052,NA,4,5,7,1941,0,0,0,NA,0,NA,FEDERATION,N DEUKMEJIAN,1056,N,N,A,-,N,NA,NA,NA,NA,NA,NA,NA,NA,NA,Y,2,0,1,3,A,-,21,22106,NA,N,G,B,E,A,H,-,A,D,0,Y,NA,NA,NA,Y,NA,A,NA,1,0,0,0,1,0,0,0,0,-,-,NA,NA,LOS ANGELES,LONG BEACH,-118.13939525,33.78138301
6875425,2015,2016-09-14,9590,2015-02-19,1650,20409,NA,4,2,7,1942,0,1,1,NA,2,010,RT 110,COLLEGE ST,1000,N,N,A,-,Y,LA,7,110,-,-,24.16,H,-,N,Y,4,0,1,2,A,-,03,22350,NA,N,C,C,A,A,H,-,A,D,1,NA,NA,NA,NA,Y,NA,A,01,0,0,1,0,0,0,0,0,0,-,-,34.06914,-118.23584,LOS ANGELES,LOS ANGELES,-118.24236314,34.06570365
6875443,2015,2015-04-22,1942,2015-03-29,1255,38603,1972,7,5,7,1942,0,0,0,NA,0,15T47,NORDHOFF ST,COLUMBUS AV,0,NA,Y,A,-,N,NA,NA,NA,NA,NA,NA,NA,NA,NA,N,4,0,1,2,A,-,09,21804,A,N,D,C,A,A,H,-,A,D,0,NA,NA,NA,NA,Y,NA,A,01,0,0,1,0,0,0,0,0,0,-,-,NA,NA,LOS ANGELES,LOS ANGELES,-118.46538009,34.23551007
6875444,2015,2016-09-08,1976,2015-03-18,1800,PEREZ376,NA,3,5,5,1976,0,0,0,NA,0,NA,HADLEY ST,WHITTIER BL,6,N,N,B,-,Y,LA,7,72,-,-,5.501,I,6,N,N,2,0,1,2,A,-,12,21453,A,F,G,B,B,A,H,-,B,A,0,Y,NA,NA,Y,Y,NA,F,26,1,0,0,0,1,0,0,0,0,-,-,NA,NA,LOS ANGELES,WHITTIER,-118.05372607,33.98297323
6875445,2015,2015-04-16,1925,2015-03-10,1532,19364,274,2,5,6,1925,0,0,0,NA,0,002,SAN FERNANDO RD,PALMER AV,0,NA,Y,A,-,N,NA,NA,NA,NA,NA,NA,NA,NA,NA,Y,2,0,1,2,A,-,10,21950,A,N,G,B,B,A,H,-,A,D,0,Y,NA,NA,NA,Y,NA,D,22,1,0,0,0,1,0,0,0,0,-,-,NA,NA,LOS ANGELES,GLENDALE,-118.26174011,34.13207012
6875451,2015,2015-04-25,1942,2015-03-18,1430,40434,1941,3,5,7,1942,0,0,0,NA,0,19A75,N SEPULVEDA BL,SAN FERNANDO MISSION BL,300,S,N,B,-,N,NA,NA,NA,NA,NA,NA,NA,NA,NA,N,3,0,1,2,D,-,00,NA,NA,N,G,B,F,A,H,-,A,D,0,Y,NA,NA,NA,Y,NA,-,-,0,1,0,0,1,0,0,0,0,-,-,NA,NA,LOS ANGELES,LOS ANGELES,-118.46732645,34.27130353
6875453,2015,2015-09-11,1925,2015-03-17,2138,24111,238,2,5,6,1925,0,0,0,NA,0,5L45,WILSON AV,ADAMS ST,130,E,N,A,-,N,NA,NA,NA,NA,NA,NA,NA,NA,NA,N,4,0,3,2,A,-,03,22350,NA,M,C,C,A,A,H,-,C,A,0,NA,NA,NA,NA,Y,NA,D,22,0,0,3,0,0,0,0,0,0,-,-,NA,NA,LOS ANGELES,GLENDALE,-118.2414012,34.14809
6875455,2015,2015-05-04,1942,2015-03-31,2205,40065,1961,2,5,7,1942,0,0,0,NA,0,19T75,PLUMMER ST,SEPULVEDA BL,88,E,N,A,-,N,NA,NA,NA,NA,NA,NA,NA,NA,NA,Y,2,0,4,2,A,-,03,22350,NA,N,C,E,A,A,H,-,C,D,0,NA,NA,NA,NA,Y,NA,A,01,1,0,3,0,0,0,0,0,0,-,-,NA,NA,LOS ANGELES,LOS ANGELES,-118.46734965,34.24277928
6875473,2015,2015-04-16,1900,2015-03-31,1558,279461,0452,2,5,6,1949,0,0,0,NA,0,43T1P,NORWALK BL,EVEREST ST,161,S,N,A,-,N,NA,NA,NA,NA,NA,NA,NA,NA,NA,N,3,0,1,3,A,-,09,21801,A,N,D,C,A,A,H,-,A,D,0,NA,NA,NA,NA,Y,NA,D,22,0,1,0,0,0,0,0,0,0,-,-,NA,NA,LOS ANGELES,NORWALK,-118.07267901,33.91861861
6875492,2015,2015-04-21,1942,2015-04-02,1920,37304,1902,4,5,7,1942,0,0,0,NA,0,10T35,ALMETZ ST,CLAYWOOD AV,600,E,N,A,-,N,NA,NA,NA,NA,NA,NA,NA,NA,NA,Y,3,0,1,5,A,-,01,23152,A,N,A,E,A,A,H,-,C,D,0,NA,NA,NA,NA,Y,Y,D,22,0,1,0,0,0,0,0,0,0,-,-,NA,NA,LOS ANGELES,LOS ANGELES,-118.42475211,34.32743
6875493,2015,2015-05-14,1900,2015-03-23,1918,440103,0453,1,5,6,1949,0,0,0,NA,0,43T1P,WOODS AV,FIRESTONE BL,285,N,N,A,-,N,NA,NA,NA,NA,NA,NA,NA,NA,NA,N,4,0,1,2,A,-,03,22350,NA,N,C,C,A,A,H,-,C,D,0,NA,NA,NA,NA,Y,NA,D,22,0,0,1,0,0,0,0,0,0,-,-,NA,NA,LOS ANGELES,NORWALK,-118.08431411,33.9149013
6875500,2015,2015-04-18,1942,2015-03-10,1725,37043,2146,2,5,7,1942,0,0,0,NA,0,21A42,VARIEL AV,SHERMAN WY,30,S,N,B,-,N,NA,NA,NA,NA,NA,NA,NA,NA,NA,Y,3,0,1,2,A,-,11,21954,A,N,G,B,D,A,H,-,A,D,0,Y,NA,NA,NA,Y,NA,N,60,0,1,0,0,1,0,0,0,0,-,-,NA,NA,LOS ANGELES,LOS ANGELES,-118.59281,34.2008977
6875501,2015,2015-04-17,1900,2015-04-04,0820,516551,0455,6,5,6,1949,0,0,0,NA,0,43T1,LINDALE ST,ALBURTIS AV,41,W,N,A,-,N,NA,NA,NA,NA,NA,NA,NA,NA,NA,Y,3,0,1,2,A,-,05,21650,NA,M,A,E,A,A,H,-,A,D,0,NA,NA,NA,NA,Y,NA,A,07,0,1,0,0,0,0,0,0,0,-,-,NA,NA,LOS ANGELES,NORWALK,-118.08460481,33.90032145
6875504,2015,2015-04-18,1942,2015-03-27,1350,40731,2187,5,5,7,1942,0,0,0,NA,0,9TL56,VENTURA BL,DE SOTO AV,0,NA,Y,A,-,N,NA,NA,NA,NA,NA,NA,NA,NA,NA,N,4,0,1,2,A,-,09,21804,A,N,A,G,A,A,H,-,A,A,0,NA,Y,NA,NA,Y,NA,L,04,0,0,1,0,0,0,1,0,0,-,-,NA,NA,LOS ANGELES,LOS ANGELES,-118.58825009,34.16640006
6875508,2015,2015-05-13,1942,2015-03-25,0910,26736,1936,3,5,7,1942,0,0,0,NA,0,35M25,BRAND BL,LAUREL CANYON BL,0,NA,Y,A,-,N,NA,NA,NA,NA,NA,NA,NA,NA,NA,Y,4,0,1,2,A,-,09,21801,A,N,D,C,A,A,H,-,A,A,0,NA,NA,NA,NA,Y,NA,A,01,0,0,1,0,0,0,0,0,0,-,-,NA,NA,LOS ANGELES,LOS ANGELES,-118.44925004,34.27485006
6875512,2015,2015-04-18,1942,2015-03-23,1310,33294,1962,1,5,7,1942,0,0,0,NA,0,35M74,LASSEN ST,SEPULVEDA BL,0,NA,Y,A,-,N,NA,NA,NA,NA,NA,NA,NA,NA,NA,N,3,0,1,2,A,-,08,22107,NA,N,B,C,A,A,H,-,A,A,0,NA,NA,NA,NA,Y,NA,-,NA,0,1,0,0,0,0,0,0,0,-,-,NA,NA,LOS ANGELES,LOS ANGELES,-118.46753007,34.25004008
6875516,2015,2015-04-18,1942,2015-03-28,0900,38996,1966,6,5,7,1942,0,0,0,NA,0,10TL37,TERRA BELLA ST,WOODMAN AV,0,NA,Y,A,-,N,NA,NA,NA,NA,NA,NA,NA,NA,NA,Y,4,0,4,2,A,-,09,21801,A,N,A,C,A,A,H,-,A,A,0,NA,NA,NA,NA,Y,NA,D,22,0,0,4,0,0,0,0,0,0,-,-,NA,NA,LOS ANGELES,LOS ANGELES,-118.44353,34.23993003
6875519,2015,2015-04-16,1944,2015-03-26,2014,224,2M72,4,5,4,1944,0,0,0,NA,0,002,PACIFIC AV,27TH ST,194,S,N,A,-,N,NA,NA,NA,NA,NA,NA,NA,NA,NA,Y,3,0,1,2,A,-,01,23153,A,F,B,E,A,A,H,-,C,D,0,NA,NA,NA,NA,Y,Y,A,07,0,1,0,0,0,0,0,0,0,-,-,NA,NA,LOS ANGELES,MANHATTAN BEACH,-118.40347723,33.89571799
6875520,2015,2015-04-22,1942,2015-03-27,0850,38603,1998,5,5,7,1942,0,0,0,NA,0,15TL47,ROSCOE BL,HAZELTINE AV,100,E,N,A,-,N,NA,NA,NA,NA,NA,NA,NA,NA,NA,N,4,0,1,2,A,-,03,22350,NA,N,C,C,A,A,H,-,A,D,0,NA,NA,NA,NA,Y,NA,D,22,0,0,1,0,0,0,0,0,0,-,-,NA,NA,LOS ANGELES,LOS ANGELES,-118.4400998,34.22162
6875602,2015,2015-04-13,1942,2015-03-27,1845,40731,2118,5,5,7,1942,0,0,0,NA,0,9TL56,ROSCOE BL,MASON AV,0,NA,Y,A,-,N,NA,NA,NA,NA,NA,NA,NA,NA,NA,Y,4,0,2,2,A,-,12,21453,A,N,A,C,A,A,H,-,B,A,0,NA,NA,NA,NA,Y,NA,-,NA,0,0,2,0,0,0,0,0,0,-,-,NA,NA,LOS ANGELES,LOS ANGELES,-118.57978012,34.22009003
6875603,2015,2015-04-14,1942,2015-03-27,0815,38603,1931,5,5,7,1942,0,0,0,NA,0,15TL47,RINALDI ST,LEV AV,30,E,N,A,-,N,NA,NA,NA,NA,NA,NA,NA,NA,NA,Y,3,0,1,2,A,-,04,21703,NA,N,C,C,A,A,H,-,A,D,0,NA,NA,NA,NA,Y,NA,A,01,0,1,0,0,0,0,0,0,0,-,-,NA,NA,LOS ANGELES,LOS ANGELES,-118.46099087,34.27902
6875605,2015,2015-06-25,1976,2015-03-20,0419,376,NA,5,5,5,1976,0,0,0,NA,0,NA,GREENLEAF AV,MAR VISTA ST,0,NA,Y,A,-,N,NA,NA,NA,NA,NA,NA,NA,NA,NA,Y,4,0,1,2,A,-,12,21453,A,N,D,C,A,A,H,-,C,A,0,NA,NA,NA,NA,Y,NA,-,-,0,0,1,0,0,0,0,0,0,-,-,NA,NA,LOS ANGELES,WHITTIER,-118.03737,33.97366011
6875606,2015,2015-04-13,1942,2015-03-22,1440,41770,2138,7,5,7,1942,0,0,0,NA,0,21A1,MASON AV,STAGG ST,0,NA,Y,A,-,N,NA,NA,NA,NA,NA,NA,NA,NA,NA,N,3,0,2,2,A,-,08,22107,NA,N,D,C,A,A,H,-,A,D,0,NA,NA,NA,NA,Y,NA,A,01,0,1,1,0,0,0,0,0,0,-,-,NA,NA,LOS ANGELES,LOS ANGELES,-118.57971003,34.21073009
6875607,2015,2015-04-14,1942,2015-03-28,1500,39096,2149,6,5,7,1942,0,0,0,NA,0,10TL34,OAKDALE AV,SHERMAN WY,0,NA,Y,A,-,N,NA,NA,NA,NA,NA,NA,NA,NA,NA,N,4,0,1,2,D,-,00,NA,NA,N,D,C,A,A,H,-,A,A,0,NA,Y,NA,NA,Y,NA,-,-,0,0,1,0,0,0,1,0,0,-,-,NA,NA,LOS ANGELES,LOS ANGELES,-118.56664002,34.20114008
6875610,2015,2015-04-13,1942,2015-03-20,0810,41499,2175,5,5,7,1942,0,0,0,NA,0,21Z9,VENTURA,CAPISTRANO,0,NA,Y,A,-,N,NA,NA,NA,NA,NA,NA,NA,NA,NA,N,4,0,1,2,A,-,21,22106,NA,N,H,C,A,A,H,-,A,D,0,NA,NA,NA,NA,Y,NA,-,NA,0,0,1,0,0,0,0,0,0,-,-,NA,NA,LOS ANGELES,LOS ANGELES,-118.61677003,34.1680801
6875611,2015,2015-04-14,1942,2015-03-23,1510,33294,1952,1,5,7,1942,0,0,0,NA,0,35M74,SEPULVEDA BL,DEVONSHIRE ST,675,N,N,A,-,N,NA,NA,NA,NA,NA,NA,NA,NA,NA,Y,4,0,2,2,A,-,09,21804,A,N,D,C,A,A,H,-,A,A,0,NA,NA,NA,NA,Y,NA,A,01,0,0,2,0,0,0,0,0,0,-,-,NA,NA,LOS ANGELES,LOS ANGELES,-118.46745195,34.259161400000004
6875614,2015,2015-04-13,1942,2015-03-28,2115,41198,2175,6,5,7,1942,0,0,0,NA,0,10T35,VENTURA BL,SHOUP AV,10,E,N,A,-,N,NA,NA,NA,NA,NA,NA,NA,NA,NA,N,4,0,1,2,A,-,03,22350,NA,N,C,C,A,A,H,-,C,A,0,NA,NA,NA,NA,Y,NA,A,01,0,0,1,0,0,0,0,0,0,-,-,NA,NA,LOS ANGELES,LOS ANGELES,-118.61444747,34.16879465
6875615,2015,2015-04-14,1942,2015-03-20,1945,40639,1985,5,5,7,1942,0,0,0,NA,0,10T37,VAN NUYS BL,OSBORNE ST,810,S,N,A,-,N,NA,NA,NA,NA,NA,NA,NA,NA,NA,N,3,0,1,3,A,-,21,22106,NA,N,A,G,A,A,H,-,C,D,0,NA,Y,NA,NA,Y,NA,A,01,0,1,0,0,0,0,1,0,0,-,-,NA,NA,LOS ANGELES,LOS ANGELES,-118.45025,34.23086824