CASE_ID,ACCIDENT_YEAR,PROC_DATE,JURIS,COLLISION_DATE,COLLISION_TIME,OFFICER_ID,REPORTING_DISTRICT,DAY_OF_WEEK,CHP_SHIFT,POPULATION,CNTY_CITY_LOC,SPECIAL_COND,BEAT_TYPE,CHP_BEAT_TYPE,CITY_DIVISION_LAPD,CHP_BEAT_CLASS,BEAT_NUMBER,PRIMARY_RD,SECONDARY_RD,DISTANCE,DIRECTION,INTERSECTION,WEATHER_1,WEATHER_2,STATE_HWY_IND,CALTRANS_COUNTY,CALTRANS_DISTRICT,STATE_ROUTE,ROUTE_SUFFIX,POSTMILE_PREFIX,POSTMILE,LOCATION_TYPE,RAMP_INTERSECTION,SIDE_OF_HWY,TOW_AWAY,COLLISION_SEVERITY,NUMBER_KILLED,NUMBER_INJURED,PARTY_COUNT,PRIMARY_COLL_FACTOR,PCF_CODE_OF_VIOL,PCF_VIOL_CATEGORY,PCF_VIOLATION,PCF_VIOL_SUBSECTION,HIT_AND_RUN,TYPE_OF_COLLISION,MVIW,PED_ACTION,ROAD_SURFACE,ROAD_COND_1,ROAD_COND_2,LIGHTING,CONTROL_DEVICE,CHP_ROAD_TYPE,PEDESTRIAN_ACCIDENT,BICYCLE_ACCIDENT,MOTORCYCLE_ACCIDENT,TRUCK_ACCIDENT,NOT_PRIVATE_PROPERTY,ALCOHOL_INVOLVED,STWD_VEHTYPE_AT_FAULT,CHP_VEHTYPE_AT_FAULT,COUNT_SEVERE_INJ,COUNT_VISIBLE_INJ,COUNT_COMPLAINT_PAIN,COUNT_PED_KILLED,COUNT_PED_INJURED,COUNT_BICYCLIST_KILLED,COUNT_BICYCLIST_INJURED,COUNT_MC_KILLED,COUNT_MC_INJURED,PRIMARY_RAMP,SECONDARY_RAMP,LATITUDE,LONGITUDE,COUNTY,CITY,POINT_X,POINT_Y
6877560,2015,2015-04-15,1942,2015-03-12,1735,41622,1781,4,5,7,1942,0,0,0,Q,0,17A74,KNAPP ST,DE SOTO AV,16,W,N,A,-,N,NA,NA,NA,NA,NA,NA,NA,NA,NA,Y,3,0,1,2,A,-,03,22350,NA,N,C,C,A,A,H,-,A,D,0,NA,NA,NA,NA,Y,NA,-,NA,0,1,0,0,0,0,0,0,0,-,-,NA,NA,LOS ANGELES,LOS ANGELES,-118.58861226,34.23822653
6877561,2015,2015-04-30,1942,2015-03-12,1550,41640,1794,4,5,7,1942,0,0,0,Q,0,17A49,PARTHENIA ST,WOODLEY AV,110,W,N,A,-,N,NA,NA,NA,NA,NA,NA,NA,NA,NA,Y,4,0,1,2,A,-,07,21658,A,N,D,C,A,A,E,-,A,A,0,NA,NA,NA,NA,Y,NA,-,NA,0,0,1,0,0,0,0,0,0,-,-,NA,NA,LOS ANGELES,LOS ANGELES,-118.48551318,34.22838637
6877562,2015,2015-04-30,1942,2015-03-19,1510,41640,1737,4,5,7,1942,0,0,0,Q,0,17A23,HAYVENHURST AV,SAN FERNANDO MISSION,19,N,N,A,-,N,NA,NA,NA,NA,NA,NA,NA,NA,NA,Y,3,0,2,3,A,-,09,21801,A,N,A,C,A,A,H,-,A,A,0,NA,NA,NA,NA,Y,NA,-,NA,0,2,0,0,0,0,0,0,0,-,-,NA,NA,LOS ANGELES,LOS ANGELES,-118.49343847,34.2720221
6877563,2015,2015-04-30,1942,2015-03-23,0700,41763,1722,1,5,7,1942,0,0,0,Q,0,17A1,TOPANGA CANYON BL,HIAWATHA ST,0,NA,Y,A,-,N,NA,NA,NA,NA,NA,NA,NA,NA,NA,Y,3,0,2,2,A,-,06,21755,A,N,D,C,A,A,H,-,A,D,0,NA,NA,NA,NA,Y,NA,A,01,0,1,1,0,0,0,0,0,0,-,-,NA,NA,LOS ANGELES,LOS ANGELES,-118.60605004,34.25902011
6877564,2015,2015-04-30,1942,2015-03-24,1530,31087,1754,2,5,7,1942,0,0,0,Q,0,17EL2,RESEDA BL,LASSEN ST,0,NA,Y,A,-,N,NA,NA,NA,NA,NA,NA,NA,NA,NA,Y,4,0,2,3,A,-,12,21453,A,N,B,C,A,A,H,-,A,A,0,NA,NA,NA,NA,Y,NA,A,01,0,0,2,0,0,0,0,0,0,-,-,NA,NA,LOS ANGELES,LOS ANGELES,-118.53609,34.24999008
6877565,2015,2015-04-30,1942,2015-03-26,1720,38835,1749,4,5,7,1942,0,0,0,Q,0,19A61,SAN JOSE ST,WOODLEY AV,0,NA,Y,A,-,N,NA,NA,NA,NA,NA,NA,NA,NA,NA,Y,3,0,3,2,A,-,12,21453,A,N,D,C,A,A,H,-,A,A,0,NA,NA,NA,NA,Y,NA,A,08,0,1,2,0,0,0,0,0,0,-,-,NA,NA,LOS ANGELES,LOS ANGELES,-118.48481007,34.26100002
6877566,2015,2015-04-30,1942,2015-03-30,1430,32372,1743,1,5,7,1942,0,0,0,Q,0,35M49,RESEDA BL,CHATSWORTH ST,0,NA,Y,A,-,N,NA,NA,NA,NA,NA,NA,NA,NA,NA,Y,3,0,4,2,A,-,09,21801,A,N,-,C,A,A,H,-,A,A,0,NA,NA,NA,NA,Y,NA,A,01,0,2,2,0,0,0,0,0,0,-,-,NA,NA,LOS ANGELES,LOS ANGELES,-118.53611002,34.26454011
6877567,2015,2015-04-30,1942,2015-03-27,2200,38743,1752,5,5,7,1942,0,0,0,Q,0,17X78,DE SOTO AV,LASSEN ST,0,NA,Y,A,-,N,NA,NA,NA,NA,NA,NA,NA,NA,NA,Y,4,0,1,2,A,-,12,21453,A,N,D,C,A,A,H,-,C,A,0,NA,NA,NA,NA,Y,NA,-,NA,0,0,1,0,0,0,0,0,0,-,-,NA,NA,LOS ANGELES,LOS ANGELES,-118.58857005,34.24998004
6877568,2015,2015-04-30,1942,2015-03-24,1645,41666,1747,2,5,7,1942,0,0,0,Q,0,17A74,PARTHENIA ST,LINDLEY AV,45,E,N,A,-,N,NA,NA,NA,NA,NA,NA,NA,NA,NA,N,4,0,1,2,A,-,-,NA,NA,N,B,G,A,A,H,-,A,A,0,NA,Y,NA,NA,Y,NA,L,04,0,0,1,0,0,0,1,0,0,-,-,NA,NA,LOS ANGELES,LOS ANGELES,-118.52720139,34.22866896
6877569,2015,2015-04-30,1942,2015-03-20,0340,34561,1782,5,5,7,1942,0,0,0,Q,0,9TL53,NORDHOFF WY,CORBIN AV,1000,E,N,A,-,N,NA,NA,NA,NA,NA,NA,NA,NA,NA,Y,3,0,2,1,A,-,03,22350,NA,N,B,I,A,A,H,-,C,D,0,NA,NA,NA,NA,Y,NA,A,08,0,1,1,0,0,0,0,0,0,-,-,NA,NA,LOS ANGELES,LOS ANGELES,-118.55904398,34.23223214
6877570,2015,2015-04-30,1942,2015-03-21,0600,40119,1785,6,5,7,1942,0,0,0,Q,0,9TL53,RAYEN ST,BAIRD AV,27,W,N,A,-,N,NA,NA,NA,NA,NA,NA,NA,NA,NA,N,4,0,1,5,A,-,03,22350,NA,N,C,E,A,A,H,-,A,D,0,NA,NA,NA,NA,Y,NA,-,NA,0,0,1,0,0,0,0,0,0,-,-,NA,NA,LOS ANGELES,LOS ANGELES,-118.53744917,34.23187
6877571,2015,2015-04-30,1942,2015-03-21,0845,39701,1716,6,5,7,1942,0,0,0,Q,0,17TL15,BALBOA BL,LORILLARD ST,0,NA,Y,A,-,N,NA,NA,NA,NA,NA,NA,NA,NA,NA,Y,4,0,1,2,A,-,09,21453,B,N,-,-,A,A,H,-,A,-,0,NA,NA,NA,NA,Y,NA,A,01,0,0,1,0,0,0,0,0,0,-,-,NA,NA,LOS ANGELES,LOS ANGELES,-118.50209008,34.28409008
6877572,2015,2015-04-30,1942,2015-03-21,1235,38349,1782,6,5,7,1942,0,0,0,Q,0,9T54,NORDHOFF ST,W CORBIN AV,60,W,N,A,-,N,NA,NA,NA,NA,NA,NA,NA,NA,NA,N,4,0,1,2,A,-,03,22350,NA,N,C,C,A,A,H,-,A,A,0,NA,NA,NA,NA,Y,NA,-,NA,0,0,1,0,0,0,0,0,0,-,-,NA,NA,LOS ANGELES,LOS ANGELES,-118.5623,34.23548
6877573,2015,2015-04-30,1942,2015-03-24,2210,34561,1728,2,5,7,1942,0,0,0,Q,0,21TL61,RESEDA BL,SAN FERNANDO MISSION,0,NA,Y,A,-,N,NA,NA,NA,NA,NA,NA,NA,NA,NA,Y,3,0,2,2,A,-,12,21453,A,N,D,C,A,A,H,-,C,A,0,NA,NA,NA,NA,Y,NA,A,01,0,1,1,0,0,0,0,0,0,-,-,NA,NA,LOS ANGELES,LOS ANGELES,-118.53610012,34.27175002
6877574,2015,2016-04-12,1942,2015-03-24,1500,33779,1705,2,5,7,1942,0,0,0,Q,0,15TL44,SAN FERNANDO RD,SEPULVEDA BL,0,NA,Y,A,-,N,NA,NA,NA,NA,NA,NA,NA,NA,NA,Y,3,0,2,2,A,-,09,21802,A,N,A,C,A,A,H,-,A,A,0,NA,NA,NA,NA,Y,NA,A,07,0,2,0,0,0,0,0,0,0,-,-,NA,NA,LOS ANGELES,LOS ANGELES,-118.49066009,34.31511005
6877575,2015,2015-04-30,1942,2015-03-24,2215,40639,1755,2,5,7,1942,0,0,0,Q,0,9T53,ZELZAH AV,SUPERIOR ST,60,S,N,A,-,N,NA,NA,NA,NA,NA,NA,NA,NA,NA,Y,4,0,1,2,A,-,07,21658,A,N,B,C,A,A,H,-,C,D,0,NA,NA,NA,NA,Y,NA,A,01,0,0,1,0,0,0,0,0,0,-,-,NA,NA,LOS ANGELES,LOS ANGELES,-118.5233,34.24658541
6877576,2015,2015-04-30,1942,2015-03-28,1820,40643,1764,6,5,7,1942,0,0,0,Q,0,15T43,NORDHOFF ST,TAMPA AV,300,N,N,A,-,N,NA,NA,NA,NA,NA,NA,NA,NA,NA,N,4,0,2,3,A,-,03,22350,NA,N,C,C,A,A,H,-,A,A,0,NA,NA,NA,NA,Y,NA,A,08,0,0,2,0,0,0,0,0,0,-,-,NA,NA,LOS ANGELES,LOS ANGELES,-118.55356,34.23546
6877577,2015,2015-04-30,1942,2015-03-29,0945,36257,1779,7,5,7,1942,0,0,0,Q,0,15TL45,NORDHOFF ST,HASKELL AV,0,NA,Y,A,-,N,NA,NA,NA,NA,NA,NA,NA,NA,NA,Y,4,0,1,3,A,-,12,21453,A,N,D,C,A,A,H,-,A,A,0,NA,NA,NA,NA,Y,NA,A,01,0,0,1,0,0,0,0,0,0,-,-,NA,NA,LOS ANGELES,LOS ANGELES,-118.47634004,34.23557008
6877578,2015,2015-04-30,1942,2015-03-29,2220,41198,1775,7,5,7,1942,0,0,0,Q,0,21T51,BALBOA BL,PLUMMER ST,0,NA,Y,A,-,N,NA,NA,NA,NA,NA,NA,NA,NA,NA,Y,4,0,3,2,A,-,12,21453,A,N,D,C,A,A,H,-,C,A,0,NA,NA,NA,NA,Y,NA,A,01,0,0,3,0,0,0,0,0,0,-,-,NA,NA,LOS ANGELES,LOS ANGELES,-118.50246009,34.24301011
6877579,2015,2015-05-29,1942,2015-03-19,0750,40718,1777,4,5,7,1942,0,0,0,Q,0,17A95,NORDHOFF,HAYVENHURST,100,W,N,A,-,N,NA,NA,NA,NA,NA,NA,NA,NA,NA,Y,4,0,4,4,A,-,04,21703,NA,N,C,C,A,A,H,-,A,A,0,NA,NA,NA,NA,Y,NA,-,-,0,0,4,0,0,0,0,0,0,-,-,NA,NA,LOS ANGELES,LOS ANGELES,-118.49413024,34.23569351
6877580,2015,2015-04-30,1942,2015-03-25,1905,26098,1771,3,5,7,1942,0,0,0,Q,0,35T50,DE SOTO AV,PRAIRIE ST,93,N,N,A,-,N,NA,NA,NA,NA,NA,NA,NA,NA,NA,Y,3,0,1,2,A,-,01,23152,A,N,C,C,A,A,H,-,B,D,0,NA,NA,NA,NA,Y,Y,-,NA,0,1,0,0,0,0,0,0,0,-,-,NA,NA,LOS ANGELES,LOS ANGELES,-118.58856,34.24119512
6877581,2015,2015-04-17,1942,2015-03-26,2010,39687,1747,4,5,7,1942,0,0,0,Q,0,EL14,DEVONSHIRE,BALBOA BL,300,E,N,A,-,N,NA,NA,NA,NA,NA,NA,NA,NA,NA,Y,3,0,1,2,A,-,09,21804,A,N,A,C,A,A,H,-,C,D,0,NA,NA,NA,NA,Y,NA,A,01,0,1,0,0,0,0,0,0,0,-,-,NA,NA,LOS ANGELES,LOS ANGELES,-118.50133918,34.25753
6877582,2015,2015-04-17,1942,2015-03-27,1710,36946,1775,5,5,7,1942,0,0,0,Q,0,17X66,PLUMMER ST,BALBOA BL,0,NA,Y,A,-,N,NA,NA,NA,NA,NA,NA,NA,NA,NA,Y,3,0,2,2,A,-,09,21801,A,N,A,C,A,A,H,-,A,A,0,NA,NA,NA,NA,Y,NA,A,01,0,1,1,0,0,0,0,0,0,-,-,NA,NA,LOS ANGELES,LOS ANGELES,-118.50246009,34.24301011
6877583,2015,2015-05-07,1942,2015-03-27,1605,26347,1747,5,5,7,1942,0,0,0,Q,0,17A23,CHATSWORTH ST,HAYVENHURST AV,350,W,N,A,-,N,NA,NA,NA,NA,NA,NA,NA,NA,NA,Y,3,0,2,2,A,-,07,21658,A,N,C,E,A,A,H,-,A,D,0,NA,NA,NA,NA,Y,NA,-,NA,0,1,1,0,0,0,0,0,0,-,-,NA,NA,LOS ANGELES,LOS ANGELES,-118.49466628,34.26472
6877584,2015,2015-04-17,1942,2015-03-26,1455,30422,1757,4,5,7,1942,0,0,0,Q,0,17EL1,BALBOA BL,DEVONSHIRE ST,100,S,N,A,-,N,NA,NA,NA,NA,NA,NA,NA,NA,NA,Y,4,0,1,2,A,-,09,21804,A,N,B,C,A,A,H,-,A,D,0,NA,NA,NA,NA,Y,NA,A,01,0,0,1,0,0,0,0,0,0,-,-,NA,NA,LOS ANGELES,LOS ANGELES,-118.50233435,34.25726572
6877585,2015,2015-04-17,1942,2015-03-28,1645,30994,1785,6,5,7,1942,0,0,0,Q,0,17X22,NORDHOFF ST,WILBUR AV,0,NA,Y,A,-,N,NA,NA,NA,NA,NA,NA,NA,NA,NA,N,4,0,1,2,A,-,09,21801,A,N,D,C,A,A,H,-,A,A,0,NA,NA,NA,NA,Y,NA,-,NA,0,0,1,0,0,0,0,0,0,-,-,NA,NA,LOS ANGELES,LOS ANGELES,-118.54483001,34.23544002
6877586,2015,2015-05-07,1942,2015-03-28,1628,38115,1772,6,5,7,1942,0,0,0,Q,0,17X78,CORBIN AV,PRAIRIE ST,0,NA,Y,A,-,N,NA,NA,NA,NA,NA,NA,NA,NA,NA,Y,4,0,1,3,A,-,00,21801,D,N,A,C,A,A,H,-,A,A,0,NA,NA,NA,NA,Y,NA,A,01,0,0,1,0,0,0,0,0,0,-,-,NA,NA,LOS ANGELES,LOS ANGELES,-118.56231009,34.23914009
6877587,2015,2015-04-17,1942,2015-03-27,1140,38996,1792,5,5,7,1942,0,0,0,Q,0,10TL37,CORBIN AV,SCHOENBORN ST,220,N,N,A,-,N,NA,NA,NA,NA,NA,NA,NA,NA,NA,N,3,0,1,2,A,-,09,21804,A,N,D,B,F,A,H,-,A,D,0,Y,NA,NA,NA,Y,NA,A,01,0,1,0,0,1,0,0,0,0,-,-,NA,NA,LOS ANGELES,LOS ANGELES,-118.56228172,34.2216935
6877588,2015,2015-04-17,1942,2015-03-27,0745,35433,1705,5,5,7,1942,0,0,0,Q,0,15TL45,TITIAN AV,VAN GOGH ST,6,N,N,A,-,N,NA,NA,NA,NA,NA,NA,NA,NA,NA,N,3,0,3,4,A,-,10,21950,A,N,G,B,B,A,H,-,A,A,0,Y,NA,NA,NA,Y,NA,A,07,0,3,0,0,3,0,0,0,0,-,-,NA,NA,LOS ANGELES,LOS ANGELES,-118.50651687,34.30590625
6877589,2015,2015-04-17,1942,2015-03-27,1415,33700,1788,5,5,7,1942,0,0,0,Q,0,35M1,BALBOA BL,PARTHENIA ST,0,NA,Y,A,-,N,NA,NA,NA,NA,NA,NA,NA,NA,NA,Y,4,0,1,2,A,-,12,21453,A,N,D,C,A,A,H,-,A,A,0,NA,NA,NA,NA,Y,NA,A,01,0,0,1,0,0,0,0,0,0,-,-,NA,NA,LOS ANGELES,LOS ANGELES,-118.5025801,34.22851012
6877590,2015,2015-04-16,1942,2015-03-24,1000,40972,1785,2,5,7,1942,0,0,0,Q,0,21TL63,NORDHOFF ST,WILBUR AV,9,E,N,A,-,N,NA,NA,NA,NA,NA,NA,NA,NA,NA,N,4,0,1,2,A,-,05,21650,1,N,D,G,A,A,H,-,A,A,0,NA,Y,NA,NA,Y,NA,L,04,0,0,1,0,0,0,1,0,0,-,-,NA,NA,LOS ANGELES,LOS ANGELES,-118.54480027,34.23544
6877591,2015,2015-04-16,1942,2015-03-16,1515,33512,1781,1,5,7,1942,0,0,0,Q,0,17A81,PLUMMER ST,WINNETKA AV,75,E,N,A,-,N,NA,NA,NA,NA,NA,NA,NA,NA,NA,N,4,0,5,3,A,-,04,21703,NA,N,C,C,A,A,H,-,A,A,0,NA,NA,NA,NA,Y,NA,A,01,0,0,5,0,0,0,0,0,0,-,-,NA,NA,LOS ANGELES,LOS ANGELES,-118.57097226,34.24274
6877592,2015,2016-09-20,1942,2015-03-14,1721,41666,1721,6,5,7,1942,0,0,0,Q,0,17A35,TOPANGA CANYON BL,SANTA SUSANA PASS RD,0,NA,Y,A,-,Y,LA,7,27,-,-,19.381,I,5,S,Y,4,0,2,2,A,-,12,21453,A,N,D,C,A,A,H,-,C,A,0,NA,NA,NA,NA,Y,NA,A,01,0,0,2,0,0,0,0,0,0,-,-,NA,NA,LOS ANGELES,LOS ANGELES,-118.60610727,34.26812086
6877593,2015,2016-04-13,1942,2015-03-14,2000,39527,1701,6,5,7,1942,0,0,0,Q,0,17X54,SORRENTO LN,MASON AV,30,W,N,A,-,N,NA,NA,NA,NA,NA,NA,NA,NA,NA,N,4,0,4,2,A,-,04,21703,NA,N,C,C,A,A,-,-,C,D,0,NA,NA,NA,NA,Y,NA,-,NA,0,0,4,0,0,0,0,0,0,-,-,NA,NA,LOS ANGELES,LOS ANGELES,-118.5789781,34.27703811
6877594,2015,2015-05-19,1942,2015-03-12,1650,NA,1723,4,5,7,1942,0,0,0,Q,0,17X82,DEVONSHIRE ST,MASON AV,0,NA,Y,A,-,N,NA,NA,NA,NA,NA,NA,NA,NA,NA,Y,4,0,1,3,A,-,09,21801,A,N,D,D,A,A,-,-,A,A,0,NA,NA,NA,NA,Y,NA,A,01,0,0,1,0,0,0,0,0,0,-,-,NA,NA,LOS ANGELES,LOS ANGELES,-118.57984007,34.25726003
6877595,2015,2015-04-16,1942,2015-03-20,0850,41668,1753,5,5,7,1942,0,0,0,Q,0,17A49,LASSEN ST,MASON AV,0,NA,Y,A,-,N,NA,NA,NA,NA,NA,NA,NA,NA,NA,Y,4,0,1,2,A,-,09,21801,A,N,B,C,A,A,H,-,A,A,0,NA,NA,NA,NA,Y,NA,-,NA,0,0,1,0,0,0,0,0,0,-,-,NA,NA,LOS ANGELES,LOS ANGELES,-118.57980002,34.24998008
6877596,2015,2016-11-05,1942,2015-03-26,1650,38349,1737,4,5,7,1942,0,0,0,Q,0,15T44,HAYVENHURST AV,RT 118,41,S,N,A,-,Y,LA,7,118,-,R,8.515,R,4,W,Y,4,0,3,2,A,-,09,21802,A,N,D,C,A,A,H,-,A,A,0,NA,NA,NA,NA,Y,NA,A,07,0,0,3,0,0,0,0,0,0,-,WF,NA,NA,LOS ANGELES,LOS ANGELES,-118.49161267,34.27350579
6877597,2015,2015-04-16,1942,2015-03-23,0930,40905,1795,1,5,7,1942,0,0,0,Q,0,17A95,PARTHENIA ST,ZELZAH AV,0,NA,Y,A,-,N,NA,NA,NA,NA,NA,NA,NA,NA,NA,N,4,0,1,2,A,-,10,21950,A,N,G,B,B,A,H,-,A,A,0,Y,NA,NA,NA,Y,NA,-,NA,0,0,1,0,1,0,0,0,0,-,-,NA,NA,LOS ANGELES,LOS ANGELES,-118.52307003,34.22864011
6877599,2015,2015-04-16,1942,2015-03-24,1455,39192,1795,2,5,7,1942,0,0,0,Q,0,9TL56W,PARTHENIA ST,ZELZAH AV,75,W,N,A,-,N,NA,NA,NA,NA,NA,NA,NA,NA,NA,N,4,0,1,2,A,-,03,22350,NA,N,C,C,A,A,H,-,A,D,0,NA,NA,NA,NA,Y,NA,A,01,0,0,1,0,0,0,0,0,0,-,-,NA,NA,LOS ANGELES,LOS ANGELES,-118.52331768,34.22864174
6877600,2015,2015-04-16,1942,2015-03-28,1800,39705,1513,6,5,7,1942,0,0,0,O,0,15A1,WHITSETT AV,VANOWEN ST,0,NA,Y,A,-,N,NA,NA,NA,NA,NA,NA,NA,NA,NA,N,2,0,1,2,A,-,12,21453,A,F,G,B,A,A,H,-,A,A,0,NA,Y,NA,NA,Y,NA,L,04,1,0,0,0,0,0,1,0,0,-,-,NA,NA,LOS ANGELES,LOS ANGELES,-118.40528011,34.19395001
6877601,2015,2016-10-05,1942,2015-03-28,2355,40893,1606,6,5,7,1942,0,0,0,P,0,16A23,FOOTHILL BL,RT 210,0,NA,Y,A,-,Y,LA,7,210,-,R,7.633,R,4,E,N,3,0,2,2,A,-,12,21453,A,F,D,C,A,A,H,-,C,A,0,NA,NA,NA,NA,Y,NA,-,99,0,1,1,0,0,0,0,0,0,-,-,NA,NA,LOS ANGELES,LOS ANGELES,-118.38442577000001,34.27577235
6877602,2015,2015-04-13,1942,2015-03-28,1150,34397,1764,6,5,7,1942,0,0,0,Q,0,17A49,PLUMMER ST,SHIRLEY AV,0,NA,Y,A,-,N,NA,NA,NA,NA,NA,NA,NA,NA,NA,N,3,0,1,2,A,-,09,21804,A,F,G,G,A,A,H,-,A,D,0,NA,Y,NA,NA,Y,NA,-,99,0,1,0,0,0,0,1,0,0,-,-,NA,NA,LOS ANGELES,LOS ANGELES,-118.55792004,34.24274011
6877613,2015,2015-04-16,1900,2015-03-21,0740,541589,0403,6,5,4,1936,0,0,0,NA,0,DAY5,SANTA GERTRUDES AV,IMPERIAL HWY,66,S,N,A,-,N,NA,NA,NA,NA,NA,NA,NA,NA,NA,Y,4,0,1,2,A,-,09,21804,A,N,D,C,A,A,H,-,A,D,0,NA,NA,Y,NA,Y,NA,A,01,0,0,1,0,0,0,0,0,1,-,-,NA,NA,LOS ANGELES,LA MIRADA,-117.99436,33.91709904
6877671,2015,2016-09-30,9575,2015-02-20,1600,019824,NA,5,2,7,1942,0,1,1,NA,2,053,RT 5,OSBORNE ST,615,S,N,A,-,Y,LA,7,5,-,-,37.281,R,2,N,Y,3,0,1,1,A,-,01,23152,A,N,E,I,A,A,H,-,A,D,1,NA,NA,NA,NA,Y,Y,A,01,0,1,0,0,0,0,0,0,0,TO,-,34.243,-118.22021,LOS ANGELES,LOS ANGELES,-118.42072108,34.24322538
6877672,2015,2016-09-22,9575,2015-02-24,2050,20763,NA,2,2,6,1953,0,1,1,NA,2,064,RT 210,HILL AV,300,W,N,A,-,Y,LA,7,210,-,R,26.88,H,-,E,Y,4,0,1,2,A,-,03,22350,NA,N,C,C,A,A,H,-,D,D,1,NA,NA,NA,NA,Y,NA,A,01,0,0,1,0,0,0,0,0,0,-,-,34.15197,-118.12191,LOS ANGELES,PASADENA,-118.12276309,34.15210557
6877673,2015,2016-10-05,9575,2015-02-22,1520,020119,NA,7,2,7,1942,0,1,1,NA,2,060,IRA AV,WHEATLAND AV,2640,E,N,B,C,Y,LA,7,210,-,R,9.76,H,-,W,Y,3,0,3,1,A,-,03,22350,NA,N,E,I,A,B,H,-,A,D,1,NA,NA,NA,NA,Y,NA,A,01,0,1,2,0,0,0,0,0,0,-,-,34.2696,-118.33983,LOS ANGELES,LOS ANGELES,-118.34734831,34.27156175
6877714,2015,2015-04-14,1942,2015-02-21,0930,41752,1612,6,5,7,1942,0,0,0,P,0,19A75,GLEN OAKS,DAVENTRY,20,N,N,B,-,N,NA,NA,NA,NA,NA,NA,NA,NA,NA,N,4,0,1,2,A,-,08,22107,NA,N,B,C,A,A,H,-,A,A,0,NA,NA,NA,NA,Y,NA,-,NA,0,0,1,0,0,0,0,0,0,-,-,NA,NA,LOS ANGELES,LOS ANGELES,-118.41747,34.27882
6877885,2014,2016-06-20,9535,2014-12-16,0450,19437,NA,2,3,5,1952,0,1,1,NA,2,075,RT 710,ROSECRANS AV,200,N,N,C,-,Y,LA,7,710,-,-,15.01,H,-,S,Y,3,0,1,2,A,-,03,22350,NA,N,C,C,A,B,H,-,C,D,1,NA,NA,NA,NA,Y,NA,A,01,0,1,0,0,0,0,0,0,0,-,-,33.90376,-118.18547,LOS ANGELES,PARAMOUNT,-118.18518069,33.90420935
6877886,2014,2015-04-14,9535,2014-12-26,1600,20851,NA,5,2,9,1900,0,2,4,NA,2,025,ATLANTIC BL,HUBBARD ST,200,S,N,A,-,N,NA,NA,NA,NA,NA,NA,NA,NA,NA,N,4,0,2,2,A,-,07,21658,A,N,B,C,A,A,H,-,A,D,0,NA,NA,NA,NA,Y,NA,A,01,0,0,2,0,0,0,0,0,0,-,-,34.02199,-118.15675,LOS ANGELES,UNINCORPORATED,-118.1567791,34.0220778
6877887,2014,2015-04-14,9535,2014-12-14,1501,19121,NA,7,2,9,1900,0,3,5,NA,2,001,INDIANA ST,MICHIGAN AV,130,S,N,A,-,N,NA,NA,NA,NA,NA,NA,NA,NA,NA,N,4,0,2,2,A,-,04,21703,NA,N,C,C,A,A,H,-,A,D,0,NA,NA,NA,NA,Y,NA,A,08,0,0,2,0,0,0,0,0,0,-,-,34.03725,-118.1924,LOS ANGELES,UNINCORPORATED,-118.19244512,34.03771353
6877888,2014,2015-04-14,9535,2014-12-24,1135,17236,NA,3,1,9,1900,0,2,4,NA,2,024,WHITTIER BL,FETTERLY AV,100,E,N,A,-,N,NA,NA,NA,NA,NA,NA,NA,NA,NA,N,4,0,1,2,A,-,21,22106,NA,N,C,C,A,A,H,-,A,D,0,NA,NA,NA,NA,Y,NA,A,01,0,0,1,0,0,0,0,0,0,-,-,34.02184,-118.16416,LOS ANGELES,UNINCORPORATED,-118.16425023,34.02188441
6877889,2014,2015-04-14,9525,2014-12-03,1930,20907,NA,3,2,9,1900,0,3,5,NA,2,003,HILLSIDE DR,GRAND AV,0,NA,Y,B,C,N,NA,NA,NA,NA,NA,NA,NA,NA,NA,Y,4,0,1,2,A,-,09,21802,A,N,D,C,A,B,H,-,C,A,0,NA,NA,NA,NA,Y,NA,A,01,0,0,1,0,0,0,0,0,0,-,-,34.05453,-117.8655,LOS ANGELES,UNINCORPORATED,-117.8654801,34.05464009
6877890,2014,2015-04-14,9525,2014-12-04,0120,20499,NA,4,3,5,1990,0,1,3,NA,2,612,RT 60,GRAND AV,1584,E,N,B,-,Y,NA,NA,60,NA,NA,NA,NA,NA,NA,Y,4,0,1,2,A,-,03,22350,NA,N,E,E,A,B,H,-,D,D,0,NA,NA,NA,NA,Y,NA,A,07,0,0,1,0,0,0,0,0,0,-,-,34.01898,-117.816,LOS ANGELES,DIAMOND BAR,-117.8159821,34.01896669
6877891,2014,2015-04-14,9525,2014-12-04,0119,20499,NA,4,3,5,1990,0,1,3,NA,2,603,RT 60,GRAND AV,1584,E,N,B,-,Y,NA,NA,60,NA,NA,NA,NA,NA,NA,Y,3,0,1,1,A,-,01,23152,A,N,E,I,A,B,H,-,D,D,0,NA,NA,NA,NA,Y,Y,A,01,0,1,0,0,0,0,0,0,0,-,-,34.01898,-117.816,LOS ANGELES,DIAMOND BAR,-117.8159821,34.01896669
6877892,2014,2015-04-14,9525,2014-12-04,0830,13274,NA,4,1,6,1975,0,1,1,NA,2,105,RT 10,VINCENT AV,2640,E,N,B,-,Y,NA,NA,10,NA,NA,NA,NA,NA,NA,N,4,0,7,3,A,-,03,22350,NA,N,C,C,A,A,H,-,A,D,0,NA,NA,NA,NA,Y,NA,A,01,0,0,7,0,0,0,0,0,0,-,-,34.07246,-117.92041,LOS ANGELES,WEST COVINA,-117.92041137,34.07235072