CASE_ID,ACCIDENT_YEAR,PROC_DATE,JURIS,COLLISION_DATE,COLLISION_TIME,OFFICER_ID,REPORTING_DISTRICT,DAY_OF_WEEK,CHP_SHIFT,POPULATION,CNTY_CITY_LOC,SPECIAL_COND,BEAT_TYPE,CHP_BEAT_TYPE,CITY_DIVISION_LAPD,CHP_BEAT_CLASS,BEAT_NUMBER,PRIMARY_RD,SECONDARY_RD,DISTANCE,DIRECTION,INTERSECTION,WEATHER_1,WEATHER_2,STATE_HWY_IND,CALTRANS_COUNTY,CALTRANS_DISTRICT,STATE_ROUTE,ROUTE_SUFFIX,POSTMILE_PREFIX,POSTMILE,LOCATION_TYPE,RAMP_INTERSECTION,SIDE_OF_HWY,TOW_AWAY,COLLISION_SEVERITY,NUMBER_KILLED,NUMBER_INJURED,PARTY_COUNT,PRIMARY_COLL_FACTOR,PCF_CODE_OF_VIOL,PCF_VIOL_CATEGORY,PCF_VIOLATION,PCF_VIOL_SUBSECTION,HIT_AND_RUN,TYPE_OF_COLLISION,MVIW,PED_ACTION,ROAD_SURFACE,ROAD_COND_1,ROAD_COND_2,LIGHTING,CONTROL_DEVICE,CHP_ROAD_TYPE,PEDESTRIAN_ACCIDENT,BICYCLE_ACCIDENT,MOTORCYCLE_ACCIDENT,TRUCK_ACCIDENT,NOT_PRIVATE_PROPERTY,ALCOHOL_INVOLVED,STWD_VEHTYPE_AT_FAULT,CHP_VEHTYPE_AT_FAULT,COUNT_SEVERE_INJ,COUNT_VISIBLE_INJ,COUNT_COMPLAINT_PAIN,COUNT_PED_KILLED,COUNT_PED_INJURED,COUNT_BICYCLIST_KILLED,COUNT_BICYCLIST_INJURED,COUNT_MC_KILLED,COUNT_MC_INJURED,PRIMARY_RAMP,SECONDARY_RAMP,LATITUDE,LONGITUDE,COUNTY,CITY,POINT_X,POINT_Y
6877893,2014,2015-04-14,9525,2014-12-08,1750,20869,NA,1,2,4,1946,0,1,1,NA,2,201,RT 210,MYRTLE AV,1500,W,N,A,-,Y,NA,NA,210,NA,NA,NA,NA,NA,NA,N,4,0,1,3,A,-,03,22350,NA,N,C,C,A,A,H,-,D,D,0,NA,NA,NA,NA,Y,NA,A,01,0,0,1,0,0,0,0,0,0,-,-,34.13557,-118.00532,LOS ANGELES,MONROVIA,-118.00532099,34.13555001
6877894,2014,2015-04-14,9525,2014-12-04,1405,19491,NA,4,2,4,1946,0,1,1,NA,2,201,RT 210,HUNTINGTON DR,50,W,N,B,-,Y,NA,NA,NA,NA,NA,NA,NA,NA,NA,Y,4,0,1,1,A,-,08,22107,NA,N,F,I,A,A,H,-,A,D,0,NA,NA,Y,NA,Y,NA,C,02,0,0,1,0,0,0,0,0,1,TO,-,34.9296,-118.8412,LOS ANGELES,MONROVIA,-118.01684876,34.14039303
6877895,2014,2015-04-14,9525,2014-12-08,0657,20823,NA,1,1,5,1990,0,1,3,NA,2,573,RT 57,BREA CANYON RD,1056,N,N,A,-,Y,NA,NA,NA,NA,NA,NA,NA,NA,NA,Y,4,0,1,3,A,-,03,22350,NA,N,C,C,A,A,H,-,A,D,0,NA,NA,NA,NA,Y,NA,A,01,0,0,1,0,0,0,0,0,0,-,-,33.95882,-117.85915,LOS ANGELES,DIAMOND BAR,-117.85787846,33.95943321
6877896,2014,2015-04-14,9525,2014-12-09,0325,18926,NA,2,3,6,1955,0,1,3,NA,2,572,RT 57,TEMPLE AV,1320,S,N,A,-,Y,NA,NA,57,NA,NA,NA,NA,NA,NA,Y,4,0,1,1,A,-,01,23152,A,M,E,I,A,A,H,-,C,D,0,NA,NA,NA,NA,Y,Y,A,01,0,0,1,0,0,0,0,0,0,-,-,34.0407,-117.80226,LOS ANGELES,POMONA,-117.80219914,34.04065285
6877897,2014,2015-04-14,9525,2014-12-02,0645,19682,NA,2,1,5,1906,0,1,1,NA,2,104,RT 10,FRAZIER ST,150,W,N,C,-,Y,NA,NA,10,NA,NA,NA,NA,NA,NA,Y,4,0,2,2,A,-,07,21658,A,N,B,C,A,B,H,-,A,D,0,NA,NA,NA,NA,Y,NA,A,01,0,0,2,0,0,0,0,0,0,-,-,34.06615,-117.9921,LOS ANGELES,BALDWIN PARK,-117.99208873,34.06607468
6877898,2014,2015-04-14,9525,2014-12-02,1205,016677,NA,2,1,5,1990,0,1,3,NA,2,603,RT 60,GOLDEN SPRINGS DR,200,E,N,C,-,Y,NA,NA,60,NA,NA,NA,NA,NA,NA,Y,3,0,2,1,A,-,03,22350,NA,N,E,I,A,B,H,-,A,D,0,NA,NA,NA,NA,Y,NA,A,01,0,1,1,0,0,0,0,0,0,-,-,34.02773,-117.79417,LOS ANGELES,DIAMOND BAR,-117.79418657,34.02766505
6877899,2014,2015-04-14,9525,2014-12-02,1218,14762,NA,2,1,5,1926,0,1,1,NA,2,205,RT 210,GLENDORA AV,528,W,N,B,C,Y,NA,NA,210,NA,NA,NA,NA,NA,NA,Y,4,0,1,1,A,-,08,22107,NA,N,E,I,A,B,H,-,A,D,0,NA,NA,NA,NA,Y,NA,A,01,0,0,1,0,0,0,0,0,0,-,-,34.11963,-117.8672,LOS ANGELES,GLENDORA,-117.86724968,34.1195236
6877900,2014,2015-04-14,9525,2014-12-07,0120,19941,NA,7,3,6,1955,0,1,1,NA,2,110,RT 10,WHITE AV,395,W,N,A,B,Y,NA,NA,10,NA,NA,NA,NA,NA,NA,Y,3,0,1,1,A,-,01,23152,A,N,E,I,A,A,H,-,C,D,0,NA,NA,NA,NA,Y,Y,A,01,0,1,0,0,0,0,0,0,0,TO,-,34.07022,-117.76005,LOS ANGELES,POMONA,-117.7601897,34.07100524
6877901,2014,2015-04-14,9525,2014-12-08,0335,20410,NA,1,3,5,1906,0,1,1,NA,2,103,RT 10,RT 605,0,NA,N,A,-,Y,NA,NA,10,NA,NA,NA,NA,NA,NA,Y,2,0,1,1,A,-,03,22350,NA,N,E,I,A,A,H,-,C,D,0,NA,NA,NA,NA,Y,NA,A,07,1,0,0,0,0,0,0,0,0,TO,-,34.06612,-117.99893,LOS ANGELES,BALDWIN PARK,-117.99883561,34.06532281
6877902,2014,2015-04-14,9525,2014-12-06,1025,12772,NA,6,1,5,1906,0,1,1,NA,2,104,RT 10,PUENTE AV,100,W,N,A,-,Y,NA,NA,10,NA,NA,NA,NA,NA,NA,Y,4,0,1,2,A,-,07,21658,A,M,E,I,A,A,H,-,A,D,0,NA,NA,NA,NA,Y,NA,A,07,0,0,1,0,0,0,0,0,0,-,-,34.07002,-117.9629,LOS ANGELES,BALDWIN PARK,-117.96289157,34.06994813
6877903,2014,2015-04-14,9525,2014-12-02,1300,20869,NA,2,1,3,1921,0,1,1,NA,2,201,RT 210,BUENA VISTA ST,1200,E,N,B,C,Y,NA,NA,210,NA,NA,NA,NA,NA,NA,Y,4,0,2,2,A,-,03,22350,NA,N,D,C,A,B,H,-,A,D,0,NA,NA,NA,NA,Y,NA,A,01,0,0,2,0,0,0,0,0,0,-,-,34.13554,-117.97383,LOS ANGELES,DUARTE,-117.97383056,34.13556584
6877904,2014,2015-04-13,9525,2014-12-02,1205,19682,NA,2,1,9,1900,0,2,4,NA,2,045,VALLEY BL,4TH AV,23,W,N,C,-,N,NA,NA,NA,NA,NA,NA,NA,NA,NA,Y,4,0,1,1,A,-,03,22350,NA,N,E,I,A,B,H,-,A,D,0,NA,NA,NA,NA,Y,NA,A,08,0,0,1,0,0,0,0,0,0,-,-,34.04228,-117.98533,LOS ANGELES,UNINCORPORATED,-117.98536841,34.04218016
6877905,2014,2015-04-13,9525,2014-12-03,0740,15337,NA,3,1,6,1975,0,1,1,NA,2,104,RT 10,COVINA PKWY,528,W,N,B,C,Y,NA,NA,10,NA,NA,NA,NA,NA,NA,Y,4,0,1,2,A,-,07,21658,A,N,F,A,A,B,H,-,A,D,0,NA,NA,Y,NA,Y,NA,A,01,0,0,1,0,0,0,0,0,1,-,-,34.07177,-117.9452,LOS ANGELES,WEST COVINA,-117.94520714,34.0718376
6877906,2014,2015-04-14,9525,2014-12-03,1257,17637,NA,3,1,5,1990,0,1,3,NA,2,574,RT 57,GOLDEN SPRINGS,1000,S,N,C,-,Y,NA,NA,NA,NA,NA,NA,NA,NA,NA,Y,4,0,1,2,A,-,08,22107,NA,N,B,C,A,B,H,-,A,D,0,NA,NA,NA,NA,Y,NA,A,01,0,0,1,0,0,0,0,0,0,-,-,33.99802,-117.93822,LOS ANGELES,DIAMOND BAR,-117.83758257,33.99911289
6877907,2014,2015-04-14,9525,2014-12-02,1718,17637,NA,2,2,9,1900,0,3,5,NA,2,002,HOLLENBECK AV,COVINA BL,200,N,N,C,-,N,NA,NA,NA,NA,NA,NA,NA,NA,NA,Y,4,0,1,2,A,-,08,22107,NA,N,C,E,A,B,H,-,C,D,0,NA,NA,NA,NA,Y,NA,A,01,0,0,1,0,0,0,0,0,0,-,-,34.09986,-117.89891,LOS ANGELES,UNINCORPORATED,-117.898984,34.09994828
6877908,2014,2015-04-13,9525,2014-12-05,1717,19291,NA,5,2,6,1975,0,1,1,NA,2,105,RT 10,CITRUS AV,50,W,N,A,-,Y,NA,NA,10,NA,NA,NA,NA,NA,NA,N,4,0,1,2,A,-,03,22350,NA,N,C,C,A,A,H,-,C,D,0,NA,NA,NA,NA,Y,NA,A,07,0,0,1,0,0,0,0,0,0,-,-,34.07225,-117.89229,LOS ANGELES,WEST COVINA,-117.89229296,34.07210654
6877909,2014,2015-04-13,9525,2014-12-05,0820,14971,NA,5,1,3,1921,0,1,1,NA,2,201,RT 210,HIGHLAND AV,300,W,N,A,-,Y,NA,NA,210,NA,NA,NA,NA,NA,NA,Y,4,0,1,4,A,-,03,22350,NA,N,C,C,A,A,H,-,A,D,0,NA,NA,NA,NA,Y,NA,A,01,0,0,1,0,0,0,0,0,0,-,-,34.13576,-117.96785,LOS ANGELES,DUARTE,-117.96784975999999,34.13566012
6877910,2014,2015-04-13,9525,2014-12-05,2220,20532,NA,5,3,4,1960,0,1,1,NA,2,208,RT 210,SAN DIMAS AV,528,W,N,A,-,Y,NA,NA,210,NA,NA,NA,NA,NA,NA,Y,4,0,1,2,A,-,07,21658,A,N,B,C,A,A,H,-,D,D,0,NA,NA,NA,NA,Y,NA,A,01,0,0,1,0,0,0,0,0,0,-,-,34.11957,-117.81288,LOS ANGELES,SAN DIMAS,-117.81287879,34.11967772
6877911,2014,2016-02-18,9525,2014-12-04,1025,14637,NA,4,1,9,1900,0,2,4,NA,2,022,ARROW HWY,LARK ELLEN AV,0,NA,Y,A,-,N,NA,NA,NA,NA,NA,NA,NA,NA,NA,Y,4,0,1,2,A,-,12,21453,A,N,A,C,A,A,H,-,A,D,0,NA,NA,NA,NA,Y,NA,A,01,0,0,1,0,0,0,0,0,0,-,-,34.10718,-117.91691,LOS ANGELES,UNINCORPORATED,-117.91697005,34.10689002
6877912,2014,2015-04-13,9525,2014-12-06,1752,19291,NA,6,2,6,1955,0,1,1,NA,2,107,RT 10,FAIRPLEX DR,50,E,N,A,-,Y,NA,NA,10,NA,NA,NA,NA,NA,NA,Y,4,0,1,3,A,-,04,21703,NA,N,C,C,A,A,-,-,E,A,0,NA,NA,NA,NA,Y,NA,A,01,0,0,1,0,0,0,0,0,0,-,-,34.07276,-117.78769,LOS ANGELES,POMONA,-117.78768415,34.07270329
6877913,2014,2015-04-13,9525,2014-12-06,0210,20552,NA,6,3,6,1955,0,1,1,NA,2,108,RT 10,FAIRPLEX DR,25,W,N,A,-,Y,NA,NA,NA,NA,NA,NA,NA,NA,NA,Y,2,0,2,3,A,-,03,22350,NA,F,C,C,A,A,H,-,C,D,0,NA,NA,NA,NA,Y,NA,A,07,1,1,0,0,0,0,0,0,0,TO,-,34.072,-117.8782,LOS ANGELES,POMONA,-117.78771133,34.07267927
6877914,2014,2015-04-13,9525,2014-12-06,1430,19506,NA,6,2,5,1990,0,1,3,NA,2,602,RT 60,GRAND AV,200,W,N,A,-,Y,NA,NA,60,NA,NA,NA,NA,NA,NA,Y,4,0,1,2,A,-,03,22350,NA,N,C,C,A,A,H,-,A,D,0,NA,NA,NA,NA,Y,NA,A,01,0,0,1,0,0,0,0,0,0,-,-,34.00947,-117.82361,LOS ANGELES,DIAMOND BAR,-117.82372841,34.00959213
6877915,2014,2016-03-29,9525,2014-12-06,0155,20537,NA,6,3,6,1955,0,1,1,NA,2,110,RT 10,WHITE AV,1056,W,N,A,-,Y,NA,NA,10,NA,NA,NA,NA,NA,NA,Y,2,0,1,2,A,-,01,23152,A,N,C,C,A,A,D,-,C,D,0,NA,NA,NA,NA,Y,Y,A,07,1,0,0,0,0,0,0,0,0,-,-,34.07159,-117.76841,LOS ANGELES,POMONA,-117.76841533,34.07155833
6877916,2014,2015-04-13,9525,2014-12-06,1530,19506,NA,6,2,5,1990,0,1,3,NA,2,603,RT 60,GRAND AV,1320,E,N,A,-,Y,NA,NA,60,NA,NA,NA,NA,NA,NA,Y,2,0,1,1,A,-,08,22107,NA,N,-,C,A,A,H,-,A,D,0,NA,NA,NA,NA,Y,NA,A,01,1,0,0,0,0,0,0,0,0,-,-,34.0153,-117.81903,LOS ANGELES,DIAMOND BAR,-117.8188529,34.01516651
6877917,2014,2015-04-13,9525,2014-12-15,1805,20869,NA,1,2,6,1955,0,1,3,NA,2,604,RT 60,RESERVOIR ST,1584,W,N,B,-,Y,NA,NA,60,NA,NA,NA,NA,NA,NA,N,4,0,1,2,A,-,04,21703,NA,N,C,C,A,A,H,-,D,D,0,NA,NA,NA,NA,Y,NA,A,07,0,0,1,0,0,0,0,0,0,-,-,34.02457,-117.73608,LOS ANGELES,POMONA,-117.73609283,34.02484828
6877918,2014,2015-04-13,9525,2014-12-16,0715,19682,NA,2,1,6,1955,0,1,1,NA,2,109,RT 10,DUDLEY ST,20,E,N,B,-,Y,NA,NA,10,NA,NA,NA,NA,NA,NA,Y,3,0,1,1,A,-,08,22107,NA,N,E,I,A,A,H,-,A,D,0,NA,NA,NA,NA,Y,NA,A,01,0,1,0,0,0,0,0,0,0,TO,-,34.07326,-117.77849,LOS ANGELES,POMONA,-117.77849505,34.07295843
6877919,2014,2015-04-13,9525,2014-12-13,0255,20058,NA,6,3,6,1955,0,1,1,NA,2,107,RT 10,DUDLEY ST,500,E,N,A,-,Y,NA,NA,NA,NA,NA,NA,NA,NA,NA,Y,3,0,1,1,A,-,08,22107,NA,F,E,I,A,A,H,-,C,D,0,NA,NA,NA,NA,Y,NA,A,01,0,1,0,0,0,0,0,0,0,-,-,34.41987,-117.4617,LOS ANGELES,POMONA,-117.77677685,34.07268835
6877920,2014,2015-04-13,9525,2014-12-14,1558,20216,NA,7,2,5,1906,0,1,1,NA,2,104,RT 10,FRANCISQUITO AV,300,E,N,A,-,Y,NA,NA,10,NA,NA,NA,NA,NA,NA,Y,4,0,1,2,A,-,03,22350,NA,F,C,C,A,A,H,-,A,D,0,NA,NA,NA,NA,Y,NA,A,01,0,0,1,0,0,0,0,0,0,TO,-,34.06846,-117.97281,LOS ANGELES,BALDWIN PARK,-117.97283332,34.06863378
6877965,2015,2015-04-22,1900,2015-01-28,1650,548799,1364,3,5,5,1952,0,0,0,NA,0,136F,GARFIELD AV,RICHFIELD ST,60,S,N,A,-,N,NA,NA,NA,NA,NA,NA,NA,NA,NA,N,4,0,2,2,A,-,03,22350,A,N,C,C,A,A,H,-,A,D,0,NA,NA,NA,NA,Y,NA,D,22,0,0,2,0,0,0,0,0,0,-,-,NA,NA,LOS ANGELES,PARAMOUNT,-118.16886,33.90166546
6877966,2015,2015-04-22,1900,2015-01-29,1341,524069,1363,4,5,5,1952,0,0,0,NA,0,136T1,ORANGE AV,SAN MATEO ST,20,E,N,A,-,N,NA,NA,NA,NA,NA,NA,NA,NA,NA,Y,3,0,1,2,A,-,05,21650,NA,N,B,C,A,A,H,-,A,A,0,NA,NA,Y,NA,Y,NA,C,03,0,1,0,0,0,0,0,0,1,-,-,NA,NA,LOS ANGELES,PARAMOUNT,-118.17754,33.8988
6877975,2014,2015-05-04,1900,2014-12-30,1800,476816,1329,2,5,5,1935,0,0,0,NA,0,132M,DEL AMO BL,HAZELBROOK AV,100,E,N,B,-,N,NA,NA,NA,NA,NA,NA,NA,NA,NA,Y,4,0,3,4,A,-,03,22350,NA,N,C,C,A,B,H,-,C,A,0,NA,NA,NA,NA,Y,NA,M,NA,0,0,3,0,0,0,0,0,0,-,-,NA,NA,LOS ANGELES,LAKEWOOD,-118.13941136,33.84716782
6877979,2015,2015-04-22,1900,2015-01-08,1403,493191,1337,4,5,5,1908,0,0,0,NA,0,133T2,BELLFLOWER BL,HARVARD ST,191,S,N,A,-,N,NA,NA,NA,NA,NA,NA,NA,NA,NA,N,2,0,1,3,A,-,00,21760,B,N,B,G,A,A,H,-,A,D,0,NA,Y,NA,NA,Y,NA,D,NA,1,0,0,0,0,0,1,0,0,-,-,NA,NA,LOS ANGELES,BELLFLOWER,-118.12533,33.88791625
6877987,2015,2015-04-22,1900,2015-01-11,2115,523746,1365,7,5,5,1952,0,0,0,NA,0,136DP,ROSECRANS AV,PARAMOUNT BL,0,NA,Y,A,-,N,NA,NA,NA,NA,NA,NA,NA,NA,NA,N,4,0,1,2,A,-,12,21453,A,M,G,B,B,B,H,-,C,A,0,Y,NA,NA,NA,Y,NA,D,22,0,0,1,0,1,0,0,0,0,-,-,NA,NA,LOS ANGELES,PARAMOUNT,-118.16024011,33.90375008
6877991,2015,2015-04-22,1900,2015-01-22,1030,273559,1349,4,5,3,1903,0,0,0,NA,0,134A,NORWALK BL,CAMBRIAN CT,30,N,N,A,-,N,NA,NA,NA,NA,NA,NA,NA,NA,NA,N,4,0,2,2,A,-,04,21703,NA,N,C,C,A,A,H,-,A,A,0,NA,NA,NA,NA,Y,Y,D,22,0,0,2,0,0,0,0,0,0,-,-,NA,NA,LOS ANGELES,ARTESIA,-118.072293,33.85712
6877995,2015,2015-04-22,1918,2015-01-16,1741,1119,NA,5,5,4,1918,0,0,0,NA,0,PATROL,CULVER BL,SAWTELLE BL,0,NA,Y,A,-,N,NA,NA,NA,NA,NA,NA,NA,NA,NA,Y,3,0,1,2,A,-,09,21801,A,N,A,C,A,A,H,-,C,A,0,NA,NA,NA,NA,Y,NA,A,01,0,1,0,0,0,0,0,0,0,-,-,34.40857,-118.24428,LOS ANGELES,CULVER CITY,-118.41204002,34.00253003
6877996,2015,2015-04-22,1918,2015-01-28,1410,701,NA,3,5,4,1918,0,0,0,NA,0,2M5,SAWTELLE AV,MCDONALD ST,42,S,N,B,-,N,NA,NA,NA,NA,NA,NA,NA,NA,NA,N,4,0,1,2,A,-,03,22350,NA,N,C,C,A,A,H,-,A,D,0,NA,NA,NA,NA,Y,NA,D,22,0,0,1,0,0,0,0,0,0,-,-,33.99614,-118.4019,LOS ANGELES,CULVER CITY,-118.40194158,33.99626849
6877998,2015,2016-04-13,1918,2015-02-12,0757,701,NA,4,5,4,1918,0,0,0,NA,0,2M5,WASHINGTON BL,COMEY AV,0,NA,Y,A,-,N,NA,NA,NA,NA,NA,NA,NA,NA,NA,Y,3,0,1,1,A,-,01,23152,A,N,E,I,A,A,H,-,A,A,0,NA,NA,NA,NA,Y,Y,D,22,0,1,0,0,0,0,0,0,0,-,-,34.01591,-118.22234,LOS ANGELES,CULVER CITY,-118.37316009,34.03299012
6877999,2015,2016-04-13,1918,2015-02-13,1239,773,NA,5,5,4,1918,0,0,0,NA,0,2M11,HANNUM AV,WESTFIELD DR,30,S,N,A,-,N,NA,NA,NA,NA,NA,NA,NA,NA,NA,N,4,0,1,2,A,-,04,21703,NA,N,C,C,A,A,H,-,A,A,0,NA,NA,NA,Y,Y,NA,F,26,0,0,1,0,0,0,0,0,0,-,-,33.59151,-118.23271,LOS ANGELES,CULVER CITY,-118.39098,33.98756
6878000,2015,2015-05-05,1918,2015-02-19,1725,742,070,4,5,4,1918,0,0,0,NA,0,2TL22,CULVER BL,DUQUESNE AV,0,NA,Y,A,-,N,NA,NA,NA,NA,NA,NA,NA,NA,NA,Y,3,0,1,2,A,-,17,21451,A,N,D,C,A,A,H,-,B,A,0,NA,NA,NA,NA,Y,NA,D,22,0,1,0,0,0,0,0,0,0,-,-,34.02108,-118.39659,LOS ANGELES,CULVER CITY,-118.39673009,34.0211401
6878009,2014,2015-04-17,9525,2014-12-20,1010,16913,NA,6,1,9,1900,0,3,5,NA,2,003,SAN JOSE AV,FAIRWAY DR,1000,W,N,A,-,N,NA,NA,NA,NA,NA,NA,NA,NA,NA,N,4,0,1,2,A,-,11,21954,A,N,G,B,D,A,H,-,A,D,0,Y,NA,NA,NA,Y,NA,N,60,0,0,1,0,1,0,0,0,0,-,-,33.99649,-117.87214,LOS ANGELES,UNINCORPORATED,-117.87417886,33.99990501
6878051,2015,2016-04-13,1918,2015-02-22,0655,1047,381,7,5,4,1918,0,0,0,NA,0,PATROL,WEST WASHINGTON BL,N ZANJA ST,0,NA,Y,A,-,N,NA,NA,NA,NA,NA,NA,NA,NA,NA,Y,4,0,1,2,A,-,-,NA,NA,N,A,C,A,A,H,-,A,A,0,NA,NA,NA,NA,Y,NA,D,22,0,0,1,0,0,0,0,0,0,-,-,33.99686,-118.43521,LOS ANGELES,CULVER CITY,-118.43519003,33.99691008
6878073,2015,2016-11-05,9575,2015-02-20,2325,20691,NA,5,3,7,1942,0,1,3,NA,2,070,RT 118,LAUREL CANYON BL,500,W,N,A,-,Y,LA,7,118,-,R,11.46,H,-,W,Y,3,0,2,2,A,-,01,23152,E,N,-,C,A,A,H,-,D,D,1,NA,NA,NA,NA,Y,NA,A,07,0,1,1,0,0,0,0,0,0,-,-,34.26707,-118.44271,LOS ANGELES,LOS ANGELES,-118.44340143,34.26702422
6878103,2015,2015-05-13,1900,2015-03-31,0755,509580,0643,2,5,6,1985,0,0,0,NA,0,61T1,GOLDEN VALLEY RD,VALLEY CENTER DR,30,S,N,A,-,N,NA,NA,NA,NA,NA,NA,NA,NA,NA,Y,4,0,1,2,A,-,06,21755,A,N,D,C,A,A,H,-,A,A,0,NA,NA,NA,Y,Y,NA,A,01,0,0,1,0,0,0,0,0,0,-,-,NA,NA,LOS ANGELES,SANTA CLARITA,-118.50397884,34.4235096
6878107,2015,2015-04-16,1900,2015-03-29,0220,506937,0645,7,5,6,1985,0,0,0,NA,0,6217E,NEWHALL RANCH RD,FORD CT,200,E,N,A,-,N,NA,NA,NA,NA,NA,NA,NA,NA,NA,Y,2,0,1,1,A,-,01,23152,A,N,E,I,A,A,H,-,C,D,0,NA,NA,NA,NA,Y,Y,D,22,1,0,0,0,0,0,0,0,0,-,-,NA,NA,LOS ANGELES,SANTA CLARITA,NA,NA
6878123,2015,2015-05-13,1900,2015-03-29,1630,450416,0645,7,5,6,1985,0,0,0,NA,0,62T1,SCOTT AV,TIBBETTS AV,0,NA,Y,A,-,N,NA,NA,NA,NA,NA,NA,NA,NA,NA,Y,3,0,2,2,A,-,12,21453,A,N,D,C,A,A,H,-,A,A,0,NA,NA,NA,NA,Y,NA,D,22,0,1,1,0,0,0,0,0,0,-,-,NA,NA,LOS ANGELES,SANTA CLARITA,-118.56969005,34.43200001
6878131,2015,2015-04-16,1900,2015-03-24,1545,520084,0629,2,5,6,1985,0,0,0,NA,0,62T1,LYONS AV,NEWHALL AV,0,NA,Y,A,-,N,NA,NA,NA,NA,NA,NA,NA,NA,NA,Y,4,0,2,2,D,-,00,NA,NA,N,D,C,A,A,H,-,A,A,0,NA,NA,NA,NA,Y,NA,-,-,0,0,2,0,0,0,0,0,0,-,-,NA,NA,LOS ANGELES,SANTA CLARITA,-118.53307003,34.3802901
6878164,2015,2016-11-03,1900,2015-04-01,1040,516691,2843,3,5,5,1915,0,0,0,NA,0,282T1,ALONDRA BL,RT 710,0,NA,Y,A,-,Y,LA,7,710,-,-,13.811,R,4,N,Y,4,0,1,3,A,-,03,22350,NA,N,C,C,A,A,A,-,A,A,0,NA,NA,NA,NA,Y,NA,A,01,0,0,1,0,0,0,0,0,0,-,-,NA,NA,LOS ANGELES,COMPTON,-118.1894542,33.88719267
6878188,2015,2015-05-13,1900,2015-03-24,2136,526451,2847,2,5,5,1915,0,0,0,NA,0,281T1,ATLANTIC AV,SPORTSMAN DR,0,NA,Y,A,-,N,NA,NA,NA,NA,NA,NA,NA,NA,NA,Y,4,0,1,2,A,-,09,21804,A,N,C,C,A,A,H,-,C,D,0,NA,NA,NA,Y,Y,NA,F,27,0,0,1,0,0,0,0,0,0,-,-,NA,NA,LOS ANGELES,COMPTON,-118.19010007,33.88437005
6878190,2015,2015-05-13,1922,2015-03-31,1501,650,NA,2,5,6,1922,0,0,0,NA,0,004,VALLEY BL,LA MADERA,400,W,N,A,-,N,NA,NA,NA,NA,NA,NA,NA,NA,NA,Y,4,0,1,3,A,-,08,22107,NA,N,C,E,A,A,H,-,A,D,0,NA,NA,NA,Y,Y,NA,A,08,0,0,1,0,0,0,0,0,0,-,-,NA,NA,LOS ANGELES,EL MONTE,-118.02458465,34.06638975
6878194,2015,2015-04-17,1922,2015-03-29,1127,517,NA,7,5,6,1922,0,0,0,NA,0,NA,VALLEY BL,MEEKER AV,50,E,N,A,-,N,NA,NA,NA,NA,NA,NA,NA,NA,NA,Y,4,0,2,2,A,-,04,21703,NA,N,C,C,A,A,H,-,A,A,0,NA,NA,NA,NA,Y,NA,-,NA,0,0,2,0,0,0,0,0,0,-,-,NA,NA,LOS ANGELES,EL MONTE,-118.02948022,34.06997589
6878198,2015,2015-04-17,1922,2015-03-30,0709,566,NA,1,5,6,1922,0,0,0,NA,0,NA,LOWER AZUSA,ELROVIA,100,W,N,A,-,N,NA,NA,NA,NA,NA,NA,NA,NA,NA,N,4,0,1,2,A,-,09,21804,A,N,D,C,A,A,H,-,A,D,0,NA,NA,NA,NA,Y,NA,-,NA,0,0,1,0,0,0,0,0,0,-,-,NA,NA,LOS ANGELES,EL MONTE,-118.01799737,34.09129148
6878206,2015,2015-04-21,1922,2015-04-04,0251,635,NA,6,5,6,1922,0,0,0,NA,0,NA,GARVEY AV,SANTA ANA AV,0,NA,Y,A,-,N,NA,NA,NA,NA,NA,NA,NA,NA,NA,Y,4,0,1,2,A,-,03,22350,NA,N,C,C,A,A,H,-,C,A,0,NA,NA,NA,NA,Y,Y,D,22,0,0,1,0,0,0,0,0,0,-,-,NA,NA,LOS ANGELES,EL MONTE,-118.04250004,34.06275004
6878214,2015,2015-04-17,1922,2015-03-27,0900,640,NA,5,5,6,1922,0,0,0,NA,0,001,PECK RD,VALLEY BL,100,N,N,A,-,N,NA,NA,NA,NA,NA,NA,NA,NA,NA,N,4,0,1,2,A,-,03,22350,NA,N,C,C,A,A,H,-,A,A,0,NA,NA,NA,NA,Y,NA,D,22,0,0,1,0,0,0,0,0,0,-,-,NA,NA,LOS ANGELES,EL MONTE,-118.02790925,34.06914075
6878222,2015,2015-04-17,1922,2015-03-26,0720,576,NA,4,5,6,1922,0,0,0,NA,0,NA,VALLEY BL,GILMAN RD,0,NA,Y,A,-,N,NA,NA,NA,NA,NA,NA,NA,NA,NA,Y,4,0,1,2,A,-,09,21801,A,N,D,-,A,A,H,-,A,D,0,NA,NA,NA,NA,Y,NA,D,22,0,0,1,0,0,0,0,0,0,-,-,NA,NA,LOS ANGELES,EL MONTE,-118.01152006,34.05889
6878226,2015,2015-05-13,1922,2015-03-21,1039,620,NA,6,5,6,1922,0,0,0,NA,0,NA,TYLER AV,BRYANT RD,25,N,N,A,-,N,NA,NA,NA,NA,NA,NA,NA,NA,NA,N,4,0,1,2,A,-,03,22350,NA,N,C,C,A,A,H,-,A,A,0,NA,NA,NA,NA,Y,NA,A,08,0,0,1,0,0,0,0,0,0,-,-,NA,NA,LOS ANGELES,EL MONTE,-118.03204933,34.08109635