CASE_ID,ACCIDENT_YEAR,PROC_DATE,JURIS,COLLISION_DATE,COLLISION_TIME,OFFICER_ID,REPORTING_DISTRICT,DAY_OF_WEEK,CHP_SHIFT,POPULATION,CNTY_CITY_LOC,SPECIAL_COND,BEAT_TYPE,CHP_BEAT_TYPE,CITY_DIVISION_LAPD,CHP_BEAT_CLASS,BEAT_NUMBER,PRIMARY_RD,SECONDARY_RD,DISTANCE,DIRECTION,INTERSECTION,WEATHER_1,WEATHER_2,STATE_HWY_IND,CALTRANS_COUNTY,CALTRANS_DISTRICT,STATE_ROUTE,ROUTE_SUFFIX,POSTMILE_PREFIX,POSTMILE,LOCATION_TYPE,RAMP_INTERSECTION,SIDE_OF_HWY,TOW_AWAY,COLLISION_SEVERITY,NUMBER_KILLED,NUMBER_INJURED,PARTY_COUNT,PRIMARY_COLL_FACTOR,PCF_CODE_OF_VIOL,PCF_VIOL_CATEGORY,PCF_VIOLATION,PCF_VIOL_SUBSECTION,HIT_AND_RUN,TYPE_OF_COLLISION,MVIW,PED_ACTION,ROAD_SURFACE,ROAD_COND_1,ROAD_COND_2,LIGHTING,CONTROL_DEVICE,CHP_ROAD_TYPE,PEDESTRIAN_ACCIDENT,BICYCLE_ACCIDENT,MOTORCYCLE_ACCIDENT,TRUCK_ACCIDENT,NOT_PRIVATE_PROPERTY,ALCOHOL_INVOLVED,STWD_VEHTYPE_AT_FAULT,CHP_VEHTYPE_AT_FAULT,COUNT_SEVERE_INJ,COUNT_VISIBLE_INJ,COUNT_COMPLAINT_PAIN,COUNT_PED_KILLED,COUNT_PED_INJURED,COUNT_BICYCLIST_KILLED,COUNT_BICYCLIST_INJURED,COUNT_MC_KILLED,COUNT_MC_INJURED,PRIMARY_RAMP,SECONDARY_RAMP,LATITUDE,LONGITUDE,COUNTY,CITY,POINT_X,POINT_Y
6879481,2015,2016-10-14,9590,2015-02-27,0233,19780,NA,5,3,7,1942,0,1,2,NA,2,072,RT 101,BARHAM BL,225,S,N,A,-,Y,LA,7,101,-,-,9.05,H,-,N,Y,3,0,2,2,A,-,01,23152,A,N,C,C,A,A,H,-,C,D,1,NA,NA,NA,NA,Y,Y,A,01,0,2,0,0,0,0,0,0,0,-,-,34.13265,-118.34992,LOS ANGELES,LOS ANGELES,-118.34498321,34.12692986
6879482,2015,2016-09-13,9590,2015-02-22,0515,19353,NA,7,3,7,1942,0,1,2,NA,2,073,RT 101,MELROSE AV,150,N,N,A,-,Y,LA,7,101,-,-,4.93,H,-,S,Y,3,0,2,1,A,-,08,22107,NA,F,E,I,A,A,H,-,C,D,1,NA,NA,NA,NA,Y,NA,A,01,0,2,0,0,0,0,0,0,0,-,-,34.08422,-118.29979,LOS ANGELES,LOS ANGELES,-118.29980103,34.08423004
6879485,2015,2016-11-01,9590,2015-02-26,1505,16127,NA,4,2,7,1942,0,1,1,NA,2,053,RT 110,28TH ST,100,S,N,A,-,Y,LA,7,110,-,-,20.56,H,-,S,N,4,0,1,2,A,-,03,22350,NA,N,C,C,A,A,H,-,A,D,1,NA,NA,NA,NA,Y,NA,A,07,0,0,1,0,0,0,0,0,0,-,-,34.02301,-118.27773,LOS ANGELES,LOS ANGELES,-118.27566322,34.02567961
6879489,2015,2016-09-02,9590,2015-02-25,1849,17148,NA,3,2,7,1942,0,1,1,NA,2,085,RT 5,LOS FELIZ BL,400,N,N,A,-,Y,LA,7,5,-,-,24.8,H,-,S,Y,4,0,1,2,A,-,03,22350,NA,N,C,C,A,A,H,-,C,D,1,NA,NA,NA,NA,Y,NA,A,01,0,0,1,0,0,0,0,0,0,-,-,34.12687,-118.27363,LOS ANGELES,LOS ANGELES,-118.27356452,34.1270832
6879492,2015,2015-04-17,1925,2015-02-04,0540,19893,220,3,5,6,1925,0,0,0,NA,0,001,BRAND BL,SANCHEZ DR,0,NA,Y,E,-,N,NA,NA,NA,NA,NA,NA,NA,NA,NA,Y,4,0,1,2,A,-,12,21453,A,F,D,C,A,A,H,-,C,A,0,NA,NA,NA,NA,Y,NA,A,01,0,0,1,0,0,0,0,0,0,-,-,NA,NA,LOS ANGELES,GLENDALE,-118.25514004,34.1559401
6879493,2015,2016-09-14,9590,2015-02-17,1540,13179,NA,2,2,7,1942,0,1,1,NA,2,053,RT 110,5TH ST,50,S,N,A,-,Y,LA,7,110,-,-,22.82,H,-,S,N,4,0,2,2,A,-,03,22350,NA,N,C,C,A,A,H,-,A,D,1,NA,NA,NA,NA,Y,NA,A,01,0,0,2,0,0,0,0,0,0,-,-,34.05545,-118.25683,LOS ANGELES,LOS ANGELES,-118.25919977,34.05267405
6879496,2015,2015-04-17,1925,2015-02-03,0938,15427,163,2,5,6,1925,0,0,0,NA,0,001,GLENOAKS BL,JACKSON ST,0,NA,Y,A,-,N,NA,NA,NA,NA,NA,NA,NA,NA,NA,N,3,0,1,2,A,-,10,21950,A,N,-,B,B,A,H,-,A,A,0,Y,NA,NA,NA,Y,NA,A,07,0,1,0,0,1,0,0,0,0,-,-,NA,NA,LOS ANGELES,GLENDALE,-118.25021004,34.15832002
6879497,2015,2016-09-12,9590,2015-02-25,1630,16692,NA,3,2,7,1942,0,1,2,NA,2,071,RT 101,LOS ANGELES ST,10,S,N,A,-,Y,LA,7,101,-,-,0.87,H,-,S,Y,4,0,1,2,A,-,03,22350,NA,N,C,C,A,A,H,-,A,D,1,NA,NA,NA,NA,Y,NA,A,01,0,0,1,0,0,0,0,0,0,-,-,34.05536,-118.24017,LOS ANGELES,LOS ANGELES,-118.23946611,34.05504827
6879499,2015,2015-05-07,1942,2015-02-24,1525,41679,0852,2,5,7,1942,0,0,0,H,0,8A14,SANTA MONICA BL,BARRY AV,0,NA,Y,-,-,N,NA,NA,NA,NA,NA,NA,NA,NA,NA,Y,4,0,1,2,A,-,09,21802,A,N,A,C,A,-,-,-,-,D,0,NA,NA,NA,NA,Y,NA,A,07,0,0,1,0,0,0,0,0,0,-,-,NA,NA,LOS ANGELES,LOS ANGELES,-118.45498009,34.04421006
6879501,2015,2016-09-23,9590,2015-02-19,1220,15575,NA,4,1,7,1942,0,1,3,NA,2,095,RT 2,NEWELL ST,155,W,N,A,-,Y,LA,7,2,-,-,14.99,R,1,W,N,4,0,1,2,A,-,03,22350,NA,N,C,C,A,A,H,-,A,D,1,NA,NA,NA,NA,Y,NA,A,01,0,0,1,0,0,0,0,0,0,TO,-,34.09879,-118.24758,LOS ANGELES,LOS ANGELES,-118.25097942,34.10045377
6879503,2015,2015-05-07,1942,2015-02-17,0910,33191,885,2,5,7,1942,0,0,0,NA,0,8TL35,PICO BL,PARNELL AV,0,NA,Y,A,-,N,NA,NA,NA,NA,NA,NA,NA,NA,NA,Y,3,0,1,3,A,-,09,21801,B,N,D,C,A,A,H,-,A,D,0,NA,NA,NA,NA,Y,NA,A,01,0,1,0,0,0,0,0,0,0,-,-,NA,NA,LOS ANGELES,LOS ANGELES,-118.4219901,34.04349002
6879505,2015,2016-09-07,9590,2015-02-25,1821,20095,NA,3,2,7,1942,0,1,3,NA,2,031,RT 10,SOTO ST,200,W,N,A,-,Y,LA,7,10,-,-,19.03,H,-,W,Y,4,0,2,3,A,-,03,22350,NA,N,C,C,A,A,H,-,C,D,1,NA,NA,NA,NA,Y,NA,A,01,0,0,2,0,0,0,0,0,0,-,-,34.05391,-118.20545,LOS ANGELES,LOS ANGELES,-118.20344411,34.05437526
6879509,2015,2016-10-10,9590,2015-02-25,2308,19944,NA,3,3,7,1942,0,1,2,NA,2,071,RT 101,GLENDALE BL,517,N,N,A,-,Y,LA,7,101,-,-,2.611,R,3,S,Y,4,0,1,2,A,-,01,23152,A,N,E,I,A,A,H,-,C,D,1,NA,NA,NA,NA,Y,Y,A,01,0,0,1,0,0,0,0,0,0,TO,-,34.04124,-118.15479,LOS ANGELES,LOS ANGELES,-118.26300983,34.07025353
6879513,2015,2016-09-14,9590,2015-02-10,1245,13179,NA,2,1,7,1942,0,1,1,NA,2,011,RT 110,YALE ST,100,N,N,A,-,Y,LA,7,110,-,-,24.39,H,-,S,Y,4,0,1,4,A,-,03,22350,NA,N,C,C,A,A,H,-,A,D,1,NA,NA,NA,NA,Y,NA,A,07,0,0,1,0,0,0,0,0,0,-,-,34.06747,-118.23927,LOS ANGELES,LOS ANGELES,-118.23911878,34.0674605
6879515,2015,2015-04-17,1942,2015-02-25,1630,40432,835,3,5,7,1942,0,0,0,NA,0,8A34,WESTWOOD BL,MISSOURI AV,0,NA,Y,A,-,N,NA,NA,NA,NA,NA,NA,NA,NA,NA,N,3,0,1,2,A,-,08,22107,NA,N,A,B,B,A,H,-,A,A,0,Y,NA,NA,NA,Y,NA,A,01,0,1,0,0,1,0,0,0,0,-,-,NA,NA,LOS ANGELES,LOS ANGELES,-118.43546003,34.04822007
6879517,2015,2016-10-10,9590,2015-02-24,0115,20740,NA,2,3,7,1942,0,1,2,NA,2,071,RT 101,RT 110,200,N,N,A,-,Y,LA,7,101,-,-,1.744,R,1,S,Y,3,0,1,1,A,-,01,23152,A,N,B,I,A,A,H,-,C,D,1,NA,NA,NA,NA,Y,Y,A,07,0,1,0,0,0,0,0,0,0,TO,-,34.06341,-118.24987,LOS ANGELES,LOS ANGELES,-118.25026576,34.06401328
6879521,2015,2015-04-17,1925,2015-02-24,0857,14881,217,2,5,6,1925,0,0,0,NA,0,001,SALEM ST,SAN FERNANDO RD,202,E,N,A,-,N,NA,NA,NA,NA,NA,NA,NA,NA,NA,Y,4,0,2,5,A,-,21,22106,NA,N,B,C,A,A,H,-,A,D,0,NA,NA,NA,NA,Y,NA,A,01,0,0,2,0,0,0,0,0,0,-,-,NA,NA,LOS ANGELES,GLENDALE,-118.27222368,34.14885
6879522,2015,2015-04-17,1925,2015-02-02,1230,19167,122,1,5,6,1925,0,0,0,NA,0,005,MONTROSE AV,RAMSDELL AV,641,E,N,A,-,N,NA,NA,NA,NA,NA,NA,NA,NA,NA,Y,3,0,2,2,A,-,09,21804,A,N,D,C,A,A,H,-,A,D,0,NA,NA,NA,NA,Y,NA,A,07,0,2,0,0,0,0,0,0,0,-,-,NA,NA,LOS ANGELES,GLENDALE,-118.24264567,34.21764691
6879524,2015,2015-05-05,1900,2015-03-01,1635,513559,2311,7,5,5,1919,0,0,0,NA,0,230T,183RD ST,GRIDELY RD,612,W,N,B,-,N,NA,NA,NA,NA,NA,NA,NA,NA,NA,Y,2,0,2,2,A,-,12,21453,A,N,D,C,A,A,H,-,A,A,0,NA,NA,NA,NA,Y,NA,D,22,1,1,0,0,0,0,0,0,0,-,-,NA,NA,LOS ANGELES,CERRITOS,-118.09301406,33.86560173
6879525,2015,2015-04-17,1925,2015-02-28,1152,21092,219,6,5,6,1925,0,0,0,NA,0,001,ARDEN AV,COLUMBUS AV,236,E,N,B,-,N,NA,NA,NA,NA,NA,NA,NA,NA,NA,Y,3,0,2,2,A,-,09,21804,A,N,D,C,A,A,H,-,A,D,0,NA,NA,NA,NA,Y,NA,A,01,0,2,0,0,0,0,0,0,0,-,-,NA,NA,LOS ANGELES,GLENDALE,-118.26064153,34.15846906
6879526,2015,2015-04-17,1925,2015-02-02,1349,22359,119,1,5,6,1925,0,0,0,NA,0,005,PENNSYLVANIA,ENCINAL AV,36,S,N,A,-,N,NA,NA,NA,NA,NA,NA,NA,NA,NA,N,4,0,2,2,A,-,03,22350,NA,N,C,C,A,A,H,-,A,A,0,NA,NA,NA,NA,Y,NA,A,NA,0,0,2,0,0,0,0,0,0,-,-,NA,NA,LOS ANGELES,GLENDALE,-118.24871219,34.22401129
6879528,2015,2015-05-04,1900,2015-02-28,1450,513559,2312,6,5,5,1919,0,0,0,NA,0,230T,STUDEBAKER RD,AUTO SQUARE DR,150,S,N,B,-,N,NA,NA,NA,NA,NA,NA,NA,NA,NA,Y,4,0,1,2,A,-,09,21804,A,N,C,C,A,A,H,-,A,D,0,NA,NA,NA,Y,Y,NA,F,55,0,0,1,0,0,0,0,0,0,-,-,NA,NA,LOS ANGELES,CERRITOS,-118.09971178,33.86151875
6879529,2015,2015-04-17,1925,2015-02-19,1518,19364,110,4,5,6,1925,0,0,0,NA,0,005,FOOTHILL BL,NEW YORK AV,300,E,N,A,-,N,NA,NA,NA,NA,NA,NA,NA,NA,NA,Y,4,0,1,3,A,-,03,22350,NA,N,C,C,A,A,H,-,A,D,0,NA,NA,NA,NA,Y,NA,A,08,0,0,1,0,0,0,0,0,0,-,-,NA,NA,LOS ANGELES,GLENDALE,-118.25224269,34.23179182
6879530,2015,2015-04-17,1925,2015-02-04,2245,25361,NA,3,5,6,1925,0,0,0,NA,0,NA,CHEVY CHASE DR,SOLWAY ST,206,E,N,A,-,N,NA,NA,NA,NA,NA,NA,NA,NA,NA,N,3,0,2,2,A,-,03,22350,NA,N,C,C,A,A,H,-,C,D,0,NA,NA,NA,NA,Y,NA,A,01,0,1,1,0,0,0,0,0,0,-,-,NA,NA,LOS ANGELES,GLENDALE,-118.22174517,34.15697408
6879534,2015,2015-04-17,1925,2015-02-04,2238,21110,263,3,5,6,1925,0,0,0,NA,0,002,COLORADO ST,PACIFIC AV,116,E,N,A,-,N,NA,NA,NA,NA,NA,NA,NA,NA,NA,Y,4,0,1,2,A,-,09,21801,A,F,D,C,A,A,H,-,C,D,0,NA,NA,Y,NA,Y,NA,A,01,0,0,1,0,0,0,0,0,1,-,-,NA,NA,LOS ANGELES,GLENDALE,-118.26403739,34.14252
6879548,2015,2015-05-01,1900,2015-02-10,1505,512294,2321,2,5,5,1919,0,0,0,NA,0,230K1,GRIDLEY RD,SOUTH ST,194,N,N,A,-,N,NA,NA,NA,NA,NA,NA,NA,NA,NA,N,4,0,2,3,A,-,04,21703,NA,N,C,C,A,A,H,-,A,A,0,NA,NA,NA,NA,Y,NA,A,NA,0,0,2,0,0,0,0,0,0,-,-,NA,NA,LOS ANGELES,CERRITOS,-118.09096841,33.85903195
6879558,2015,2015-04-17,1942,2015-02-26,1035,38835,1985,4,5,7,1942,0,0,0,NA,0,19A7,VAN NUYS BL,OSBORNE ST,100,N,N,A,-,N,NA,NA,NA,NA,NA,NA,NA,NA,NA,N,4,0,2,2,A,-,08,22107,NA,N,B,C,A,A,H,-,A,D,0,NA,NA,NA,NA,Y,NA,A,01,0,0,2,0,0,0,0,0,0,-,-,NA,NA,LOS ANGELES,LOS ANGELES,-118.45025,34.23336429
6879590,2015,2015-04-16,1925,2015-02-23,2016,24485,190,1,5,6,1925,0,0,0,NA,0,001,W GLENOAKS BL,ALLEN AV,156,E,N,A,-,N,NA,NA,NA,NA,NA,NA,NA,NA,NA,N,4,0,1,2,A,-,03,22350,NA,N,C,C,A,A,H,-,C,A,0,NA,NA,Y,NA,Y,NA,C,02,0,0,1,0,0,0,0,0,1,-,-,NA,NA,LOS ANGELES,GLENDALE,-118.29321283,34.17357807
6879594,2015,2015-04-16,1925,2015-02-13,1438,16899,152,5,5,6,1925,0,0,0,NA,0,004,EMERALD ISLE DR,BALMAIN WY,125,E,N,A,-,N,NA,NA,NA,NA,NA,NA,NA,NA,NA,Y,4,0,1,2,A,-,03,22350,NA,N,B,E,A,A,H,-,A,D,0,NA,NA,NA,NA,Y,NA,A,01,0,0,1,0,0,0,0,0,0,-,-,NA,NA,LOS ANGELES,GLENDALE,-118.20000792,34.17912438
6879595,2015,2015-05-05,1900,2015-03-14,1230,405950,2310,6,5,5,1919,0,0,0,NA,0,230T,STUDEBAKER RD,COLLEGE PL,100,N,N,A,-,N,NA,NA,NA,NA,NA,NA,NA,NA,NA,Y,4,0,1,2,A,-,03,22350,NA,N,C,C,A,A,H,-,A,D,0,NA,NA,NA,NA,Y,NA,D,22,0,0,1,0,0,0,0,0,0,-,-,NA,NA,LOS ANGELES,CERRITOS,-118.09995,33.88552421
6879597,2015,2015-04-22,1967,2015-02-16,1645,116,941,1,5,2,1967,0,0,0,NA,0,SOUTH,CHERRY AV,CRESCENT HEIGHTS,278,S,N,A,-,N,NA,NA,NA,NA,NA,NA,NA,NA,NA,N,3,0,1,2,A,-,08,22107,NA,N,D,G,A,A,H,-,A,A,0,NA,Y,NA,NA,Y,NA,-,-,0,1,0,0,0,0,1,0,0,-,-,NA,NA,LOS ANGELES,SIGNAL HILL,-118.1677,33.801798
6879598,2015,2015-04-16,1925,2015-02-17,1028,19167,158,2,5,6,1925,0,0,0,NA,0,004,VERDUGO RD,MONTEREY RD,545,N,N,A,-,N,NA,NA,NA,NA,NA,NA,NA,NA,NA,Y,4,0,2,3,A,-,03,22350,NA,N,A,C,A,A,H,-,A,D,0,NA,NA,NA,NA,Y,NA,A,01,0,0,2,0,0,0,0,0,0,-,-,NA,NA,LOS ANGELES,GLENDALE,-118.23729779,34.15645622
6879603,2015,2016-10-20,9590,2015-03-10,1515,013179,NA,2,2,7,1942,0,1,1,NA,2,061,RT 10,FAIRFAX AV,300,W,N,A,-,Y,LA,7,10,-,R,9.05,H,-,W,Y,4,0,4,4,A,-,03,22350,NA,N,C,C,A,A,H,-,A,D,1,NA,NA,NA,NA,Y,NA,A,01,0,0,4,0,0,0,0,0,0,-,-,34.03641,-118.37409,LOS ANGELES,LOS ANGELES,-118.37428761,34.03637426
6879604,2015,2015-04-21,1900,2015-03-06,1200,405950,2316,5,5,5,1919,0,0,0,NA,0,2305,BLOOMFIELD AV,SEMORA ST,0,NA,Y,A,-,N,NA,NA,NA,NA,NA,NA,NA,NA,NA,Y,4,0,1,2,A,-,12,21453,A,N,D,C,A,A,H,-,A,A,0,NA,NA,NA,NA,Y,NA,A,07,0,0,1,0,0,0,0,0,0,-,-,NA,NA,LOS ANGELES,CERRITOS,-118.06391005,33.87032001
6879607,2015,2016-11-01,9590,2015-03-23,1450,15178,NA,1,2,7,1942,0,1,1,NA,2,052,RT 110,ADAMS BL,250,S,N,A,-,Y,LA,7,110,-,-,20.66,H,-,N,Y,4,0,2,5,A,-,03,22350,NA,N,C,C,A,A,H,-,A,D,1,NA,NA,NA,NA,Y,NA,A,01,0,0,2,0,0,0,0,0,0,-,-,34.02702,-118.27463,LOS ANGELES,LOS ANGELES,-118.27468697,34.02693915
6879608,2015,2015-04-20,1900,2015-03-08,1855,236600,2318,7,5,5,1919,0,0,0,NA,0,230TP,RANCHO VISTA DR,JUDY WY,0,NA,Y,A,-,N,NA,NA,NA,NA,NA,NA,NA,NA,NA,Y,4,0,1,2,A,-,03,22350,NA,N,B,E,A,A,H,-,B,D,0,NA,NA,NA,NA,Y,NA,A,07,0,0,1,0,0,0,0,0,0,-,-,NA,NA,LOS ANGELES,CERRITOS,-118.06772005,33.87707009
6879612,2015,2016-11-01,1900,2015-03-12,1910,451343,2313,4,5,5,1919,0,0,0,NA,0,230T,SOUTH ST,RT 605,0,NA,Y,A,-,Y,LA,7,605,-,R,3.59,R,4,N,N,4,0,1,2,A,-,12,21453,A,N,D,C,A,A,H,-,A,A,0,NA,NA,NA,NA,Y,NA,A,07,0,0,1,0,0,0,0,0,0,-,NF,NA,NA,LOS ANGELES,CERRITOS,-118.0954591,33.85605071
6879633,2015,2015-04-28,1913,2015-03-09,1320,3678,65,1,5,4,1913,0,0,0,NA,0,004,FOOTHILL BL,CLAREMONT BL,235,W,N,A,-,N,NA,NA,NA,NA,NA,NA,NA,NA,NA,N,4,0,1,2,A,-,03,22350,NA,N,C,C,A,A,H,-,A,A,0,NA,NA,NA,NA,Y,NA,-,NA,0,0,1,0,0,0,0,0,0,-,-,NA,NA,LOS ANGELES,CLAREMONT,-117.70378369,34.10685599
6879637,2015,2015-05-08,1913,2015-03-14,1151,3612,67,6,5,4,1913,0,0,0,NA,0,NA,PADUA AV,MOAB DR,0,NA,Y,A,-,N,NA,NA,NA,NA,NA,NA,NA,NA,NA,Y,4,0,1,2,A,-,08,22107,NA,N,D,C,A,A,H,-,A,D,0,NA,NA,NA,NA,Y,NA,A,01,0,0,1,0,0,0,0,0,0,-,-,NA,NA,LOS ANGELES,CLAREMONT,-117.69852007,34.12691005
6879660,2015,2015-04-20,1931,2015-03-31,1645,5277,1931,2,5,5,1931,0,0,0,NA,0,004,SOUTH ALLEY OF GAGE AV,ARBUTUS ST,128,E,N,A,-,N,NA,NA,NA,NA,NA,NA,NA,NA,NA,N,4,0,1,2,A,-,09,21804,A,F,B,G,A,A,H,-,A,D,0,NA,Y,NA,NA,Y,Y,A,01,0,0,1,0,0,0,1,0,0,-,-,NA,NA,LOS ANGELES,HUNTINGTON PARK,-118.214243,33.980529
6879664,2015,2015-04-20,1931,2015-03-22,1259,5295,1931,7,5,5,1931,0,0,0,NA,0,004,STATE ST,LIVE OAK ST,129,S,N,A,-,N,NA,NA,NA,NA,NA,NA,NA,NA,NA,N,4,0,3,3,A,-,03,22350,NA,N,C,C,A,A,H,-,A,A,0,NA,NA,NA,NA,Y,NA,A,01,0,0,3,0,0,0,0,0,0,-,-,NA,NA,LOS ANGELES,HUNTINGTON PARK,-118.20996949,33.96969873
6879677,2015,2015-04-25,1925,2015-03-10,0825,19167,236,2,5,6,1925,0,0,0,NA,0,003,KENWOOD ST,BROADWAY,4,S,N,A,-,N,NA,NA,NA,NA,NA,NA,NA,NA,NA,N,4,0,1,2,A,-,10,21950,A,N,G,B,B,A,H,-,A,D,0,Y,NA,NA,NA,Y,NA,A,07,0,0,1,0,1,0,0,0,0,-,-,NA,NA,LOS ANGELES,GLENDALE,-118.25138,34.14632
6879680,2015,2015-04-20,1900,2015-03-11,1610,288366,2318,3,5,5,1919,0,0,0,NA,0,230T,SHOEMAKER AV,ARTESIA BL,6,N,N,B,-,N,NA,NA,NA,NA,NA,NA,NA,NA,NA,N,3,0,1,2,A,-,05,21650,1,N,D,G,A,A,H,-,A,A,0,NA,Y,NA,NA,Y,NA,L,04,0,1,0,0,0,0,1,0,0,-,-,NA,NA,LOS ANGELES,CERRITOS,-118.05522117,33.87317471
6879685,2015,2016-11-01,1900,2015-03-02,1045,510585,2313,1,5,5,1919,0,0,0,NA,0,230T,SOUTH ST,RT 605,71,W,N,B,-,Y,LA,7,605,-,R,3.59,R,4,N,Y,4,0,1,1,A,-,03,22350,NA,N,E,I,A,B,H,-,A,A,0,NA,NA,NA,NA,Y,NA,A,01,0,0,1,0,0,0,0,0,0,-,NF,NA,NA,LOS ANGELES,CERRITOS,-118.0954591,33.85605071
6879689,2015,2015-04-20,1900,2015-03-04,2145,530860,2310,3,5,5,1919,0,0,0,NA,0,230T1,STUDEBAKER RD,ALONDRA BL,447,S,N,A,-,N,NA,NA,NA,NA,NA,NA,NA,NA,NA,Y,4,0,1,2,A,-,09,21801,A,N,A,C,A,A,H,-,C,D,0,NA,NA,NA,NA,Y,NA,A,01,0,0,1,0,0,0,0,0,0,-,-,NA,NA,LOS ANGELES,CERRITOS,-118.09996319,33.88637442
6879693,2015,2015-04-20,1900,2015-03-06,1712,530860,2314,5,5,5,1919,0,0,0,NA,0,230T1,DEL AMO BL,CLARETTA AV,285,W,N,A,-,N,NA,NA,NA,NA,NA,NA,NA,NA,NA,N,3,0,1,2,A,-,07,21658,A,N,B,C,A,A,H,-,A,D,0,NA,NA,Y,NA,Y,NA,A,01,0,1,0,0,0,0,0,0,1,-,-,NA,NA,LOS ANGELES,CERRITOS,-118.06873653,33.84617291
6879697,2015,2015-04-20,1900,2015-03-07,1842,405950,2310,6,5,5,1919,0,0,0,NA,0,230T,GRIDLEY RD,GRIDLEY PL,10,S,N,A,-,N,NA,NA,NA,NA,NA,NA,NA,NA,NA,N,4,0,1,2,A,-,04,21703,NA,N,C,C,A,A,H,-,C,D,0,NA,NA,NA,NA,Y,NA,A,08,0,0,1,0,0,0,0,0,0,-,-,NA,NA,LOS ANGELES,CERRITOS,-118.09109288,33.87822268
6879701,2015,2015-04-20,1900,2015-03-10,0754,510585,2310,2,5,5,1919,0,0,0,NA,0,230T,BLOOMINGTON AV,ALONDRA BL,129,S,N,A,-,N,NA,NA,NA,NA,NA,NA,NA,NA,NA,N,4,0,1,2,A,-,08,22100,A,N,B,C,A,A,H,-,A,A,0,NA,NA,Y,NA,Y,NA,A,01,0,0,1,0,0,0,0,0,1,-,-,NA,NA,LOS ANGELES,CERRITOS,-118.064042,33.88728
6879721,2015,2015-04-22,1900,2015-03-18,1745,517301,2851,3,5,5,1915,0,0,0,NA,0,283D,COOKACRE AV,SAN VICENTE ST,150,N,N,A,-,N,NA,NA,NA,NA,NA,NA,NA,NA,NA,N,4,0,1,2,A,-,21,22106,NA,N,G,B,D,A,H,-,A,D,0,Y,NA,NA,NA,Y,NA,A,01,0,0,1,0,1,0,0,0,0,-,-,NA,NA,LOS ANGELES,COMPTON,-118.19485128,33.89986965
6879724,2015,2016-09-14,9590,2015-03-23,1135,20929,NA,1,1,7,1942,0,1,1,NA,2,053,RT 110,OLYMPIC BL,150,N,N,A,-,Y,LA,7,110,-,-,22.18,H,-,S,Y,3,0,2,2,A,-,03,22350,NA,N,C,C,A,A,H,-,A,D,1,NA,NA,NA,NA,Y,NA,A,07,0,1,1,0,0,0,0,0,0,-,-,34.04698,-118.26859,LOS ANGELES,LOS ANGELES,-118.26796188,34.04720733
6879725,2015,2015-04-20,1900,2015-03-20,0859,511821,2820,5,5,5,1915,0,0,0,NA,0,281A,EL SEGUNDO BL,SANTA FE AV,64,W,N,A,-,N,NA,NA,NA,NA,NA,NA,NA,NA,NA,Y,4,0,1,2,A,-,08,22107,NA,M,C,E,A,A,H,-,A,D,0,NA,NA,NA,NA,Y,NA,A,01,0,0,1,0,0,0,0,0,0,-,-,NA,NA,LOS ANGELES,COMPTON,-118.21773888,33.91678812
6879729,2015,2015-04-20,1900,2015-03-26,1210,520027,2830,4,5,5,1915,0,0,0,NA,0,282T1,CENTRAL AV,ALONDRA BL,90,N,N,A,-,N,NA,NA,NA,NA,NA,NA,NA,NA,NA,N,4,0,1,2,A,-,08,22107,NA,M,B,C,A,A,H,-,A,D,0,NA,NA,NA,NA,Y,NA,A,01,0,0,1,0,0,0,0,0,0,-,-,NA,NA,LOS ANGELES,COMPTON,-118.25012367,33.88860104
6879754,2015,2015-04-20,1900,2015-03-28,0700,520027,2835,6,5,5,1915,0,0,0,NA,0,282T1,COMPTON BL,PAULSEN AV,12,E,N,B,-,N,NA,NA,NA,NA,NA,NA,NA,NA,NA,N,3,0,1,2,A,-,10,21950,A,N,G,B,D,A,H,-,A,D,0,Y,NA,NA,NA,Y,NA,A,01,0,1,0,0,1,0,0,0,0,-,-,NA,NA,LOS ANGELES,COMPTON,-118.23569054,33.8959
6879797,2015,2015-04-20,1942,2015-04-01,0001,36336,1797,3,5,7,1942,0,0,0,Q,0,21T61,ROSCOE BL,GOTHIC AV,102,E,N,A,-,N,NA,NA,NA,NA,NA,NA,NA,NA,NA,Y,3,0,1,1,A,-,08,22107,NA,N,E,I,A,A,H,-,C,D,0,NA,NA,NA,NA,Y,NA,A,07,0,1,0,0,0,0,0,0,0,-,-,NA,NA,LOS ANGELES,LOS ANGELES,-118.48926319,34.22130201
6879801,2015,2015-04-20,1942,2015-04-01,1150,40141,1722,3,5,7,1942,0,0,0,Q,0,17TL17,DEVONSHIRE ST,OWENSMOUTH AV,24,E,N,A,-,N,NA,NA,NA,NA,NA,NA,NA,NA,NA,Y,3,0,2,2,A,-,12,21453,A,N,C,C,A,A,H,-,A,A,0,NA,NA,NA,NA,Y,NA,A,01,0,2,0,0,0,0,0,0,0,-,-,NA,NA,LOS ANGELES,LOS ANGELES,-118.60160071,34.25724