CASE_ID,ACCIDENT_YEAR,PROC_DATE,JURIS,COLLISION_DATE,COLLISION_TIME,OFFICER_ID,REPORTING_DISTRICT,DAY_OF_WEEK,CHP_SHIFT,POPULATION,CNTY_CITY_LOC,SPECIAL_COND,BEAT_TYPE,CHP_BEAT_TYPE,CITY_DIVISION_LAPD,CHP_BEAT_CLASS,BEAT_NUMBER,PRIMARY_RD,SECONDARY_RD,DISTANCE,DIRECTION,INTERSECTION,WEATHER_1,WEATHER_2,STATE_HWY_IND,CALTRANS_COUNTY,CALTRANS_DISTRICT,STATE_ROUTE,ROUTE_SUFFIX,POSTMILE_PREFIX,POSTMILE,LOCATION_TYPE,RAMP_INTERSECTION,SIDE_OF_HWY,TOW_AWAY,COLLISION_SEVERITY,NUMBER_KILLED,NUMBER_INJURED,PARTY_COUNT,PRIMARY_COLL_FACTOR,PCF_CODE_OF_VIOL,PCF_VIOL_CATEGORY,PCF_VIOLATION,PCF_VIOL_SUBSECTION,HIT_AND_RUN,TYPE_OF_COLLISION,MVIW,PED_ACTION,ROAD_SURFACE,ROAD_COND_1,ROAD_COND_2,LIGHTING,CONTROL_DEVICE,CHP_ROAD_TYPE,PEDESTRIAN_ACCIDENT,BICYCLE_ACCIDENT,MOTORCYCLE_ACCIDENT,TRUCK_ACCIDENT,NOT_PRIVATE_PROPERTY,ALCOHOL_INVOLVED,STWD_VEHTYPE_AT_FAULT,CHP_VEHTYPE_AT_FAULT,COUNT_SEVERE_INJ,COUNT_VISIBLE_INJ,COUNT_COMPLAINT_PAIN,COUNT_PED_KILLED,COUNT_PED_INJURED,COUNT_BICYCLIST_KILLED,COUNT_BICYCLIST_INJURED,COUNT_MC_KILLED,COUNT_MC_INJURED,PRIMARY_RAMP,SECONDARY_RAMP,LATITUDE,LONGITUDE,COUNTY,CITY,POINT_X,POINT_Y
6881062,2015,2015-04-17,1918,2015-02-20,1408,839,NA,5,5,4,1918,0,0,0,NA,0,NA,WASHINGTON BL,WESTWOOD BL,36,E,N,A,-,N,NA,NA,NA,NA,NA,NA,NA,NA,NA,Y,4,0,1,3,A,-,04,21703,NA,N,C,C,A,A,H,-,A,D,0,NA,NA,NA,NA,Y,NA,A,01,0,0,1,0,0,0,0,0,0,-,-,34.01492,-118.40761,LOS ANGELES,CULVER CITY,-118.40765939,34.01488242
6881070,2015,2016-04-13,1918,2015-02-27,1519,1123,141,5,5,4,1918,0,0,0,NA,0,PATROL,E CULVER BL,OVERLAND AV,250,E,N,A,-,N,NA,NA,NA,NA,NA,NA,NA,NA,NA,N,3,0,1,3,A,-,04,21703,NA,N,C,C,A,A,H,-,A,A,0,NA,NA,NA,NA,Y,NA,A,01,0,1,0,0,0,0,0,0,0,-,-,34.0135,-118.40289,LOS ANGELES,CULVER CITY,-118.40204157,34.01446795
6881074,2015,2015-04-17,1918,2015-02-27,1302,773,NA,5,5,4,1918,0,0,0,NA,0,2M6,SEPULVEDA BL,MACHADO RD,0,NA,Y,B,-,N,NA,NA,NA,NA,NA,NA,NA,NA,NA,N,3,0,1,2,A,-,05,21650,1,N,D,G,A,A,H,-,A,A,0,NA,Y,NA,NA,Y,NA,L,04,0,1,0,0,0,0,1,0,0,-,-,33.59521,-118.23521,LOS ANGELES,CULVER CITY,-118.39788,33.99763005
6881077,2015,2015-04-17,1920,2015-02-01,2500,12699,NA,7,5,6,1920,0,0,0,NA,0,004,CHEROKEE DR,LAKEWOOD BL,0,NA,Y,A,-,N,NA,NA,NA,NA,NA,NA,NA,NA,NA,Y,3,0,2,2,D,-,00,NA,NA,N,D,C,A,A,H,-,A,A,0,NA,NA,NA,NA,Y,NA,-,-,0,2,0,0,0,0,0,0,0,-,-,NA,NA,LOS ANGELES,DOWNEY,-118.11954005,33.94320011
6881078,2015,2015-04-17,1918,2015-02-03,1731,799,1,2,5,4,1918,0,0,0,NA,0,2M9,WASHINGTON BL,INCE BL,132,E,N,A,-,N,NA,NA,NA,NA,NA,NA,NA,NA,NA,Y,4,0,1,3,A,-,03,22350,NA,N,C,C,A,A,H,-,A,A,0,NA,NA,NA,NA,Y,NA,A,07,0,0,1,0,0,0,0,0,0,-,-,34.01294,-118.23319,LOS ANGELES,CULVER CITY,-118.39215092,34.02482418
6881081,2015,2015-04-17,1942,2015-02-20,1140,32565,2029,5,5,7,1942,0,0,0,NA,0,20TL58,WILSHIRE BL,VIRGIL AV,0,NA,Y,B,-,N,NA,NA,NA,NA,NA,NA,NA,NA,NA,Y,3,0,2,2,A,-,09,21801,A,N,D,C,A,A,H,-,A,A,0,NA,NA,NA,NA,Y,NA,A,01,0,2,0,0,0,0,0,0,0,-,-,NA,NA,LOS ANGELES,LOS ANGELES,-118.2870801,34.06181011
6881082,2015,2016-09-21,1918,2015-02-07,1658,607,NA,6,5,4,1918,0,0,0,NA,0,PATROL,CULVER BL,RT 405,0,NA,Y,C,-,Y,LA,7,405,-,-,27.404,R,4,N,Y,4,0,2,3,A,-,12,21453,A,N,D,C,A,B,H,-,B,A,0,NA,NA,NA,NA,Y,NA,A,01,0,0,2,0,0,0,0,0,0,-,NO,34.00351,-118.41099,LOS ANGELES,CULVER CITY,-118.41303578,34.00553855
6881085,2015,2015-04-17,1942,2015-02-19,1800,32565,2025,4,5,7,1942,0,0,0,NA,0,20TL58,NORMANDIE AV,4TH ST,0,NA,Y,A,-,N,NA,NA,NA,NA,NA,NA,NA,NA,NA,Y,3,0,3,3,A,-,09,21801,A,N,D,C,A,A,H,-,B,A,0,NA,NA,NA,NA,Y,NA,A,01,0,1,2,0,0,0,0,0,0,-,-,NA,NA,LOS ANGELES,LOS ANGELES,-118.30035001,34.06719007
6881090,2015,2016-04-13,1918,2015-02-10,1607,799,2,2,5,4,1918,0,0,0,NA,0,2M9,WASHINGTON BL,GLENCOE AV,27,E,N,A,-,N,NA,NA,NA,NA,NA,NA,NA,NA,NA,Y,3,0,2,2,A,-,12,21453,A,N,D,C,A,A,H,-,A,A,0,NA,NA,NA,NA,Y,NA,A,01,0,2,0,0,0,0,0,0,0,-,-,33.59308,-118.26409,LOS ANGELES,CULVER CITY,-118.44474239,33.99199613
6881094,2015,2015-04-17,1918,2015-02-12,1325,646,NA,4,5,4,1918,0,0,0,NA,0,2M4,JEFFERSON BL,HETZLERS RD,36,W,N,A,-,N,NA,NA,NA,NA,NA,NA,NA,NA,NA,N,4,0,2,2,A,-,03,22350,NA,N,C,C,A,A,H,-,A,A,0,NA,NA,NA,NA,Y,NA,A,01,0,0,2,0,0,0,0,0,0,-,-,34.02041,-118.38266,LOS ANGELES,CULVER CITY,-118.38269357,34.02049161
6881097,2015,2015-04-17,1942,2015-02-03,1855,40908,2088,2,5,7,1942,0,0,0,NA,0,20XL4,VENICE BL,ARAPAHOE ST,70,W,N,A,-,N,NA,NA,NA,NA,NA,NA,NA,NA,NA,NA,4,0,1,3,A,-,03,22350,NA,N,C,C,A,A,H,-,C,D,0,NA,NA,NA,NA,Y,NA,A,01,0,0,1,0,0,0,0,0,0,-,-,NA,NA,LOS ANGELES,LOS ANGELES,-118.28557296,34.04411905
6881098,2015,2016-04-13,1918,2015-02-13,1355,773,NA,5,5,4,1918,0,0,0,NA,0,2M6,CENTINELA AV,GREEN VALLEY CIR,0,NA,Y,A,-,N,NA,NA,NA,NA,NA,NA,NA,NA,NA,Y,4,0,1,2,A,-,12,21453,A,N,D,C,A,A,H,-,A,A,0,NA,NA,NA,NA,Y,NA,A,01,0,0,1,0,0,0,0,0,0,-,-,33.58379,-118.23116,LOS ANGELES,CULVER CITY,-118.38655001,33.97715011
6881101,2015,2015-04-17,1942,2015-02-22,1755,35945,2015,7,5,7,1942,0,0,0,NA,0,20T56,BEVERLY BL,BERENDO AV,10,W,N,C,-,N,NA,NA,NA,NA,NA,NA,NA,NA,NA,N,4,0,1,2,A,-,03,22350,NA,N,C,C,A,B,H,-,C,D,0,NA,NA,NA,NA,Y,NA,A,01,0,0,1,0,0,0,0,0,0,-,-,NA,NA,LOS ANGELES,LOS ANGELES,-118.29446296,34.07631
6881102,2015,2015-04-17,1918,2015-02-13,1717,651,NA,5,5,4,1918,0,0,0,NA,0,2M20,DELMAS TER,WASHINGTON BL,152,N,N,A,-,N,NA,NA,NA,NA,NA,NA,NA,NA,NA,Y,4,0,1,2,-,-,-,NA,NA,N,D,C,A,-,H,-,A,D,0,NA,NA,NA,NA,Y,NA,-,-,0,0,1,0,0,0,0,0,0,-,-,34.02261,-118.3969,LOS ANGELES,CULVER CITY,-118.39682412,34.02254888
6881105,2015,2015-04-17,1942,2015-02-19,1630,32565,2076,4,5,7,1942,0,0,0,NA,0,20TL58,KENMORE AV,RICO BL,0,NA,Y,A,-,N,NA,NA,NA,NA,NA,NA,NA,NA,NA,N,3,0,1,2,A,-,10,21950,A,N,G,B,B,A,H,-,A,A,0,Y,NA,NA,NA,Y,NA,A,01,0,1,0,0,1,0,0,0,0,-,-,NA,NA,LOS ANGELES,LOS ANGELES,-118.296849,34.04728
6881106,2015,2015-04-17,1918,2015-02-14,2239,1138,NA,6,5,4,1918,0,0,0,NA,0,NA,N DOVERWOOD DR,GREEN VALLEY CIR,330,W,N,A,-,N,NA,NA,NA,NA,NA,NA,NA,NA,NA,Y,4,0,1,3,A,-,01,23152,A,N,B,E,A,A,H,-,C,D,0,NA,NA,NA,NA,Y,Y,A,07,0,0,1,0,0,0,0,0,0,-,-,33.98194,-118.38701,LOS ANGELES,CULVER CITY,-118.3879538,33.98213016
6881109,2015,2015-04-17,1918,2015-02-27,1331,773,NA,5,5,4,1918,0,0,0,NA,0,2M6,WASHINGTON BL,CENTER ST,81,W,N,B,-,N,NA,NA,NA,NA,NA,NA,NA,NA,NA,N,3,0,1,2,A,-,17,22517,NA,N,B,G,A,A,H,-,A,D,0,NA,Y,NA,NA,Y,NA,A,01,0,1,0,0,0,0,1,0,0,-,-,34.0029,-118.24445,LOS ANGELES,CULVER CITY,-118.41240138,34.00819812
6881114,2015,2015-04-22,1900,2015-02-12,1458,545097,1351,4,5,3,1927,0,0,0,NA,0,135A,NORWALK BL,226TH ST,15,N,N,A,-,N,NA,NA,NA,NA,NA,NA,NA,NA,NA,Y,3,0,1,2,A,-,09,21801,A,N,D,C,A,A,H,-,A,A,0,NA,NA,NA,NA,Y,NA,A,NA,0,1,0,0,0,0,0,0,0,-,-,NA,NA,LOS ANGELES,HAWAIIAN GARDENS,-118.07181282,33.82404069
6881117,2015,2015-04-17,1920,2015-02-28,0044,12323,NA,6,5,6,1920,0,0,0,NA,0,004,LAKEWOOD BL,CECILIA ST,66,N,N,A,-,N,NA,NA,NA,NA,NA,NA,NA,NA,NA,Y,3,0,1,1,A,-,01,23152,A,N,E,I,A,A,H,-,C,D,0,NA,NA,NA,NA,Y,Y,A,07,0,1,0,0,0,0,0,0,0,-,-,NA,NA,LOS ANGELES,DOWNEY,-118.1217696,33.93918584
6881118,2015,2015-04-17,1918,2015-02-02,0759,701,NA,1,5,4,1918,0,0,0,NA,0,2M5,OVERLAND AV,FARRAGUT DR,0,NA,Y,A,-,N,NA,NA,NA,NA,NA,NA,NA,NA,NA,N,3,0,1,2,A,-,05,21650,1,N,D,G,A,A,H,-,A,A,0,NA,Y,NA,NA,Y,NA,L,04,0,1,0,0,0,0,1,0,0,-,-,34.00958,-118.39862,LOS ANGELES,CULVER CITY,-118.39920009,34.01038002
6881292,2015,2016-09-08,1900,2015-03-28,1719,520726,0530,6,5,5,1959,0,0,0,NA,0,53TIPM,RT 164,LOWER AZUSA RD,10,N,N,A,-,Y,LA,7,164,-,-,6.66,H,-,S,N,3,0,1,2,A,-,03,22350,NA,N,C,G,A,A,H,-,A,A,0,NA,Y,NA,NA,Y,NA,L,04,0,1,0,0,0,0,1,0,0,-,-,NA,NA,LOS ANGELES,ROSEMEAD,-118.0734078,34.08724661
6881296,2015,2015-04-24,1900,2015-03-27,2139,520726,0530,5,5,5,1959,0,0,0,NA,0,53TIAM,MISSION DR,IVAR AV,8,W,N,A,-,N,NA,NA,NA,NA,NA,NA,NA,NA,NA,N,3,0,2,3,A,-,10,21950,A,N,G,B,B,A,H,-,C,D,0,Y,NA,NA,NA,Y,NA,A,01,0,2,0,0,2,0,0,0,0,-,-,NA,NA,LOS ANGELES,ROSEMEAD,-118.07556376,34.0851595
6881344,2015,2015-04-24,1900,2015-03-17,1500,526362,2116,2,5,5,1943,0,0,0,NA,0,212T2,SANTA FE AV,CARLIN AV,0,NA,Y,A,-,N,NA,NA,NA,NA,NA,NA,NA,NA,NA,N,4,0,1,2,A,-,09,21802,A,N,D,C,A,A,H,-,A,A,0,NA,NA,NA,NA,Y,NA,A,01,0,0,1,0,0,0,0,0,0,-,-,NA,NA,LOS ANGELES,LYNWOOD,-118.21726001,33.91500005
6881348,2015,2015-04-24,1976,2015-03-19,2229,864,NA,4,5,3,1964,0,0,0,NA,0,003,VALLEY VIEW AV,STAGE RD,470,N,N,A,-,N,NA,NA,NA,NA,NA,NA,NA,NA,NA,N,4,0,1,2,A,-,03,22350,NA,N,C,C,A,A,H,-,C,A,0,NA,NA,NA,NA,Y,NA,A,01,0,0,1,0,0,0,0,0,0,-,-,NA,NA,LOS ANGELES,SANTA FE SPRINGS,-118.02920949,33.89919857
6881360,2015,2015-04-24,1900,2015-03-28,1203,509847,0530,6,5,5,1959,0,0,0,NA,0,53TID,ENCINITA AV,MISSION DR,84,N,N,A,-,N,NA,NA,NA,NA,NA,NA,NA,NA,NA,N,3,0,1,2,A,-,04,21703,NA,N,C,C,A,A,H,-,A,D,0,NA,NA,NA,NA,Y,NA,A,01,0,1,0,0,0,0,0,0,0,-,-,NA,NA,LOS ANGELES,ROSEMEAD,-118.06759397,34.08275627
6881444,2015,2015-04-28,1972,2015-03-14,2150,20485,NA,6,5,6,1972,0,0,0,NA,0,NA,CRENSHAW,182ND,0,NA,Y,A,-,N,NA,NA,NA,NA,NA,NA,NA,NA,NA,Y,3,0,1,2,A,-,09,21801,A,N,D,C,A,A,H,-,C,A,0,NA,NA,NA,NA,Y,NA,A,NA,0,1,0,0,0,0,0,0,0,-,-,NA,NA,LOS ANGELES,TORRANCE,-118.32647013,33.86558008
6881448,2015,2015-04-28,1972,2015-03-13,1654,18874,NA,5,5,6,1972,0,0,0,NA,0,NA,SEPULVEDA BL,ANZA AV,165,E,N,A,-,N,NA,NA,NA,NA,NA,NA,NA,NA,NA,N,3,0,1,3,A,-,07,21658,A,F,B,C,A,A,H,-,A,D,0,NA,NA,Y,NA,Y,NA,C,NA,0,1,0,0,0,0,0,0,1,-,-,NA,NA,LOS ANGELES,TORRANCE,-118.35928015,33.82617744
6881451,2015,2015-04-28,1925,2015-03-30,1228,16083,242,1,5,6,1925,0,0,0,NA,0,001,PACIFIC AV,BURCHETT ST,0,NA,Y,A,-,N,NA,NA,NA,NA,NA,NA,NA,NA,NA,Y,4,0,1,2,A,-,12,21453,A,N,D,C,A,A,H,-,A,A,0,NA,NA,NA,NA,Y,NA,A,01,0,0,1,0,0,0,0,0,0,-,-,NA,NA,LOS ANGELES,GLENDALE,-118.26409011,34.15743004
6881452,2015,2016-04-12,1972,2015-03-24,0948,12309,NA,2,5,6,1972,0,0,0,NA,0,NA,WESTERN,ARTESIA,300,S,N,A,-,N,NA,NA,NA,NA,NA,NA,NA,NA,NA,N,4,0,1,2,A,-,09,21804,A,N,D,C,A,A,H,-,A,D,0,NA,NA,NA,NA,Y,NA,A,NA,0,0,1,0,0,0,0,0,0,-,-,NA,NA,LOS ANGELES,TORRANCE,-118.30916,33.87198721
6881455,2015,2015-04-27,1925,2015-03-30,1756,24582,251,1,5,6,1925,0,0,0,NA,0,003,E COLORADO,E COLORADO 636,0,NA,-,A,-,N,NA,NA,NA,NA,NA,NA,NA,NA,NA,N,4,0,1,2,A,-,09,21804,A,N,G,B,F,A,H,-,A,D,0,Y,NA,NA,NA,Y,NA,A,NA,0,0,1,0,1,0,0,0,0,-,-,NA,NA,LOS ANGELES,GLENDALE,-118.24671,34.14266
6881456,2015,2015-04-28,1972,2015-03-27,1227,18874,NA,5,5,6,1972,0,0,0,NA,0,NA,SEPULVEDA BL,ELLINWOOD DR,0,NA,Y,A,-,N,NA,NA,NA,NA,NA,NA,NA,NA,NA,Y,3,0,1,2,A,-,09,21801,A,N,D,C,A,A,H,-,A,D,0,NA,NA,NA,NA,Y,NA,A,NA,0,1,0,0,0,0,0,0,0,-,-,NA,NA,LOS ANGELES,TORRANCE,-118.36555007,33.82652008
6881460,2015,2015-04-28,1972,2015-03-20,1505,12309,NA,5,5,6,1972,0,0,0,NA,0,NA,VAN NESS,182ND ST,0,NA,Y,A,-,N,NA,NA,NA,NA,NA,NA,NA,NA,NA,N,3,0,1,2,A,-,09,21801,A,N,D,G,A,A,H,-,A,D,0,NA,Y,NA,NA,Y,NA,D,NA,0,1,0,0,0,0,1,0,0,-,-,NA,NA,LOS ANGELES,TORRANCE,-118.31782001,33.86556009
6881464,2015,2015-04-28,1972,2015-03-19,1420,14197,NA,4,5,6,1972,0,0,0,NA,0,NA,CARSON ST,PLAZA DEL AMO,325,W,N,A,-,N,NA,NA,NA,NA,NA,NA,NA,NA,NA,Y,3,0,1,3,A,-,09,21801,A,N,D,C,A,A,H,-,A,A,0,NA,NA,NA,NA,Y,NA,A,NA,0,1,0,0,0,0,0,0,0,-,-,NA,NA,LOS ANGELES,TORRANCE,-118.3255981,33.83134
6881468,2015,2015-04-28,1972,2015-03-19,0605,14197,NA,4,5,6,1972,0,0,0,NA,0,NA,CARSON ST,DEL AMO CIR BL,0,NA,Y,A,-,N,NA,NA,NA,NA,NA,NA,NA,NA,NA,N,4,0,1,2,A,-,12,21453,A,N,D,C,A,A,H,-,C,A,0,NA,NA,NA,NA,Y,NA,A,NA,0,0,1,0,0,0,0,0,0,-,-,NA,NA,LOS ANGELES,TORRANCE,-118.34879005,33.83118002
6881472,2015,2015-04-28,1972,2015-03-17,0335,17763,NA,2,5,6,1972,0,0,0,NA,0,NA,CRENSHAW BL,170TH ST,0,NA,Y,A,-,N,NA,NA,NA,NA,NA,NA,NA,NA,NA,Y,3,0,1,2,A,-,09,21802,A,N,D,C,A,A,H,-,C,D,0,NA,NA,Y,NA,Y,NA,A,NA,0,1,0,0,0,0,0,0,1,-,-,NA,NA,LOS ANGELES,TORRANCE,-118.3265001,33.87648001
6881499,2015,2015-05-12,1900,2015-03-31,0800,529699,1139,2,5,6,1992,0,0,0,NA,0,111T2,60TH ST W,CORINTIAN PL,0,NA,Y,A,-,N,NA,NA,NA,NA,NA,NA,NA,NA,NA,Y,3,0,1,2,A,-,09,21801,A,N,D,C,A,A,H,-,A,D,0,NA,NA,NA,NA,Y,NA,A,07,0,1,0,0,0,0,0,0,0,-,-,NA,NA,LOS ANGELES,LANCASTER,-118.23618,34.65110009
6881503,2015,2015-04-27,1900,2015-03-31,1137,531566,1127,2,5,6,1992,0,0,0,NA,0,112T1,10TH ST WEST,J-14,0,NA,Y,A,-,N,NA,NA,NA,NA,NA,NA,NA,NA,NA,Y,4,0,3,2,A,-,03,22350,NA,N,C,C,A,A,H,-,A,D,0,NA,NA,NA,NA,Y,NA,A,01,0,0,3,0,0,0,0,0,0,-,-,NA,NA,LOS ANGELES,LANCASTER,-118.14788006,34.6765101
6881507,2015,2015-04-27,1900,2015-03-31,1335,531566,1127,2,5,6,1992,0,0,0,NA,0,112T1,VALLEY CENTRAL WY,LANCASTER BL,623,N,N,A,-,N,NA,NA,NA,NA,NA,NA,NA,NA,NA,Y,3,0,1,2,A,-,09,21804,A,F,D,C,A,A,H,-,A,D,0,NA,NA,NA,NA,Y,NA,A,01,0,1,0,0,0,0,0,0,0,-,-,NA,NA,LOS ANGELES,LANCASTER,-118.17299655,34.69798437
6881508,2015,2015-04-28,1972,2015-03-24,0744,15555,NA,2,5,6,1972,0,0,0,NA,0,NA,NEWTON ST,BIGELOW RD,0,NA,Y,A,-,N,NA,NA,NA,NA,NA,NA,NA,NA,NA,Y,4,0,1,2,A,-,09,21801,A,N,D,C,A,A,H,-,A,D,0,NA,NA,NA,NA,Y,NA,A,NA,0,0,1,0,0,0,0,0,0,-,-,NA,NA,LOS ANGELES,TORRANCE,-118.34005008,33.79631002
6881511,2015,2016-04-12,1972,2015-03-07,0800,19157,NA,6,5,6,1972,0,0,0,NA,0,NA,TORRANCE BL,PALOS VERDES BL,20,E,N,A,-,N,NA,NA,NA,NA,NA,NA,NA,NA,NA,Y,4,0,1,2,A,-,09,21453,B,N,D,C,A,A,H,-,A,A,0,NA,NA,Y,NA,Y,NA,C,NA,0,0,1,0,0,0,0,0,1,-,-,NA,NA,LOS ANGELES,TORRANCE,-118.36925427,33.83757897
6881512,2015,2015-04-28,1972,2015-03-23,1332,18450,NA,1,5,6,1972,0,0,0,NA,0,NA,TORRANCE BL,PLAZA LN,0,NA,Y,A,-,N,NA,NA,NA,NA,NA,NA,NA,NA,NA,N,4,0,1,2,A,-,05,21650,1,N,D,G,A,A,H,-,A,A,0,NA,Y,NA,NA,Y,NA,L,NA,0,0,1,0,0,0,1,0,0,-,-,NA,NA,LOS ANGELES,TORRANCE,-118.35580013,33.83757006
6881516,2015,2015-04-28,1972,2015-03-22,1127,16610,NA,7,5,6,1972,0,0,0,NA,0,NA,ANZA AV,239TH ST,0,NA,Y,B,-,N,NA,NA,NA,NA,NA,NA,NA,NA,NA,Y,4,0,2,2,A,-,09,21804,A,N,D,C,A,A,H,-,A,D,0,NA,NA,NA,NA,Y,NA,A,NA,0,0,2,0,0,0,0,0,0,-,-,NA,NA,LOS ANGELES,TORRANCE,-118.35794005,33.80902001
6881519,2015,2015-04-27,1972,2015-03-14,1321,18450,NA,6,5,6,1972,0,0,0,NA,0,NA,CARSON ST,ACACIA,0,NA,Y,A,-,N,NA,NA,NA,NA,NA,NA,NA,NA,NA,Y,4,0,1,2,A,-,09,21802,A,N,D,C,A,A,H,-,A,D,0,NA,NA,Y,NA,Y,NA,A,NA,0,0,1,0,0,0,0,0,1,-,-,NA,NA,LOS ANGELES,TORRANCE,-118.32626009,33.83134006
6881520,2015,2016-04-13,1972,2015-03-24,1754,12309,NA,2,5,6,1972,0,0,0,NA,0,NA,ARTESIA,ELGAR,0,NA,Y,A,-,N,NA,NA,NA,NA,NA,NA,NA,NA,NA,N,4,0,2,2,A,-,09,21801,A,N,D,C,A,A,H,-,A,D,0,NA,NA,NA,NA,Y,NA,A,NA,0,0,2,0,0,0,0,0,0,-,-,NA,NA,LOS ANGELES,TORRANCE,-118.32852013,33.87291008
6881523,2015,2015-04-28,1942,2015-03-23,1045,26740,1415,1,5,7,1942,0,0,0,N,0,8MQ73,ROSE ST,7TH AV,100,W,N,A,-,N,NA,NA,NA,NA,NA,NA,NA,NA,NA,N,4,0,1,2,B,-,22,NA,NA,N,H,G,A,A,H,-,A,D,0,NA,Y,NA,NA,Y,NA,A,07,0,0,1,0,0,0,1,0,0,-,-,NA,NA,LOS ANGELES,LOS ANGELES,-118.47010017,34.0001758
6881524,2015,2015-04-28,1942,2015-03-19,1600,40463,1256,4,5,7,1942,0,0,0,L,0,12T73W,VERMONT AV,76TH ST,0,NA,Y,A,-,N,NA,NA,NA,NA,NA,NA,NA,NA,NA,Y,4,0,2,4,A,-,12,21453,A,N,D,C,A,A,H,-,A,A,0,NA,NA,NA,NA,Y,NA,A,07,0,0,2,0,0,0,0,0,0,-,-,NA,NA,LOS ANGELES,LOS ANGELES,-118.291732,33.971056
6881527,2015,2015-04-28,1942,2015-03-28,1015,39022,1415,6,5,7,1942,0,0,0,N,0,7TL23,LINCOLN BL,BROOKS AV,100,S,N,A,-,N,NA,NA,NA,NA,NA,NA,NA,NA,NA,N,3,0,1,2,A,-,01,23152,A,N,C,C,A,A,H,-,A,A,0,NA,NA,Y,NA,Y,Y,C,02,0,1,0,0,0,0,0,0,1,-,-,NA,NA,LOS ANGELES,LOS ANGELES,-118.46224507,33.99863245
6881528,2015,2015-04-28,1942,2015-03-17,0820,36754,1208,2,5,7,1942,0,0,0,L,0,18T23,50TH ST,HOOVER ST,8,E,N,A,-,N,NA,NA,NA,NA,NA,NA,NA,NA,NA,N,3,0,1,2,A,-,05,21650,NA,N,D,G,A,A,H,-,A,A,0,NA,Y,NA,NA,Y,NA,L,04,0,1,0,0,0,0,1,0,0,-,-,NA,NA,LOS ANGELES,LOS ANGELES,-118.28714,33.99788
6881531,2015,2015-04-28,1918,2015-03-29,1000,39022,9999,7,5,4,1918,0,0,0,NA,0,7TL23,WASHINGTON BL,CENTINELA AV,5,S,N,A,-,N,NA,NA,NA,NA,NA,NA,NA,NA,NA,N,4,0,1,2,A,-,10,21950,A,F,G,B,B,A,H,-,A,A,0,Y,NA,NA,NA,Y,NA,-,99,0,0,1,0,1,0,0,0,0,-,-,NA,NA,LOS ANGELES,CULVER CITY,-118.42847639,33.99696866
6881532,2015,2015-04-28,1942,2015-03-17,1810,40697,1241,2,5,7,1942,0,0,0,L,0,5T25,10TH AV,HYPE PARK,253,W,N,A,-,N,NA,NA,NA,NA,NA,NA,NA,NA,NA,N,2,0,1,2,A,-,11,21956,A,F,G,B,E,A,H,-,A,D,0,Y,NA,NA,NA,Y,NA,N,60,1,0,0,0,1,0,0,0,0,-,-,NA,NA,LOS ANGELES,LOS ANGELES,-118.32793,33.98064
6881535,2015,2015-04-28,1942,2015-03-26,0920,37511,0701,4,5,7,1942,0,0,0,G,0,7TL23,LA CIENEGA BL,WILLOUGHBY AV,120,N,N,A,-,N,NA,NA,NA,NA,NA,NA,NA,NA,NA,Y,4,0,1,2,A,-,07,21658,A,F,B,C,A,A,H,-,A,D,0,NA,NA,Y,NA,Y,NA,-,99,0,0,1,0,0,0,0,0,1,-,-,NA,NA,LOS ANGELES,LOS ANGELES,-118.37643787,34.08733894
6881536,2015,2015-04-28,1942,2015-03-22,1330,40875,0827,7,5,7,1942,0,0,0,H,0,34QL22,BARRINGTON AV,CHENAULT ST,50,N,N,A,-,N,NA,NA,NA,NA,NA,NA,NA,NA,NA,Y,4,0,1,2,A,-,09,21804,A,N,B,C,A,A,H,-,A,D,0,NA,NA,NA,NA,Y,NA,A,01,0,0,1,0,0,0,0,0,0,-,-,NA,NA,LOS ANGELES,LOS ANGELES,-118.46771345,34.0564723
6881539,2015,2015-04-28,1942,2015-03-29,2240,40452,0738,7,5,7,1942,0,0,0,G,0,20T59,WILSHIRE BL,JUNE ST,0,NA,Y,A,-,N,NA,NA,NA,NA,NA,NA,NA,NA,NA,N,2,0,1,2,A,-,11,21954,A,F,G,B,D,A,H,-,C,A,0,Y,NA,NA,NA,Y,NA,N,60,1,0,0,0,1,0,0,0,0,-,-,NA,NA,LOS ANGELES,LOS ANGELES,-118.33466008,34.06205002
6881540,2015,2015-04-28,1942,2015-03-22,1930,40463,1204,7,5,7,1942,0,0,0,L,0,12T73,NORMANDIE AV,VERNON AV,60,N,N,A,-,N,NA,NA,NA,NA,NA,NA,NA,NA,NA,Y,4,0,3,2,A,-,01,23152,A,N,C,C,A,A,H,-,D,D,0,NA,NA,NA,NA,Y,Y,A,01,0,0,3,0,0,0,0,0,0,-,-,NA,NA,LOS ANGELES,LOS ANGELES,-118.30019,34.00386456
6881543,2015,2015-04-28,1942,2015-03-30,1935,40157,0743,1,5,7,1942,0,0,0,G,0,7T71,FAIRFAX AV,SAN VICENTE BL,0,NA,Y,A,-,N,NA,NA,NA,NA,NA,NA,NA,NA,NA,Y,3,0,1,2,A,-,17,21451,A,N,D,C,A,A,H,-,C,A,0,NA,NA,NA,NA,Y,NA,A,01,0,1,0,0,0,0,0,0,0,-,-,NA,NA,LOS ANGELES,LOS ANGELES,-118.3636801,34.05856006
6881544,2015,2015-04-29,1942,2015-03-22,1820,39291,1218,7,5,7,1942,0,0,0,L,0,5TL25,53RD ST,FIGUEROA ST,663,W,N,-,-,N,NA,NA,NA,NA,NA,NA,NA,NA,NA,N,4,0,1,3,A,-,21,22106,A,F,-,-,-,-,-,-,-,-,0,Y,NA,NA,NA,Y,NA,-,99,0,0,1,0,1,0,0,0,0,-,-,NA,NA,LOS ANGELES,LOS ANGELES,-118.28488288,33.9941904