CASE_ID,ACCIDENT_YEAR,PROC_DATE,JURIS,COLLISION_DATE,COLLISION_TIME,OFFICER_ID,REPORTING_DISTRICT,DAY_OF_WEEK,CHP_SHIFT,POPULATION,CNTY_CITY_LOC,SPECIAL_COND,BEAT_TYPE,CHP_BEAT_TYPE,CITY_DIVISION_LAPD,CHP_BEAT_CLASS,BEAT_NUMBER,PRIMARY_RD,SECONDARY_RD,DISTANCE,DIRECTION,INTERSECTION,WEATHER_1,WEATHER_2,STATE_HWY_IND,CALTRANS_COUNTY,CALTRANS_DISTRICT,STATE_ROUTE,ROUTE_SUFFIX,POSTMILE_PREFIX,POSTMILE,LOCATION_TYPE,RAMP_INTERSECTION,SIDE_OF_HWY,TOW_AWAY,COLLISION_SEVERITY,NUMBER_KILLED,NUMBER_INJURED,PARTY_COUNT,PRIMARY_COLL_FACTOR,PCF_CODE_OF_VIOL,PCF_VIOL_CATEGORY,PCF_VIOLATION,PCF_VIOL_SUBSECTION,HIT_AND_RUN,TYPE_OF_COLLISION,MVIW,PED_ACTION,ROAD_SURFACE,ROAD_COND_1,ROAD_COND_2,LIGHTING,CONTROL_DEVICE,CHP_ROAD_TYPE,PEDESTRIAN_ACCIDENT,BICYCLE_ACCIDENT,MOTORCYCLE_ACCIDENT,TRUCK_ACCIDENT,NOT_PRIVATE_PROPERTY,ALCOHOL_INVOLVED,STWD_VEHTYPE_AT_FAULT,CHP_VEHTYPE_AT_FAULT,COUNT_SEVERE_INJ,COUNT_VISIBLE_INJ,COUNT_COMPLAINT_PAIN,COUNT_PED_KILLED,COUNT_PED_INJURED,COUNT_BICYCLIST_KILLED,COUNT_BICYCLIST_INJURED,COUNT_MC_KILLED,COUNT_MC_INJURED,PRIMARY_RAMP,SECONDARY_RAMP,LATITUDE,LONGITUDE,COUNTY,CITY,POINT_X,POINT_Y
6882587,2015,2015-04-23,1900,2015-02-24,1720,579546,2310,2,5,5,1919,0,0,0,NA,0,230T,166TH ST,GRIDLEY RD,0,NA,Y,A,-,N,NA,NA,NA,NA,NA,NA,NA,NA,NA,N,3,0,1,2,A,-,09,21801,A,N,D,G,A,A,H,-,A,A,0,NA,Y,NA,NA,Y,NA,A,01,0,1,0,0,0,0,1,0,0,-,-,NA,NA,LOS ANGELES,CERRITOS,-118.09108002,33.88033
6882591,2015,2015-04-23,1900,2015-02-20,1430,513559,2315,5,5,5,1919,0,0,0,NA,0,230T,183RD ST,CORTNER AV,0,NA,Y,B,-,N,NA,NA,NA,NA,NA,NA,NA,NA,NA,Y,4,0,1,2,A,-,09,21802,A,N,D,D,A,A,-,-,A,D,0,NA,NA,NA,NA,Y,NA,A,01,0,0,1,0,0,0,0,0,0,-,-,NA,NA,LOS ANGELES,CERRITOS,-118.06981,33.86581009
6882595,2015,2015-04-23,1900,2015-02-05,1430,513559,2316,4,5,5,1919,0,0,0,NA,0,230T,183RD ST,KAMSTRA AV,0,NA,Y,A,-,N,NA,NA,NA,NA,NA,NA,NA,NA,NA,Y,3,0,2,2,A,-,09,21801,A,N,D,C,A,A,H,-,A,A,0,NA,NA,NA,NA,Y,NA,A,01,0,1,1,0,0,0,0,0,0,-,-,NA,NA,LOS ANGELES,CERRITOS,-118.05735002,33.86584001
6882631,2015,2015-04-28,1941,2015-02-21,1611,6236,NA,6,5,7,1941,0,0,0,NA,0,NA,68TH ST,BUTLER,0,NA,Y,A,-,N,NA,NA,NA,NA,NA,NA,NA,NA,NA,N,4,0,1,2,D,-,00,NA,NA,N,G,B,D,A,H,-,A,D,0,Y,NA,NA,NA,Y,NA,-,-,0,0,1,0,1,0,0,0,0,-,-,NA,NA,LOS ANGELES,LONG BEACH,-118.19696001,33.87771009
6882635,2015,2015-04-23,1925,2015-02-04,1215,20834,156,3,5,6,1925,0,0,0,NA,0,004,HARVEY DR,HOLLY DR,0,NA,Y,A,-,N,NA,NA,NA,NA,NA,NA,NA,NA,NA,N,4,0,1,2,A,-,03,22350,NA,F,G,B,B,A,H,-,A,A,0,Y,NA,NA,NA,Y,NA,A,01,0,0,1,0,1,0,0,0,0,-,-,NA,NA,LOS ANGELES,GLENDALE,-118.22677001,34.15046002
6882837,2015,2015-09-03,1925,2015-03-07,2104,17256,222,6,5,6,1925,0,0,0,NA,0,002,CENTRAL AV,DORAN ST,24,S,N,A,-,N,NA,NA,NA,NA,NA,NA,NA,NA,NA,N,4,0,1,2,A,-,11,21954,A,N,G,B,D,A,H,-,C,D,0,Y,NA,NA,NA,Y,NA,N,60,0,0,1,0,1,0,0,0,0,-,-,NA,NA,LOS ANGELES,GLENDALE,-118.25794,34.15457418
6882916,2015,2015-04-22,1920,2015-03-16,2206,12035,NA,1,5,6,1920,0,0,0,NA,0,001,FIRESTONE BL,WOODRUFF AV W,50,W,N,A,-,N,NA,NA,NA,NA,NA,NA,NA,NA,NA,N,4,0,1,2,A,-,03,22350,NA,N,C,C,A,A,H,-,C,A,0,NA,NA,NA,NA,Y,NA,A,01,0,0,1,0,0,0,0,0,0,-,-,NA,NA,LOS ANGELES,DOWNEY,-118.11801105,33.93250053
6882920,2015,2015-04-22,1920,2015-03-16,0918,10705,NA,1,5,6,1920,0,0,0,NA,0,004,FLORENCE AV,FAIRFORD AV,45,E,N,A,-,N,NA,NA,NA,NA,NA,NA,NA,NA,NA,N,4,0,1,2,A,-,03,22350,NA,N,C,C,A,A,H,-,A,D,0,NA,NA,NA,NA,Y,NA,-,NA,0,0,1,0,0,0,0,0,0,-,-,NA,NA,LOS ANGELES,DOWNEY,-118.0947136,33.93603577
6882924,2015,2015-04-22,1920,2015-03-15,1415,10705,NA,7,5,6,1920,0,0,0,NA,0,006,STEWART AND GRAY RD,DOWNEY AV,0,NA,Y,A,-,N,NA,NA,NA,NA,NA,NA,NA,NA,NA,Y,4,0,1,2,D,-,00,NA,NA,M,D,C,A,A,H,-,A,A,0,NA,NA,NA,NA,Y,NA,-,-,0,0,1,0,0,0,0,0,0,-,-,NA,NA,LOS ANGELES,DOWNEY,-118.13870009,33.93207008
6882928,2015,2015-04-22,1920,2015-03-25,0805,11992,NA,3,5,6,1920,0,0,0,NA,0,005,CHEROKEE DR,MANZANAR AV,27,E,N,A,-,N,NA,NA,NA,NA,NA,NA,NA,NA,NA,Y,4,0,1,2,A,-,08,22107,NA,N,B,E,A,A,H,-,A,D,0,NA,NA,NA,NA,Y,NA,A,01,0,0,1,0,0,0,0,0,0,-,-,NA,NA,LOS ANGELES,DOWNEY,-118.12552498,33.94612035
6882932,2015,2015-04-22,1920,2015-03-22,1357,10705,NA,7,5,6,1920,0,0,0,NA,0,005,DOWNEY AV,LEXINGTON RD,514,S,N,A,-,N,NA,NA,NA,NA,NA,NA,NA,NA,NA,Y,3,0,2,3,A,-,04,21703,NA,N,C,C,A,A,H,-,A,D,0,NA,NA,NA,NA,Y,NA,-,NA,0,2,0,0,0,0,0,0,0,-,-,NA,NA,LOS ANGELES,DOWNEY,-118.1271428,33.94950274
6882936,2015,2015-04-22,1920,2015-03-20,1924,12323,NA,5,5,6,1920,0,0,0,NA,0,003,FLORENCE AV,OLD RIVER SCHOOL RD,20,E,N,A,-,N,NA,NA,NA,NA,NA,NA,NA,NA,NA,N,4,0,1,2,A,-,09,21801,A,N,D,C,A,A,H,-,C,A,0,NA,NA,NA,NA,Y,NA,A,01,0,0,1,0,0,0,0,0,0,-,-,NA,NA,LOS ANGELES,DOWNEY,-118.14045356,33.95881178
6882940,2015,2015-04-22,1920,2015-03-20,1509,11992,NA,5,5,6,1920,0,0,0,NA,0,002,QUILL DR,RIVES AV,520,E,N,A,-,N,NA,NA,NA,NA,NA,NA,NA,NA,NA,Y,4,0,1,3,A,-,08,22107,NA,N,A,E,A,A,H,-,A,D,0,NA,NA,NA,NA,Y,NA,A,07,0,0,1,0,0,0,0,0,0,-,-,NA,NA,LOS ANGELES,DOWNEY,-118.1527616,33.92831855
6882944,2015,2015-04-22,1920,2015-03-19,1851,12323,NA,4,5,6,1920,0,0,0,NA,0,002,STEWART AND GRAY RD,PERNELL AV,162,W,N,A,-,N,NA,NA,NA,NA,NA,NA,NA,NA,NA,Y,4,0,1,6,A,-,08,22107,NA,N,B,E,A,A,H,-,B,D,0,NA,NA,NA,NA,Y,NA,A,01,0,0,1,0,0,0,0,0,0,-,-,NA,NA,LOS ANGELES,DOWNEY,-118.16012185,33.94335561
6883205,2014,2015-04-20,1900,2014-10-30,1655,514243,2112,4,5,5,1943,0,0,0,NA,0,212T2,CALIFORNIA AV,MARTIN LUTHER KING JR BL,0,NA,Y,A,-,N,NA,NA,NA,NA,NA,NA,NA,NA,NA,Y,4,0,2,2,A,-,09,21801,A,N,A,C,A,B,H,-,A,A,0,NA,NA,NA,NA,Y,NA,A,01,0,0,2,0,0,0,0,0,0,-,-,NA,NA,LOS ANGELES,LYNWOOD,-118.20843011,33.93632003
6883211,2014,2016-06-08,9565,2014-07-24,0004,20349,NA,4,3,7,1942,0,1,1,NA,2,083,RT 10,CATTARAUGUS AV,30,W,N,A,-,Y,LA,7,10,-,R,8.29,H,-,E,Y,3,0,1,2,A,-,08,22107,NA,N,C,C,A,A,-,-,C,D,1,NA,NA,NA,NA,Y,NA,A,01,0,1,0,0,0,0,0,0,0,-,-,34.03384,-118.38585,LOS ANGELES,LOS ANGELES,-118.38604952,34.03362826
6883215,2014,2015-04-20,1900,2014-07-29,2238,519547,0987,2,5,4,1979,0,0,0,NA,0,93T3,SUNSET BL,OLIVE DR,0,NA,Y,A,-,N,NA,NA,NA,NA,NA,NA,NA,NA,NA,N,4,0,1,2,A,-,04,21703,NA,M,C,C,A,A,H,-,C,D,0,NA,NA,NA,NA,Y,Y,A,01,0,0,1,0,0,0,0,0,0,-,-,NA,NA,LOS ANGELES,WEST HOLLYWOOD,-118.37395012,34.09495008
6883228,2014,2015-04-20,1900,2014-06-13,2200,533005,1331,5,5,5,1908,0,0,0,NA,0,133T2,ARTHURDALE ST,CARPINTERO AV,0,NA,Y,A,-,N,NA,NA,NA,NA,NA,NA,NA,NA,NA,N,4,0,1,2,A,-,01,23152,A,N,D,C,A,A,H,-,C,A,0,NA,NA,NA,NA,Y,Y,A,01,0,0,1,0,0,0,0,0,0,-,-,NA,NA,LOS ANGELES,BELLFLOWER,-118.11443011,33.90604011
6883242,2014,2015-04-20,1912,2014-07-11,1515,8991,BURBA,5,5,6,1912,0,0,0,NA,0,NA,EMPIRE AV,VICTORY PL,0,NA,Y,A,-,N,NA,NA,NA,NA,NA,NA,NA,NA,NA,N,4,0,1,2,A,-,03,22350,NA,N,C,C,A,A,D,H,A,A,0,NA,NA,NA,NA,Y,NA,A,01,0,0,1,0,0,0,0,0,0,-,-,NA,NA,LOS ANGELES,BURBANK,-118.32929002,34.19208011
6883244,2014,2015-04-21,1942,2014-05-13,0630,36571,1268,2,5,7,1942,0,0,0,L,0,5T25,SAN PEDRO ST,MANCHESTER AV,5,N,N,A,-,N,NA,NA,NA,NA,NA,NA,NA,NA,NA,N,3,0,1,2,A,-,10,21950,A,F,G,B,B,A,H,-,A,A,0,Y,NA,NA,NA,Y,NA,-,99,0,1,0,0,1,0,0,0,0,-,-,NA,NA,LOS ANGELES,LOS ANGELES,-118.26950061,33.9601237
6883250,2014,2015-04-21,1938,2014-09-01,0710,624,225,1,5,4,1938,0,0,0,NA,0,001,BASELINE RD,WHEELER RD,0,NA,Y,A,-,N,NA,NA,NA,NA,NA,NA,NA,NA,NA,Y,2,0,2,3,A,-,09,21801,A,N,A,G,A,A,H,-,A,A,0,NA,Y,NA,NA,Y,NA,-,NA,2,0,0,0,0,0,2,0,0,-,-,NA,NA,LOS ANGELES,LA VERNE,-117.77685007,34.1216801
6883258,2014,2015-04-20,1900,2014-07-15,1530,512430,1334,2,5,5,1908,0,0,0,NA,0,133T2,LOS ANGELES ST,CLARK AV,5,E,N,A,-,N,NA,NA,NA,NA,NA,NA,NA,NA,NA,N,3,0,1,2,A,-,05,21202,A,M,-,G,A,A,H,-,A,D,0,NA,Y,NA,NA,Y,NA,L,NA,0,1,0,0,0,0,1,0,0,-,-,NA,NA,LOS ANGELES,BELLFLOWER,-118.13397356,33.88719003
6883260,2014,2016-05-07,9530,2014-05-07,0750,020680,NA,3,1,9,1900,0,3,5,NA,2,006,223RD ST,RT 110,70,W,N,B,-,Y,LA,7,110,-,-,6.355,R,4,S,N,4,0,3,3,A,-,03,22350,NA,N,C,C,A,A,H,-,A,A,1,NA,NA,NA,NA,Y,Y,-,99,0,0,3,0,0,0,0,0,0,-,-,33.8244,-118.28816,LOS ANGELES,UNINCORPORATED,-118.28750217,33.82205947
6883291,2015,2015-04-22,1942,2015-04-01,1105,40972,2141,3,5,7,1942,0,0,0,NA,0,21TL63,PLATT AV,VICTORY BL,0,NA,Y,A,-,N,NA,NA,NA,NA,NA,NA,NA,NA,NA,N,4,0,1,2,A,-,09,21804,A,N,D,G,A,A,H,-,A,A,0,NA,Y,NA,NA,Y,NA,L,04,0,0,1,0,0,0,1,0,0,-,-,NA,NA,LOS ANGELES,LOS ANGELES,-118.64278005,34.18665005
6883295,2015,2015-04-22,1942,2015-04-01,0755,33340,2156,3,5,7,1942,0,0,0,NA,0,16TL25,VANOWEN ST,OWENSMOUTH AV,0,NA,Y,A,-,N,NA,NA,NA,NA,NA,NA,NA,NA,NA,Y,4,0,2,2,A,-,12,21453,A,N,D,C,A,A,H,-,A,A,0,NA,NA,NA,NA,Y,NA,A,01,0,0,2,0,0,0,0,0,0,-,-,NA,NA,LOS ANGELES,LOS ANGELES,-118.60152006,34.19376006
6883299,2015,2015-04-22,1942,2015-04-01,1300,38356,1994,3,5,7,1942,0,0,0,NA,0,16TL26,TOBIAS AV,ROSCOE BL,0,NA,Y,A,-,N,NA,NA,NA,NA,NA,NA,NA,NA,NA,Y,4,0,1,1,A,-,03,22350,NA,N,E,I,A,A,H,-,A,A,0,NA,NA,NA,NA,Y,NA,A,01,0,0,1,0,0,0,0,0,0,-,-,NA,NA,LOS ANGELES,LOS ANGELES,-118.45169003,34.22152006
6883302,2015,2015-04-23,1912,2015-04-06,2049,13858,NA,1,5,6,1912,0,0,0,NA,0,NA,GLENOAKS BL,ANGELENO AV,60,S,N,A,-,N,NA,NA,NA,NA,NA,NA,NA,NA,NA,N,4,0,1,2,A,-,03,22350,NA,N,C,C,A,A,H,-,C,A,0,NA,NA,NA,NA,Y,NA,A,01,0,0,1,0,0,0,0,0,0,-,-,NA,NA,LOS ANGELES,BURBANK,-118.3050588,34.18234375
6883320,2015,2016-11-05,1944,2015-04-03,2121,224,2M72,5,5,4,1944,0,0,0,NA,0,004,SEPULVEDA BL,19TH ST,0,NA,Y,A,-,Y,LA,7,1,-,-,23.231,I,5,N,Y,4,0,1,2,A,-,09,21801,A,N,H,A,A,A,H,-,C,D,0,NA,NA,Y,NA,Y,NA,A,01,0,0,1,0,0,0,0,0,1,-,-,NA,NA,LOS ANGELES,MANHATTAN BEACH,-118.39596611,33.89227844
6883323,2015,2015-04-22,1928,2015-04-02,1356,384,515,4,5,5,1928,0,0,0,NA,0,0H3,HAWTHORNE BL,132ND ST N,550,N,N,A,-,N,NA,NA,NA,NA,NA,NA,NA,NA,NA,Y,4,0,1,2,A,-,03,22350,NA,F,C,C,A,A,H,-,A,A,0,NA,NA,NA,NA,Y,NA,A,01,0,0,1,0,0,0,0,0,0,-,-,NA,NA,LOS ANGELES,HAWTHORNE,-118.35277985,33.9145427
6883327,2015,2015-04-22,1928,2015-04-03,0714,324,519,5,5,5,1928,0,0,0,NA,0,593,139TH ST,CERISE AV,270,E,N,A,-,N,NA,NA,NA,NA,NA,NA,NA,NA,NA,N,4,0,1,3,A,-,08,22107,NA,M,C,B,-,A,H,-,A,D,0,Y,NA,NA,NA,Y,Y,A,01,0,0,1,0,1,0,0,0,0,-,-,NA,NA,LOS ANGELES,HAWTHORNE,-118.33215189,33.9055441
6883331,2015,2015-04-24,1928,2015-04-03,1047,324,509,5,5,5,1928,0,0,0,NA,0,502,PRAIRIE AV,EL SEGUNDO BL,0,NA,Y,A,-,N,NA,NA,NA,NA,NA,NA,NA,NA,NA,Y,4,0,1,2,A,-,09,21801,A,N,D,C,A,A,H,-,A,A,0,NA,NA,NA,NA,Y,NA,A,07,0,0,1,0,0,0,0,0,0,-,-,NA,NA,LOS ANGELES,HAWTHORNE,-118.34388002,33.91641006
6883335,2015,2015-04-22,1928,2015-04-03,1526,324,507,5,5,5,1928,0,0,0,NA,0,502,CRENSHAW BL,120TH ST,0,NA,Y,A,-,N,NA,NA,NA,NA,NA,NA,NA,NA,NA,N,4,0,1,2,A,-,04,21703,NA,N,C,C,A,A,H,-,A,A,0,NA,NA,NA,NA,Y,NA,A,01,0,0,1,0,0,0,0,0,0,-,-,NA,NA,LOS ANGELES,HAWTHORNE,-118.32651005,33.9237301
6883339,2015,2015-04-22,1942,2015-04-02,0810,33504,1643,4,5,7,1942,0,0,0,P,0,16TL23,VAN NUYS BL,TAMARACK AV,0,NA,Y,A,-,N,NA,NA,NA,NA,NA,NA,NA,NA,NA,Y,2,0,2,2,A,-,12,22450,A,N,D,C,A,A,H,-,A,A,0,NA,NA,Y,NA,Y,NA,A,08,2,0,0,0,0,0,0,0,1,-,-,NA,NA,LOS ANGELES,LOS ANGELES,-118.42464002,34.26426004
6883343,2015,2015-04-22,1942,2015-04-01,1535,32366,2157,3,5,7,1942,0,0,0,NA,0,35MQ13,DESOTO AV,KITTRIDGE ST,0,NA,Y,A,-,N,NA,NA,NA,NA,NA,NA,NA,NA,NA,Y,3,0,3,3,A,-,09,21801,A,N,D,C,A,A,H,-,A,A,0,NA,NA,NA,NA,Y,NA,A,01,0,2,1,0,0,0,0,0,0,-,-,NA,NA,LOS ANGELES,LOS ANGELES,-118.5884301,34.19116008
6883347,2015,2015-04-22,1942,2015-04-01,0725,40972,2142,3,5,7,1942,0,0,0,NA,0,21TL63,VANOWEN ST,BERQUIST AV,0,NA,Y,A,-,N,NA,NA,NA,NA,NA,NA,NA,NA,NA,Y,4,0,1,2,A,-,09,21802,A,N,D,C,A,A,H,-,A,A,0,NA,NA,NA,NA,Y,NA,A,01,0,0,1,0,0,0,0,0,0,-,-,NA,NA,LOS ANGELES,LOS ANGELES,-118.63453002,34.1937001
6883352,2015,2016-06-03,1925,2015-04-03,2139,23218,217,5,5,6,1925,0,0,0,NA,0,002,CONCORD ST,CALIFORNIA AV,0,NA,Y,A,-,N,NA,NA,NA,NA,NA,NA,NA,NA,NA,N,3,0,1,2,A,-,00,21951,D,N,G,B,D,A,H,-,C,D,0,Y,NA,NA,NA,Y,Y,A,01,0,1,0,0,1,0,0,0,0,-,-,NA,NA,LOS ANGELES,GLENDALE,-118.27114004,34.14998006
6883356,2015,2015-04-22,1925,2015-04-01,0740,14881,272,3,5,6,1925,0,0,0,NA,0,002,COLUMBUS AV,WINDSOR RD,0,NA,Y,A,-,N,NA,NA,NA,NA,NA,NA,NA,NA,NA,N,4,0,1,2,A,-,09,21802,A,N,D,C,A,A,H,-,A,A,0,NA,NA,NA,NA,Y,NA,A,07,0,0,1,0,0,0,0,0,0,-,-,NA,NA,LOS ANGELES,GLENDALE,-118.26076005,34.13663001
6883360,2015,2015-04-22,1925,2015-04-03,1504,21024,194,5,5,6,1925,0,0,0,NA,0,001,GLENOAKS,ALLEN,0,NA,Y,A,-,N,NA,NA,NA,NA,NA,NA,NA,NA,NA,N,2,0,1,2,A,-,10,21950,A,N,A,B,B,A,H,-,A,A,0,Y,NA,NA,NA,Y,NA,A,01,1,0,0,0,1,0,0,0,0,-,-,NA,NA,LOS ANGELES,GLENDALE,-118.29360011,34.17386012
6883389,2015,2016-11-05,1923,2015-04-04,1124,448,311,6,5,3,1923,0,0,0,NA,0,3K9,EL SEGUNDO BL,SEPULVEDA BL,51,E,N,A,-,Y,LA,7,1,-,-,24.911,I,6,N,Y,4,0,1,3,A,-,03,22350,NA,N,C,C,A,A,H,-,A,A,0,NA,NA,NA,NA,Y,NA,A,01,0,0,1,0,0,0,0,0,0,-,-,NA,NA,LOS ANGELES,EL SEGUNDO,-118.39587829,33.91637015
6883439,2015,2015-04-21,1900,2015-04-01,1332,528221,1123,3,5,6,1992,0,0,0,NA,0,112T2,AVENUE K,10TH ST WEST,0,NA,Y,A,-,N,NA,NA,NA,NA,NA,NA,NA,NA,NA,Y,4,0,1,2,A,-,12,21453,A,N,D,C,A,A,H,-,A,A,0,NA,NA,NA,NA,Y,NA,A,01,0,0,1,0,0,0,0,0,0,-,-,NA,NA,LOS ANGELES,LANCASTER,-118.14789004,34.67487008
6883443,2015,2015-04-21,1956,2015-04-07,0852,1236,52,2,5,5,1956,0,0,0,NA,0,004,ARTESIA BL,GREEN LN,0,NA,Y,A,-,N,NA,NA,NA,NA,NA,NA,NA,NA,NA,Y,4,0,2,2,A,-,09,21801,A,N,D,C,A,A,H,-,A,A,0,NA,NA,NA,NA,Y,NA,A,01,0,0,2,0,0,0,0,0,0,-,-,NA,NA,LOS ANGELES,REDONDO BEACH,-118.37699008,33.87289002
6883455,2015,2015-04-21,1956,2015-04-06,1849,1281,43,1,5,5,1956,0,0,0,NA,0,004,GRANT AV,MACKAY LN,0,NA,Y,A,-,N,NA,NA,NA,NA,NA,NA,NA,NA,NA,N,3,0,1,2,A,-,11,21950,B,N,G,B,B,A,H,-,A,A,0,Y,NA,NA,NA,Y,NA,N,60,0,1,0,0,1,0,0,0,0,-,-,NA,NA,LOS ANGELES,REDONDO BEACH,-118.36854009,33.86903006
6883460,2015,2015-04-22,1900,2015-04-04,1307,491337,2612,6,5,6,1950,0,0,0,NA,0,262T1,PAXTON AV,SNOWBERRY WY,218,E,N,A,-,N,NA,NA,NA,NA,NA,NA,NA,NA,NA,Y,3,0,1,2,A,-,11,21954,A,N,G,B,E,A,H,-,A,D,0,Y,NA,NA,NA,Y,NA,N,60,0,1,0,0,1,0,0,0,0,-,-,NA,NA,LOS ANGELES,PALMDALE,-118.17745711,34.59843783
6883473,2015,2016-11-07,1900,2015-04-04,2106,528503,2607,6,5,6,1950,0,0,0,NA,0,262T1,PALMDALE BL,40TH ST,1219,E,N,A,-,Y,LA,7,138,-,-,47.99,H,-,E,Y,4,0,2,2,A,-,01,23152,A,N,C,C,A,A,H,-,D,D,0,NA,NA,NA,NA,Y,Y,A,01,0,0,2,0,0,0,0,0,0,-,-,NA,NA,LOS ANGELES,PALMDALE,-118.05451376,34.5802621
6883479,2015,2015-04-22,1942,2015-04-07,1535,31736,1018,2,5,7,1942,0,0,0,J,0,15TL44,SATICOY ST,DENSMORE AV,0,NA,Y,B,C,N,NA,NA,NA,NA,NA,NA,NA,NA,NA,Y,3,0,2,3,A,-,12,21453,A,N,A,C,A,B,H,-,A,A,0,NA,NA,NA,NA,Y,NA,A,01,0,1,1,0,0,0,0,0,0,-,-,NA,NA,LOS ANGELES,LOS ANGELES,-118.47713002,34.20845011
6883490,2015,2015-04-23,1900,2015-04-06,1815,279499,2603,1,5,6,1950,0,0,0,NA,0,164T1,47TH ST EAST,FORT TEJON RD,0,NA,Y,A,-,N,NA,NA,NA,NA,NA,NA,NA,NA,NA,Y,4,0,1,2,A,-,05,21650,NA,N,B,C,A,A,H,-,A,A,0,NA,NA,NA,NA,Y,NA,A,01,0,0,1,0,0,0,0,0,0,-,-,NA,NA,LOS ANGELES,PALMDALE,-118.04495007,34.55371011
6883491,2015,2016-06-03,1942,2015-04-05,1400,40979,1039,7,5,7,1942,0,0,0,J,0,10EL1,VICTORY BL,GAVIOATA ST,5,E,N,A,-,N,NA,NA,NA,NA,NA,NA,NA,NA,NA,N,4,0,1,2,A,-,09,21801,A,N,D,C,A,A,H,-,A,D,0,NA,NA,NA,NA,Y,NA,A,08,0,0,1,0,0,0,0,0,0,-,-,NA,NA,LOS ANGELES,LOS ANGELES,-118.4814635,34.18662011
6883492,2015,2015-04-22,1912,2015-04-02,1225,8991,BURBA,4,5,6,1912,0,0,0,NA,0,NA,KENNETH RD,ALAMEDA AV,70,N,N,A,-,N,NA,NA,NA,NA,NA,NA,NA,NA,NA,Y,3,0,1,1,A,-,08,22107,NA,N,E,I,A,A,H,-,A,D,0,NA,NA,NA,NA,Y,NA,A,01,0,1,0,0,0,0,0,0,0,-,-,NA,NA,LOS ANGELES,BURBANK,-118.29272353,34.18150671
6883494,2015,2015-04-23,1900,2015-04-09,1255,458055,2603,4,5,6,1950,0,0,0,NA,0,263T1,AV S,10TH ST EAST,0,NA,Y,A,-,N,NA,NA,NA,NA,NA,NA,NA,NA,NA,N,4,0,2,3,A,-,03,22350,NA,N,C,C,A,A,H,-,A,A,0,NA,NA,NA,NA,Y,NA,-,NA,0,0,2,0,0,0,0,0,0,-,-,NA,NA,LOS ANGELES,PALMDALE,-118.11143007,34.5580401
6883495,2015,2015-04-22,1942,2015-04-07,1800,38832,1035,2,5,7,1942,0,0,0,J,0,10X12,WHITE OAK AV,VICTORY BL,200,S,N,A,-,N,NA,NA,NA,NA,NA,NA,NA,NA,NA,N,4,0,2,2,A,-,04,21703,NA,N,C,C,A,B,H,-,A,A,0,NA,NA,NA,NA,Y,NA,A,01,0,0,2,0,0,0,0,0,0,-,-,NA,NA,LOS ANGELES,LOS ANGELES,-118.51848,34.18607146
6883496,2015,2015-04-22,1912,2015-04-01,1355,10229,NA,3,5,6,1912,0,0,0,NA,0,NA,KENNETH RD,ORANGE GROVE AV,20,S,N,A,-,N,NA,NA,NA,NA,NA,NA,NA,NA,NA,N,3,0,1,1,A,-,08,22107,NA,N,E,I,A,A,H,-,A,A,0,NA,NA,NA,NA,Y,NA,A,01,0,1,0,0,0,0,0,0,0,-,-,NA,NA,LOS ANGELES,BURBANK,-118.30233041,34.1885338
6883499,2015,2015-04-22,1942,2015-04-03,1220,39499,RD106,5,5,7,1942,0,0,0,NA,0,10X24,TAMPA AV,VENTURA BL,250,N,N,A,-,N,NA,NA,NA,NA,NA,NA,NA,NA,NA,Y,3,0,1,2,A,-,12,21453,A,N,D,C,A,A,H,-,A,A,0,NA,NA,NA,NA,Y,NA,A,01,0,1,0,0,0,0,0,0,0,-,-,NA,NA,LOS ANGELES,LOS ANGELES,-118.55346,34.17332571
6883503,2015,2015-04-22,1942,2015-04-03,1125,37072,1025,5,5,7,1942,0,0,0,J,0,10A3,LINDLEY AV,SHERMAN WY,225,S,N,A,-,N,NA,NA,NA,NA,NA,NA,NA,NA,NA,N,4,0,1,2,A,-,09,21804,A,N,B,G,A,A,H,-,A,D,0,NA,Y,NA,NA,Y,NA,A,01,0,0,1,0,0,0,1,0,0,-,-,NA,NA,LOS ANGELES,LOS ANGELES,-118.52731779,34.20046301
6883506,2015,2015-04-22,1912,2015-04-02,0950,13876,1912,4,5,6,1912,0,0,0,NA,0,00A,GLENOAKS BL,WINONA AV,0,NA,Y,A,-,N,NA,NA,NA,NA,NA,NA,NA,NA,NA,Y,3,0,1,2,A,-,09,21801,A,N,B,C,A,A,H,-,A,A,0,NA,NA,NA,NA,Y,NA,A,01,0,1,0,0,0,0,0,0,0,-,-,NA,NA,LOS ANGELES,BURBANK,-118.32798002,34.19906005
6883507,2015,2015-04-22,1962,2015-04-08,2021,126,1962,3,5,4,1962,0,0,0,NA,0,025,VALLEY BL,DEL MAR AV,0,NA,Y,A,-,N,NA,NA,NA,NA,NA,NA,NA,NA,NA,N,3,0,1,2,A,-,12,21453,A,N,D,G,A,A,H,-,C,A,0,NA,Y,NA,NA,Y,NA,L,04,0,1,0,0,0,0,1,0,0,-,-,NA,NA,LOS ANGELES,SAN GABRIEL,-118.09956001,34.07975011
6883510,2015,2015-04-22,1912,2015-04-02,1355,10229,NA,4,5,6,1912,0,0,0,NA,0,NA,HOLLYWOOD WY,WINONA AV,0,NA,Y,A,-,N,NA,NA,NA,NA,NA,NA,NA,NA,NA,Y,4,0,2,2,D,-,00,NA,NA,N,D,C,A,A,H,-,A,A,0,NA,NA,NA,NA,Y,NA,-,-,0,0,2,0,0,0,0,0,0,-,-,NA,NA,LOS ANGELES,BURBANK,-118.34887005,34.19932006
6883514,2015,2015-04-22,1912,2015-04-03,0817,8188,NA,5,5,6,1912,0,0,0,NA,0,NA,OLIVE AV,1ST ST,0,NA,Y,A,-,N,NA,NA,NA,NA,NA,NA,NA,NA,NA,Y,3,0,2,2,A,-,09,21801,A,N,D,C,A,A,H,-,A,A,0,NA,NA,NA,NA,Y,NA,A,01,0,1,1,0,0,0,0,0,0,-,-,NA,NA,LOS ANGELES,BURBANK,-118.31002013,34.17971011