CASE_ID,ACCIDENT_YEAR,PROC_DATE,JURIS,COLLISION_DATE,COLLISION_TIME,OFFICER_ID,REPORTING_DISTRICT,DAY_OF_WEEK,CHP_SHIFT,POPULATION,CNTY_CITY_LOC,SPECIAL_COND,BEAT_TYPE,CHP_BEAT_TYPE,CITY_DIVISION_LAPD,CHP_BEAT_CLASS,BEAT_NUMBER,PRIMARY_RD,SECONDARY_RD,DISTANCE,DIRECTION,INTERSECTION,WEATHER_1,WEATHER_2,STATE_HWY_IND,CALTRANS_COUNTY,CALTRANS_DISTRICT,STATE_ROUTE,ROUTE_SUFFIX,POSTMILE_PREFIX,POSTMILE,LOCATION_TYPE,RAMP_INTERSECTION,SIDE_OF_HWY,TOW_AWAY,COLLISION_SEVERITY,NUMBER_KILLED,NUMBER_INJURED,PARTY_COUNT,PRIMARY_COLL_FACTOR,PCF_CODE_OF_VIOL,PCF_VIOL_CATEGORY,PCF_VIOLATION,PCF_VIOL_SUBSECTION,HIT_AND_RUN,TYPE_OF_COLLISION,MVIW,PED_ACTION,ROAD_SURFACE,ROAD_COND_1,ROAD_COND_2,LIGHTING,CONTROL_DEVICE,CHP_ROAD_TYPE,PEDESTRIAN_ACCIDENT,BICYCLE_ACCIDENT,MOTORCYCLE_ACCIDENT,TRUCK_ACCIDENT,NOT_PRIVATE_PROPERTY,ALCOHOL_INVOLVED,STWD_VEHTYPE_AT_FAULT,CHP_VEHTYPE_AT_FAULT,COUNT_SEVERE_INJ,COUNT_VISIBLE_INJ,COUNT_COMPLAINT_PAIN,COUNT_PED_KILLED,COUNT_PED_INJURED,COUNT_BICYCLIST_KILLED,COUNT_BICYCLIST_INJURED,COUNT_MC_KILLED,COUNT_MC_INJURED,PRIMARY_RAMP,SECONDARY_RAMP,LATITUDE,LONGITUDE,COUNTY,CITY,POINT_X,POINT_Y
6883764,2015,2016-09-27,9565,2015-03-28,1658,020560,NA,6,2,5,1965,0,1,1,NA,2,081,RT 10,CLOVERFIELD BL,600,W,N,A,-,Y,LA,7,10,-,R,3.23,H,-,W,Y,4,0,1,3,A,-,01,23152,A,N,C,C,A,A,H,-,A,D,1,NA,NA,NA,NA,Y,Y,A,01,0,0,1,0,0,0,0,0,0,-,-,34.02395,-118.47167,LOS ANGELES,SANTA MONICA,-118.47118354,34.02409475
6883771,2015,2016-11-19,9565,2015-04-01,1240,19398,NA,3,1,6,1933,0,1,1,NA,2,060,RT 405,CENTURY BL,400,S,N,A,-,Y,LA,7,405,-,-,22.14,H,-,N,Y,4,0,1,3,A,-,03,22350,NA,N,C,C,A,A,-,-,A,D,1,NA,NA,NA,NA,Y,NA,A,07,0,0,1,0,0,0,0,0,0,-,-,33.41697,-118.43651,LOS ANGELES,INGLEWOOD,-118.36821691,33.94394221
6883775,2015,2017-01-05,9565,2015-04-02,2005,20209,NA,4,2,7,1942,0,1,1,NA,2,062,RT 405,NATIONAL BL,800,N,N,A,-,Y,LA,7,405,-,-,29.33,H,-,S,N,4,0,1,2,A,-,03,22350,NA,N,C,C,A,A,H,-,C,D,1,NA,NA,NA,NA,Y,NA,E,22,0,0,1,0,0,0,0,0,0,-,-,34.0283,-118.43133,LOS ANGELES,LOS ANGELES,-118.43169222,34.02874384
6883776,2015,2016-09-28,9565,2015-03-30,1545,20016,NA,1,2,7,1942,0,1,1,NA,2,064,RT 405,BEL AIR CREST RD,600,S,N,A,-,Y,LA,7,405,-,-,35.7,H,-,N,Y,4,0,3,2,A,-,03,22350,NA,N,C,C,A,A,H,-,A,D,1,NA,NA,NA,Y,Y,NA,F,26,0,0,3,0,0,0,0,0,0,-,-,34.09793,-118.4773,LOS ANGELES,LOS ANGELES,-118.48050391,34.10899122
6883779,2015,2016-11-19,9565,2015-04-06,1300,013744,NA,1,1,6,1933,0,1,1,NA,2,060,RT 405,ARBOR VITAE ST,100,N,N,A,-,Y,LA,7,405,-,-,22.76,H,-,N,N,4,0,1,3,A,-,03,22350,NA,M,C,C,A,A,H,-,A,D,1,NA,NA,NA,NA,Y,NA,D,22,0,0,1,0,0,0,0,0,0,-,-,33.95658,-118.3693,LOS ANGELES,INGLEWOOD,-118.36921187,33.95296963
6883788,2015,2016-09-22,9565,2015-03-27,1057,17981,NA,5,1,7,1942,0,1,1,NA,2,082,RT 10,SAWTELLE BL,100,W,N,A,-,Y,LA,7,10,-,R,5.21,H,-,E,N,4,0,1,2,A,-,03,22350,NA,F,C,C,A,A,H,-,A,D,1,NA,NA,NA,NA,Y,NA,D,22,0,0,1,0,0,0,0,0,0,-,-,34.03048,-118.43797000000001,LOS ANGELES,LOS ANGELES,-118.43774724,34.03059407
6883800,2015,2016-09-22,9565,2015-03-28,1800,020480,NA,6,2,7,1942,0,1,1,NA,2,082,RT 10,BARRY AV,100,E,N,A,-,Y,LA,7,10,-,R,4.95,H,-,E,Y,4,0,1,2,A,-,01,23152,A,N,C,C,A,A,H,-,B,D,1,NA,NA,NA,NA,Y,Y,D,22,0,0,1,0,0,0,0,0,0,-,-,34.03103,-118.43455,LOS ANGELES,LOS ANGELES,-118.44226066,34.02989496
6883811,2015,2015-04-24,9565,2015-04-05,1900,020604,NA,7,2,9,1900,0,2,4,NA,2,022,88TH ST,NORMANDIE AV,0,NA,Y,A,-,N,NA,NA,NA,NA,NA,NA,NA,NA,NA,Y,4,0,1,3,A,-,01,23152,A,N,D,C,A,A,H,-,B,D,0,NA,NA,NA,NA,Y,Y,D,22,0,0,1,0,0,0,0,0,0,-,-,NA,NA,LOS ANGELES,UNINCORPORATED,-118.30026011,33.95824006
6883815,2015,2015-04-24,9565,2015-04-06,2000,20596,NA,1,2,9,1900,0,2,4,NA,2,021,VERMONT AV,94TH ST,0,NA,Y,A,-,N,NA,NA,NA,NA,NA,NA,NA,NA,NA,Y,3,0,3,2,A,-,09,21802,A,N,D,C,A,A,H,-,C,A,0,NA,NA,NA,NA,Y,NA,A,08,0,1,2,0,0,0,0,0,0,-,-,NA,NA,LOS ANGELES,UNINCORPORATED,-118.29189002,33.95095004
6883818,2015,2015-04-24,9565,2015-03-24,1730,20173,NA,2,2,9,1900,0,3,5,NA,2,002,105TH ST,WESTERN AV,100,E,N,A,-,N,NA,NA,NA,NA,NA,NA,NA,NA,NA,N,4,0,1,2,A,-,03,22350,NA,F,C,C,A,A,H,-,A,D,0,NA,NA,NA,NA,Y,NA,D,22,0,0,1,0,0,0,0,0,0,-,-,33.94088,-118.30836,LOS ANGELES,UNINCORPORATED,-118.30870094,33.94090152
6883830,2015,2016-09-28,9565,2015-03-27,0550,20870,NA,5,3,7,1942,0,1,1,NA,2,064,RT 405,BEL AIR CREST RD,50,S,N,A,-,Y,LA,7,405,-,-,35.8,H,-,N,Y,3,0,2,3,A,-,03,22350,NA,N,C,C,A,A,-,-,B,D,1,NA,NA,NA,NA,Y,NA,A,01,0,1,1,0,0,0,0,0,0,-,-,34.1104,-118.48153,LOS ANGELES,LOS ANGELES,-118.48139623,34.11022885
6883838,2015,2016-10-20,9565,2015-03-30,1810,020487,NA,1,2,7,1942,0,1,1,NA,2,083,RT 10,LA CIENEGA BL,200,W,N,A,-,Y,LA,7,10,-,R,8.38,H,-,E,N,4,0,2,2,A,-,03,22350,NA,N,C,C,A,A,H,-,A,D,1,NA,NA,NA,NA,Y,NA,A,07,0,0,2,0,0,0,0,0,0,-,-,34.03136,-118.38979,LOS ANGELES,LOS ANGELES,-118.3847621,34.03438748
6883839,2015,2016-10-17,9565,2015-03-25,1000,15512,NA,3,1,7,1942,0,1,1,NA,2,010,RT 105,SEPULVEDA BL,500,E,N,A,-,Y,LA,7,105,-,R,0.59,H,-,W,Y,4,0,1,2,A,-,03,22350,NA,N,C,C,A,A,H,-,A,D,1,NA,NA,NA,Y,Y,NA,F,26,0,0,1,0,0,0,0,0,0,-,-,33.93185,-118.39488,LOS ANGELES,LOS ANGELES,-118.39467877,33.93163478
6883870,2015,2015-05-26,1900,2015-04-01,1607,536339,0973,3,5,4,1979,0,0,0,NA,0,92T1,FOUNTAIN AV,FULLER AV,30,E,N,A,-,N,NA,NA,NA,NA,NA,NA,NA,NA,NA,Y,3,0,1,2,A,-,00,21640,A,N,B,C,A,A,H,-,A,D,0,NA,NA,NA,NA,Y,NA,A,01,0,1,0,0,0,0,0,0,0,-,-,NA,NA,LOS ANGELES,WEST HOLLYWOOD,-118.3500011,34.09437
6883925,2015,2015-04-21,1942,2015-04-04,0020,36733,0946,6,5,7,1942,0,0,0,I,0,15T45,WOODMAN AV,BURBANK BL,0,NA,Y,A,-,N,NA,NA,NA,NA,NA,NA,NA,NA,NA,Y,3,0,2,2,A,-,01,23152,A,N,D,C,A,A,H,-,C,A,0,NA,NA,NA,NA,Y,Y,A,01,0,1,1,0,0,0,0,0,0,-,-,NA,NA,LOS ANGELES,LOS ANGELES,-118.43126013,34.17213009
6883926,2015,2015-04-21,1942,2015-04-03,0905,39335,1089,5,5,7,1942,0,0,0,J,0,9T53,VENTURA BL,WOODLEY AV,0,NA,Y,A,-,N,NA,NA,NA,NA,NA,NA,NA,NA,NA,N,4,0,1,2,A,-,04,21703,NA,N,C,C,A,A,H,-,A,D,0,NA,NA,NA,NA,Y,NA,A,01,0,0,1,0,0,0,0,0,0,-,-,NA,NA,LOS ANGELES,LOS ANGELES,-118.48366011,34.15636004
6883927,2015,2015-04-21,1942,2015-04-05,1235,38603,1049,7,5,7,1942,0,0,0,J,0,15TL47,WOODLEY AV,VICTORY BL,70,N,N,B,-,N,NA,NA,NA,NA,NA,NA,NA,NA,NA,Y,3,0,3,2,A,-,09,21804,A,N,D,C,A,A,H,-,A,D,0,NA,NA,NA,NA,Y,NA,A,01,0,2,1,0,0,0,0,0,0,-,-,NA,NA,LOS ANGELES,LOS ANGELES,-118.48365,34.18681201
6883928,2015,2015-04-21,1942,2015-04-05,1510,33700,1015,7,5,7,1942,0,0,0,J,0,35M47,LINDLEY AV,VALERIO ST,0,NA,Y,A,-,N,NA,NA,NA,NA,NA,NA,NA,NA,NA,Y,4,0,3,2,A,-,09,21801,A,N,A,C,A,A,H,-,A,A,0,NA,NA,NA,NA,Y,NA,A,01,0,0,3,0,0,0,0,0,0,-,-,NA,NA,LOS ANGELES,LOS ANGELES,-118.52731006,34.20476008
6883929,2015,2015-04-21,1942,2015-04-01,1515,40294,1015,3,5,7,1942,0,0,0,J,0,15T44,RESEDA BL,VALERIO ST,0,NA,Y,A,-,N,NA,NA,NA,NA,NA,NA,NA,NA,NA,Y,4,0,5,2,A,-,12,21453,A,N,F,C,A,A,H,-,A,A,0,NA,NA,NA,NA,Y,NA,A,01,0,0,5,0,0,0,0,0,0,-,-,NA,NA,LOS ANGELES,LOS ANGELES,-118.53605006,34.20475002
6883930,2015,2015-04-21,1942,2015-04-03,1730,34599,1063,5,5,7,1942,0,0,0,J,0,10T38,VENTURA BL,BURBANK BL,61,W,N,A,-,N,NA,NA,NA,NA,NA,NA,NA,NA,NA,N,4,0,1,2,A,-,08,22107,NA,N,B,C,A,A,H,-,A,-,0,NA,NA,NA,NA,Y,NA,A,07,0,0,1,0,0,0,0,0,0,-,-,NA,NA,LOS ANGELES,LOS ANGELES,-118.54295141,34.17158256
6883931,2015,2015-04-21,1942,2015-04-04,1545,34599,1004,6,5,7,1942,0,0,0,J,0,10T38,ROSCOE BL,LINDLEY AV,0,NA,Y,A,-,N,NA,NA,NA,NA,NA,NA,NA,NA,NA,N,4,0,2,2,A,-,09,21801,A,N,D,C,A,A,H,-,A,A,0,NA,NA,NA,NA,Y,NA,A,01,0,0,2,0,0,0,0,0,0,-,-,NA,NA,LOS ANGELES,LOS ANGELES,-118.52736008,34.22085011
6883932,2015,2015-04-21,1942,2015-04-01,1440,26319,1063,3,5,7,1942,0,0,0,J,0,19TL74,CLARK ST,ETIWANDA AV,110,W,N,A,-,N,NA,NA,NA,NA,NA,NA,NA,NA,NA,N,4,0,1,2,A,-,09,21804,A,N,B,C,A,A,A,-,A,D,0,NA,NA,NA,NA,Y,NA,A,01,0,0,1,0,0,0,0,0,0,-,-,NA,NA,LOS ANGELES,LOS ANGELES,-118.53117302,34.16976206
6883933,2015,2016-06-03,1941,2015-04-01,2023,6278,NA,3,5,7,1941,0,0,0,NA,0,NA,7TH ST,LOCUST AV,0,NA,Y,A,-,N,NA,NA,NA,NA,NA,NA,NA,NA,NA,N,3,0,1,2,-,-,-,NA,NA,N,G,G,A,A,H,-,C,A,0,NA,Y,NA,NA,Y,NA,-,-,0,1,0,0,0,0,1,0,0,-,-,NA,NA,LOS ANGELES,LONG BEACH,-118.1911,33.77536008
6883934,2015,2016-11-03,1941,2015-04-02,0926,5685,NA,4,5,7,1941,0,0,0,NA,0,NA,BELLFLOWER BL,27TH ST,0,NA,Y,A,-,Y,LA,7,405,-,-,2.119,R,4,N,Y,4,0,2,2,A,-,12,21453,A,N,D,C,A,A,H,-,A,A,0,NA,NA,NA,NA,Y,NA,A,NA,0,0,2,0,0,0,0,0,0,-,-,NA,NA,LOS ANGELES,LONG BEACH,-118.12250498,33.80281152
6883935,2015,2015-04-21,1941,2015-04-01,1340,5695,NA,3,5,7,1941,0,0,0,NA,0,NA,4TH ST,XIMENO AV,50,W,N,A,-,N,NA,NA,NA,NA,NA,NA,NA,NA,NA,Y,2,0,1,2,A,-,08,22107,NA,N,D,C,A,A,H,-,A,D,0,NA,NA,Y,NA,Y,NA,A,NA,1,0,0,0,0,0,0,0,1,-,-,NA,NA,LOS ANGELES,LONG BEACH,-118.14174418,33.77168075
6883936,2015,2015-04-21,1941,2015-04-03,1533,6284,NA,5,5,7,1941,0,0,0,NA,0,NA,LONG BEACH BL,SPRING ST,0,NA,Y,A,-,N,NA,NA,NA,NA,NA,NA,NA,NA,NA,Y,4,0,1,2,A,-,08,22107,NA,N,A,C,A,A,H,-,A,A,0,NA,NA,NA,NA,Y,NA,A,NA,0,0,1,0,0,0,0,0,0,-,-,NA,NA,LOS ANGELES,LONG BEACH,-118.18948013,33.81165011
6883937,2015,2015-04-21,1941,2015-04-02,1630,5497,NA,4,5,7,1941,0,0,0,NA,0,NA,LONG BEACH BL,VERNON,42,S,N,A,-,N,NA,NA,NA,NA,NA,NA,NA,NA,NA,N,4,0,1,2,A,-,-,NA,NA,F,H,B,C,A,H,-,A,D,0,Y,NA,NA,NA,Y,NA,A,NA,0,0,1,0,1,0,0,0,0,-,-,NA,NA,LOS ANGELES,LONG BEACH,-118.18946125,33.80337483
6883966,2015,2015-05-19,1942,2015-04-05,0940,40024,0241,7,5,7,1942,0,0,0,B,0,6TL7,3RD ST,LA FAYETTE PARK PL,30,E,N,A,-,N,NA,NA,NA,NA,NA,NA,NA,NA,NA,N,4,0,1,2,A,-,03,22350,NA,F,B,C,A,A,H,-,A,D,0,NA,NA,NA,NA,Y,NA,A,01,0,0,1,0,0,0,0,0,0,-,-,NA,NA,LOS ANGELES,LOS ANGELES,-118.28055089,34.06702436
6883967,2015,2015-04-20,1942,2015-04-02,2330,37078,1415,4,5,7,1942,0,0,0,N,0,14A13,LINCOLN BL,WARREN AV,0,NA,Y,A,-,N,NA,NA,NA,NA,NA,NA,NA,NA,NA,Y,2,0,1,2,A,-,03,22350,NA,N,D,C,A,A,H,-,C,D,0,NA,NA,Y,NA,Y,NA,C,02,1,0,0,0,0,0,0,0,1,-,-,NA,NA,LOS ANGELES,LOS ANGELES,-118.46878011,34.00181006
6883968,2015,2015-04-20,1942,2015-04-03,0450,41649,1401,5,5,7,1942,0,0,0,N,0,14A13,CENTINELA AV,PEARL ST,0,NA,Y,A,-,N,NA,NA,NA,NA,NA,NA,NA,NA,NA,Y,2,0,2,2,A,-,12,21453,A,N,D,C,A,A,H,-,C,A,0,NA,NA,NA,NA,Y,NA,A,01,1,0,1,0,0,0,0,0,0,-,-,NA,NA,LOS ANGELES,LOS ANGELES,-118.45097003,34.02572009
6883977,2015,2015-04-20,1942,2015-04-07,1255,36589,0622,2,5,7,1942,0,0,0,F,0,7TL72,NICHOLS CANYON RD,COURTNEY AV,152,S,N,A,-,N,NA,NA,NA,NA,NA,NA,NA,NA,NA,Y,3,0,2,1,A,-,03,22350,NA,N,E,I,A,A,H,-,A,D,0,NA,NA,NA,NA,Y,NA,A,01,0,2,0,0,0,0,0,0,0,-,-,NA,NA,LOS ANGELES,LOS ANGELES,-118.35885943,34.10397346
6884027,2015,2015-04-21,1942,2015-04-04,2040,38354,0914,6,5,7,1942,0,0,0,I,0,10T37,SHERMAN WY,KESTER AV,14,E,N,A,-,N,NA,NA,NA,NA,NA,NA,NA,NA,NA,N,4,0,1,2,A,-,08,22107,NA,N,G,B,B,A,H,-,C,A,0,Y,NA,NA,NA,Y,NA,A,07,0,0,1,0,1,0,0,0,0,-,-,NA,NA,LOS ANGELES,LOS ANGELES,-118.45741378,34.20114
6884028,2015,2015-04-21,1942,2015-04-03,1840,31652,0911,5,5,7,1942,0,0,0,I,0,19T73,VICTORY BL,SEPULVEDA BL,0,NA,Y,A,-,N,NA,NA,NA,NA,NA,NA,NA,NA,NA,N,4,0,1,2,A,-,09,21801,A,N,A,C,A,A,H,-,A,A,0,NA,NA,NA,NA,Y,NA,A,01,0,0,1,0,0,0,0,0,0,-,-,NA,NA,LOS ANGELES,LOS ANGELES,-118.46617011,34.18666009
6884029,2015,2015-04-30,1942,2015-04-05,0910,36257,0979,7,5,7,1942,0,0,0,I,0,15TL45,COLDWATER CANYON AV,VENTURA FWY,0,NA,Y,B,-,N,NA,NA,NA,NA,NA,NA,NA,NA,NA,Y,3,0,3,2,A,-,12,21453,A,N,D,C,A,A,H,-,A,A,0,NA,NA,NA,NA,Y,NA,-,-,0,2,1,0,0,0,0,0,0,-,EF,NA,NA,LOS ANGELES,LOS ANGELES,-118.41372004,34.14513011
6884030,2015,2015-04-21,1942,2015-04-02,1815,31652,0985,4,5,7,1942,0,0,0,I,0,19T73,VENTURA BL,BEVERLY GLEN BL,0,NA,Y,A,-,N,NA,NA,NA,NA,NA,NA,NA,NA,NA,N,4,0,1,2,D,-,00,NA,NA,N,H,C,A,A,H,-,A,A,0,NA,NA,NA,NA,Y,NA,-,-,0,0,1,0,0,0,0,0,0,-,-,NA,NA,LOS ANGELES,LOS ANGELES,-118.44584,34.15045008
6884031,2015,2015-04-20,1942,2015-04-02,1310,33779,0932,4,5,7,1942,0,0,0,I,0,15T244,VICTORY BL,COLUMBUS AV,75,E,N,A,-,N,NA,NA,NA,NA,NA,NA,NA,NA,NA,Y,4,0,2,2,A,-,04,21703,NA,N,C,C,A,A,H,-,A,A,0,NA,NA,NA,NA,Y,NA,A,01,0,0,2,0,0,0,0,0,0,-,-,NA,NA,LOS ANGELES,LOS ANGELES,-118.46376245,34.18666
6884032,2015,2015-04-20,1942,2015-04-02,0740,39335,0963,4,5,7,1942,0,0,0,I,0,9T53,KESTER AV,MAGNOLIA BL,186,N,N,A,-,N,NA,NA,NA,NA,NA,NA,NA,NA,NA,Y,4,0,2,2,A,-,09,21804,A,N,D,C,A,A,H,-,A,D,0,NA,NA,NA,NA,Y,NA,A,01,0,0,2,0,0,0,0,0,0,-,-,NA,NA,LOS ANGELES,LOS ANGELES,-118.45742759,34.16535998
6884033,2015,2015-04-20,1942,2015-04-01,1545,38356,0915,3,5,7,1942,0,0,0,I,0,16TL26,SHERMAN WY,TYRONE AV,0,NA,Y,A,-,N,NA,NA,NA,NA,NA,NA,NA,NA,NA,Y,4,0,2,2,A,-,12,21453,A,N,D,C,A,A,H,-,A,A,0,NA,NA,NA,NA,Y,NA,A,01,0,0,2,0,0,0,0,0,0,-,-,NA,NA,LOS ANGELES,LOS ANGELES,-118.44436013,34.20120003
6884034,2015,2015-04-20,1942,2015-04-01,0350,34561,0932,3,5,7,1942,0,0,0,I,0,9T53,VICTORY BL,NOBLE AV,200,E,N,A,-,N,NA,NA,NA,NA,NA,NA,NA,NA,NA,Y,4,0,1,2,A,-,03,22350,NA,N,C,E,A,A,H,-,C,D,0,NA,NA,NA,NA,Y,NA,A,01,0,0,1,0,0,0,0,0,0,-,-,NA,NA,LOS ANGELES,LOS ANGELES,-118.46118986,34.18665049
6884096,2015,2015-04-24,1920,2015-03-18,1632,12035,NA,3,5,6,1920,0,0,0,NA,0,NA,IMPERIAL HWY,PARAMOUNT BL,300,E,N,A,-,N,NA,NA,NA,NA,NA,NA,NA,NA,NA,N,4,0,1,2,A,-,07,21658,A,N,B,C,A,A,H,-,A,D,0,NA,NA,NA,NA,Y,NA,D,22,0,0,1,0,0,0,0,0,0,-,-,NA,NA,LOS ANGELES,DOWNEY,-118.15115331,33.92363742
6884098,2015,2015-04-24,1920,2015-03-14,1918,12323,NA,6,5,6,1920,0,0,0,NA,0,004,TELEGRAPH RD,PASSONS BL,20,W,N,A,-,N,NA,NA,NA,NA,NA,NA,NA,NA,NA,N,4,0,2,2,A,-,03,22350,NA,N,C,C,A,A,H,-,C,A,0,NA,NA,NA,NA,Y,NA,D,22,0,0,2,0,0,0,0,0,0,-,-,NA,NA,LOS ANGELES,DOWNEY,-118.10276997,33.95568569
6884103,2015,2015-04-24,1976,2015-03-27,1641,894,NA,5,5,3,1964,0,0,0,NA,0,002,FLORENCE AV,KOONTZ AV,200,W,N,A,-,N,NA,NA,NA,NA,NA,NA,NA,NA,NA,Y,4,0,1,2,A,-,08,22102,NA,N,D,C,A,A,H,-,A,D,0,NA,NA,NA,NA,Y,NA,D,22,0,0,1,0,0,0,0,0,0,-,-,NA,NA,LOS ANGELES,SANTA FE SPRINGS,-118.07459792,33.93534726
6884104,2015,2016-04-12,1976,2015-03-28,1030,339,NA,6,5,3,1964,0,0,0,NA,0,NA,IMPERIAL HWY,CARMENITA RD,500,W,N,A,-,N,NA,NA,NA,NA,NA,NA,NA,NA,NA,NA,3,0,1,2,A,-,08,22107,NA,F,H,G,A,A,H,-,A,D,0,NA,Y,NA,NA,Y,NA,D,22,0,1,0,0,0,0,1,0,0,-,-,NA,NA,LOS ANGELES,SANTA FE SPRINGS,-118.04845387,33.9169232
6884107,2015,2015-04-24,1976,2015-04-03,1438,351,1976,5,5,3,1964,0,0,0,NA,0,002,ORR AND DAY RD,TELEGRAPH RD,198,S,N,A,-,N,NA,NA,NA,NA,NA,NA,NA,NA,NA,N,4,0,1,2,A,-,03,22350,NA,N,C,C,A,A,H,-,A,D,0,NA,NA,NA,NA,Y,NA,A,01,0,0,1,0,0,0,0,0,0,-,-,NA,NA,LOS ANGELES,SANTA FE SPRINGS,-118.08985997,33.94823393
6884108,2015,2015-04-24,1976,2015-04-03,1959,469,NA,5,5,3,1964,0,0,0,NA,0,NA,BLOOMFIELD AV,ALLARD ST,250,S,N,A,-,N,NA,NA,NA,NA,NA,NA,NA,NA,NA,N,4,0,1,2,D,-,00,NA,NA,N,B,C,A,A,H,-,C,D,0,NA,NA,NA,NA,Y,NA,-,-,0,0,1,0,0,0,0,0,0,-,-,NA,NA,LOS ANGELES,SANTA FE SPRINGS,-118.06395,33.92158451
6884110,2015,2015-05-27,1976,2015-04-08,0753,377,NA,3,5,3,1964,0,0,0,NA,0,003,ALONDRA BL,DISTRIBUTION WY,105,E,N,A,-,N,NA,NA,NA,NA,NA,NA,NA,NA,NA,Y,4,0,1,2,A,-,03,22350,NA,N,C,C,A,A,H,-,A,D,0,NA,NA,NA,NA,Y,NA,A,01,0,0,1,0,0,0,0,0,0,-,-,NA,NA,LOS ANGELES,SANTA FE SPRINGS,-118.03980488,33.88796639
6884116,2015,2015-04-24,1965,2015-03-30,1655,2970,4B,1,5,5,1965,0,0,0,NA,0,004,SAN VICENTE BL,11TH ST,0,NA,Y,A,-,N,NA,NA,NA,NA,NA,NA,NA,NA,NA,Y,4,0,2,2,A,-,09,21802,A,N,D,C,A,A,H,-,A,A,0,NA,NA,NA,NA,Y,NA,A,01,0,0,2,0,0,0,0,0,0,-,-,NA,NA,LOS ANGELES,SANTA MONICA,-118.50602001,34.03667008
6884118,2015,2015-04-30,1965,2015-03-10,1507,3553,0B4E,2,5,5,1965,0,0,0,NA,0,B004,MONTANA AV,19TH ST,115,E,N,A,-,N,NA,NA,NA,NA,NA,NA,NA,NA,NA,Y,4,0,1,3,A,-,03,22350,NA,N,C,C,A,A,H,-,A,A,0,NA,NA,NA,NA,Y,NA,I,10,0,0,1,0,0,0,0,0,0,-,-,NA,NA,LOS ANGELES,SANTA MONICA,-118.49037726,34.03610895
6884134,2015,2015-05-27,1965,2015-04-04,1310,3820,0B3B,6,5,5,1965,0,0,0,NA,0,B003,SANTA MONICA BL,EUCLID ST,0,NA,Y,A,-,N,NA,NA,NA,NA,NA,NA,NA,NA,NA,N,4,0,1,2,A,-,03,22350,NA,N,C,C,A,A,H,-,A,D,0,NA,NA,NA,NA,Y,NA,I,20,0,0,1,0,0,0,0,0,0,-,-,NA,NA,LOS ANGELES,SANTA MONICA,-118.48665008,34.02332006
6884141,2015,2015-04-23,1942,2015-04-05,1715,39705,RD159,7,5,7,1942,0,0,0,NA,0,15A1,CAHUENGA BL,REGAL PL,0,NA,Y,A,-,N,NA,NA,NA,NA,NA,NA,NA,NA,NA,N,4,0,1,2,A,-,21,22106,NA,F,C,C,A,A,H,-,A,A,0,NA,NA,NA,NA,Y,NA,-,99,0,0,1,0,0,0,0,0,0,-,-,NA,NA,LOS ANGELES,LOS ANGELES,-118.36109012,34.13496001
6884143,2015,2015-04-23,1942,2015-04-02,1800,39952,1545,4,5,7,1942,0,0,0,O,0,15A28,LAUREL CANYON BL,LA MAIDA AV,20,N,N,A,-,N,NA,NA,NA,NA,NA,NA,NA,NA,NA,N,4,0,1,2,A,-,21,22106,NA,N,B,C,A,A,-,-,A,D,0,NA,NA,NA,NA,Y,NA,D,22,0,0,1,0,0,0,0,0,0,-,-,NA,NA,LOS ANGELES,LOS ANGELES,-118.39649,34.15858486
6884144,2015,2015-04-27,1942,2015-04-08,0905,35433,1544,3,5,7,1942,0,0,0,O,0,15T47,LAUREL CANYON BL,MAGNOLIA BL,40,S,N,A,-,N,NA,NA,NA,NA,NA,NA,NA,NA,NA,N,4,0,1,2,A,-,04,21703,NA,N,C,D,A,A,H,-,A,D,0,NA,NA,NA,NA,Y,NA,D,22,0,0,1,0,0,0,0,0,0,-,-,NA,NA,LOS ANGELES,LOS ANGELES,-118.3965,34.16477029
6884145,2015,2015-05-12,1942,2015-04-09,2105,34332,1675,4,5,7,1942,0,0,0,P,0,17T13,LEHIGH AV,OLINDA ST,0,NA,Y,A,-,N,NA,NA,NA,NA,NA,NA,NA,NA,NA,Y,4,0,5,2,A,-,12,22450,A,N,D,C,A,A,H,-,C,A,0,NA,NA,NA,NA,Y,NA,D,22,0,0,5,0,0,0,0,0,0,-,-,NA,NA,LOS ANGELES,LOS ANGELES,-118.36936011,34.22538011
6884146,2015,2015-04-23,1942,2015-04-08,1915,34561,1641,3,5,7,1942,0,0,0,P,0,9T53,TERRA BELLA ST,AMBOY AV,0,NA,Y,A,-,N,NA,NA,NA,NA,NA,NA,NA,NA,NA,N,3,0,1,2,A,-,09,21802,A,N,D,C,A,A,H,-,C,A,0,NA,NA,NA,NA,Y,NA,D,22,0,1,0,0,0,0,0,0,0,-,-,NA,NA,LOS ANGELES,LOS ANGELES,-118.42416013,34.25403008
6884147,2015,2016-12-03,1942,2015-04-07,1610,36599,2136,2,5,7,1942,0,0,0,NA,0,16TL24,TOPANGA CYN BL,COHASSET ST,300,N,N,C,-,Y,LA,7,27,-,-,14.97,H,-,S,Y,3,0,1,2,A,-,09,21801,A,N,D,C,A,B,H,-,A,D,0,NA,NA,NA,NA,Y,NA,A,01,0,1,0,0,0,0,0,0,0,-,-,NA,NA,LOS ANGELES,LOS ANGELES,-118.60604583,34.20724696