CASE_ID,ACCIDENT_YEAR,PROC_DATE,JURIS,COLLISION_DATE,COLLISION_TIME,OFFICER_ID,REPORTING_DISTRICT,DAY_OF_WEEK,CHP_SHIFT,POPULATION,CNTY_CITY_LOC,SPECIAL_COND,BEAT_TYPE,CHP_BEAT_TYPE,CITY_DIVISION_LAPD,CHP_BEAT_CLASS,BEAT_NUMBER,PRIMARY_RD,SECONDARY_RD,DISTANCE,DIRECTION,INTERSECTION,WEATHER_1,WEATHER_2,STATE_HWY_IND,CALTRANS_COUNTY,CALTRANS_DISTRICT,STATE_ROUTE,ROUTE_SUFFIX,POSTMILE_PREFIX,POSTMILE,LOCATION_TYPE,RAMP_INTERSECTION,SIDE_OF_HWY,TOW_AWAY,COLLISION_SEVERITY,NUMBER_KILLED,NUMBER_INJURED,PARTY_COUNT,PRIMARY_COLL_FACTOR,PCF_CODE_OF_VIOL,PCF_VIOL_CATEGORY,PCF_VIOLATION,PCF_VIOL_SUBSECTION,HIT_AND_RUN,TYPE_OF_COLLISION,MVIW,PED_ACTION,ROAD_SURFACE,ROAD_COND_1,ROAD_COND_2,LIGHTING,CONTROL_DEVICE,CHP_ROAD_TYPE,PEDESTRIAN_ACCIDENT,BICYCLE_ACCIDENT,MOTORCYCLE_ACCIDENT,TRUCK_ACCIDENT,NOT_PRIVATE_PROPERTY,ALCOHOL_INVOLVED,STWD_VEHTYPE_AT_FAULT,CHP_VEHTYPE_AT_FAULT,COUNT_SEVERE_INJ,COUNT_VISIBLE_INJ,COUNT_COMPLAINT_PAIN,COUNT_PED_KILLED,COUNT_PED_INJURED,COUNT_BICYCLIST_KILLED,COUNT_BICYCLIST_INJURED,COUNT_MC_KILLED,COUNT_MC_INJURED,PRIMARY_RAMP,SECONDARY_RAMP,LATITUDE,LONGITUDE,COUNTY,CITY,POINT_X,POINT_Y
6885095,2015,2015-04-23,1942,2015-03-01,1530,36589,0759,7,5,7,1942,0,0,0,G,0,7TL38,CRENSHAW BL,PICO BL,1270,N,N,B,C,N,NA,NA,NA,NA,NA,NA,NA,NA,NA,Y,3,0,2,5,A,-,09,21804,A,N,D,C,A,B,H,-,A,D,0,NA,NA,NA,NA,Y,NA,A,01,0,1,1,0,0,0,0,0,0,-,-,NA,NA,LOS ANGELES,LOS ANGELES,-118.32498971,34.05100893
6885096,2015,2015-04-23,1942,2015-03-22,1955,41054,2004,7,5,7,1942,0,0,0,NA,0,6T11,MELROSE AV,HOBART BL,73,W,N,A,-,N,NA,NA,NA,NA,NA,NA,NA,NA,NA,N,3,0,1,2,A,-,11,21954,A,N,G,B,D,A,H,-,C,D,0,Y,NA,NA,NA,Y,Y,N,60,0,1,0,0,1,0,0,0,0,-,-,NA,NA,LOS ANGELES,LOS ANGELES,-118.30599062,34.08353
6885098,2015,2015-04-24,1942,2015-03-12,0810,32198,737,4,5,7,1942,0,0,0,NA,0,7A33,WILSHIRE BL,SYCAMORE AV,0,NA,Y,A,-,N,NA,NA,NA,NA,NA,NA,NA,NA,NA,N,4,0,1,2,A,-,12,21453,A,N,D,C,A,A,H,-,A,A,0,NA,NA,NA,NA,Y,NA,A,01,0,0,1,0,0,0,0,0,0,-,-,NA,NA,LOS ANGELES,LOS ANGELES,-118.34293011,34.06219012
6885099,2015,2015-04-23,1942,2015-03-06,2040,40460,0749,5,5,7,1942,0,0,0,G,0,14T47,OLYMPIC BL,CRENSHAW BL,170,W,N,A,-,N,NA,NA,NA,NA,NA,NA,NA,NA,NA,Y,4,0,2,2,A,-,09,21804,A,N,D,C,A,A,H,-,C,D,0,NA,NA,NA,NA,Y,NA,A,01,0,0,2,0,0,0,0,0,0,-,-,NA,NA,LOS ANGELES,LOS ANGELES,-118.32354688,34.05476092
6885100,2015,2015-04-23,1942,2015-03-30,1200,38310,2081,1,5,7,1942,0,0,0,NA,0,20TL58,MANHATTAN PL,WASHINGTON BL,9,N,N,A,-,N,NA,NA,NA,NA,NA,NA,NA,NA,NA,N,3,0,1,2,A,-,12,22450,A,N,G,B,B,A,H,-,A,A,0,Y,NA,NA,NA,Y,NA,A,01,0,1,0,0,1,0,0,0,0,-,-,NA,NA,LOS ANGELES,LOS ANGELES,-118.31014014,34.03994468
6885102,2015,2015-04-24,1942,2015-03-19,1625,40235,0783,4,5,7,1942,0,0,0,G,0,7A85,WASHINGTON BL,RIDGELEY DR,0,NA,Y,A,-,N,NA,NA,NA,NA,NA,NA,NA,NA,NA,Y,4,0,4,2,A,-,08,22107,NA,N,D,C,A,A,H,-,A,D,0,NA,NA,NA,NA,Y,NA,A,07,0,0,4,0,0,0,0,0,0,-,-,NA,NA,LOS ANGELES,LOS ANGELES,-118.3589601,34.03982009
6885104,2015,2015-04-23,1942,2015-03-16,1630,37857,2036,1,5,7,1942,0,0,0,NA,0,20A69,WILSHIRE BL,BERENDO ST,100,E,N,A,-,N,NA,NA,NA,NA,NA,NA,NA,NA,NA,Y,4,0,2,2,A,-,04,21703,NA,N,C,C,A,A,H,-,A,A,0,NA,NA,NA,NA,Y,NA,A,07,0,0,2,0,0,0,0,0,0,-,-,NA,NA,LOS ANGELES,LOS ANGELES,-118.29380063,34.06177844
6885105,2015,2015-04-24,1942,2015-03-06,1555,33921,0745,5,5,7,1942,0,0,0,G,0,7J5,CLOVERDALE AV,8TH ST,0,NA,Y,A,-,N,NA,NA,NA,NA,NA,NA,NA,NA,NA,Y,4,0,1,2,A,-,09,21802,A,N,D,C,A,A,H,-,A,-,0,NA,NA,NA,NA,Y,NA,A,01,0,0,1,0,0,0,0,0,0,-,-,NA,NA,LOS ANGELES,LOS ANGELES,-118.34687011,34.06055006
6885106,2015,2015-04-24,1942,2015-03-23,1825,39674,0701,1,5,7,1942,0,0,0,G,0,7X22,CRESCENT HEIGHTS,WILLOUGHBY AV,0,NA,Y,A,-,N,NA,NA,NA,NA,NA,NA,NA,NA,NA,N,4,0,1,2,A,-,12,21453,A,N,D,C,A,A,H,-,B,A,0,NA,NA,NA,NA,Y,NA,A,01,0,0,1,0,0,0,0,0,0,-,-,NA,NA,LOS ANGELES,LOS ANGELES,-118.36593012,34.0871401
6885107,2015,2015-04-23,1900,2015-03-21,2202,542834,1127,6,5,6,1992,0,0,0,NA,0,111T1,20TH ST W,AVE J,397,S,N,A,-,N,NA,NA,NA,NA,NA,NA,NA,NA,NA,Y,3,0,3,2,A,-,09,21801,A,N,D,C,A,A,H,-,C,A,0,NA,NA,NA,NA,Y,NA,-,NA,0,2,1,0,0,0,0,0,0,-,-,NA,NA,LOS ANGELES,LANCASTER,-118.16566,34.68833142
6885108,2015,2015-04-23,1942,2015-03-29,1920,38118,1443,7,5,7,1942,0,0,0,N,0,14T47W,VENICE BL,NAPLES AV,140,W,N,A,-,N,NA,NA,NA,NA,NA,NA,NA,NA,NA,Y,3,0,1,3,A,-,07,21658,A,F,D,C,A,A,H,-,B,D,0,NA,NA,Y,NA,Y,NA,-,99,0,1,0,0,0,0,0,0,1,-,-,NA,NA,LOS ANGELES,LOS ANGELES,-118.45422791,33.99321604
6885109,2015,2015-04-24,1900,2015-03-28,1625,550490,1126,6,5,6,1992,0,0,0,NA,0,111T2,12TH ST WEST,AVENUE J-9,0,NA,Y,A,-,N,NA,NA,NA,NA,NA,NA,NA,NA,NA,Y,4,0,1,2,A,-,09,21804,A,N,D,C,A,A,H,-,A,D,0,NA,NA,NA,NA,Y,NA,A,01,0,0,1,0,0,0,0,0,0,-,-,NA,NA,LOS ANGELES,LANCASTER,-118.15235002,34.68144011
6885110,2015,2015-04-24,1942,2015-03-31,1945,40773,0727,2,5,7,1942,0,0,0,G,0,20T59,HIGHLAND AV,BEVERLY BL,14,W,N,A,-,N,NA,NA,NA,NA,NA,NA,NA,NA,NA,N,3,0,3,3,A,-,09,21801,A,N,D,C,A,A,H,-,C,A,0,NA,NA,NA,NA,Y,NA,A,08,0,1,2,0,0,0,0,0,0,-,-,NA,NA,LOS ANGELES,LOS ANGELES,-118.33865,34.07619
6885111,2015,2015-04-29,1900,2015-03-31,1837,510509,1127,2,5,6,1992,0,0,0,NA,0,111T1,LANCASTER RD,25TH ST WEST,23,E,N,A,-,N,NA,NA,NA,NA,NA,NA,NA,NA,NA,Y,4,0,1,2,A,-,03,22350,NA,N,C,C,A,A,H,-,A,A,0,NA,NA,NA,NA,Y,NA,A,01,0,0,1,0,0,0,0,0,0,-,-,NA,NA,LOS ANGELES,LANCASTER,-118.17450364,34.69674
6885112,2015,2015-04-23,1942,2015-03-26,1840,40157,1415,4,5,7,1942,0,0,0,N,0,8TL35,LINCOLN BL,VERNON AV,47,N,N,A,-,N,NA,NA,NA,NA,NA,NA,NA,NA,NA,N,4,0,2,3,A,-,03,22350,NA,F,C,C,B,A,H,-,A,D,0,Y,NA,NA,NA,Y,NA,A,01,0,0,2,0,0,0,0,0,0,-,-,NA,NA,LOS ANGELES,LOS ANGELES,-118.46466561,33.99981216
6885115,2015,2015-04-23,1900,2015-03-28,1737,263565,1127,6,5,6,1992,0,0,0,NA,0,112T1,AVE J,60TH ST W,48,E,N,A,-,N,NA,NA,NA,NA,NA,NA,NA,NA,NA,Y,4,0,1,2,A,-,08,22107,NA,N,B,C,A,A,H,-,A,A,0,NA,NA,Y,NA,Y,NA,C,02,0,0,1,0,0,0,0,0,1,-,-,NA,NA,LOS ANGELES,LANCASTER,-118.23647083,34.68934363
6885116,2015,2015-04-23,1942,2015-03-26,1915,31387,632,4,5,7,1942,0,0,0,NA,0,6TL7,FAIRFAX AV,HOLLYWOOD BL,80,S,N,A,-,N,NA,NA,NA,NA,NA,NA,NA,NA,NA,Y,4,0,1,3,A,-,05,21651,A,N,B,C,A,A,H,-,C,A,0,NA,NA,NA,NA,Y,NA,A,01,0,0,1,0,0,0,0,0,0,-,-,NA,NA,LOS ANGELES,LOS ANGELES,-118.36157,34.10108058
6885120,2015,2015-04-23,1942,2015-03-16,0650,40024,0678,1,5,7,1942,0,0,0,F,0,6TL7,OXFORD AV,SANTA MONICA BL,5,S,N,A,-,N,NA,NA,NA,NA,NA,NA,NA,NA,NA,N,4,0,1,2,A,-,10,21950,A,N,G,B,B,A,H,-,A,A,0,Y,NA,NA,NA,Y,NA,A,01,0,0,1,0,1,0,0,0,0,-,-,NA,NA,LOS ANGELES,LOS ANGELES,-118.3078,34.09075629
6885160,2015,2015-04-22,1900,2015-04-08,1210,484628,2114,3,5,5,1943,0,0,0,NA,0,212T4D,BULLIS RD,IMPERIAL HWY,0,NA,Y,A,-,N,NA,NA,NA,NA,NA,NA,NA,NA,NA,N,4,0,1,2,A,-,05,21650,1,N,D,G,A,A,H,-,A,A,0,NA,Y,NA,NA,Y,NA,L,04,0,0,1,0,0,0,1,0,0,-,-,NA,NA,LOS ANGELES,LYNWOOD,-118.19755013,33.93190009
6885164,2015,2015-04-22,1942,2015-04-11,1630,36083,1401,6,5,7,1942,0,0,0,N,0,6T2,BARRINGTON AV,GATEWAY BL,0,NA,Y,A,-,N,NA,NA,NA,NA,NA,NA,NA,NA,NA,N,4,0,1,2,D,-,00,NA,NA,F,D,C,A,A,H,-,A,A,0,NA,NA,NA,NA,Y,NA,-,-,0,0,1,0,0,0,0,0,0,-,-,NA,NA,LOS ANGELES,LOS ANGELES,-118.4433101,34.02856007
6885168,2015,2015-04-22,1942,2015-04-02,0635,37438,0721,4,5,7,1942,0,0,0,G,0,7T23,SAN VICENTE BL,BEVERLY BL,0,NA,Y,A,-,N,NA,NA,NA,NA,NA,NA,NA,NA,NA,Y,4,0,1,2,A,-,09,21801,A,N,D,C,A,A,H,-,A,D,0,NA,NA,NA,NA,Y,NA,A,01,0,0,1,0,0,0,0,0,0,-,-,NA,NA,LOS ANGELES,LOS ANGELES,-118.37939002,34.07655001
6885176,2015,2015-04-22,1900,2015-04-04,1601,550490,1127,6,5,6,1992,0,0,0,NA,0,111T2,30TH ST W,LANCASTER BL,0,NA,Y,A,-,N,NA,NA,NA,NA,NA,NA,NA,NA,NA,Y,3,0,1,2,A,-,12,21453,A,N,D,C,A,A,H,-,A,A,0,NA,NA,NA,NA,Y,NA,A,07,0,1,0,0,0,0,0,0,0,-,-,NA,NA,LOS ANGELES,LANCASTER,-118.1838301,34.6967201
6885180,2015,2015-04-22,1900,2015-04-09,0800,529699,1134,4,5,6,1992,0,0,0,NA,0,112T2,AVENUE K,DIVISION ST,0,NA,Y,A,-,N,NA,NA,NA,NA,NA,NA,NA,NA,NA,Y,4,0,2,2,A,-,12,21453,A,N,D,C,A,A,H,-,A,A,0,NA,NA,NA,NA,Y,NA,A,07,0,0,2,0,0,0,0,0,0,-,-,NA,NA,LOS ANGELES,LANCASTER,-118.13017013,34.6749901
6885184,2015,2015-04-22,1900,2015-04-09,1755,531568,1137,4,5,6,1992,0,0,0,NA,0,112T1,20TH ST E,AVENUE J-4,0,NA,Y,A,-,N,NA,NA,NA,NA,NA,NA,NA,NA,NA,N,4,0,1,2,A,-,09,21802,A,N,D,C,A,A,H,-,A,A,0,NA,NA,NA,NA,Y,NA,A,01,0,0,1,0,0,0,0,0,0,-,-,NA,NA,LOS ANGELES,LANCASTER,-118.0947301,34.68596011
6885196,2015,2015-04-22,1900,2015-04-09,1715,236790,1127,4,5,6,1992,0,0,0,NA,0,111T2,AVENUE J,VALLEY CENTRAL WY,0,NA,Y,A,-,N,NA,NA,NA,NA,NA,NA,NA,NA,NA,N,4,0,1,2,A,-,09,21801,A,N,D,C,A,A,H,-,A,A,0,NA,NA,NA,NA,Y,NA,A,01,0,0,1,0,0,0,0,0,0,-,-,NA,NA,LOS ANGELES,LANCASTER,-118.17221003,34.6894101
6885283,2015,2015-04-29,1941,2015-04-03,1447,10247,NA,5,5,7,1941,0,0,0,NA,0,NA,ANAHEIM ST,MAGNOLIA AV,0,NA,Y,A,-,N,NA,NA,NA,NA,NA,NA,NA,NA,NA,Y,4,0,1,3,A,-,12,21453,A,N,D,C,A,-,H,-,A,A,0,NA,NA,NA,NA,Y,NA,D,NA,0,0,1,0,0,0,0,0,0,-,-,NA,NA,LOS ANGELES,LONG BEACH,-118.19803006,33.78260005
6885284,2015,2015-04-27,1941,2015-04-15,0906,5200,NA,3,5,7,1941,0,0,0,NA,0,NA,OCEAN BL,TEMPLE AV,118,E,N,A,-,N,NA,NA,NA,NA,NA,NA,NA,NA,NA,Y,4,0,2,3,A,-,01,23152,A,N,C,C,A,A,H,-,A,A,0,NA,NA,NA,NA,Y,Y,D,NA,0,0,2,0,0,0,0,0,0,-,-,NA,NA,LOS ANGELES,LONG BEACH,-118.15932305,33.76238565
6885295,2015,2015-05-09,1941,2015-04-07,0618,10328,NA,2,5,7,1941,0,0,0,NA,0,NA,ELM AV,11TH ST,63,N,N,A,-,N,NA,NA,NA,NA,NA,NA,NA,NA,NA,Y,3,0,2,2,A,-,07,21658,A,N,B,I,A,A,H,-,A,D,0,NA,NA,NA,NA,Y,NA,-,-,0,2,0,0,0,0,0,0,0,-,-,NA,NA,LOS ANGELES,LONG BEACH,-118.18798,33.78109277
6885328,2015,2015-04-27,1942,2015-04-11,1100,40636,1047,6,5,7,1942,0,0,0,J,0,10X44,BURBANK BL,BALBOA BL,500,E,N,A,-,N,NA,NA,NA,NA,NA,NA,NA,NA,NA,Y,3,0,2,2,A,-,09,21804,A,N,A,C,A,A,H,-,A,D,0,NA,NA,NA,NA,Y,NA,A,07,0,1,1,0,0,0,0,0,0,-,-,NA,NA,LOS ANGELES,LOS ANGELES,-118.49954877,34.1721481
6885335,2014,2016-01-08,1941,2014-05-26,1327,5737,NA,1,5,7,1941,0,0,0,NA,0,NA,LONG BEACH,16TH ST,0,NA,Y,A,-,N,NA,NA,NA,NA,NA,NA,NA,NA,NA,Y,1,1,1,2,A,-,12,21453,A,N,D,G,A,A,H,-,A,A,0,NA,Y,NA,NA,Y,Y,L,NA,0,0,1,0,0,1,0,0,0,-,-,NA,NA,LOS ANGELES,LONG BEACH,-118.18950003,33.78715002
6885336,2015,2015-05-27,1942,2015-04-15,0710,41239,1033,3,5,7,1942,0,0,0,J,0,10TL39,TAMPA AV,HAMLIN ST,239,S,N,A,-,N,NA,NA,NA,NA,NA,NA,NA,NA,NA,Y,4,0,2,2,A,-,03,22350,NA,N,B,E,A,A,H,-,A,D,0,NA,NA,NA,Y,Y,NA,A,01,0,0,2,0,0,0,0,0,0,-,-,NA,NA,LOS ANGELES,LOS ANGELES,-118.5534508,34.18894452
6885340,2015,2015-07-15,1942,2015-04-10,1720,33779,0952,5,5,7,1942,0,0,0,I,0,15TL44,BURBANK BL,KESTER AV,292,W,N,A,-,N,NA,NA,NA,NA,NA,NA,NA,NA,NA,Y,3,0,1,3,A,-,09,21801,A,N,D,C,A,A,H,-,A,A,0,NA,NA,Y,Y,Y,NA,A,07,0,1,0,0,0,0,0,0,1,-,-,NA,NA,LOS ANGELES,LOS ANGELES,-118.45841363,34.172110000000004
6885351,2015,2015-04-27,1941,2015-04-14,1845,10655,NA,2,5,7,1941,0,0,0,NA,0,NA,ATLANTIC AV,23RD ST,0,NA,Y,A,-,N,NA,NA,NA,NA,NA,NA,NA,NA,NA,Y,4,0,1,2,A,-,08,22107,NA,N,A,C,A,A,H,-,B,A,0,NA,NA,NA,NA,Y,NA,D,NA,0,0,1,0,0,0,0,0,0,-,-,NA,NA,LOS ANGELES,LONG BEACH,-118.18502001,33.79892011
6885352,2015,2016-04-12,1942,2015-04-13,0745,37774,1959,1,5,7,1942,0,0,0,NA,0,15TL77,TERRA BELLA ST,VERA AV,100,E,N,A,-,N,NA,NA,NA,NA,NA,NA,NA,NA,NA,N,4,0,1,3,A,-,03,22350,A,F,C,C,A,A,H,-,A,D,0,NA,NA,NA,NA,Y,NA,-,99,0,0,1,0,0,0,0,0,0,-,-,NA,NA,LOS ANGELES,LOS ANGELES,-118.429629,34.250033
6885355,2015,2016-11-03,1941,2015-04-14,1550,10654,NA,2,5,7,1941,0,0,0,NA,0,NA,ORANGE AV,RT 405,55,S,N,A,-,Y,LA,7,405,-,-,5.693,R,4,S,N,3,0,2,2,A,-,03,22350,NA,N,C,C,A,A,H,-,A,A,0,NA,NA,NA,NA,Y,NA,E,NA,0,1,1,0,0,0,0,0,0,-,SF,NA,NA,LOS ANGELES,LONG BEACH,-118.18162849,33.81425716
6885444,2015,2016-09-14,9565,2015-03-27,1607,20278,NA,5,2,7,1942,0,1,1,NA,2,063,RT 405,WILSHIRE BL,800,N,N,A,-,Y,LA,7,405,-,-,31.72,H,-,S,Y,4,0,1,4,A,-,03,22350,NA,N,C,C,A,A,H,-,A,D,1,NA,NA,NA,NA,Y,NA,A,07,0,0,1,0,0,0,0,0,0,-,-,34.05601,-118.4552,LOS ANGELES,LOS ANGELES,-118.45381838,34.05761498
6885455,2015,2016-11-02,9565,2015-03-30,0805,20349,NA,1,1,5,1928,0,1,1,NA,2,012,RT 105,CRENSHAW BL,1200,W,N,A,-,Y,LA,7,105,-,R,4.308,R,2,E,Y,3,0,1,1,A,-,03,22350,NA,N,F,I,A,A,H,-,A,D,1,NA,NA,Y,NA,Y,NA,C,02,0,1,0,0,0,0,0,0,1,-,-,33.92435,-118.33066,LOS ANGELES,HAWTHORNE,-118.33368293,33.92472503
6885487,2015,2016-10-07,9565,2015-03-29,1050,20879,NA,7,1,5,1965,0,1,1,NA,2,081,RT 10,LINCOLN BL,400,E,N,A,-,Y,LA,7,10,-,R,2.24,H,-,W,N,4,0,1,3,A,-,03,22350,NA,N,C,C,A,A,H,-,A,D,1,NA,NA,NA,NA,Y,NA,A,01,0,0,1,0,0,0,0,0,0,-,-,34.01544,-118.48513,LOS ANGELES,SANTA MONICA,-118.48477657,34.01561394
6885522,2015,2016-09-28,9565,2015-03-25,0915,19398,NA,3,1,7,1942,0,1,1,NA,2,061,RT 405,LA TIJERA BL,100,N,N,A,-,Y,LA,7,405,-,-,24.29,H,-,N,Y,4,0,2,2,A,-,03,22350,NA,N,C,C,A,A,-,-,A,D,1,NA,NA,NA,NA,Y,NA,A,01,0,0,2,0,0,0,0,0,0,-,-,33.97201,-118.37829,LOS ANGELES,LOS ANGELES,-118.37814286,33.9720223
6885523,2015,2016-09-27,9565,2015-03-28,1708,021002,3,6,2,5,1965,0,3,5,NA,2,003,RT 10,11TH ST,10,W,N,A,-,Y,LA,7,10,-,R,2.38,H,-,W,N,4,0,3,3,A,-,03,22350,NA,N,C,C,A,A,H,-,A,D,1,NA,NA,NA,NA,Y,NA,A,01,0,0,3,0,0,0,0,0,0,-,-,34.0168,-118.48323,LOS ANGELES,SANTA MONICA,-118.48287253,34.01685026
6885526,2015,2016-09-27,9565,2015-03-24,1250,20113,NA,2,1,5,1965,0,1,1,NA,2,081,RT 10,LINCOLN BL,400,E,N,A,-,Y,LA,7,10,-,R,2.24,H,-,W,N,4,0,3,4,A,-,03,22350,NA,N,C,C,A,A,H,-,A,D,1,NA,NA,NA,NA,Y,NA,A,01,0,0,3,0,0,0,0,0,0,-,-,34.01564,-118.48485,LOS ANGELES,SANTA MONICA,-118.48477657,34.01561394
6885527,2015,2016-09-27,9565,2015-03-31,2040,019362,NA,2,2,5,1965,0,1,1,NA,2,081,RT 10,LINCOLN BL,500,E,N,A,-,Y,LA,7,10,-,R,2.347,R,2,W,N,2,0,1,2,A,-,11,21954,A,N,G,B,D,A,H,-,C,D,1,Y,NA,NA,NA,Y,NA,N,60,1,0,0,0,1,0,0,0,0,TO,-,34.01616,-118.48487,LOS ANGELES,SANTA MONICA,-118.48331139,34.01654248
6885530,2015,2016-09-28,9565,2015-03-20,1705,16894,NA,5,2,7,1942,0,1,1,NA,2,063,RT 405,RT 2,200,S,N,A,-,Y,LA,7,405,-,-,30.68,H,-,S,N,4,0,1,2,A,-,03,22350,NA,N,C,C,A,A,H,-,A,D,1,NA,NA,NA,NA,Y,NA,A,01,0,0,1,0,0,0,0,0,0,-,-,NA,NA,LOS ANGELES,LOS ANGELES,-118.44491677,34.0447634
6885531,2015,2016-09-28,9565,2015-03-28,1110,020915,NA,6,1,7,1942,0,1,1,NA,2,063,RT 405,OLYMPIC BL,800,N,N,A,-,Y,LA,7,405,-,-,30.36,H,-,S,Y,3,0,2,2,A,-,03,22350,NA,N,C,C,A,A,H,-,A,D,1,NA,NA,NA,NA,Y,NA,A,01,0,1,1,0,0,0,0,0,0,-,-,34.04081,-118.4415,LOS ANGELES,LOS ANGELES,-118.44164548,34.04096881
6885534,2015,2015-04-23,1931,2015-03-24,1543,5277,1931,2,5,5,1931,0,0,0,NA,0,002,SOTO ST,SLAUSON AV,5,N,N,A,-,N,NA,NA,NA,NA,NA,NA,NA,NA,NA,N,3,0,1,2,A,-,11,21950,B,N,G,G,A,A,H,-,A,A,0,NA,Y,NA,NA,Y,NA,L,04,0,1,0,0,0,0,1,0,0,-,-,NA,NA,LOS ANGELES,HUNTINGTON PARK,-118.21934042,33.98921371
6885535,2015,2016-10-20,9565,2015-03-27,1614,20879,NA,5,2,7,1942,0,1,1,NA,2,083,RT 10,LA CIENEGA BL,4,W,N,A,-,Y,LA,7,10,-,R,8.624,R,1,E,N,4,0,1,2,A,-,05,21650,1,N,D,G,A,A,H,-,A,A,1,NA,Y,NA,NA,Y,NA,L,04,0,0,1,0,0,0,1,0,0,TO,-,34.21499,-118.22673,LOS ANGELES,LOS ANGELES,-118.38124446,34.03637785
6885539,2015,2016-09-21,9565,2015-03-27,1645,16894,NA,5,2,7,1942,0,1,1,NA,2,063,RT 405,SANTA MONICA BL,200,S,N,A,-,Y,LA,7,405,-,-,30.739,R,1,S,N,4,0,3,2,A,-,03,22350,NA,N,C,C,A,A,H,-,A,A,1,NA,NA,NA,NA,Y,NA,A,01,0,0,3,0,0,0,0,0,0,FR,-,NA,NA,LOS ANGELES,LOS ANGELES,-118.44551698,34.04546343
6885543,2015,2016-09-28,9565,2015-03-27,1555,20278,NA,5,2,7,1942,0,1,1,NA,2,063,RT 405,SANTA MONICA BL,500,N,N,A,-,Y,LA,7,405,-,-,30.47,H,-,S,N,4,0,1,2,A,-,03,22350,NA,N,C,C,A,A,H,-,A,D,1,NA,NA,NA,NA,Y,NA,A,01,0,0,1,0,0,0,0,0,0,-,-,34.04602,-118.4475,LOS ANGELES,LOS ANGELES,-118.44276985,34.04227309
6885547,2015,2015-04-23,9565,2015-03-28,1405,020495,NA,6,2,9,1900,0,3,5,NA,2,002,109TH ST,VERMONT AV,1000,W,N,A,-,N,NA,NA,NA,NA,NA,NA,NA,NA,NA,Y,4,0,1,2,D,-,00,NA,NA,N,D,C,A,A,H,-,A,D,0,NA,NA,NA,NA,Y,NA,-,-,0,0,1,0,0,0,0,0,0,-,-,33.93731,-118.29404,LOS ANGELES,UNINCORPORATED,-118.29522044,33.93728424
6885550,2015,2015-04-23,1900,2015-03-29,0058,455986,0986,7,5,4,1979,0,0,0,NA,0,93B,SUNSET BL,LONDONDERRY WY,15,W,N,A,-,N,NA,NA,NA,NA,NA,NA,NA,NA,NA,Y,2,0,4,2,A,-,01,23152,A,N,A,C,A,A,H,-,C,A,0,NA,NA,NA,NA,Y,NA,A,01,3,0,1,0,0,0,0,0,0,-,-,NA,NA,LOS ANGELES,WEST HOLLYWOOD,-118.37830859,34.09313427
6885551,2015,2015-04-23,9565,2015-03-28,2135,020752,NA,6,2,9,1900,0,2,4,NA,1,041,HAWTHORNE BL,LENNOX BL,100,N,N,A,-,N,NA,NA,NA,NA,NA,NA,NA,NA,NA,N,3,0,1,2,A,-,11,21955,NA,N,G,B,D,A,H,-,C,D,0,Y,NA,NA,NA,Y,Y,N,60,0,1,0,0,1,0,0,0,0,-,-,33.93861,-118.35254,LOS ANGELES,UNINCORPORATED,-118.35272,33.93845428
6885554,2015,2016-09-21,9565,2015-03-29,2134,20735,NA,7,2,4,1918,0,1,1,NA,2,061,RT 405,CULVER BL,100,S,N,A,-,Y,LA,7,405,-,-,27.18,H,-,S,Y,3,0,1,3,A,-,07,21658,A,N,B,C,A,A,H,-,C,D,1,NA,NA,Y,NA,Y,NA,A,07,0,1,0,0,0,0,0,0,1,-,-,34.00172,-118.41031,LOS ANGELES,CULVER CITY,-118.4110127,34.00262664
6885555,2015,2015-04-23,9565,2015-03-29,1720,020495,NA,7,2,9,1900,0,3,5,NA,2,002,109TH ST,VERMONT AV,3,W,N,A,-,N,NA,NA,NA,NA,NA,NA,NA,NA,NA,Y,3,0,1,2,A,-,01,23152,A,F,D,C,A,A,H,-,A,A,0,NA,NA,NA,NA,Y,Y,A,07,0,1,0,0,0,0,0,0,0,-,-,33.93728,-118.29194,LOS ANGELES,UNINCORPORATED,-118.29193987,33.93729
6885558,2015,2016-09-28,9565,2015-03-30,2000,20710,NA,1,2,7,1942,0,1,1,NA,2,064,RT 405,BEL AIR CREST RD,600,S,N,A,-,Y,LA,7,405,-,-,35.7,H,-,N,N,4,0,1,2,D,-,00,NA,NA,N,C,C,A,A,H,-,D,D,1,NA,NA,NA,NA,Y,NA,-,-,0,0,1,0,0,0,0,0,0,-,-,34.10385,-118.47738,LOS ANGELES,LOS ANGELES,-118.48050391,34.10899122
6885562,2015,2016-09-27,9565,2015-03-30,1745,20113,NA,1,2,5,1965,0,1,1,NA,2,081,RT 10,STEWART ST,75,W,N,A,-,Y,LA,7,10,-,R,3.7,H,-,E,Y,3,0,1,2,A,-,03,22350,NA,N,B,C,A,A,H,-,A,D,1,NA,NA,Y,NA,Y,NA,C,02,0,1,0,0,0,0,0,0,1,-,-,34.02599,-118.46306,LOS ANGELES,SANTA MONICA,-118.46316029,34.02600605