CASE_ID,ACCIDENT_YEAR,PROC_DATE,JURIS,COLLISION_DATE,COLLISION_TIME,OFFICER_ID,REPORTING_DISTRICT,DAY_OF_WEEK,CHP_SHIFT,POPULATION,CNTY_CITY_LOC,SPECIAL_COND,BEAT_TYPE,CHP_BEAT_TYPE,CITY_DIVISION_LAPD,CHP_BEAT_CLASS,BEAT_NUMBER,PRIMARY_RD,SECONDARY_RD,DISTANCE,DIRECTION,INTERSECTION,WEATHER_1,WEATHER_2,STATE_HWY_IND,CALTRANS_COUNTY,CALTRANS_DISTRICT,STATE_ROUTE,ROUTE_SUFFIX,POSTMILE_PREFIX,POSTMILE,LOCATION_TYPE,RAMP_INTERSECTION,SIDE_OF_HWY,TOW_AWAY,COLLISION_SEVERITY,NUMBER_KILLED,NUMBER_INJURED,PARTY_COUNT,PRIMARY_COLL_FACTOR,PCF_CODE_OF_VIOL,PCF_VIOL_CATEGORY,PCF_VIOLATION,PCF_VIOL_SUBSECTION,HIT_AND_RUN,TYPE_OF_COLLISION,MVIW,PED_ACTION,ROAD_SURFACE,ROAD_COND_1,ROAD_COND_2,LIGHTING,CONTROL_DEVICE,CHP_ROAD_TYPE,PEDESTRIAN_ACCIDENT,BICYCLE_ACCIDENT,MOTORCYCLE_ACCIDENT,TRUCK_ACCIDENT,NOT_PRIVATE_PROPERTY,ALCOHOL_INVOLVED,STWD_VEHTYPE_AT_FAULT,CHP_VEHTYPE_AT_FAULT,COUNT_SEVERE_INJ,COUNT_VISIBLE_INJ,COUNT_COMPLAINT_PAIN,COUNT_PED_KILLED,COUNT_PED_INJURED,COUNT_BICYCLIST_KILLED,COUNT_BICYCLIST_INJURED,COUNT_MC_KILLED,COUNT_MC_INJURED,PRIMARY_RAMP,SECONDARY_RAMP,LATITUDE,LONGITUDE,COUNTY,CITY,POINT_X,POINT_Y
6886354,2015,2016-04-13,1942,2015-03-16,1540,41203,0891,1,5,7,1942,0,0,0,H,0,BX48,PICO BL,CENTINELA AV,0,NA,Y,A,-,N,NA,NA,NA,NA,NA,NA,NA,NA,NA,N,4,0,1,2,A,-,12,21453,A,N,B,C,A,A,H,-,A,A,0,NA,NA,NA,NA,Y,NA,-,-,0,0,1,0,0,0,0,0,0,-,-,NA,NA,LOS ANGELES,LOS ANGELES,-118.45295001,34.02804005
6886357,2015,2015-04-27,1942,2015-03-27,1400,35945,0719,5,5,7,1942,0,0,0,G,0,8TL28,MELROSE AV,WILCOX AV,0,NA,Y,A,-,N,NA,NA,NA,NA,NA,NA,NA,NA,NA,Y,4,0,1,2,A,-,09,21801,A,N,D,C,A,A,H,-,A,A,0,NA,NA,NA,NA,Y,NA,A,01,0,0,1,0,0,0,0,0,0,-,-,NA,NA,LOS ANGELES,LOS ANGELES,-118.33096011,34.08346012
6886358,2015,2016-04-13,1942,2015-03-17,1310,24517,0646,2,5,7,1942,0,0,0,F,0,7TL38,CHEROKEE AV,HOLLYWOOD BL,0,NA,Y,A,-,N,NA,NA,NA,NA,NA,NA,NA,NA,NA,N,4,0,1,2,A,-,10,21950,NA,F,G,B,B,A,H,-,A,A,0,Y,NA,NA,NA,Y,NA,-,99,0,0,1,0,1,0,0,0,0,-,-,NA,NA,LOS ANGELES,LOS ANGELES,-118.33502001,34.10157002
6886361,2015,2015-04-27,1942,2015-03-25,1320,39546,0676,3,5,7,1942,0,0,0,F,0,6TL2W4,GOWER ST,WARING AV,0,NA,Y,A,-,N,NA,NA,NA,NA,NA,NA,NA,NA,NA,N,4,0,1,2,A,-,07,21658,A,N,B,C,A,A,H,-,A,D,0,NA,NA,Y,NA,Y,NA,A,01,0,0,1,0,0,0,0,0,1,-,-,NA,NA,LOS ANGELES,LOS ANGELES,-118.3222401,34.08528002
6886362,2015,2015-04-27,1942,2015-03-23,1225,40605,0727,1,5,7,1942,0,0,0,G,0,8TL26,HIGHLAND AV,3RD ST,0,NA,Y,A,-,N,NA,NA,NA,NA,NA,NA,NA,NA,NA,Y,4,0,1,2,A,-,09,21801,A,N,D,C,A,A,H,-,A,A,0,NA,NA,NA,NA,Y,NA,A,01,0,0,1,0,0,0,0,0,0,-,-,NA,NA,LOS ANGELES,LOS ANGELES,-118.33864,34.06891
6886365,2015,2015-04-27,1942,2015-03-26,1800,36589,0676,4,5,7,1942,0,0,0,F,0,6TL4,WILLOUGHBY AV,HUDSON AV,0,NA,Y,A,-,N,NA,NA,NA,NA,NA,NA,NA,NA,NA,N,4,0,1,2,A,-,11,21954,A,N,G,B,D,A,H,-,A,D,0,Y,NA,NA,NA,Y,Y,N,60,0,0,1,0,1,0,0,0,0,-,-,NA,NA,LOS ANGELES,LOS ANGELES,-118.33206011,34.08710002
6886366,2015,2015-04-27,1942,2015-03-24,0715,37511,078,2,5,7,1942,0,0,0,G,0,7TL23,WASHINGTON BL,7TH AV,0,NA,Y,A,-,N,NA,NA,NA,NA,NA,NA,NA,NA,NA,Y,4,0,2,2,A,-,09,21801,A,N,A,C,A,A,H,-,A,D,0,NA,NA,NA,NA,Y,NA,A,01,0,0,2,0,0,0,0,0,0,-,-,NA,NA,LOS ANGELES,LOS ANGELES,-118.32483011,34.03989004
6886369,2015,2016-04-13,1942,2015-03-27,1330,36589,0645,5,5,7,1942,0,0,0,F,0,6TL4,SUNSET BL,SYCAMORE AV,0,NA,Y,A,-,N,NA,NA,NA,NA,NA,NA,NA,NA,NA,N,3,0,1,2,A,-,09,21801,A,N,H,C,A,A,H,-,A,D,0,NA,NA,Y,NA,Y,NA,A,01,0,1,0,0,0,0,0,0,1,-,-,NA,NA,LOS ANGELES,LOS ANGELES,-118.34253008,34.09796012
6886370,2015,2015-05-05,1942,2015-03-24,1300,39746,0711,2,5,7,1942,0,0,0,G,0,6TL7,BEVERLY BL,ORLANDO AV,0,NA,Y,A,-,N,NA,NA,NA,NA,NA,NA,NA,NA,NA,Y,4,0,1,2,A,-,09,21801,A,N,D,C,A,A,H,-,A,A,0,NA,NA,NA,NA,Y,NA,A,01,0,0,1,0,0,0,0,0,0,-,-,NA,NA,LOS ANGELES,LOS ANGELES,-118.37316008,34.07605001
6886373,2015,2015-04-27,1942,2015-03-31,1715,39546,0646,2,5,7,1942,0,0,0,F,0,20TL58,SUNSET BL,CHEROKEE AV,0,NA,Y,A,-,N,NA,NA,NA,NA,NA,NA,NA,NA,NA,N,3,0,2,3,A,-,10,21950,A,N,-,B,B,A,H,-,A,A,0,Y,NA,NA,NA,Y,NA,A,01,0,2,0,0,2,0,0,0,0,-,-,NA,NA,LOS ANGELES,LOS ANGELES,-118.33530009,34.09799003
6886374,2015,2015-04-27,1942,2015-03-01,0650,40157,0784,7,5,7,1942,0,0,0,G,0,8TL35,21ST ST,LA BREA AV,0,NA,Y,B,-,N,NA,NA,NA,NA,NA,NA,NA,NA,NA,Y,4,0,2,2,A,-,09,21801,A,N,D,C,A,B,H,-,A,D,0,NA,NA,NA,NA,Y,NA,A,01,0,0,2,0,0,0,0,0,0,-,-,NA,NA,LOS ANGELES,LOS ANGELES,-118.34846002,34.03847003
6886377,2015,2016-04-13,1942,2015-03-19,1340,40605,0648,4,5,7,1942,0,0,0,F,0,8TL26,WILTON PL,HOLLYWOOD BL,0,NA,Y,A,-,N,NA,NA,NA,NA,NA,NA,NA,NA,NA,N,4,0,2,4,A,-,09,21453,B,N,D,C,A,A,H,-,A,A,0,NA,NA,NA,NA,Y,NA,-,-,0,0,2,0,0,0,0,0,0,-,-,NA,NA,LOS ANGELES,LOS ANGELES,-118.31365006,34.10172008
6886378,2015,2015-04-27,1942,2015-03-11,1940,34959,0743,3,5,7,1942,0,0,0,G,0,20T59,WILSHIRE BL,MASSELIN AV,0,NA,Y,A,-,N,NA,NA,NA,NA,NA,NA,NA,NA,NA,Y,3,0,1,2,A,-,12,21453,A,N,D,C,A,A,H,-,C,A,0,NA,NA,NA,NA,Y,NA,A,01,0,1,0,0,0,0,0,0,0,-,-,NA,NA,LOS ANGELES,LOS ANGELES,-118.35254011,34.06240008
6886381,2015,2015-04-27,1942,2015-03-23,1605,37966,0659,1,5,7,1942,0,0,0,F,0,6TL2,SUNSET BL,HARVARD BL,0,NA,Y,A,-,N,NA,NA,NA,NA,NA,NA,NA,NA,NA,Y,4,0,1,2,A,-,09,21801,A,N,D,C,A,A,H,-,A,D,0,NA,NA,NA,NA,Y,NA,A,07,0,0,1,0,0,0,0,0,0,-,-,NA,NA,LOS ANGELES,LOS ANGELES,-118.30435007,34.09813007
6886382,2015,2015-04-27,1942,2015-03-14,1700,R2138,0735,6,5,7,1942,0,0,0,G,0,8TL26W,6TH ST,COCHRAN AV,0,NA,Y,A,-,N,NA,NA,NA,NA,NA,NA,NA,NA,NA,Y,3,0,1,2,A,-,09,21801,A,N,H,C,A,A,H,-,A,A,0,NA,NA,NA,NA,Y,NA,A,01,0,1,0,0,0,0,0,0,0,-,-,NA,NA,LOS ANGELES,LOS ANGELES,-118.34723006,34.06489012
6886389,2015,2016-04-14,1941,2015-03-23,1545,10653,NA,1,5,7,1941,0,0,0,NA,0,NA,PACIFIC PL,WARDLOW RD,0,NA,Y,A,-,N,NA,NA,NA,NA,NA,NA,NA,NA,NA,N,4,0,2,2,A,-,21,22106,NA,N,A,C,A,A,H,-,A,A,0,NA,NA,NA,NA,Y,NA,-,-,0,0,2,0,0,0,0,0,0,-,-,NA,NA,LOS ANGELES,LONG BEACH,-118.19598004,33.81898002
6886393,2015,2015-04-27,1941,2015-03-24,0737,5578,NA,2,5,7,1941,0,0,0,NA,0,NA,ORANGE AV,70TH ST,0,NA,Y,A,-,N,NA,NA,NA,NA,NA,NA,NA,NA,NA,Y,4,0,3,2,A,-,09,21801,B,N,D,C,A,A,H,-,A,D,0,NA,NA,NA,NA,Y,NA,A,NA,0,0,3,0,0,0,0,0,0,-,-,NA,NA,LOS ANGELES,LONG BEACH,-118.17744013,33.88183005
6886402,2015,2015-04-23,1900,2015-04-06,1235,484625,1132,1,5,6,1992,0,0,0,NA,0,112T1P,AVE I,CHALLENGER WY,38,W,N,A,-,N,NA,NA,NA,NA,NA,NA,NA,NA,NA,N,4,0,1,2,A,-,03,22350,NA,N,C,C,A,A,H,-,A,A,0,NA,NA,NA,NA,Y,NA,A,01,0,0,1,0,0,0,0,0,0,-,-,NA,NA,LOS ANGELES,LANCASTER,-118.112772,34.704127
6886406,2015,2015-04-23,1900,2015-04-02,1116,531566,1135,4,5,6,1992,0,0,0,NA,0,112T1,KETTERING ST,KILDARE AV,78,N,N,A,-,N,NA,NA,NA,NA,NA,NA,NA,NA,NA,Y,4,0,1,1,A,-,03,22350,NA,N,E,I,A,A,H,-,A,D,0,NA,NA,NA,NA,Y,NA,A,01,0,0,1,0,0,0,0,0,0,-,-,NA,NA,LOS ANGELES,LANCASTER,NA,NA
6886414,2015,2015-04-23,1900,2015-04-01,1705,263565,1126,3,5,6,1992,0,0,0,NA,0,111T1,AV K4,20TH ST WEST,263,E,N,A,-,N,NA,NA,NA,NA,NA,NA,NA,NA,NA,N,2,0,1,1,A,-,03,22350,NA,N,F,A,A,A,H,-,A,D,0,NA,NA,Y,NA,Y,NA,C,02,1,0,0,0,0,0,0,0,1,-,-,NA,NA,LOS ANGELES,LANCASTER,-118.16484712,34.67133
6886424,2015,2015-05-08,1942,2015-03-12,1030,33191,0778,4,5,7,1942,0,0,0,G,0,14T47,CRENSHAW BL,SAINT CHARLES PL,55,S,N,A,-,N,NA,NA,NA,NA,NA,NA,NA,NA,NA,N,4,0,4,2,A,-,04,21703,NA,N,C,C,A,A,H,-,A,A,0,NA,NA,NA,NA,Y,NA,A,01,0,0,4,0,0,0,0,0,0,-,-,NA,NA,LOS ANGELES,LOS ANGELES,-118.32992353,34.04199213
6886428,2015,2016-04-12,1942,2015-02-19,2127,41172,1403,4,5,7,1942,0,0,0,N,0,14A28,NATIONAL BL,SEPULVEDA BL,15,W,N,A,-,N,NA,NA,NA,NA,NA,NA,NA,NA,NA,N,3,0,1,3,A,-,03,22350,A,N,D,C,A,A,H,-,C,A,0,NA,NA,NA,NA,Y,NA,-,NA,0,1,0,0,0,0,0,0,0,-,-,NA,NA,LOS ANGELES,LOS ANGELES,-118.42870454,34.02734218
6886438,2015,2015-04-23,1942,2015-04-10,1700,40113,1684,5,5,7,1942,0,0,0,P,0,15X32,LANKERSHIM,7635 LANKERSHIM,0,S,N,A,-,N,NA,NA,NA,NA,NA,NA,NA,NA,NA,Y,4,0,1,3,A,-,01,23152,A,F,C,C,A,A,H,-,A,D,0,NA,NA,NA,NA,Y,Y,A,01,0,0,1,0,0,0,0,0,0,-,-,NA,NA,LOS ANGELES,LOS ANGELES,-118.38781,34.209425
6886440,2015,2016-10-28,1942,2015-03-15,1930,39624,0824,7,5,7,1942,0,0,0,H,0,8T35,PACIFIC COAST HWY,ENTRADA AV,84,S,N,A,-,Y,LA,7,1,-,-,36.98,H,-,S,N,3,0,5,4,A,-,03,22350,A,N,C,C,A,A,H,-,C,D,0,NA,NA,Y,NA,Y,NA,A,07,0,4,1,0,0,0,0,0,1,-,-,NA,NA,LOS ANGELES,LOS ANGELES,-118.51856993,34.02756992
6886442,2015,2015-04-23,1942,2015-04-10,2010,41198,1972,5,5,7,1942,0,0,0,NA,0,10T35,NORDHOFF ST,NOBLE AV,100,W,N,A,-,N,NA,NA,NA,NA,NA,NA,NA,NA,NA,N,4,0,1,3,A,-,04,21703,NA,F,C,C,A,A,H,-,C,D,0,NA,NA,NA,NA,Y,NA,-,99,0,0,1,0,0,0,0,0,0,-,-,NA,NA,LOS ANGELES,LOS ANGELES,-118.46130018,34.235486
6886446,2015,2017-01-26,1942,2015-04-10,1200,40141,0923,5,5,7,1942,0,0,0,I,0,15TL45,GILMORE ST,VAN NUYS BL,4,E,N,A,-,N,NA,NA,NA,NA,NA,NA,NA,NA,NA,N,4,0,1,2,A,-,12,21453,A,F,D,G,A,A,H,-,A,A,0,NA,Y,NA,NA,Y,NA,-,99,0,0,1,0,0,0,1,0,0,-,-,NA,NA,LOS ANGELES,LOS ANGELES,-118.4487268,34.18764
6886450,2015,2015-04-28,1942,2015-04-13,1750,40449,1971,1,5,7,1942,0,0,0,NA,0,19EL4,NORDHOFF ST,LANGDON AV,101,W,N,A,-,N,NA,NA,NA,NA,NA,NA,NA,NA,NA,N,4,0,1,3,A,-,04,21703,NA,F,C,C,A,A,H,-,A,D,0,NA,NA,NA,NA,Y,NA,-,99,0,0,1,0,0,0,0,0,0,-,-,NA,NA,LOS ANGELES,LOS ANGELES,-118.47011357,34.23555
6886454,2015,2015-04-23,1942,2015-04-06,1205,27260,1998,1,5,7,1942,0,0,0,NA,0,M39,LANARK ST,TILDEN AV,0,NA,Y,A,-,N,NA,NA,NA,NA,NA,NA,NA,NA,NA,N,4,0,1,2,A,-,00,21001,A,F,B,C,A,A,H,-,A,D,0,NA,NA,NA,NA,Y,NA,-,99,0,0,1,0,0,0,0,0,0,-,-,NA,NA,LOS ANGELES,LOS ANGELES,-118.44736009,34.21795006
6886457,2015,2015-04-23,1942,2015-04-10,1945,40820,0923,5,5,7,1942,0,0,0,I,0,16TL23,VANOWEN ST,KESTER AV,800,W,N,A,-,N,NA,NA,NA,NA,NA,NA,NA,NA,NA,N,4,0,2,2,A,-,09,21804,A,N,D,C,A,A,H,-,C,D,0,NA,NA,NA,NA,Y,NA,A,07,0,0,2,0,0,0,0,0,0,-,-,NA,NA,LOS ANGELES,LOS ANGELES,-118.46008075,34.19392686
6886458,2015,2015-04-23,1942,2015-04-11,1045,39701,2138,6,5,7,1942,0,0,0,NA,0,17TL15,MASON AV,SATICOY ST,40,N,N,A,-,N,NA,NA,NA,NA,NA,NA,NA,NA,NA,Y,3,0,1,2,A,-,03,22350,NA,F,C,C,A,A,H,-,A,-,0,NA,NA,NA,NA,Y,NA,A,01,0,1,0,0,0,0,0,0,0,-,-,NA,NA,LOS ANGELES,LOS ANGELES,-118.57972,34.20844973
6886460,2015,2015-05-05,1942,2015-04-06,0945,35474,2019,1,5,7,1942,0,0,0,NA,0,20A39,VIRGIL AV,1ST ST,13,S,N,A,-,N,NA,NA,NA,NA,NA,NA,NA,NA,NA,Y,4,0,2,2,A,-,12,21453,A,N,D,D,A,A,H,-,A,A,0,NA,NA,NA,NA,Y,NA,D,22,0,0,2,0,0,0,0,0,0,-,-,NA,NA,LOS ANGELES,LOS ANGELES,-118.2867823,34.0734344
6886461,2015,2015-04-23,1942,2015-04-10,1530,34282,0929,5,5,7,1942,0,0,0,I,0,35MJ9,VICTORY BL,FULTON AV,60,W,N,A,-,N,NA,NA,NA,NA,NA,NA,NA,NA,NA,N,3,0,1,2,A,-,04,21703,NA,N,C,C,A,A,H,-,A,D,0,NA,NA,Y,NA,Y,NA,C,02,0,1,0,0,0,0,0,0,1,-,-,NA,NA,LOS ANGELES,LOS ANGELES,-118.42269803,34.18668
6886462,2015,2015-04-23,1942,2015-04-14,1705,40207,1658,2,5,7,1942,0,0,0,P,0,21TL64,FOOTHILL BL,PLAINVIEW AV,51,E,N,A,-,N,NA,NA,NA,NA,NA,NA,NA,NA,NA,Y,3,0,2,2,A,-,01,23152,A,N,C,C,A,A,H,-,A,A,0,NA,NA,NA,NA,Y,Y,A,07,0,1,1,0,0,0,0,0,0,-,-,NA,NA,LOS ANGELES,LOS ANGELES,-118.29782405,34.25443854
6886466,2015,2015-04-23,1942,2015-04-08,1825,39740,0966,3,5,7,1942,0,0,0,I,0,10X94,WOODMAN,MAGNOLIA,0,NA,Y,A,-,N,NA,NA,NA,NA,NA,NA,NA,NA,NA,Y,4,0,1,2,A,-,09,21801,NA,N,A,C,A,A,H,-,A,A,0,NA,NA,NA,NA,Y,NA,A,01,0,0,1,0,0,0,0,0,0,-,-,NA,NA,LOS ANGELES,LOS ANGELES,-118.43125006,34.16487008
6886470,2015,2015-04-23,1942,2015-04-15,1300,38356,0939,3,5,7,1942,0,0,0,I,0,16T26,VICTORY BL,COLDWATER CANYON BL,275,W,N,A,-,N,NA,NA,NA,NA,NA,NA,NA,NA,NA,N,4,0,1,2,A,-,03,22350,NA,N,C,C,A,A,H,-,A,A,0,NA,NA,NA,NA,Y,NA,A,01,0,0,1,0,0,0,0,0,0,-,-,NA,NA,LOS ANGELES,LOS ANGELES,-118.41471765,34.18668
6886474,2015,2015-04-23,1942,2015-04-14,0820,37774,0905,2,5,7,1942,0,0,0,I,0,19TL77,VAN NUYS BL,VALERIO ST,200,S,N,A,-,N,NA,NA,NA,NA,NA,NA,NA,NA,NA,Y,4,0,2,3,A,-,03,22350,A,N,C,C,A,A,H,-,A,D,0,NA,NA,NA,NA,Y,NA,A,01,0,0,2,0,0,0,0,0,0,-,-,NA,NA,LOS ANGELES,LOS ANGELES,-118.44875,34.20428142
6886477,2015,2015-04-23,1942,2015-04-03,1600,37511,0745,5,5,7,1942,0,0,0,G,0,7TL23,LA BREA AV,SYCAMORE AV,0,NA,Y,A,-,N,NA,NA,NA,NA,NA,NA,NA,NA,NA,Y,3,0,1,2,A,-,09,21802,A,N,D,C,A,A,H,-,A,A,0,NA,NA,Y,NA,Y,NA,A,01,0,1,0,0,0,0,0,0,1,-,-,NA,NA,LOS ANGELES,LOS ANGELES,-118.34487001,34.0561301
6886520,2015,2015-09-23,1942,2015-04-08,2200,24475,0621,3,5,7,1942,0,0,0,F,0,6TL7,WESTERN AV,CARLTON WY,200,N,N,A,-,N,NA,NA,NA,NA,NA,NA,NA,NA,NA,N,4,0,1,2,A,-,05,21651,A,N,B,E,A,A,H,-,C,D,0,NA,NA,NA,NA,Y,NA,A,01,0,0,1,0,0,0,0,0,0,-,-,NA,NA,LOS ANGELES,LOS ANGELES,-118.30925545,34.10105837
6886524,2015,2016-11-05,1941,2015-04-05,0129,6313,NA,7,5,7,1941,0,0,0,NA,0,NA,PCH,CHERRY AV,0,NA,Y,A,-,Y,LA,7,1,-,-,5.02,H,-,S,Y,4,0,1,2,A,-,03,22350,NA,M,C,C,A,A,H,-,C,A,0,NA,NA,NA,NA,Y,NA,A,NA,0,0,1,0,0,0,0,0,0,-,-,NA,NA,LOS ANGELES,LONG BEACH,-118.16783139,33.7898051
6886536,2015,2015-09-23,1941,2015-04-04,1508,10135,NA,6,5,7,1941,0,0,0,NA,0,NA,6TH ST,MAGNOLIA AV,0,NA,Y,A,-,N,NA,NA,NA,NA,NA,NA,NA,NA,NA,Y,4,0,3,2,A,-,12,21453,A,N,D,C,A,A,H,-,A,A,0,NA,NA,NA,NA,Y,NA,A,NA,0,0,3,0,0,0,0,0,0,-,-,NA,NA,LOS ANGELES,LONG BEACH,-118.19803,33.77415009
6886564,2015,2015-04-27,1942,2015-03-24,1750,37966,0642,2,5,7,1942,0,0,0,F,0,6TL2,FAIRFAX AV,SELMA AV,60,N,N,A,-,N,NA,NA,NA,NA,NA,NA,NA,NA,NA,N,4,0,1,2,A,-,21,22106,NA,N,B,C,A,A,H,-,A,D,0,NA,NA,NA,NA,Y,NA,A,07,0,0,1,0,0,0,0,0,0,-,-,NA,NA,LOS ANGELES,LOS ANGELES,-118.36157,34.10005456
6886571,2015,2015-04-27,1942,2015-03-11,1505,24517,0896,3,5,7,1942,0,0,0,H,0,7TL38,LA CIENEGA BL,PICKFORD ST,0,NA,Y,A,-,N,NA,NA,NA,NA,NA,NA,NA,NA,NA,N,3,0,2,2,A,-,09,21801,A,N,D,C,A,A,H,-,A,A,0,NA,NA,Y,NA,Y,NA,A,01,0,1,1,0,0,0,0,0,2,-,-,NA,NA,LOS ANGELES,LOS ANGELES,-118.37616005,34.04904007
6886575,2015,2016-09-23,1942,2015-03-15,1250,35945,852,7,5,7,1942,0,0,0,NA,0,8TL28,SANTA MONICA,STONER AV,0,NA,Y,A,-,Y,LA,7,2,-,-,3.011,I,5,E,Y,4,0,2,2,A,-,09,21801,A,N,D,C,A,A,H,-,A,D,0,NA,NA,NA,NA,Y,NA,A,01,0,0,2,0,0,0,0,0,0,-,-,NA,NA,LOS ANGELES,LOS ANGELES,-118.45690716,34.04338607
6886579,2015,2015-04-27,1942,2015-03-14,1340,33403,0885,6,5,7,1942,0,0,0,H,0,8X41,OVERLAND AV,W PICO BL,0,NA,Y,A,-,N,NA,NA,NA,NA,NA,NA,NA,NA,NA,N,4,0,1,2,A,-,10,21950,A,N,A,G,A,A,H,-,A,A,0,NA,Y,NA,NA,Y,NA,A,01,0,0,1,0,0,0,1,0,0,-,-,NA,NA,LOS ANGELES,LOS ANGELES,-118.42474011,34.04190009
6886580,2015,2015-04-27,1942,2015-03-27,1705,36083,0839,5,5,7,1942,0,0,0,H,0,7T38,AVENUE OF THE STARS,OLYMPIC BL,162,N,N,A,-,N,NA,NA,NA,NA,NA,NA,NA,NA,NA,Y,2,0,2,2,A,-,09,21804,A,N,D,C,A,A,H,-,A,D,0,NA,NA,Y,NA,Y,NA,A,01,1,1,0,0,0,0,0,0,1,-,-,NA,NA,LOS ANGELES,LOS ANGELES,-118.414105,34.056702
6886583,2015,2015-04-27,1942,2015-03-16,1235,38013,0841,1,5,7,1942,0,0,0,H,0,7T38,ROCHESTER AV,BUNDY DR,0,NA,Y,A,-,N,NA,NA,NA,NA,NA,NA,NA,NA,NA,Y,3,0,1,2,A,-,09,21802,A,N,D,C,A,A,H,-,A,A,0,NA,NA,NA,NA,Y,NA,A,01,0,1,0,0,0,0,0,0,0,-,-,NA,NA,LOS ANGELES,LOS ANGELES,-118.46499001,34.04198003
6886584,2015,2015-04-27,1942,2015-03-09,1530,41491,0817,1,5,7,1942,0,0,0,H,0,8X98,LINBROOK DR,GLENDON,25,W,N,-,-,N,NA,NA,NA,NA,NA,NA,NA,NA,NA,Y,3,0,2,2,A,-,12,21453,A,N,A,C,A,-,-,-,-,A,0,NA,NA,NA,NA,Y,NA,A,01,0,2,0,0,0,0,0,0,0,-,-,NA,NA,LOS ANGELES,LOS ANGELES,-118.44355891,34.05990027
6886586,2015,2015-05-01,1942,2015-04-02,0610,32297,2097,4,5,7,1942,0,0,0,NA,0,20A33,WASHINGTON BL,CATALINA ST,120,E,N,A,-,N,NA,NA,NA,NA,NA,NA,NA,NA,NA,Y,3,0,1,1,A,-,03,22350,NA,N,E,I,A,A,H,-,B,D,0,NA,NA,NA,NA,Y,NA,A,07,0,1,0,0,0,0,0,0,0,-,-,NA,NA,LOS ANGELES,LOS ANGELES,-118.29396467,34.04001
6886587,2015,2015-04-27,1942,2015-03-23,1410,38013,0811,1,5,7,1942,0,0,0,H,0,7TL38,SUNSET BL,CASTELLAMMARE DR,0,NA,Y,A,-,N,NA,NA,NA,NA,NA,NA,NA,NA,NA,Y,4,0,1,2,A,-,12,21453,A,N,-,C,A,A,H,-,A,A,0,NA,NA,NA,NA,Y,NA,A,01,0,0,1,0,0,0,0,0,0,-,-,NA,NA,LOS ANGELES,LOS ANGELES,-118.55463004,34.03955007
6886588,2015,2015-04-27,1942,2015-03-15,0720,40024,0854,7,5,7,1942,0,0,0,H,0,6TL7,COTNER AV,SANTA MONICA BL,17,N,N,A,-,N,NA,NA,NA,NA,NA,NA,NA,NA,NA,N,4,0,1,2,A,-,10,21950,A,N,G,B,B,A,H,-,A,A,0,Y,NA,NA,NA,Y,NA,A,01,0,0,1,0,1,0,0,0,0,-,-,NA,NA,LOS ANGELES,LOS ANGELES,-118.44610332,34.04715748
6886591,2015,2015-04-27,1942,2015-03-11,1750,38013,0819,3,5,7,1942,0,0,0,H,0,8T28,MAPLETON DR,SUNSET BL,0,NA,Y,A,-,N,NA,NA,NA,NA,NA,NA,NA,NA,NA,N,4,0,1,2,A,-,09,21802,A,N,D,C,A,A,H,-,A,A,0,NA,NA,NA,NA,Y,NA,A,07,0,0,1,0,0,0,0,0,0,-,-,NA,NA,LOS ANGELES,LOS ANGELES,-118.43270012,34.08258009
6886592,2015,2015-04-27,1942,2015-03-23,1615,39764,0831,1,5,7,1942,0,0,0,H,0,20TL56,MONTANA AV,CENTINELA AV,80,W,N,A,-,N,NA,NA,NA,NA,NA,NA,NA,NA,NA,Y,3,0,1,1,A,-,03,22350,NA,N,H,J,A,A,H,-,A,D,0,NA,NA,Y,NA,Y,NA,C,02,0,1,0,0,0,0,0,0,1,-,-,NA,NA,LOS ANGELES,LOS ANGELES,-118.47810915,34.04631854
6886595,2015,2015-04-27,1942,2015-03-29,1015,41510,0899,7,5,7,1942,0,0,0,H,0,8L90,S LA CIENEGA,VENICE BL,0,NA,Y,A,-,N,NA,NA,NA,NA,NA,NA,NA,NA,NA,N,4,0,1,2,A,-,08,22107,NA,N,B,C,A,A,H,-,A,A,0,NA,NA,NA,NA,Y,NA,A,01,0,0,1,0,0,0,0,0,0,-,-,NA,NA,LOS ANGELES,LOS ANGELES,-118.37789008,34.03517004
6886596,2015,2015-04-27,1942,2015-03-11,1340,35945,833,3,5,7,1942,0,0,0,NA,0,8T28,KINROSS AV,VETERAN AV,258,E,N,B,-,N,NA,NA,NA,NA,NA,NA,NA,NA,NA,Y,4,0,1,2,A,-,03,22350,NA,N,-,C,A,A,H,-,A,A,0,NA,NA,NA,NA,Y,NA,A,07,0,0,1,0,0,0,0,0,0,-,-,NA,NA,LOS ANGELES,LOS ANGELES,-118.44795963,34.05933293
6886599,2015,2015-04-27,1942,2015-03-26,1720,31255,0807,4,5,7,1942,0,0,0,H,0,7TL72,MULHOLLAND DR,CLERENDON RD,0,NA,Y,A,-,N,NA,NA,NA,NA,NA,NA,NA,NA,NA,Y,3,0,2,2,A,-,09,21804,A,N,D,C,A,A,H,-,A,D,0,NA,NA,NA,NA,Y,NA,A,01,0,2,0,0,0,0,0,0,0,-,-,NA,NA,LOS ANGELES,LOS ANGELES,-118.43940005,34.13157002
6886600,2015,2016-04-12,1942,2015-03-10,1620,37966,0898,2,5,7,1942,0,0,0,H,0,6TL2,ROBERTSON BL,GIBSON AV,61,N,N,A,-,N,NA,NA,NA,NA,NA,NA,NA,NA,NA,Y,4,0,1,4,A,-,03,22350,NA,N,B,E,A,A,H,-,A,D,0,NA,NA,NA,NA,Y,NA,A,07,0,0,1,0,0,0,0,0,0,-,-,NA,NA,LOS ANGELES,LOS ANGELES,-118.38861653,34.03755335