CASE_ID,ACCIDENT_YEAR,PROC_DATE,JURIS,COLLISION_DATE,COLLISION_TIME,OFFICER_ID,REPORTING_DISTRICT,DAY_OF_WEEK,CHP_SHIFT,POPULATION,CNTY_CITY_LOC,SPECIAL_COND,BEAT_TYPE,CHP_BEAT_TYPE,CITY_DIVISION_LAPD,CHP_BEAT_CLASS,BEAT_NUMBER,PRIMARY_RD,SECONDARY_RD,DISTANCE,DIRECTION,INTERSECTION,WEATHER_1,WEATHER_2,STATE_HWY_IND,CALTRANS_COUNTY,CALTRANS_DISTRICT,STATE_ROUTE,ROUTE_SUFFIX,POSTMILE_PREFIX,POSTMILE,LOCATION_TYPE,RAMP_INTERSECTION,SIDE_OF_HWY,TOW_AWAY,COLLISION_SEVERITY,NUMBER_KILLED,NUMBER_INJURED,PARTY_COUNT,PRIMARY_COLL_FACTOR,PCF_CODE_OF_VIOL,PCF_VIOL_CATEGORY,PCF_VIOLATION,PCF_VIOL_SUBSECTION,HIT_AND_RUN,TYPE_OF_COLLISION,MVIW,PED_ACTION,ROAD_SURFACE,ROAD_COND_1,ROAD_COND_2,LIGHTING,CONTROL_DEVICE,CHP_ROAD_TYPE,PEDESTRIAN_ACCIDENT,BICYCLE_ACCIDENT,MOTORCYCLE_ACCIDENT,TRUCK_ACCIDENT,NOT_PRIVATE_PROPERTY,ALCOHOL_INVOLVED,STWD_VEHTYPE_AT_FAULT,CHP_VEHTYPE_AT_FAULT,COUNT_SEVERE_INJ,COUNT_VISIBLE_INJ,COUNT_COMPLAINT_PAIN,COUNT_PED_KILLED,COUNT_PED_INJURED,COUNT_BICYCLIST_KILLED,COUNT_BICYCLIST_INJURED,COUNT_MC_KILLED,COUNT_MC_INJURED,PRIMARY_RAMP,SECONDARY_RAMP,LATITUDE,LONGITUDE,COUNTY,CITY,POINT_X,POINT_Y
6886996,2015,2015-04-30,1942,2015-04-14,2200,40811,1513,2,5,7,1942,0,0,0,O,0,10T37,WHITSETT AV,VANOWEN ST,0,NA,Y,A,G,N,NA,NA,NA,NA,NA,NA,NA,NA,NA,N,4,0,3,2,A,-,03,22350,NA,N,C,C,A,A,H,-,C,-,0,NA,NA,NA,NA,Y,NA,A,01,0,0,3,0,0,0,0,0,0,-,-,NA,NA,LOS ANGELES,LOS ANGELES,-118.40528011,34.19395001
6886997,2015,2016-12-17,9590,2015-04-06,0055,20753,NA,1,3,7,1942,0,1,1,NA,2,051,RT 110,37TH ST,150,S,N,A,-,Y,LA,7,110,-,-,19.548,R,2,S,Y,3,0,2,2,A,-,07,21658,A,F,B,C,A,A,H,-,C,D,1,NA,NA,NA,NA,Y,Y,-,99,0,2,0,0,0,0,0,0,0,-,-,34.01761,-118.28079,LOS ANGELES,LOS ANGELES,-118.28111249,34.01213463
6886999,2015,2016-12-17,9590,2015-04-05,2105,20757,NA,7,2,7,1942,0,1,1,NA,2,013,RT 110,AVENUE 43,75,N,N,A,-,Y,LA,7,110,-,-,27.13,H,-,S,Y,4,0,1,3,A,-,08,22107,NA,N,C,C,A,A,H,-,C,D,1,NA,NA,NA,NA,Y,NA,A,07,0,0,1,0,0,0,0,0,0,-,-,34.09311,-118.20622,LOS ANGELES,LOS ANGELES,-118.20635119,34.09353586
6887000,2015,2015-04-30,1942,2015-04-12,0010,40567,1599,7,5,7,1942,0,0,0,O,0,9T57,CANENGA BL,WOODROW WILSON DR,0,NA,Y,A,-,N,NA,NA,NA,NA,NA,NA,NA,NA,NA,Y,3,0,2,2,A,-,09,21801,A,N,D,C,A,A,H,-,C,A,0,NA,NA,NA,NA,Y,NA,A,01,0,2,0,0,0,0,0,0,0,-,-,NA,NA,LOS ANGELES,LOS ANGELES,-118.34278,34.123629
6887001,2015,2016-12-08,9590,2015-04-03,1430,20679,NA,5,2,7,1942,0,1,2,NA,2,070,RT 101,GRAND AV,200,S,N,A,-,Y,LA,7,101,-,-,1.28,H,-,N,N,3,0,1,2,A,-,03,22350,NA,F,C,C,A,A,H,-,A,D,1,NA,NA,Y,NA,Y,NA,C,02,0,1,0,0,0,0,0,0,1,-,-,34.07005,-118.25981,LOS ANGELES,LOS ANGELES,-118.24498519,34.05881067
6887003,2015,2016-11-03,9590,2015-04-04,1135,20617,NA,6,1,7,1942,0,1,1,NA,2,081,RT 5,4TH ST,200,S,N,A,-,Y,LA,7,5,-,-,17.52,H,-,S,Y,3,0,1,1,A,-,08,22107,NA,N,F,A,A,A,H,-,A,D,1,NA,NA,Y,NA,Y,NA,C,02,0,1,0,0,0,0,0,0,1,-,-,34.04084,-118.2189,LOS ANGELES,LOS ANGELES,-118.21765448,34.04241768
6887004,2015,2015-04-30,1942,2015-04-11,1205,33779,1569,6,5,7,1942,0,0,0,O,0,15TL44,RIVERSIDE DR,AUCKLAND AV,0,NA,Y,A,-,N,NA,NA,NA,NA,NA,NA,NA,NA,NA,N,4,0,2,2,A,-,09,21801,A,N,A,C,A,A,H,-,A,A,0,NA,NA,NA,NA,Y,NA,A,01,0,0,2,0,0,0,0,0,0,-,-,NA,NA,LOS ANGELES,LOS ANGELES,-118.36038,34.15219001
6887005,2015,2016-11-03,9590,2015-04-10,1925,20757,NA,5,2,7,1942,0,1,1,NA,2,014,RT 110,FAIR OAKS AV,400,S,N,A,-,Y,LA,7,110,-,-,31.13,H,-,N,Y,3,0,1,2,A,-,03,22350,NA,N,C,C,A,A,H,-,C,D,1,NA,NA,NA,NA,Y,NA,A,01,0,1,0,0,0,0,0,0,0,-,-,34.78767,-118.94899,LOS ANGELES,LOS ANGELES,-118.15121302,34.11917139
6887007,2015,2016-12-08,9590,2015-04-07,1645,20663,NA,2,2,7,1942,0,1,2,NA,2,072,RT 101,MELROSE AV,300,S,N,C,-,Y,LA,7,101,-,-,4.79,H,-,N,N,4,0,1,2,A,-,03,22350,NA,N,C,C,A,B,H,-,A,D,1,NA,NA,NA,NA,Y,NA,A,07,0,0,1,0,0,0,0,0,0,-,-,34.0886,-118.29659,LOS ANGELES,LOS ANGELES,-118.29783217,34.08318901
6887008,2015,2015-04-30,1942,2015-04-09,0820,38181,1555,4,5,7,1942,0,0,0,O,0,17TL17,MAGNOLIA BL,BAKMAN AV,0,NA,Y,B,-,N,NA,NA,NA,NA,NA,NA,NA,NA,NA,Y,3,0,2,2,A,-,12,21453,A,N,D,C,A,A,H,-,A,A,0,NA,NA,NA,NA,Y,NA,A,01,0,2,0,0,0,0,0,0,0,-,-,NA,NA,LOS ANGELES,LOS ANGELES,-118.37740008,34.16494007
6887011,2015,2016-11-02,9590,2015-04-07,1300,15985,NA,2,1,7,1942,0,1,1,NA,2,084,RT 5,GLENDALE BL,746,N,N,A,-,Y,LA,7,5,-,-,23.855,R,1,N,Y,4,0,1,2,A,-,03,22350,NA,N,C,C,A,A,H,-,A,A,1,NA,NA,NA,NA,Y,NA,A,01,0,0,1,0,0,0,0,0,0,FR,-,34.115,-118.26781,LOS ANGELES,LOS ANGELES,-118.26771283,34.11423858
6887012,2015,2015-04-30,1942,2015-04-09,1020,39724,1535,4,5,7,1942,0,0,0,O,0,15TL43,MIRANDA ST,LANKERSHIM BL,0,NA,Y,A,-,N,NA,NA,NA,NA,NA,NA,NA,NA,NA,Y,3,0,5,2,A,-,09,21802,A,N,D,C,A,A,H,-,A,A,0,NA,NA,NA,NA,Y,NA,A,01,0,1,4,0,0,0,0,0,0,-,-,NA,NA,LOS ANGELES,LOS ANGELES,-118.38069004,34.1749201
6887013,2015,2016-11-03,9590,2015-04-11,2330,020773,NA,6,3,7,1942,0,1,1,NA,2,041,RT 5,LORENA ST,400,N,N,A,-,Y,LA,7,5,-,-,15.73,H,-,S,Y,3,0,1,2,A,-,01,23152,A,N,B,C,A,A,H,-,C,D,1,NA,NA,NA,NA,Y,Y,A,08,0,1,0,0,0,0,0,0,0,-,-,34.02491,-118.20446,LOS ANGELES,LOS ANGELES,-118.20449728,34.02486548
6887015,2015,2017-01-03,9590,2015-04-06,0835,20929,NA,1,1,7,1942,0,1,3,NA,2,031,RT 60,BOYLE AV,15,E,N,A,-,Y,LA,7,60,-,-,0.29,H,-,W,N,4,0,1,2,A,-,03,22350,NA,N,C,C,A,A,H,-,A,D,1,NA,NA,NA,NA,Y,NA,A,01,0,0,1,0,0,0,0,0,0,-,-,34.02913,-118.22055,LOS ANGELES,LOS ANGELES,-118.22040708,34.02943647
6887016,2015,2015-04-30,1942,2015-04-13,0800,36257,1555,1,5,7,1942,0,0,0,O,0,15TL45,CAMARILLO ST,LANKERSHIM BL,0,NA,Y,A,-,N,NA,NA,NA,NA,NA,NA,NA,NA,NA,Y,4,0,1,2,A,-,04,21703,NA,N,C,C,A,A,H,-,A,A,0,NA,NA,NA,NA,Y,NA,A,01,0,0,1,0,0,0,0,0,0,-,-,NA,NA,LOS ANGELES,LOS ANGELES,-118.37030006,34.15766002
6887017,2015,2016-11-07,9590,2015-04-11,2228,20697,NA,6,3,7,1942,0,1,1,NA,2,060,RT 10,6TH AV,100,W,N,A,-,Y,LA,7,10,-,R,11.95,H,-,E,N,3,0,1,2,A,-,08,22107,NA,N,F,A,A,A,H,-,C,D,1,NA,NA,Y,NA,Y,NA,C,02,0,1,0,0,0,0,0,0,0,-,-,34.03566,-118.32399,LOS ANGELES,LOS ANGELES,-118.3240596,34.03571494
6887019,2015,2016-11-07,9590,2015-04-06,2030,18510,NA,1,2,7,1942,0,1,1,NA,2,060,RT 10,LA BREA AV,500,E,N,A,-,Y,LA,7,10,-,R,10.56,H,-,E,N,4,0,1,2,A,-,03,22350,NA,M,C,C,A,A,H,-,C,D,1,NA,NA,NA,NA,Y,NA,A,07,0,0,1,0,0,0,0,0,0,-,-,34.2567,-118.2021,LOS ANGELES,LOS ANGELES,-118.34825229,34.03430139
6887020,2015,2015-04-30,1942,2015-04-07,1300,40113,1545,2,5,7,1942,0,0,0,O,0,15X64,CHANDLER,CHANDLER 11920,0,NA,Y,B,-,N,NA,NA,NA,NA,NA,NA,NA,NA,NA,Y,3,0,1,2,A,-,09,21804,A,N,D,C,A,A,H,-,A,D,0,NA,NA,NA,NA,Y,NA,A,01,0,1,0,0,0,0,0,0,0,-,-,NA,NA,LOS ANGELES,LOS ANGELES,-118.392909,34.168345
6887021,2015,2016-12-08,9590,2015-04-13,2123,20527,NA,1,2,7,1942,0,1,2,NA,2,072,RT 101,ODIN ST,200,N,N,A,-,Y,LA,7,101,-,-,7.741,R,2,N,Y,4,0,1,1,A,-,03,22350,NA,N,E,I,A,A,H,-,C,D,1,NA,NA,NA,NA,Y,NA,A,01,0,0,1,0,0,0,0,0,0,-,-,34.11118,-118.33455,LOS ANGELES,LOS ANGELES,-118.3344217,34.11054545
6887023,2015,2016-11-03,9590,2015-04-07,2200,19805,NA,2,3,7,1942,0,1,1,NA,2,083,RT 5,MISSION RD,930,N,N,B,-,Y,LA,7,5,-,-,18.99,H,-,S,N,4,0,4,2,A,-,03,22350,NA,F,C,C,A,A,H,-,C,D,1,NA,NA,NA,NA,Y,NA,A,07,0,0,4,0,0,0,0,0,0,-,-,34.06307,-118.2161,LOS ANGELES,LOS ANGELES,-118.21594472,34.06282178
6887024,2015,2015-04-30,1942,2015-04-05,1625,36713,1551,7,5,7,1942,0,0,0,O,0,15A27,RIVERSIDE DR,E LAUREL CANYON BL,15,W,N,A,-,N,NA,NA,NA,NA,NA,NA,NA,NA,NA,Y,4,0,1,2,A,-,08,22107,NA,N,D,C,A,A,H,-,A,A,0,NA,NA,NA,NA,Y,NA,A,07,0,0,1,0,0,0,0,0,0,-,-,NA,NA,LOS ANGELES,LOS ANGELES,-118.39653948,34.15761938
6887025,2015,2016-12-17,9590,2015-04-13,1735,20527,NA,1,2,7,1942,0,1,1,NA,2,053,RT 110,7TH ST,100,S,N,A,-,Y,LA,7,110,-,-,22.52,H,-,S,N,4,0,1,2,A,-,03,22350,NA,N,C,C,A,A,H,-,A,D,1,NA,NA,NA,NA,Y,NA,A,01,0,0,1,0,0,0,0,0,0,-,-,34.05008,-118.26324,LOS ANGELES,LOS ANGELES,-118.26326201,34.0500566
6887027,2015,2016-12-08,9590,2015-04-06,1645,17878,NA,1,2,7,1942,0,1,2,NA,2,072,RT 101,RT 110,800,N,N,B,-,Y,LA,7,101,-,-,1.85,H,-,N,N,4,0,2,4,A,-,03,22350,NA,N,C,C,A,A,H,-,A,D,1,NA,NA,NA,NA,Y,NA,A,07,0,0,2,0,0,0,0,0,0,-,-,34.06514,-118.25168,LOS ANGELES,LOS ANGELES,-118.25150486,34.06511901
6887029,2015,2016-12-08,9590,2015-04-13,1615,20663,NA,1,2,7,1942,0,1,2,NA,2,071,RT 101,BENTON WY,200,N,N,A,-,Y,LA,7,101,-,-,3.38,H,-,S,N,4,0,1,2,A,-,03,22350,NA,N,C,C,A,A,H,-,A,D,1,NA,NA,NA,NA,Y,NA,A,01,0,0,1,0,0,0,0,0,0,-,-,34.07486,-118.27313,LOS ANGELES,LOS ANGELES,-118.27497273,34.07528679
6887031,2015,2016-11-05,9590,2015-04-06,1710,13435,NA,1,2,7,1942,0,1,1,NA,2,021,RT 10,SOTO ST,25,W,N,A,-,Y,LA,7,10,-,-,19.07,H,-,W,Y,3,0,1,3,A,-,07,21658,A,N,B,C,A,A,H,-,A,D,1,NA,NA,NA,NA,Y,NA,-,-,0,1,0,0,0,0,0,0,0,-,-,34.05478,-118.2026,LOS ANGELES,LOS ANGELES,-118.20280087,34.05459802
6887033,2015,2017-01-13,9590,2015-04-13,1545,15982,NA,1,2,7,1942,0,1,1,NA,2,053,RT 110,3RD ST,15,N,N,A,-,Y,LA,7,110,-,-,23.124,R,1,S,Y,4,0,1,2,A,-,03,22350,NA,N,C,C,A,A,H,-,A,D,1,NA,NA,NA,NA,Y,NA,A,07,0,0,1,0,0,0,0,0,0,-,-,34.05639,-118.25606,LOS ANGELES,LOS ANGELES,-118.25592748,34.05632009
6887035,2015,2016-12-17,9590,2015-04-08,1140,20934,NA,3,1,7,1942,0,1,1,NA,2,052,RT 110,30TH ST,200,S,N,A,-,Y,LA,7,110,-,-,20.42,H,-,N,Y,3,0,2,4,A,-,03,22350,NA,N,C,C,A,A,H,-,A,D,1,NA,NA,NA,NA,Y,NA,A,08,0,2,0,0,0,0,0,0,0,-,-,34.02333,-118.27651,LOS ANGELES,LOS ANGELES,-118.27650119,34.02382715
6887037,2015,2016-12-17,9590,2015-04-12,2035,20081,NA,7,2,7,1942,0,1,1,NA,2,050,RT 110,SLAUSON AV,400,S,N,A,-,Y,LA,7,110,-,-,1.77,H,-,N,Y,4,0,2,2,A,-,03,22350,NA,N,C,C,A,A,H,-,C,D,0,NA,NA,NA,NA,Y,NA,A,01,0,0,2,0,0,0,0,0,0,-,-,33.98651,-118.28048,LOS ANGELES,LOS ANGELES,-118.28840324,33.75997499
6887039,2015,2016-12-17,9590,2015-04-08,0630,20934,NA,3,1,7,1942,0,1,1,NA,2,051,RT 110,CENTURY BL,200,N,N,A,-,Y,LA,7,110,-,-,15.03,H,-,S,Y,3,0,1,3,A,-,03,22350,NA,F,C,C,A,A,H,-,A,D,1,NA,NA,NA,NA,Y,NA,A,01,0,1,0,0,0,0,0,0,0,-,-,33.56964,-118.16789,LOS ANGELES,LOS ANGELES,-118.27978119,33.94643435
6887043,2015,2015-05-07,1942,2015-04-08,1720,38887,1547,3,5,7,1942,0,0,0,O,0,15A39,TUJUNGA AV,CUMPSTON ST,70,N,N,A,-,N,NA,NA,NA,NA,NA,NA,NA,NA,NA,N,3,0,1,2,A,-,11,21954,A,N,G,B,D,A,H,-,A,D,0,Y,NA,NA,NA,Y,NA,N,60,0,1,0,0,1,0,0,0,0,-,-,NA,NA,LOS ANGELES,LOS ANGELES,-118.37898592,34.17018196
6887047,2015,2015-05-07,1942,2015-04-16,2130,31652,1511,4,5,7,1942,0,0,0,O,0,19T73,SHERMAN WY,COLDWATER CYN AV,145,W,N,A,-,N,NA,NA,NA,NA,NA,NA,NA,NA,NA,N,3,0,1,2,A,-,05,21650,1,N,D,G,A,A,H,-,C,D,0,NA,Y,NA,NA,Y,NA,L,04,0,1,0,0,0,0,1,0,0,-,-,NA,NA,LOS ANGELES,LOS ANGELES,-118.41427866,34.20119
6887052,2015,2015-05-07,1900,2015-04-17,0935,531566,1126,5,5,6,1992,0,0,0,NA,0,112T1,AVENUE J,10TH ST W,365,E,N,A,-,N,NA,NA,NA,NA,NA,NA,NA,NA,NA,Y,4,0,1,2,A,-,08,22107,NA,M,D,G,A,A,H,-,A,D,0,NA,Y,NA,NA,Y,NA,A,01,0,0,1,0,0,0,1,0,0,-,-,NA,NA,LOS ANGELES,LANCASTER,-118.14680835,34.68945
6887056,2015,2015-05-07,1900,2015-04-16,2205,527065,1187,4,5,6,1992,0,0,0,NA,0,111T3,AVENUE C-2,82ND ST W,431,E,N,A,-,N,NA,NA,NA,NA,NA,NA,NA,NA,NA,N,3,0,1,2,A,-,03,22350,NA,N,E,I,F,A,H,-,D,D,0,Y,NA,NA,NA,Y,NA,A,01,0,1,0,0,1,0,0,0,0,-,-,NA,NA,LOS ANGELES,LANCASTER,-118.275755,34.789159
6887060,2015,2015-05-07,1900,2015-04-16,1542,550490,1127,4,5,6,1992,0,0,0,NA,0,111T2,30TH ST W,AVENUE J-12,294,N,N,A,-,N,NA,NA,NA,NA,NA,NA,NA,NA,NA,Y,4,0,1,2,A,-,09,21804,A,N,D,C,A,A,H,-,A,A,0,NA,NA,NA,NA,Y,NA,A,01,0,0,1,0,0,0,0,0,0,-,-,NA,NA,LOS ANGELES,LANCASTER,-118.18366776,34.67930598
6887064,2015,2015-05-07,1900,2015-04-11,1450,484625,1192,6,5,6,1992,0,0,0,NA,0,111T2P,25TH ST WEST,AVENUE L-4,166,N,N,A,-,N,NA,NA,NA,NA,NA,NA,NA,NA,NA,Y,4,0,1,1,A,-,08,22107,NA,N,E,I,A,A,H,-,A,D,0,NA,NA,NA,NA,Y,NA,A,01,0,0,1,0,0,0,0,0,0,-,-,NA,NA,LOS ANGELES,LANCASTER,-118.17450825,34.65707513
6887068,2015,2015-05-07,1900,2015-04-11,0245,484625,1126,6,5,6,1992,0,0,0,NA,0,111T1E,10TH ST W,AVENUE K-15,38,N,N,A,-,N,NA,NA,NA,NA,NA,NA,NA,NA,NA,Y,4,0,2,2,A,-,01,23152,A,N,C,C,A,A,H,-,C,A,0,NA,NA,NA,NA,Y,Y,A,01,0,0,2,0,0,0,0,0,0,-,-,NA,NA,LOS ANGELES,LANCASTER,-118.14779,34.66174419
6887072,2015,2015-05-07,1900,2015-04-08,1320,531566,1125,3,5,6,1992,0,0,0,NA,0,112T1,LANCASTER BL,10TH ST W,18,W,N,A,-,N,NA,NA,NA,NA,NA,NA,NA,NA,NA,N,4,0,1,2,A,-,21,22106,NA,N,C,C,A,A,H,-,A,D,0,NA,NA,NA,NA,Y,NA,A,01,0,0,1,0,0,0,0,0,0,-,-,NA,NA,LOS ANGELES,LANCASTER,-118.14813828,34.69714907
6887076,2015,2015-05-07,1900,2015-04-11,1530,551665,1137,6,5,6,1992,0,0,0,NA,0,111T2,AVENUE K,30TH ST E,34,E,N,A,-,N,NA,NA,NA,NA,NA,NA,NA,NA,NA,N,4,0,1,2,A,-,03,22350,NA,N,C,C,A,A,H,-,A,A,0,NA,NA,NA,NA,Y,NA,A,07,0,0,1,0,0,0,0,0,0,-,-,NA,NA,LOS ANGELES,LANCASTER,-118.07694,34.67524
6887080,2015,2015-05-07,1900,2015-04-08,1745,484625,1137,3,5,6,1992,0,0,0,NA,0,111T1P,20TH ST E,AVENUE J,354,S,N,A,-,N,NA,NA,NA,NA,NA,NA,NA,NA,NA,Y,3,0,1,2,A,-,09,21804,A,M,D,C,A,B,H,-,A,A,0,NA,NA,NA,NA,Y,NA,A,01,0,1,0,0,0,0,0,0,0,-,-,NA,NA,LOS ANGELES,LANCASTER,-118.09477,34.6886595
6887084,2015,2015-05-07,1900,2015-04-14,1459,550490,1182,2,5,6,1992,0,0,0,NA,0,111T2,CONESTOGA DR,TOMAHAWK PL,206,W,N,A,G,N,NA,NA,NA,NA,NA,NA,NA,NA,NA,Y,3,0,3,2,A,-,08,22107,NA,N,A,E,A,A,H,-,A,D,0,NA,NA,NA,NA,Y,NA,A,01,0,1,2,0,0,0,0,0,0,-,-,NA,NA,LOS ANGELES,LANCASTER,-118.20848375,34.6771945
6887088,2015,2015-05-07,1900,2015-04-15,1647,263565,1137,3,5,6,1992,0,0,0,NA,0,111T2,AVENUE K,CHALLENGER WY,107,E,N,A,-,N,NA,NA,NA,NA,NA,NA,NA,NA,NA,N,4,0,1,2,A,-,11,21955,NA,N,G,B,D,A,H,-,A,D,0,Y,NA,NA,NA,Y,NA,N,60,0,0,1,0,1,0,0,0,0,-,-,NA,NA,LOS ANGELES,LANCASTER,-118.112075,34.674982
6887108,2015,2015-05-07,1942,2015-04-15,1840,40731,1797,3,5,7,1942,0,0,0,Q,0,9TL56,WOODLEY AV,WOODLEY PL,28,N,N,A,-,N,NA,NA,NA,NA,NA,NA,NA,NA,NA,N,3,0,1,2,A,-,09,21801,A,F,A,-,A,A,H,-,A,D,0,NA,NA,Y,NA,Y,NA,-,99,0,1,0,0,0,0,0,0,1,-,-,NA,NA,LOS ANGELES,LOS ANGELES,-118.48488083,34.22363891
6887112,2015,2015-05-07,1942,2015-04-09,0750,39724,1515,4,5,7,1942,0,0,0,O,0,15TL43,VANOWEN ST,LANKERSHIM BL,60,E,N,A,-,N,NA,NA,NA,NA,NA,NA,NA,NA,NA,N,3,0,1,2,A,-,03,22350,NA,N,E,J,A,A,H,-,A,D,0,NA,NA,Y,NA,Y,NA,C,02,0,1,0,0,0,0,0,0,1,-,-,NA,NA,LOS ANGELES,LOS ANGELES,-118.38760198,34.19394251
6887120,2015,2015-05-07,1942,2015-04-12,1725,26319,1522,7,5,7,1942,0,0,0,O,0,19T74,COLDWATER CANYON AV,HAMLIN ST,23,S,N,A,-,N,NA,NA,NA,NA,NA,NA,NA,NA,NA,Y,4,0,4,2,A,-,08,22107,NA,N,-,C,A,A,H,-,A,-,0,NA,NA,NA,NA,Y,NA,A,01,0,0,4,0,0,0,0,0,0,-,-,NA,NA,LOS ANGELES,LOS ANGELES,-118.41380056,34.18838692
6887124,2015,2016-10-10,9545,2015-03-10,1308,012653,NA,2,1,9,1900,0,1,3,NA,2,031,RT 14,CROWN VALLEY RD,2640,S,N,A,-,Y,LA,7,14,-,R,48.11,H,-,N,Y,4,0,1,1,A,-,07,21658,A,N,E,I,A,A,H,-,A,D,1,NA,NA,NA,NA,Y,NA,D,22,0,0,1,0,0,0,0,0,0,-,-,34.49192,-118.20745,LOS ANGELES,UNINCORPORATED,-118.20698225,34.49180004
6887131,2015,2015-05-05,9545,2015-04-05,2310,20159,NA,7,3,9,1900,0,3,5,NA,2,002,ELIZABETH LAKE RD,15TH ST WEST,29,W,N,A,-,N,NA,NA,NA,NA,NA,NA,NA,NA,NA,Y,2,0,1,1,A,-,08,22107,NA,N,E,I,A,A,H,-,C,D,0,NA,NA,NA,NA,Y,NA,D,22,1,0,0,0,0,0,0,0,0,-,-,34.58723,-118.1566,LOS ANGELES,UNINCORPORATED,-118.15648615,34.58713932
6887143,2015,2015-05-05,9545,2015-04-02,1858,14790,NA,4,2,9,1900,0,3,5,NA,2,004,PALMDALE BL,160TH ST E,0,NA,Y,A,-,N,NA,NA,NA,NA,NA,NA,NA,NA,NA,Y,4,0,1,2,A,-,05,21752,D,N,B,C,A,A,H,-,A,D,0,NA,NA,NA,NA,Y,NA,D,22,0,0,1,0,0,0,0,0,0,-,-,34.57997,-117.84428,LOS ANGELES,UNINCORPORATED,-117.84446001,34.57991005
6887147,2015,2015-05-05,9545,2015-04-02,2110,19872,NA,4,2,9,1900,0,3,5,NA,2,004,90TH ST EAST,PALMDALE BL,0,NA,Y,A,-,N,NA,NA,NA,NA,NA,NA,NA,NA,NA,Y,4,0,1,3,A,-,09,21801,A,N,D,C,A,A,H,-,C,A,0,NA,NA,NA,NA,Y,NA,D,22,0,0,1,0,0,0,0,0,0,-,-,34.3447,-117.58101,LOS ANGELES,UNINCORPORATED,-117.96946999,34.57972012
6887151,2015,2016-11-07,9545,2015-04-03,2225,20159,NA,5,3,9,1900,0,1,3,NA,1,012,RT 138,60TH ST W,3813,W,N,A,-,Y,LA,7,138,-,-,32.36,H,-,E,Y,3,0,1,1,A,-,08,22107,NA,N,E,I,A,A,H,-,C,D,0,NA,NA,NA,NA,Y,Y,D,22,0,1,0,0,0,0,0,0,0,-,-,34.77681,-118.24881,LOS ANGELES,UNINCORPORATED,-118.25002403,34.77656967
6887155,2015,2015-05-05,9545,2015-04-01,1545,16849,NA,3,2,9,1900,0,3,5,NA,2,004,AVENUE T-12,116TH ST E,112,E,N,A,-,N,NA,NA,NA,NA,NA,NA,NA,NA,NA,N,4,0,1,1,A,-,08,22107,NA,N,E,I,A,A,H,-,A,D,0,NA,NA,NA,NA,Y,NA,D,22,0,0,1,0,0,0,0,0,0,-,-,34.53186,-117.92214,LOS ANGELES,UNINCORPORATED,-117.922422,34.531857
6887159,2015,2016-10-26,9545,2015-03-31,1134,012653,NA,2,1,9,1900,0,1,3,NA,2,021,RT 14,10TH ST WEST,525,S,N,A,-,Y,LA,7,14,-,R,61.67,H,-,N,Y,3,0,3,3,A,-,03,22350,NA,N,C,C,A,A,H,-,A,D,1,NA,NA,NA,NA,Y,NA,A,07,0,2,1,0,0,0,0,0,0,-,-,34.60492,-118.14617,LOS ANGELES,UNINCORPORATED,-118.14612727,34.60455955
6887163,2015,2016-10-26,9545,2015-03-30,0745,013004,NA,1,1,6,1992,0,1,3,NA,2,011,RT 14,20TH ST WEST,100,S,N,A,-,Y,LA,7,14,-,R,67.5,H,-,S,N,4,0,1,2,A,-,08,22107,NA,N,B,C,A,A,H,-,A,D,1,NA,NA,NA,NA,Y,NA,-,-,0,0,1,0,0,0,0,0,0,FR,-,34.6832,-118.16567,LOS ANGELES,LANCASTER,-118.16556668,34.68316281
6887165,2015,2016-11-01,9590,2015-03-26,1410,19354,NA,4,2,7,1942,0,1,1,NA,2,051,RT 110,SLAUSON AV,250,S,N,A,-,Y,LA,7,110,-,-,17.79,H,-,S,Y,4,0,1,3,A,-,03,22350,NA,F,B,C,A,A,H,-,A,D,1,NA,NA,NA,NA,Y,NA,A,08,0,0,1,0,0,0,0,0,0,-,-,33.94841,-118.26004,LOS ANGELES,LOS ANGELES,-118.28062183,33.98648122
6887167,2015,2016-10-10,9545,2015-03-29,1114,020996,NA,7,1,9,1900,0,1,3,NA,2,021,RT 14,VINCENT SUMMIT,624,N,N,A,-,Y,LA,7,14,-,R,54.65,H,-,S,Y,2,0,1,1,A,-,08,22107,NA,N,E,J,A,A,H,-,A,D,1,NA,NA,NA,NA,Y,NA,D,22,1,0,0,0,0,0,0,0,0,-,-,34.51291,-118.11065,LOS ANGELES,UNINCORPORATED,-118.11079873,34.51198863
6887187,2015,2015-05-26,9545,2015-04-06,1358,017751,NA,1,1,9,1900,1,3,5,NA,2,001,AVENUE H,70TH ST WEST,0,NA,Y,A,-,N,NA,NA,NA,NA,NA,NA,NA,NA,NA,Y,3,0,2,2,A,-,09,21802,A,N,D,C,A,A,H,-,A,A,0,NA,NA,NA,NA,Y,NA,A,07,0,1,1,0,0,0,0,0,0,-,-,34.71855,-118.25466,LOS ANGELES,UNINCORPORATED,-118.25452006,34.7185201