CASE_ID,ACCIDENT_YEAR,PROC_DATE,JURIS,COLLISION_DATE,COLLISION_TIME,OFFICER_ID,REPORTING_DISTRICT,DAY_OF_WEEK,CHP_SHIFT,POPULATION,CNTY_CITY_LOC,SPECIAL_COND,BEAT_TYPE,CHP_BEAT_TYPE,CITY_DIVISION_LAPD,CHP_BEAT_CLASS,BEAT_NUMBER,PRIMARY_RD,SECONDARY_RD,DISTANCE,DIRECTION,INTERSECTION,WEATHER_1,WEATHER_2,STATE_HWY_IND,CALTRANS_COUNTY,CALTRANS_DISTRICT,STATE_ROUTE,ROUTE_SUFFIX,POSTMILE_PREFIX,POSTMILE,LOCATION_TYPE,RAMP_INTERSECTION,SIDE_OF_HWY,TOW_AWAY,COLLISION_SEVERITY,NUMBER_KILLED,NUMBER_INJURED,PARTY_COUNT,PRIMARY_COLL_FACTOR,PCF_CODE_OF_VIOL,PCF_VIOL_CATEGORY,PCF_VIOLATION,PCF_VIOL_SUBSECTION,HIT_AND_RUN,TYPE_OF_COLLISION,MVIW,PED_ACTION,ROAD_SURFACE,ROAD_COND_1,ROAD_COND_2,LIGHTING,CONTROL_DEVICE,CHP_ROAD_TYPE,PEDESTRIAN_ACCIDENT,BICYCLE_ACCIDENT,MOTORCYCLE_ACCIDENT,TRUCK_ACCIDENT,NOT_PRIVATE_PROPERTY,ALCOHOL_INVOLVED,STWD_VEHTYPE_AT_FAULT,CHP_VEHTYPE_AT_FAULT,COUNT_SEVERE_INJ,COUNT_VISIBLE_INJ,COUNT_COMPLAINT_PAIN,COUNT_PED_KILLED,COUNT_PED_INJURED,COUNT_BICYCLIST_KILLED,COUNT_BICYCLIST_INJURED,COUNT_MC_KILLED,COUNT_MC_INJURED,PRIMARY_RAMP,SECONDARY_RAMP,LATITUDE,LONGITUDE,COUNTY,CITY,POINT_X,POINT_Y
6893224,2015,2016-04-13,1900,2015-03-27,1630,536813,0617,5,5,6,1985,0,0,0,NA,0,63T1,SIERRA HWY,RT 14,183,N,N,A,-,N,NA,NA,NA,NA,NA,NA,NA,NA,NA,N,4,0,4,2,A,-,03,22350,NA,N,C,C,A,A,H,-,A,A,0,NA,NA,NA,NA,Y,NA,A,01,0,0,4,0,0,0,0,0,0,-,NF,NA,NA,LOS ANGELES,SANTA CLARITA,-118.50745155,34.33913936
6893267,2015,2016-09-07,9590,2015-03-10,1450,13179,NA,2,2,7,1942,0,1,1,NA,2,063,RT 10,RT 110,200,W,N,A,-,Y,LA,7,110,-,-,21.617,R,2,S,N,4,0,1,2,A,-,08,22107,NA,F,B,C,A,A,H,-,A,D,1,NA,NA,NA,NA,Y,NA,A,07,0,0,1,0,0,0,0,0,0,-,-,34.03722,-118.28476,LOS ANGELES,LOS ANGELES,-118.27362728,34.0411907
6893268,2015,2016-09-14,9590,2015-03-28,1010,20985,NA,6,1,7,1942,0,1,1,NA,2,010,RT 110,TUNNEL #4,60,S,N,A,-,Y,LA,7,110,-,-,25.35,H,-,N,Y,4,0,4,2,C,-,18,NA,NA,N,C,C,A,A,H,-,A,D,1,NA,NA,NA,NA,Y,NA,-,-,0,0,4,0,0,0,0,0,0,-,-,34.07803,-118.22858,LOS ANGELES,LOS ANGELES,-118.22855528,34.07809792
6893269,2015,2016-09-13,9590,2015-03-23,0027,20697,NA,1,3,7,1942,0,1,2,NA,2,071,RT 101,BEAUDRY AV,600,N,N,A,-,Y,LA,7,101,-,-,1.83,H,-,S,Y,4,0,1,1,A,-,01,23152,A,N,E,I,A,A,D,-,C,D,1,NA,NA,NA,NA,Y,Y,A,01,0,0,1,0,0,0,0,0,0,-,-,34.06522,-118.2518,LOS ANGELES,LOS ANGELES,-118.25136131,34.06480663
6893270,2015,2016-09-07,9590,2015-03-17,0840,13179,NA,2,1,7,1942,0,1,1,NA,2,021,RT 10,SOTO ST,400,E,N,A,-,Y,LA,7,10,-,-,19.33,H,-,W,Y,4,0,1,2,A,-,08,22107,NA,N,B,A,A,A,H,-,A,D,1,NA,NA,NA,NA,Y,NA,-,-,0,0,1,0,0,0,0,0,0,-,-,34.05565,-118.1988,LOS ANGELES,LOS ANGELES,-118.19844518,34.05555086
6893271,2015,2016-09-14,9590,2015-03-31,0815,20951,NA,2,1,7,1942,0,1,1,NA,2,011,RT 110,STADIUM WY,1000,N,N,A,-,Y,LA,7,110,-,-,24.79,H,-,S,Y,4,0,1,3,A,-,03,22350,NA,N,C,C,A,A,H,-,A,D,1,NA,NA,NA,NA,Y,NA,A,01,0,0,1,0,0,0,0,0,0,-,-,34.07089,-118.23574,LOS ANGELES,LOS ANGELES,-118.23501352,34.07226851
6893272,2015,2016-09-13,9590,2015-03-26,1525,16692,NA,4,2,7,1942,0,1,1,NA,2,040,RT 101,1ST ST,75,N,N,A,-,Y,LA,7,101,-,S,0.95,H,-,N,Y,3,0,2,3,A,-,03,22350,NA,N,C,C,A,A,H,-,A,D,1,NA,NA,NA,NA,Y,NA,A,01,0,2,0,0,0,0,0,0,0,-,-,34.04849,-118.22155,LOS ANGELES,LOS ANGELES,-118.22161159,34.04803734
6893273,2015,2016-09-14,9590,2015-03-31,1940,19780,NA,2,2,7,1942,0,1,1,NA,2,053,RT 110,3RD ST,100,N,N,A,-,Y,LA,7,110,-,-,23.14,H,-,S,Y,3,0,2,1,A,-,03,22350,NA,N,F,A,A,A,H,-,C,D,1,NA,NA,Y,NA,Y,NA,C,02,0,2,0,0,0,0,0,0,2,-,-,34.0565,-118.25577,LOS ANGELES,LOS ANGELES,-118.25574674,34.05650435
6893274,2015,2016-09-23,9590,2015-03-31,1935,20652,NA,2,2,7,1942,0,1,3,NA,2,094,RT 2,RIPPLE ST,500,E,N,A,-,Y,LA,7,2,-,-,15.42,H,-,E,Y,3,0,1,2,A,-,03,22350,NA,N,C,C,A,A,H,-,C,D,1,NA,NA,NA,NA,Y,NA,A,01,0,1,0,0,0,0,0,0,0,-,-,34.15552,-118.22441,LOS ANGELES,LOS ANGELES,-118.2495992,34.10682145
6893275,2015,2016-09-14,9590,2015-03-31,2251,18345,NA,2,3,7,1942,0,1,1,NA,2,052,RT 110,8TH ST,40,S,N,A,-,Y,LA,7,110,-,-,22.43,H,-,N,N,4,0,2,3,A,-,03,22350,NA,N,C,C,A,A,H,-,C,D,1,NA,NA,NA,NA,Y,NA,A,07,0,0,2,0,0,0,0,0,0,-,-,34.04952,-118.26418,LOS ANGELES,LOS ANGELES,-118.26432034,34.04921808
6893276,2015,2016-10-20,9590,2015-03-31,1100,1LL89,NA,2,1,7,1942,0,1,1,NA,2,061,RT 10,CRENSHAW BL,200,E,N,A,-,Y,LA,7,10,-,R,11.43,H,-,W,N,4,0,2,4,A,-,03,22350,NA,N,C,C,A,A,H,-,A,D,1,NA,NA,NA,NA,Y,NA,A,07,0,0,2,0,0,0,0,0,0,-,-,34.03515,-118.33261,LOS ANGELES,LOS ANGELES,-118.33303953,34.03519485
6893277,2015,2016-10-20,9590,2015-03-31,1045,13179,NA,2,1,7,1942,0,1,1,NA,2,061,RT 10,8TH AV,100,E,N,A,-,Y,LA,7,10,-,R,11.86,H,-,W,Y,4,0,2,3,A,-,03,22350,NA,N,C,C,A,A,H,-,A,D,1,NA,NA,NA,NA,Y,NA,A,01,0,0,2,0,0,0,0,0,0,-,-,34.03581,-118.32544,LOS ANGELES,LOS ANGELES,-118.32560915,34.03568295
6893278,2015,2016-10-14,9590,2015-03-30,1955,18510,NA,1,2,7,1942,0,1,2,NA,2,073,RT 101,SANTA MONICA BL,50,S,N,A,-,Y,LA,7,101,-,-,5.54,H,-,S,Y,4,0,1,2,A,-,03,22350,NA,N,C,C,A,A,H,-,A,D,1,NA,NA,NA,NA,Y,NA,A,01,0,0,1,0,0,0,0,0,0,-,-,34.08854,-118.30535,LOS ANGELES,LOS ANGELES,-118.30647868,34.09060606
6893279,2015,2016-09-14,9590,2015-03-30,0925,14234,NA,1,1,7,1942,0,1,1,NA,2,052,RT 110,7TH ST,30,S,N,A,-,Y,LA,7,110,-,-,22.55,H,-,N,Y,4,0,1,2,A,-,03,22350,NA,N,C,C,A,A,H,-,A,D,1,NA,NA,NA,NA,Y,NA,A,01,0,0,1,0,0,0,0,0,0,-,-,34.0497,-118.2633,LOS ANGELES,LOS ANGELES,-118.26266572,34.05022144
6893280,2015,2016-10-14,9590,2015-03-29,1525,19146,NA,7,2,7,1942,0,1,2,NA,2,073,RT 101,SANTA MONICA BL,75,N,N,A,-,Y,LA,7,101,-,-,5.56,H,-,S,N,4,0,2,3,A,-,03,22350,NA,N,C,C,A,A,H,-,A,D,1,NA,NA,NA,NA,Y,NA,A,01,0,0,2,0,0,0,0,0,0,-,-,NA,NA,LOS ANGELES,LOS ANGELES,-118.30663668,34.09086661
6893284,2015,2015-05-01,1942,2015-04-02,1500,38349,2158,4,5,7,1942,0,0,0,NA,0,19T74,WINNETKA AV,FRIAR ST,28,S,N,A,-,N,NA,NA,NA,NA,NA,NA,NA,NA,NA,N,4,0,1,3,A,-,08,22100,A,F,C,C,A,A,H,-,A,A,0,NA,NA,NA,NA,Y,NA,-,99,0,0,1,0,0,0,0,0,0,-,-,NA,NA,LOS ANGELES,LOS ANGELES,-118.57095511,34.18772331
6893292,2015,2015-05-01,1900,2015-03-28,1149,NA,NA,6,5,5,1977,0,0,0,NA,0,NA,AVALON BL,UNIVERSITY DR,0,NA,Y,A,-,N,NA,NA,NA,NA,NA,NA,NA,NA,NA,Y,4,0,2,3,A,-,12,21453,A,N,D,C,A,A,H,-,A,A,0,NA,NA,NA,NA,Y,NA,A,01,0,0,2,0,0,0,0,0,0,-,-,33.5129,-118.1557,LOS ANGELES,CARSON,-118.26601012,33.85820008
6893296,2015,2015-05-01,9530,2015-03-07,0300,20751,NA,6,3,9,1900,0,3,5,NA,2,002,ROSECRANS AV,MAIN ST,0,NA,Y,A,-,N,NA,NA,NA,NA,NA,NA,NA,NA,NA,Y,2,0,6,2,A,-,01,23152,A,N,D,C,A,A,H,-,C,A,0,NA,NA,NA,NA,Y,Y,A,01,3,2,1,0,0,0,0,0,0,-,-,33.54648,-118.16258,LOS ANGELES,UNINCORPORATED,-118.27408011,33.90195011
6893316,2015,2015-04-30,1942,2015-03-28,1050,30801,0379,6,5,7,1942,0,0,0,C,0,25EL1,EXPOSITION,USC WATT WY,0,NA,Y,A,-,N,NA,NA,NA,NA,NA,NA,NA,NA,NA,Y,2,0,13,2,A,-,09,21453,C,N,D,F,A,A,H,-,A,A,0,NA,NA,NA,NA,Y,NA,A,01,2,0,11,0,0,0,0,0,0,-,-,NA,NA,LOS ANGELES,LOS ANGELES,-118.28901007,34.01835003
6893343,2015,2015-05-01,1941,2015-04-05,2323,10683,NA,7,5,7,1941,0,0,0,NA,0,NA,LOS COYOTES DIAGONAL,STERNS ST,50,N,N,A,-,N,NA,NA,NA,NA,NA,NA,NA,NA,NA,Y,4,0,2,3,-,-,-,NA,NA,N,C,C,A,A,H,-,C,A,0,NA,NA,NA,NA,Y,NA,-,-,0,0,2,0,0,0,0,0,0,-,-,NA,NA,LOS ANGELES,LONG BEACH,-118.13508,33.79608
6893347,2015,2015-04-30,1965,2015-04-14,1512,3143,0B4E,2,5,5,1965,0,0,0,NA,0,B004,19TH ST,WILSHIRE BL,0,NA,N,A,-,N,NA,NA,NA,NA,NA,NA,NA,NA,NA,N,4,0,1,2,A,-,08,22102,NA,N,D,C,A,A,H,-,A,D,0,NA,NA,Y,NA,Y,NA,A,08,0,0,1,0,0,0,0,0,1,-,-,NA,NA,LOS ANGELES,SANTA MONICA,-118.4841501,34.03063006
6893350,2015,2016-09-12,9530,2015-03-25,1100,20956,NA,3,1,7,1941,0,1,1,NA,2,420,RT 405,CHERRY AV,415,S,N,A,-,Y,LA,7,405,-,-,4.8,H,-,N,N,4,0,1,2,A,-,03,22350,NA,N,C,C,A,A,H,-,A,D,1,NA,NA,NA,NA,Y,NA,J,48,0,0,1,0,0,0,0,0,0,-,-,33.48489,-118.10178,LOS ANGELES,LONG BEACH,-118.16629803,33.8132124
6893351,2015,2015-04-30,1942,2015-04-05,2040,41610,1303,7,5,7,1942,0,0,0,M,0,1A1,12TH ST,SAN JULIAN,20,W,N,A,-,N,NA,NA,NA,NA,NA,NA,NA,NA,NA,Y,4,0,1,1,A,-,03,22350,NA,N,E,I,A,A,H,-,C,D,0,NA,NA,NA,NA,Y,NA,D,22,0,0,1,0,0,0,0,0,0,-,-,NA,NA,LOS ANGELES,LOS ANGELES,-118.25442269,34.03440293
6893478,2015,2015-05-04,1928,2015-04-23,2000,314,520,4,5,5,1928,0,0,0,NA,0,0H3,ROSECRANS AV,CORDARY AV,0,NA,Y,A,-,N,NA,NA,NA,NA,NA,NA,NA,NA,NA,Y,4,0,1,3,A,-,09,21801,A,N,B,C,A,A,H,-,C,D,0,NA,NA,Y,NA,Y,NA,A,01,0,0,1,0,0,0,0,0,1,-,-,NA,NA,LOS ANGELES,HAWTHORNE,-118.34172011,33.90191009
6893496,2015,2015-05-22,1912,2015-04-25,0743,12307,1912,6,5,6,1912,0,0,0,NA,0,00B,BURBANK BL,SAN FERNANDO BL,0,NA,Y,B,-,N,NA,NA,NA,NA,NA,NA,NA,NA,NA,Y,3,0,2,2,D,-,00,NA,NA,N,D,C,A,A,H,-,A,A,0,NA,NA,NA,NA,Y,NA,-,-,0,2,0,0,0,0,0,0,0,-,-,NA,NA,LOS ANGELES,BURBANK,-118.3161101,34.18627004
6893504,2015,2015-05-09,1912,2015-04-21,1410,9542,NA,2,5,6,1912,0,0,0,NA,0,00E,BURBANK BL,VICTORY BL,350,E,N,B,-,N,NA,NA,NA,NA,NA,NA,NA,NA,NA,N,4,0,1,2,A,-,03,22350,NA,N,C,C,A,A,H,-,A,D,0,NA,NA,NA,NA,Y,NA,D,22,0,0,1,0,0,0,0,0,0,-,-,NA,NA,LOS ANGELES,BURBANK,-118.32214883,34.18414826
6893508,2015,2015-05-14,1912,2015-04-14,1501,12104,NA,2,5,6,1912,0,0,0,NA,0,NA,AMHERST DR,GLENOAKS BL,0,NA,Y,A,-,N,NA,NA,NA,NA,NA,NA,NA,NA,NA,Y,4,0,1,2,A,-,09,21801,NA,N,D,C,A,A,H,-,A,A,0,NA,NA,NA,Y,Y,NA,F,26,0,0,1,0,0,0,0,0,0,-,-,NA,NA,LOS ANGELES,BURBANK,-118.31866013,34.19227006
6893514,2015,2015-05-04,1928,2015-04-14,1212,352,518,2,5,5,1928,0,0,0,NA,0,0H3,DOTY AV,134TH ST,20,N,N,A,-,N,NA,NA,NA,NA,NA,NA,NA,NA,NA,Y,4,0,1,2,A,-,09,21804,A,N,A,C,A,A,H,-,A,D,0,NA,NA,NA,NA,Y,NA,A,01,0,0,1,0,0,0,0,0,0,-,-,NA,NA,LOS ANGELES,HAWTHORNE,-118.33956,33.91103485
6893591,2015,2015-06-04,1900,2015-04-16,0555,455303,1515,4,5,5,1954,0,0,0,NA,0,151T1,WASHINGTON BL,ROSEMEAD BL,15,W,N,A,-,N,NA,NA,NA,NA,NA,NA,NA,NA,NA,Y,4,0,1,2,A,-,09,21800,D,N,-,C,A,A,H,-,B,B,0,NA,NA,NA,Y,Y,NA,F,26,0,0,1,0,0,0,0,0,0,-,-,NA,NA,LOS ANGELES,PICO RIVERA,-118.09720134,33.98324248
6893596,2015,2015-05-12,1900,2015-04-17,1211,517022,0455,5,5,6,1949,0,0,0,NA,0,45T1AM,ALONDRA BL,STUDEBAKER RD,339,W,N,A,-,N,NA,NA,NA,NA,NA,NA,NA,NA,NA,Y,3,0,1,2,A,-,12,21453,A,N,D,C,A,A,H,-,A,A,0,NA,NA,NA,NA,Y,NA,A,01,0,1,0,0,0,0,0,0,0,-,-,NA,NA,LOS ANGELES,NORWALK,-118.1010946,33.8876
6893606,2015,2016-09-30,9575,2015-03-24,1655,20438,NA,2,2,7,1942,0,1,1,NA,2,053,RT 5,SHELDON ST,300,S,N,A,-,Y,LA,7,5,-,-,35.94,H,-,N,Y,4,0,1,2,A,-,03,22350,NA,N,C,C,A,A,H,-,A,D,1,NA,NA,NA,NA,Y,NA,D,22,0,0,1,0,0,0,0,0,0,-,-,34.23133,-118.40149,LOS ANGELES,LOS ANGELES,-118.40328516,34.23157473
6893609,2015,2015-05-20,1900,2015-04-08,1220,101944,0455,3,5,6,1949,0,0,0,NA,0,45D110,PIONEER BL,MAPLEDALE ST,0,NA,Y,A,-,N,NA,NA,NA,NA,NA,NA,NA,NA,NA,Y,4,0,4,4,A,-,12,21453,A,F,D,C,A,A,H,-,A,A,0,NA,NA,NA,NA,Y,NA,D,22,0,0,4,0,0,0,0,0,0,-,-,NA,NA,LOS ANGELES,NORWALK,-118.08280001,33.89846011
6893614,2015,2016-12-13,9575,2015-04-17,1240,19754,NA,5,1,6,1953,0,1,1,NA,2,063,RT 210,ORANGE GROVE BL,900,W,N,A,-,Y,LA,7,210,-,R,24.47,H,-,E,Y,4,0,1,3,A,-,03,22350,NA,N,C,C,A,A,A,-,A,D,6,NA,NA,NA,NA,Y,NA,A,08,0,0,1,0,0,0,0,0,0,-,-,34.15643,-118.15843,LOS ANGELES,PASADENA,-118.15823611,34.1564582
6893617,2015,2016-12-17,9575,2015-04-06,1755,20771,NA,1,2,6,1912,0,1,1,NA,2,051,RT 5,VERDUGO AV,100,S,N,A,-,Y,LA,7,5,-,-,28.9,H,-,S,N,4,0,1,2,A,-,03,22350,NA,N,C,C,A,A,H,-,A,D,1,NA,NA,NA,Y,Y,NA,G,25,0,0,1,0,0,0,0,0,0,-,-,34.17369,-118.30679,LOS ANGELES,BURBANK,-118.30769957,34.17623179
6893622,2015,2016-09-30,9575,2015-03-14,1524,20484,NA,6,2,7,1942,0,1,1,NA,2,050,RT 5,RT 134,500,N,N,A,-,Y,LA,7,5,-,-,26.74,H,-,S,N,4,0,1,4,A,-,03,22350,NA,N,C,C,A,A,H,-,A,D,1,NA,NA,NA,NA,Y,NA,A,01,0,0,1,0,0,0,0,0,0,-,-,34.1525,-118.28367,LOS ANGELES,LOS ANGELES,-118.28437297,34.15272741
6893625,2015,2016-12-13,9575,2015-04-08,1549,14589,NA,3,2,7,1942,0,1,1,NA,2,053,RT 5,VAN NUYS BL,520,S,N,A,-,Y,LA,7,5,-,-,38.4,H,-,N,Y,4,0,1,3,A,-,03,22350,NA,N,C,C,A,A,H,-,A,D,1,NA,NA,NA,NA,Y,NA,A,01,0,0,1,0,0,0,0,0,0,-,-,34.25555,-118.43336,LOS ANGELES,LOS ANGELES,-118.43361474,34.25545089
6893626,2015,2016-09-22,9575,2015-03-24,1847,20620,NA,2,2,6,1953,0,1,1,NA,2,065,RT 210,MADRE ST,400,W,N,A,-,Y,LA,7,210,-,R,29.21,H,-,E,Y,3,0,1,1,C,-,18,NA,NA,N,E,J,A,A,H,-,A,D,1,NA,NA,NA,NA,Y,NA,-,-,0,1,0,0,0,0,0,0,0,-,-,34.14762,-118.08361,LOS ANGELES,PASADENA,-118.08365807,34.14763383
6893634,2015,2016-09-22,9575,2015-03-25,1005,19669,NA,3,1,6,1953,0,1,1,NA,2,064,RT 210,LAKE AV,200,E,N,A,-,Y,LA,7,210,-,R,26.37,H,-,W,Y,4,0,1,2,A,-,03,22350,NA,N,C,C,A,A,H,-,A,D,1,NA,NA,NA,NA,Y,NA,A,01,0,0,1,0,0,0,0,0,0,-,-,34.15211,-118.1315,LOS ANGELES,PASADENA,-118.13165498,34.15199386
6893636,2015,2015-05-14,1900,2015-02-27,1830,528243,1352,5,5,3,1927,0,0,0,NA,0,135B,NORWALK BL,215TH ST,0,NA,Y,A,-,N,NA,NA,NA,NA,NA,NA,NA,NA,NA,N,4,0,1,2,A,-,10,21950,A,N,G,B,B,A,H,-,C,B,0,Y,NA,NA,NA,Y,NA,D,NA,0,0,1,0,1,0,0,0,0,-,-,NA,NA,LOS ANGELES,HAWAIIAN GARDENS,-118.07204001,33.83419003
6893638,2015,2016-04-13,9575,2015-03-18,1445,20887,NA,3,2,9,1900,0,2,4,NA,2,320,ANGELES FOREST HWY,BIG TUJUNGA CANYON RD,562,S,N,B,-,N,NA,NA,NA,NA,NA,NA,NA,NA,NA,Y,3,0,1,1,A,-,03,22350,NA,N,F,A,A,A,H,-,A,D,0,NA,NA,NA,NA,Y,NA,D,22,0,1,0,0,0,0,0,0,0,-,-,34.29635,-118.16264,LOS ANGELES,UNINCORPORATED,-118.16307757,34.29647862
6893640,2015,2015-05-14,1900,2015-02-28,1045,532457,1336,6,5,5,1908,0,0,0,NA,0,133T2A,BEVERLY ST,WOODRUFF AV,2,W,N,A,-,N,NA,NA,NA,NA,NA,NA,NA,NA,NA,N,4,0,1,2,A,-,10,21950,A,N,G,B,B,A,H,-,A,A,0,Y,NA,NA,NA,Y,NA,D,22,0,0,1,0,1,0,0,0,0,-,-,NA,NA,LOS ANGELES,BELLFLOWER,-118.11729658,33.87572998
6893641,2015,2016-12-14,9575,2015-04-02,1740,20526,NA,4,2,7,1942,0,1,3,NA,2,043,RT 134,RIVERSIDE DR,500,W,N,A,-,Y,LA,7,134,-,-,4.72,H,-,E,N,4,0,1,2,A,-,03,22350,NA,M,C,C,A,A,H,-,A,D,1,NA,NA,NA,NA,Y,NA,D,22,0,0,1,0,0,0,0,0,0,-,-,34.15637,-118.30355,LOS ANGELES,LOS ANGELES,-118.29551663,34.15537419
6893649,2015,2016-12-14,9575,2015-04-06,0850,20950,NA,1,1,6,1925,0,1,3,NA,2,042,RT 134,PACIFIC AV,1050,W,N,B,-,Y,LA,7,134,-,R,6.38,H,-,W,Y,4,0,1,4,A,-,03,22350,NA,N,C,C,A,A,H,-,A,D,1,NA,NA,NA,NA,Y,NA,D,22,0,0,1,0,0,0,0,0,0,-,-,34.15562,-118.26864,LOS ANGELES,GLENDALE,-118.26776394,34.15568833
6893654,2015,2015-05-19,9575,2015-03-30,2340,20542,NA,1,3,9,1900,0,3,5,NA,2,002,PALM ST,MARENGO AV,100,W,N,B,-,N,NA,NA,NA,NA,NA,NA,NA,NA,NA,Y,4,0,1,2,A,-,08,22107,NA,N,C,E,A,A,H,-,C,D,0,NA,NA,NA,NA,Y,NA,A,07,0,0,1,0,0,0,0,0,0,-,-,34.19488,-118.14053,LOS ANGELES,UNINCORPORATED,-118.14019549,34.1946437
6893657,2015,2016-09-22,9575,2015-03-27,1800,18387,NA,5,2,6,1953,0,1,1,NA,2,064,RT 210,LAKE AV,50,E,N,A,-,Y,LA,7,210,-,R,26.34,H,-,W,Y,3,0,1,3,A,-,03,22350,NA,N,C,C,A,A,H,-,A,D,1,NA,NA,NA,Y,Y,NA,G,27,0,1,0,0,0,0,0,0,0,-,-,34.15207,-118.13197,LOS ANGELES,PASADENA,-118.13217897,34.15199679
6893666,2015,2016-09-22,9575,2015-03-21,1650,20950,NA,6,2,6,1953,0,1,1,NA,2,063,RT 210,ALLEN AV,500,E,N,A,-,Y,LA,7,210,-,R,27.54,H,-,E,N,4,0,1,2,A,-,03,22350,NA,N,C,C,A,A,H,-,A,D,1,NA,NA,NA,NA,Y,NA,D,22,0,0,1,0,0,0,0,0,0,-,-,34.15267,-118.10984,LOS ANGELES,PASADENA,-118.11123837,34.15231006
6893670,2015,2016-09-30,9575,2015-03-19,1205,17589,NA,4,1,7,1942,0,1,1,NA,2,050,RT 5,RT 134,10,N,N,A,-,Y,LA,7,5,-,-,26.55,H,-,N,N,4,0,1,2,A,-,03,22350,NA,N,C,C,A,A,H,-,A,D,1,NA,NA,NA,NA,Y,NA,A,07,0,0,1,0,0,0,0,0,0,-,-,34.1522,-118.28257,LOS ANGELES,LOS ANGELES,-118.28146651,34.15141718
6893672,2015,2015-05-19,1900,2015-03-08,0843,526288,1337,7,5,5,1908,0,0,0,NA,0,133T1D,ALONDRA BL,CORNUTA AV,25,E,N,A,-,N,NA,NA,NA,NA,NA,NA,NA,NA,NA,Y,4,0,1,2,A,-,03,22350,NA,N,C,C,A,A,H,-,A,A,0,NA,NA,NA,NA,Y,NA,D,22,0,0,1,0,0,0,0,0,0,-,-,NA,NA,LOS ANGELES,BELLFLOWER,-118.1197878,33.88937
6893676,2015,2015-05-19,1900,2015-03-08,1624,600528,1369,7,5,5,1952,0,0,0,NA,0,136B,HAYTER AV,CHESTER ST,49,N,N,A,-,N,NA,NA,NA,NA,NA,NA,NA,NA,NA,Y,4,0,2,1,A,-,08,22107,NA,N,-,I,A,A,H,-,A,D,0,NA,NA,NA,NA,Y,NA,-,NA,0,0,2,0,0,0,0,0,0,-,-,NA,NA,LOS ANGELES,PARAMOUNT,-118.14702403,33.89029428
6893680,2015,2015-05-19,1900,2015-03-08,1725,552108,1361,7,5,5,1952,0,0,0,NA,0,471,GARFIELD AV,SOMERSET RANCH RD N,0,NA,Y,A,-,N,NA,NA,NA,NA,NA,NA,NA,NA,NA,Y,3,0,1,2,A,-,12,21453,A,N,D,C,A,A,H,-,A,A,0,NA,NA,NA,NA,Y,NA,-,-,0,1,0,0,0,0,0,0,0,-,-,NA,NA,LOS ANGELES,PARAMOUNT,-118.16891003,33.91050003
6893738,2015,2016-10-07,9530,2015-03-15,1305,18745,NA,7,1,7,1941,0,1,1,NA,2,072,RT 710,WILLOW ST,2640,N,N,B,-,Y,LA,7,710,-,-,8.39,H,-,S,N,4,0,1,2,A,-,03,22350,NA,M,C,C,A,A,H,-,A,D,1,NA,NA,NA,NA,Y,NA,A,01,0,0,1,0,0,0,0,0,0,-,-,33.8108,-118.20704,LOS ANGELES,LONG BEACH,-118.20706487,33.81168845
6893804,2015,2015-09-15,1900,2015-03-02,0105,523675,1513,1,5,5,1954,0,0,0,NA,0,151T3,PARAMOUNT BL,MINES AV,3,N,N,B,C,N,NA,NA,NA,NA,NA,NA,NA,NA,NA,Y,4,0,1,1,A,-,08,22107,NA,N,E,I,A,B,H,-,C,A,0,NA,NA,NA,NA,Y,NA,A,01,0,0,1,0,0,0,0,0,0,-,-,NA,NA,LOS ANGELES,PICO RIVERA,-118.09483319,33.99517596
6894007,2015,2016-09-02,1912,2015-03-30,0950,9542,NA,1,5,6,1912,0,0,0,NA,0,00E,RT 5,ALAMEDA AV,0,NA,-,A,-,Y,LA,7,5,-,-,28.537,R,1,S,N,4,0,1,2,A,-,21,22106,NA,N,C,C,A,A,H,-,A,A,0,NA,NA,NA,NA,Y,NA,A,07,0,0,1,0,0,0,0,0,0,-,-,NA,NA,LOS ANGELES,BURBANK,-118.30557226,34.17132656
6894011,2015,2015-05-14,1905,2015-03-05,1814,1090,9999,4,5,4,1905,0,0,0,NA,0,9999,GLADSTONE ST,CERRITOS AV,136,E,N,A,-,N,NA,NA,NA,NA,NA,NA,NA,NA,NA,N,4,0,1,2,A,-,03,22350,NA,N,C,C,A,A,H,-,C,D,0,NA,NA,NA,NA,Y,NA,A,07,0,0,1,0,0,0,0,0,0,-,-,NA,NA,LOS ANGELES,AZUSA,-117.89904175,34.11421
6894031,2015,2016-10-17,1900,2015-03-16,1405,NA,NA,1,5,3,1995,0,0,0,NA,0,NA,RT 1,CARBON CANYON RD,3696,N,N,A,-,Y,LA,7,1,-,-,45.66,H,-,S,Y,4,0,2,2,A,-,03,22350,NA,N,C,C,A,A,H,-,A,D,0,NA,NA,NA,NA,Y,NA,A,01,0,0,2,0,0,0,0,0,0,-,-,34.03967,-118.66384,LOS ANGELES,MALIBU,-118.66211249,34.03948404
6894061,2015,2016-10-27,1942,2015-03-29,1305,3553,0824,7,5,7,1942,0,0,0,H,0,9999,RT 1,WEST CHANNEL RD,850,S,N,A,-,Y,LA,7,1,-,-,36.89,H,-,S,N,4,0,1,2,A,-,03,22350,NA,F,C,C,A,A,D,-,A,D,0,NA,NA,NA,NA,Y,NA,-,NA,0,0,1,0,0,0,0,0,0,-,-,NA,NA,LOS ANGELES,LOS ANGELES,-118.51726987,34.02691595