CASE_ID,ACCIDENT_YEAR,PROC_DATE,JURIS,COLLISION_DATE,COLLISION_TIME,OFFICER_ID,REPORTING_DISTRICT,DAY_OF_WEEK,CHP_SHIFT,POPULATION,CNTY_CITY_LOC,SPECIAL_COND,BEAT_TYPE,CHP_BEAT_TYPE,CITY_DIVISION_LAPD,CHP_BEAT_CLASS,BEAT_NUMBER,PRIMARY_RD,SECONDARY_RD,DISTANCE,DIRECTION,INTERSECTION,WEATHER_1,WEATHER_2,STATE_HWY_IND,CALTRANS_COUNTY,CALTRANS_DISTRICT,STATE_ROUTE,ROUTE_SUFFIX,POSTMILE_PREFIX,POSTMILE,LOCATION_TYPE,RAMP_INTERSECTION,SIDE_OF_HWY,TOW_AWAY,COLLISION_SEVERITY,NUMBER_KILLED,NUMBER_INJURED,PARTY_COUNT,PRIMARY_COLL_FACTOR,PCF_CODE_OF_VIOL,PCF_VIOL_CATEGORY,PCF_VIOLATION,PCF_VIOL_SUBSECTION,HIT_AND_RUN,TYPE_OF_COLLISION,MVIW,PED_ACTION,ROAD_SURFACE,ROAD_COND_1,ROAD_COND_2,LIGHTING,CONTROL_DEVICE,CHP_ROAD_TYPE,PEDESTRIAN_ACCIDENT,BICYCLE_ACCIDENT,MOTORCYCLE_ACCIDENT,TRUCK_ACCIDENT,NOT_PRIVATE_PROPERTY,ALCOHOL_INVOLVED,STWD_VEHTYPE_AT_FAULT,CHP_VEHTYPE_AT_FAULT,COUNT_SEVERE_INJ,COUNT_VISIBLE_INJ,COUNT_COMPLAINT_PAIN,COUNT_PED_KILLED,COUNT_PED_INJURED,COUNT_BICYCLIST_KILLED,COUNT_BICYCLIST_INJURED,COUNT_MC_KILLED,COUNT_MC_INJURED,PRIMARY_RAMP,SECONDARY_RAMP,LATITUDE,LONGITUDE,COUNTY,CITY,POINT_X,POINT_Y
6894065,2015,2015-04-28,1902,2015-03-16,1330,100,0,1,5,5,1902,0,0,0,NA,0,NA,BALDWIN AV,FOOTHILL BL,188,S,N,A,-,N,NA,NA,NA,NA,NA,NA,NA,NA,NA,N,4,0,1,2,A,-,03,22350,NA,N,C,C,A,A,H,-,A,D,0,NA,NA,NA,NA,Y,NA,-,NA,0,0,1,0,0,0,0,0,0,-,-,NA,NA,LOS ANGELES,ARCADIA,-118.05337,34.1506
6894149,2015,2015-09-23,1900,2015-04-01,2115,519473,2928,3,5,5,1990,0,0,0,NA,0,292K4,BREA CANYON RD,GOLDEN SPRINGS DR,0,NA,Y,A,-,N,NA,NA,NA,NA,NA,NA,NA,NA,NA,Y,4,0,1,2,A,-,12,21453,A,N,D,C,A,A,H,-,C,A,0,NA,NA,NA,NA,Y,NA,A,01,0,0,1,0,0,0,0,0,0,-,-,NA,NA,LOS ANGELES,DIAMOND BAR,-117.84432008,33.99992009
6894155,2015,2015-05-13,1900,2015-04-21,2330,453085,2115,2,5,5,1943,0,0,0,NA,0,212T4,WRIGHT RD,LOUISE AV,700,E,N,A,-,N,NA,NA,NA,NA,NA,NA,NA,NA,NA,Y,2,0,1,3,A,-,03,22350,NA,N,C,E,A,A,H,-,C,D,0,NA,NA,NA,NA,Y,Y,A,NA,1,0,0,0,0,0,0,0,0,-,-,NA,NA,LOS ANGELES,LYNWOOD,-118.17890258,33.92615991
6894156,2015,2015-05-13,1900,2015-04-06,1031,487226,2112,1,5,5,1943,0,0,0,NA,0,212T6,IMPERIAL HWY,STOCKWELL AV,0,NA,Y,A,-,N,NA,NA,NA,NA,NA,NA,NA,NA,NA,Y,4,0,3,2,A,-,09,21802,A,N,A,C,A,A,H,-,A,D,0,NA,NA,NA,NA,Y,NA,A,07,0,0,3,0,0,0,0,0,0,-,-,NA,NA,LOS ANGELES,LYNWOOD,-118.20062003,33.93218001
6894175,2015,2015-05-12,1900,2015-03-24,1320,503271,0453,2,5,6,1949,0,0,0,NA,0,45T1,ROSECRANS AV,FLATBUSH AV,4,E,N,A,-,N,NA,NA,NA,NA,NA,NA,NA,NA,NA,N,3,0,1,2,A,-,-,NA,NA,N,G,G,A,A,H,-,A,A,0,NA,Y,NA,NA,Y,NA,L,04,0,1,0,0,0,0,1,0,0,-,-,NA,NA,LOS ANGELES,NORWALK,-118.10662,33.90206903
6894176,2015,2015-05-04,1900,2015-03-23,1810,538694,0456,1,5,6,1949,0,0,0,NA,0,45T1,PIONEER BL,EXCELSIOR DR,375,N,N,A,-,N,NA,NA,NA,NA,NA,NA,NA,NA,NA,N,4,0,1,2,A,-,04,21703,NA,N,C,C,A,A,-,-,A,D,0,NA,NA,NA,NA,Y,NA,A,07,0,0,1,0,0,0,0,0,0,-,-,NA,NA,LOS ANGELES,NORWALK,-118.08252701,33.8959382
6894178,2015,2015-05-04,1920,2015-03-27,0718,11992,NA,5,5,6,1920,0,0,0,NA,0,006,CENTURY BL,ROSECRANS AV,200,S,N,A,-,N,NA,NA,NA,NA,NA,NA,NA,NA,NA,Y,4,0,1,2,A,-,09,21804,A,N,D,C,A,A,H,-,A,A,0,NA,NA,NA,NA,Y,NA,A,01,0,0,1,0,0,0,0,0,0,-,-,NA,NA,LOS ANGELES,DOWNEY,-118.14499902,33.90333749
6894179,2015,2015-05-04,1920,2015-03-12,1007,11033,NA,4,5,6,1920,0,0,0,NA,0,001,IMPERIAL HWY,BELLFLOWER BL,335,E,N,A,-,N,NA,NA,NA,NA,NA,NA,NA,NA,NA,Y,3,0,1,2,A,-,08,22107,NA,N,C,C,A,A,H,-,A,A,0,NA,NA,NA,NA,Y,NA,A,01,0,1,0,0,0,0,0,0,0,-,-,NA,NA,LOS ANGELES,DOWNEY,-118.12431815,33.91703
6894180,2015,2015-05-04,1920,2015-03-13,1633,11033,NA,5,5,6,1920,0,0,0,NA,0,004,FIRESTONE BL,STONEWOOD CTR,229,E,N,A,-,N,NA,NA,NA,NA,NA,NA,NA,NA,NA,N,3,0,1,3,A,-,03,22350,NA,N,C,C,A,A,H,-,A,A,0,NA,NA,NA,NA,Y,NA,A,08,0,1,0,0,0,0,0,0,0,-,-,NA,NA,LOS ANGELES,DOWNEY,-118.1200107,33.93350166
6894181,2015,2015-05-04,1920,2015-03-18,1219,10705,NA,3,5,6,1920,0,0,0,NA,0,006,LAKEWOOD BL,ROSECRANS AV,225,N,N,A,-,N,NA,NA,NA,NA,NA,NA,NA,NA,NA,N,4,0,1,2,A,-,09,21804,A,N,D,G,A,A,H,-,A,D,0,NA,Y,NA,NA,Y,NA,-,NA,0,0,1,0,0,0,1,0,0,-,-,NA,NA,LOS ANGELES,DOWNEY,-118.1429965,33.90440684
6894202,2015,2016-09-19,9530,2015-03-28,0350,020473,NA,6,3,6,1972,0,1,1,NA,2,400,RT 405,REDONDO BEACH BL,1500,S,N,A,-,Y,LA,7,405,-,-,16.6,H,-,N,N,4,0,2,2,A,-,03,22350,NA,N,C,C,A,A,H,-,C,D,1,NA,NA,NA,NA,Y,NA,A,01,0,0,2,0,0,0,0,0,0,-,-,33.87519,-118.34393,LOS ANGELES,TORRANCE,-118.34228219,33.87316683
6894203,2015,2015-04-30,9530,2015-03-28,1101,21007,NA,6,1,9,1900,0,3,5,NA,2,001,MOUNTAIN VIEW AV,GRAND AV,2,N,N,A,-,N,NA,NA,NA,NA,NA,NA,NA,NA,NA,Y,3,0,1,1,A,-,08,22107,NA,N,A,I,A,A,H,-,A,D,0,NA,NA,NA,NA,Y,Y,A,01,0,1,0,0,0,0,0,0,0,-,-,33.96846,-118.21817,LOS ANGELES,UNINCORPORATED,-118.2182592,33.968445440000004
6894204,2015,2016-09-19,9530,2015-03-27,2020,017860,NA,5,2,5,1977,0,1,1,NA,2,410,RT 405,CARSON ST,528,S,N,A,-,Y,LA,7,405,-,-,10.36,H,-,S,Y,4,0,2,2,A,-,03,22350,NA,N,C,C,A,A,H,-,C,D,1,NA,NA,NA,NA,Y,NA,A,01,0,0,2,0,0,0,0,0,0,-,-,33.82899,-118.5355,LOS ANGELES,CARSON,-118.25371571,33.82929631
6894205,2015,2016-09-19,9530,2015-03-29,1350,20935,NA,7,1,7,1942,0,1,1,NA,2,110,RT 110,DOMINGUEZ CHANNEL,64,N,N,A,-,Y,LA,7,110,-,-,9.28,H,-,S,Y,4,0,1,2,A,-,07,21658,A,N,C,C,A,A,H,-,A,D,1,NA,NA,NA,NA,Y,NA,A,08,0,0,1,0,0,0,0,0,0,-,-,33.5149,-118.1706,LOS ANGELES,LOS ANGELES,-118.28511879,33.8642815
6894206,2015,2016-10-18,9530,2015-03-28,1729,017755,NA,6,2,5,1977,0,1,3,NA,2,310,RT 91,MAIN ST,1425,E,N,A,-,Y,LA,7,91,-,R,7.17,H,-,W,N,4,0,2,3,A,-,03,22350,NA,N,C,C,A,A,H,-,A,D,1,NA,NA,NA,NA,Y,NA,A,01,0,0,2,0,0,0,0,0,0,-,-,33.87277,-118.27057,LOS ANGELES,CARSON,-118.27064098,33.87271617
6894207,2015,2016-09-19,9530,2015-03-26,1720,019348,NA,4,2,6,1972,0,1,1,NA,2,400,RT 405,WESTERN AV,400,N,N,A,-,Y,LA,7,405,-,-,14.77,H,-,S,N,4,0,2,2,A,-,21,22106,NA,N,C,C,A,A,H,-,A,D,1,NA,NA,NA,NA,Y,NA,A,01,0,0,2,0,0,0,0,0,0,-,-,33.86082,-118.31416,LOS ANGELES,TORRANCE,-118.31509918,33.86106225
6894208,2015,2016-09-12,9530,2015-03-27,1640,20938,NA,5,2,7,1941,0,1,1,NA,2,430,RT 405,BELLFLOWER BL,1200,S,N,A,-,Y,LA,7,405,-,-,1.96,H,-,S,Y,4,0,3,2,A,-,03,22350,NA,N,C,C,A,A,H,-,A,D,1,NA,NA,NA,NA,Y,NA,A,07,0,0,3,0,0,0,0,0,0,-,-,33.48903,-118.71352,LOS ANGELES,LONG BEACH,-118.11990342,33.80259599
6894209,2015,2016-10-20,9530,2015-03-31,1015,14701,NA,2,1,5,1977,0,1,1,NA,2,410,RT 405,MCHELEN AV,500,S,N,A,-,Y,LA,7,405,-,-,8.36,H,-,S,Y,3,0,1,2,A,-,07,21658,A,F,B,C,A,A,H,-,A,D,1,NA,NA,Y,NA,Y,NA,-,99,0,1,0,0,0,0,0,0,1,-,-,33.825,-118.219,LOS ANGELES,CARSON,-118.2206065,33.82516186
6894210,2015,2016-09-19,9530,2015-03-26,1800,019348,NA,4,2,9,1900,0,1,1,NA,2,400,RT 405,RT 110,300,N,N,A,-,Y,LA,7,405,-,-,13.29,H,-,S,N,4,0,1,3,A,-,03,22350,NA,N,C,C,A,A,H,-,A,D,1,NA,NA,NA,NA,Y,NA,A,01,0,0,1,0,0,0,0,0,0,-,-,33.85888,-118.28956,LOS ANGELES,UNINCORPORATED,-118.28972118,33.85906683
6894211,2015,2015-04-30,9530,2015-03-26,2215,020774,NA,4,3,9,1900,0,3,5,NA,2,002,WILMINGTON AV,124TH ST,0,NA,Y,A,-,N,NA,NA,NA,NA,NA,NA,NA,NA,NA,N,3,0,1,2,A,-,11,21456,B,F,G,B,B,A,H,-,C,A,0,Y,NA,NA,NA,Y,NA,N,60,0,1,0,0,1,0,0,0,0,-,-,33.9199,-118.23882,LOS ANGELES,UNINCORPORATED,-118.23915003,33.91984001
6894212,2015,2016-10-31,1941,2015-03-27,1555,10232,NA,5,5,7,1941,0,0,0,NA,0,NA,PACIFIC COAST HWY,ANAHEIM ST,150,N,N,A,-,Y,LA,7,1,-,-,2.78,H,-,S,Y,4,0,1,4,A,-,03,22350,NA,N,C,C,A,A,H,-,A,A,0,NA,NA,NA,NA,Y,NA,A,NA,0,0,1,0,0,0,0,0,0,-,-,NA,NA,LOS ANGELES,LONG BEACH,-118.13300457,33.78290034
6894213,2015,2016-08-31,9530,2015-03-18,0944,20930,NA,3,1,7,1941,0,1,1,NA,2,430,RT 405,WOODRUFF AV,1400,S,N,A,-,Y,LA,7,405,-,-,1.38,H,-,N,Y,4,0,1,3,A,-,03,22350,NA,N,C,C,A,A,H,-,A,D,1,NA,NA,NA,NA,Y,NA,A,01,0,0,1,0,0,0,0,0,0,-,-,33.47557,-118.63593,LOS ANGELES,LONG BEACH,-118.11106541,33.79938883
6894214,2015,2016-08-31,9530,2015-03-18,1007,020956,NA,3,1,7,1941,0,1,1,NA,2,430,RT 405,STEARNS ST,200,S,N,A,-,Y,LA,7,405,-,-,9.2,H,-,N,N,4,0,1,2,A,-,03,22350,NA,N,C,C,A,A,H,-,A,D,1,NA,NA,NA,NA,Y,NA,A,01,0,0,1,0,0,0,0,0,0,-,-,33.79489,-118.10484,LOS ANGELES,LONG BEACH,-118.23515996,33.82596383
6894215,2015,2016-10-18,9530,2015-03-18,1749,18200,NA,3,2,5,1977,0,1,3,NA,2,310,RT 91,WILMINGTON AV,1584,W,N,A,-,Y,LA,7,91,-,-,8.81,H,-,E,Y,4,0,8,5,A,-,03,22350,NA,N,C,C,A,A,H,-,A,D,1,NA,NA,NA,NA,Y,NA,A,07,0,0,8,0,0,0,0,0,0,-,-,33.87327,-118.24342,LOS ANGELES,CARSON,-118.24214038,33.87344859
6894216,2015,2015-05-01,9530,2015-03-12,1914,020776,NA,4,2,9,1900,0,3,5,NA,2,002,137TH ST,MAIN ST,700,E,N,A,-,N,NA,NA,NA,NA,NA,NA,NA,NA,NA,N,3,0,1,2,A,-,08,22107,NA,N,D,E,A,A,H,-,C,D,0,NA,NA,Y,NA,Y,NA,C,02,0,1,0,0,0,0,0,0,1,-,-,33.54269,-118.16208,LOS ANGELES,UNINCORPORATED,-118.27151762,33.90742333
6894217,2015,2015-04-30,9530,2015-03-14,2350,020687,NA,6,3,9,1900,0,3,5,NA,2,003,ATLANTIC AV,COMPTON BL,75,S,N,A,-,N,NA,NA,NA,NA,NA,NA,NA,NA,NA,N,3,0,1,2,A,-,11,21954,A,N,G,B,D,A,H,-,C,D,0,Y,NA,NA,NA,Y,NA,N,60,0,1,0,0,1,0,0,0,0,-,-,33.8958,-118.1933,LOS ANGELES,UNINCORPORATED,-118.19347808,33.8959578
6894218,2015,2015-04-30,9530,2015-03-18,1932,020680,NA,3,2,9,1900,0,3,5,NA,2,003,COMPTON BL,BUTLER AV,150,E,N,A,-,N,NA,NA,NA,NA,NA,NA,NA,NA,NA,N,4,0,1,2,A,-,11,21954,A,N,G,B,D,A,H,-,C,D,0,Y,NA,NA,NA,Y,NA,N,60,0,0,1,0,1,0,0,0,0,-,-,33.89582,-118.19728,LOS ANGELES,UNINCORPORATED,-118.19732678,33.89612367
6894219,2015,2016-10-12,9530,2015-03-16,1835,20608,NA,1,2,9,1900,0,1,1,NA,2,210,RT 105,WILMINGTON AV,500,W,N,A,-,Y,LA,7,105,-,R,9.69,H,-,E,Y,4,0,1,3,A,-,03,22350,NA,F,C,C,A,A,H,-,C,D,0,NA,NA,NA,NA,Y,NA,-,99,0,0,1,0,0,0,0,0,0,-,-,33.92848,-118.24754,LOS ANGELES,UNINCORPORATED,-118.24079497,33.92826081
6894220,2015,2015-04-30,9530,2015-03-11,1525,018278,NA,3,2,9,1900,0,3,5,NA,2,002,EL SEGUNDO BL,WILLOWBROOK AV E,13,W,N,A,-,N,NA,NA,NA,NA,NA,NA,NA,NA,NA,Y,4,0,1,2,A,-,03,22350,NA,N,C,C,A,A,H,-,A,A,0,NA,NA,NA,NA,Y,NA,A,07,0,0,1,0,0,0,0,0,0,-,-,33.91627,-118.23101,LOS ANGELES,UNINCORPORATED,-118.23172276,33.9162
6894222,2015,2015-05-28,9530,2015-03-18,1941,20716,NA,3,2,9,1900,0,3,5,NA,2,002,MAIN ST,EL SEGUNDO BL,0,NA,Y,A,-,N,NA,NA,NA,NA,NA,NA,NA,NA,NA,Y,3,0,7,3,B,-,22,NA,NA,N,D,C,A,A,H,-,C,A,0,NA,NA,NA,NA,Y,NA,J,41,0,1,6,0,0,0,0,0,0,-,-,33.54592,-118.16262,LOS ANGELES,UNINCORPORATED,-118.41595012,33.9163701
6894223,2015,2015-04-30,9530,2015-03-18,2210,020584,NA,3,3,9,1900,0,3,5,NA,2,006,CARSON ST,BUDLONG AV,90,W,N,A,-,N,NA,NA,NA,NA,NA,NA,NA,NA,NA,N,3,0,1,2,A,-,09,21804,A,N,E,I,A,A,H,-,C,A,0,NA,NA,Y,NA,Y,NA,A,01,0,1,0,0,0,0,0,0,1,-,-,33.83167,-118.29546,LOS ANGELES,UNINCORPORATED,-118.29558577,33.83157
6894224,2015,2015-04-30,9530,2015-03-21,1125,020923,NA,6,1,9,1900,0,3,5,NA,2,002,EL SEGUNDO BL,WILLOWBROOK AV,40,W,N,A,-,N,NA,NA,NA,NA,NA,NA,NA,NA,NA,N,4,0,1,2,A,-,03,22350,NA,F,C,C,A,A,H,-,A,A,0,NA,NA,NA,NA,Y,NA,-,99,0,0,1,0,0,0,0,0,0,-,-,33.91615,-118.23202,LOS ANGELES,UNINCORPORATED,-118.23181158,33.9162
6894225,2015,2016-10-05,9530,2015-03-20,0925,20678,NA,5,1,7,1941,0,1,1,NA,2,072,RT 710,PACIFIC COAST HWY,700,N,N,A,-,Y,LA,7,710,-,-,7.02,H,-,N,Y,4,0,1,4,A,-,03,22350,NA,F,C,C,A,A,H,-,A,D,1,NA,NA,Y,NA,Y,NA,-,99,0,0,1,0,0,0,0,0,0,-,-,33.4731,-118.1227,LOS ANGELES,LONG BEACH,-118.2076076,33.79190886
6894226,2015,2016-10-12,9530,2015-03-20,0724,020676,NA,5,1,7,1942,0,1,1,NA,2,200,RT 105,VERMONT AV,350,E,N,A,-,Y,LA,7,105,-,R,6.84,H,-,W,Y,3,0,1,3,A,-,07,21658,A,N,B,C,A,A,H,-,A,D,1,NA,NA,Y,NA,Y,NA,A,07,0,1,0,0,0,0,0,0,1,-,-,33.55438,-118.1725,LOS ANGELES,LOS ANGELES,-118.29017793,33.92888856
6894227,2015,2016-11-01,9530,2015-03-15,1905,020776,NA,7,2,7,1942,0,1,1,NA,2,110,RT 110,EL SEGUNDO BL,1500,S,N,A,-,Y,LA,7,110,-,-,12.61,H,-,S,Y,4,0,1,3,A,-,03,22350,NA,N,C,C,A,A,H,-,C,D,1,NA,NA,NA,NA,Y,NA,A,01,0,0,1,0,0,0,0,0,0,-,-,33.54462,-118.17125,LOS ANGELES,LOS ANGELES,-118.28669678,33.91265728
6894314,2015,2015-09-25,9530,2015-04-14,1515,19792,NA,2,2,9,1900,0,3,5,NA,2,004,DEL AMO BL,SANTA FE AV,100,W,N,A,-,N,NA,NA,NA,NA,NA,NA,NA,NA,NA,N,4,0,1,2,A,-,21,22106,NA,N,C,C,A,A,H,-,A,D,0,NA,NA,NA,NA,Y,NA,A,01,0,0,1,0,0,0,0,0,0,-,-,33.8465,-118.2123,LOS ANGELES,UNINCORPORATED,-118.21204864,33.84657361
6894484,2015,2015-05-11,1900,2015-04-07,1020,516691,2824,2,5,5,1915,0,0,0,NA,0,282T1,ROSECRANS AV,SLOAN AV,0,NA,Y,A,-,N,NA,NA,NA,NA,NA,NA,NA,NA,NA,N,4,0,1,2,A,-,09,21801,A,N,D,C,A,A,H,-,A,D,0,NA,NA,Y,NA,Y,NA,A,01,0,0,1,0,0,0,0,0,1,-,-,NA,NA,LOS ANGELES,COMPTON,-118.21095013,33.90349001
6894491,2015,2015-05-11,1912,2015-04-15,1216,9589,NA,3,5,6,1912,0,0,0,NA,0,NA,SAN FERNANDO BL,BURBANK BL,0,NA,Y,A,-,N,NA,NA,NA,NA,NA,NA,NA,NA,NA,Y,4,0,1,2,A,-,12,21453,A,N,D,C,A,A,H,-,A,A,0,NA,NA,Y,NA,Y,NA,A,01,0,0,1,0,0,0,0,0,0,-,-,NA,NA,LOS ANGELES,BURBANK,-118.3161101,34.18627004
6894500,2015,2015-05-11,1900,2015-04-02,1910,481275,2833,4,5,5,1915,0,0,0,NA,0,283T1,ALONDRA BL,KEMP AV,15,W,N,A,-,N,NA,NA,NA,NA,NA,NA,NA,NA,NA,Y,4,0,5,2,A,-,09,21802,B,N,A,C,A,A,H,-,C,D,0,NA,NA,NA,NA,Y,NA,A,01,0,0,5,0,0,0,0,0,0,-,-,NA,NA,LOS ANGELES,COMPTON,-118.23940932,33.88855951
6894504,2015,2015-05-11,1900,2015-04-10,0945,520027,2842,5,5,5,1915,0,0,0,NA,0,282T1,ARTESIA BL,SANTA FE AV,40,E,N,A,-,N,NA,NA,NA,NA,NA,NA,NA,NA,NA,Y,3,0,1,1,A,-,08,22100,B,N,A,I,A,A,H,-,A,D,0,NA,NA,NA,NA,Y,NA,A,01,0,1,0,0,0,0,0,0,0,-,-,NA,NA,LOS ANGELES,COMPTON,-118.21439849,33.87424
6894508,2015,2015-05-11,1900,2015-04-15,2045,481275,2820,3,5,5,1915,0,0,0,NA,0,283T1,SANTA FE AV,OAKS ST,12,N,N,A,-,N,NA,NA,NA,NA,NA,NA,NA,NA,NA,N,4,0,1,2,A,-,10,21950,A,N,A,B,C,A,H,-,C,D,0,Y,NA,NA,NA,Y,NA,A,01,0,0,1,0,1,0,0,0,0,-,-,NA,NA,LOS ANGELES,COMPTON,-118.21639531,33.90965261
6894512,2015,2015-05-11,1900,2015-04-14,0754,516691,2843,2,5,5,1915,0,0,0,NA,0,282T1,SANTA FE AV,COMPTON BL,93,S,N,A,-,N,NA,NA,NA,NA,NA,NA,NA,NA,NA,N,4,0,1,2,A,-,03,22350,NA,N,C,C,A,A,H,-,A,D,0,NA,NA,NA,NA,Y,NA,A,01,0,0,1,0,0,0,0,0,0,-,-,NA,NA,LOS ANGELES,COMPTON,-118.21578302,33.89574535
6894516,2015,2016-06-02,1900,2015-04-07,1545,525199,2811,2,5,5,1915,0,0,0,NA,0,283T1,CENTRAL AV,COMPTON BL,150,N,N,B,-,N,NA,NA,NA,NA,NA,NA,NA,NA,NA,Y,3,0,1,1,A,-,08,22107,NA,N,A,I,A,A,H,-,A,D,0,NA,NA,NA,NA,Y,NA,A,01,0,1,0,0,0,0,0,0,0,-,-,NA,NA,LOS ANGELES,COMPTON,-118.25185,33.89581
6894537,2015,2017-01-25,1900,2015-04-08,0645,532446,2842,3,5,5,1915,0,0,0,NA,0,285,ALAMEDA ST,GREENLEAF BL,0,NA,Y,A,-,N,NA,NA,NA,NA,NA,NA,NA,NA,NA,N,4,0,2,2,A,-,09,21453,B,N,D,C,A,A,H,-,B,A,0,NA,NA,NA,NA,Y,NA,A,07,0,0,2,0,0,0,0,0,0,-,-,NA,NA,LOS ANGELES,COMPTON,-118.21810013,33.88123005
6894539,2015,2015-05-11,1912,2015-04-19,2000,12681,1912,7,5,6,1912,0,0,0,NA,0,NA,W VICTORY BL,AVON AV,65,W,N,A,-,N,NA,NA,NA,NA,NA,NA,NA,NA,NA,Y,4,0,1,2,A,-,08,22107,NA,N,D,C,A,A,H,-,C,D,0,NA,NA,NA,NA,Y,NA,A,01,0,0,1,0,0,0,0,0,0,-,-,NA,NA,LOS ANGELES,BURBANK,-118.34826452,34.18472
6894541,2015,2015-05-01,1900,2015-04-18,1800,530864,2822,6,5,5,1915,0,0,0,NA,0,283T3,SANTA FE AV,PALMER ST,0,NA,Y,A,-,N,NA,NA,NA,NA,NA,NA,NA,NA,NA,N,3,0,1,2,A,-,09,21801,A,N,D,C,A,A,H,-,A,A,0,NA,NA,NA,NA,Y,NA,A,01,0,1,0,0,0,0,0,0,0,-,-,NA,NA,LOS ANGELES,COMPTON,-118.21594011,33.89832007
6894543,2015,2015-05-22,1912,2015-04-19,1325,12714,NA,7,5,6,1912,0,0,0,NA,0,00E,VICTORY BL,VERDUGO AV,0,NA,Y,A,-,N,NA,NA,NA,NA,NA,NA,NA,NA,NA,N,3,0,1,2,-,-,-,NA,NA,N,B,G,A,A,H,-,A,A,0,NA,Y,NA,NA,Y,NA,-,-,0,1,0,0,0,0,1,0,0,-,-,NA,NA,LOS ANGELES,BURBANK,-118.3150801,34.17057012
6894545,2015,2016-11-03,1900,2015-04-04,0200,501908,2847,6,5,5,1915,0,0,0,NA,0,281E,ALONDRA BL,RT 710,0,NA,Y,A,-,Y,LA,7,710,-,-,14.096,R,4,N,N,4,0,1,2,A,-,04,21703,NA,N,C,C,A,A,H,-,C,-,0,NA,NA,NA,NA,Y,NA,A,07,0,0,1,0,0,0,0,0,0,-,NO,NA,NA,LOS ANGELES,COMPTON,-118.18825524,33.89117667
6894547,2015,2015-05-11,1912,2015-04-17,1234,7337,NA,5,5,6,1912,0,0,0,NA,0,00H,MAGNOLIA BL,AVON ST,112,E,N,A,-,N,NA,NA,NA,NA,NA,NA,NA,NA,NA,Y,3,0,1,3,A,-,03,22350,NA,N,C,C,A,A,H,-,A,A,0,NA,NA,NA,NA,Y,NA,A,01,0,1,0,0,0,0,0,0,0,-,-,34.1686,-118.3449,LOS ANGELES,BURBANK,-118.34465896,34.16864832
6894569,2015,2015-05-22,1928,2015-04-07,1813,362,504,2,5,5,1928,0,0,0,NA,0,0H2,PRAIRIE AV,120TH ST,0,NA,Y,B,C,N,NA,NA,NA,NA,NA,NA,NA,NA,NA,N,4,0,1,2,A,-,12,21453,A,N,D,G,A,B,F,-,A,A,0,NA,Y,NA,NA,Y,NA,L,04,0,0,1,0,0,0,1,0,0,-,-,NA,NA,LOS ANGELES,HAWTHORNE,-118.34388005,33.9236801
6894584,2015,2015-05-09,1942,2015-04-03,1345,35393,1834,5,5,7,1942,0,0,0,R,0,12T41,AVALON BL,108TH ST,80,S,N,A,-,N,NA,NA,NA,NA,NA,NA,NA,NA,NA,N,3,0,1,2,A,-,21,22106,NA,N,B,C,A,A,H,-,A,D,0,NA,NA,Y,NA,Y,NA,A,07,0,1,0,0,0,0,0,0,1,-,-,NA,NA,LOS ANGELES,LOS ANGELES,-118.2652,33.9380606
6894596,2015,2015-05-09,1942,2015-04-03,1115,30801,1257,5,5,7,1942,0,0,0,L,0,18T23,HOOVER ST,76TH ST,0,NA,Y,A,-,N,NA,NA,NA,NA,NA,NA,NA,NA,NA,N,4,0,2,2,A,-,12,21453,A,N,D,C,A,A,H,-,A,A,0,NA,NA,NA,NA,Y,NA,A,01,0,0,2,0,0,0,0,0,0,-,-,NA,NA,LOS ANGELES,LOS ANGELES,-118.28712002,33.97075011
6894597,2015,2015-05-22,1942,2015-04-19,0445,41198,1972,7,5,7,1942,0,0,0,NA,0,19T73,NORDHOFF ST,BURNET AV,2,E,N,A,-,N,NA,NA,NA,NA,NA,NA,NA,NA,NA,Y,3,0,4,1,A,-,01,23152,A,N,D,I,A,A,H,-,C,D,0,NA,NA,NA,NA,Y,Y,A,01,0,1,3,0,0,0,0,0,0,-,-,NA,NA,LOS ANGELES,LOS ANGELES,-118.46324339,34.2355
6894601,2015,2015-05-22,1942,2015-04-19,2125,36T55,1522,7,5,7,1942,0,0,0,O,0,15TL47,N ALLEY,VOSE ST,10,S,N,A,-,N,NA,NA,NA,NA,NA,NA,NA,NA,NA,Y,3,0,1,2,A,-,09,21804,A,F,D,C,A,A,H,-,C,D,0,NA,NA,NA,NA,Y,NA,A,07,0,1,0,0,0,0,0,0,0,-,-,NA,NA,LOS ANGELES,LOS ANGELES,NA,NA
6894604,2015,2015-05-09,1942,2015-04-04,0005,36752,1255,6,5,7,1942,0,0,0,L,0,12T41,NORMANDIE AV,FLORENCE AV,0,NA,Y,A,-,N,NA,NA,NA,NA,NA,NA,NA,NA,NA,Y,3,0,2,3,A,-,12,21453,A,N,D,C,A,A,H,-,C,A,0,NA,NA,NA,NA,Y,NA,A,01,0,1,1,0,0,0,0,0,0,-,-,NA,NA,LOS ANGELES,LOS ANGELES,-118.30030013,33.9745801