CASE_ID,ACCIDENT_YEAR,PROC_DATE,JURIS,COLLISION_DATE,COLLISION_TIME,OFFICER_ID,REPORTING_DISTRICT,DAY_OF_WEEK,CHP_SHIFT,POPULATION,CNTY_CITY_LOC,SPECIAL_COND,BEAT_TYPE,CHP_BEAT_TYPE,CITY_DIVISION_LAPD,CHP_BEAT_CLASS,BEAT_NUMBER,PRIMARY_RD,SECONDARY_RD,DISTANCE,DIRECTION,INTERSECTION,WEATHER_1,WEATHER_2,STATE_HWY_IND,CALTRANS_COUNTY,CALTRANS_DISTRICT,STATE_ROUTE,ROUTE_SUFFIX,POSTMILE_PREFIX,POSTMILE,LOCATION_TYPE,RAMP_INTERSECTION,SIDE_OF_HWY,TOW_AWAY,COLLISION_SEVERITY,NUMBER_KILLED,NUMBER_INJURED,PARTY_COUNT,PRIMARY_COLL_FACTOR,PCF_CODE_OF_VIOL,PCF_VIOL_CATEGORY,PCF_VIOLATION,PCF_VIOL_SUBSECTION,HIT_AND_RUN,TYPE_OF_COLLISION,MVIW,PED_ACTION,ROAD_SURFACE,ROAD_COND_1,ROAD_COND_2,LIGHTING,CONTROL_DEVICE,CHP_ROAD_TYPE,PEDESTRIAN_ACCIDENT,BICYCLE_ACCIDENT,MOTORCYCLE_ACCIDENT,TRUCK_ACCIDENT,NOT_PRIVATE_PROPERTY,ALCOHOL_INVOLVED,STWD_VEHTYPE_AT_FAULT,CHP_VEHTYPE_AT_FAULT,COUNT_SEVERE_INJ,COUNT_VISIBLE_INJ,COUNT_COMPLAINT_PAIN,COUNT_PED_KILLED,COUNT_PED_INJURED,COUNT_BICYCLIST_KILLED,COUNT_BICYCLIST_INJURED,COUNT_MC_KILLED,COUNT_MC_INJURED,PRIMARY_RAMP,SECONDARY_RAMP,LATITUDE,LONGITUDE,COUNTY,CITY,POINT_X,POINT_Y
6894605,2015,2015-05-22,1942,2015-04-19,2000,38185,1615,7,5,7,1942,0,0,0,P,0,15T45,FOOTHILL BL,PIERCE ST,0,NA,Y,A,-,N,NA,NA,NA,NA,NA,NA,NA,NA,NA,Y,2,0,1,3,A,-,09,21804,A,N,H,G,A,A,H,-,C,A,0,NA,Y,NA,NA,Y,Y,L,04,1,0,0,0,0,0,1,0,0,-,-,NA,NA,LOS ANGELES,LOS ANGELES,-118.39867006,34.27785009
6894608,2015,2015-05-09,1942,2015-04-03,2145,36752,1269,5,5,7,1942,0,0,0,L,0,12T41,84TH ST,MCKINLEY AV,35,E,N,A,-,N,NA,NA,NA,NA,NA,NA,NA,NA,NA,N,4,0,1,2,A,-,03,22350,NA,N,C,C,A,A,H,-,C,D,0,NA,NA,NA,NA,Y,NA,A,01,0,0,1,0,0,0,0,0,0,-,-,NA,NA,LOS ANGELES,LOS ANGELES,-118.26068481,33.96286053
6894609,2015,2015-05-22,1942,2015-04-16,2145,39703,2175,4,5,7,1942,0,0,0,NA,0,16T25,VENTURA BL,FALLBROOK AV,311,E,N,A,-,N,NA,NA,NA,NA,NA,NA,NA,NA,NA,Y,3,0,1,2,A,-,01,23152,A,N,D,C,A,A,H,-,C,A,0,NA,NA,NA,NA,Y,Y,A,08,0,1,0,0,0,0,0,0,0,-,-,NA,NA,LOS ANGELES,LOS ANGELES,-118.62233971,34.16632086
6894612,2015,2015-05-09,1942,2015-04-08,2200,35925,1273,3,5,7,1942,0,0,0,L,0,3TL5,WESTERN AV,88TH ST,150,S,N,A,-,N,NA,NA,NA,NA,NA,NA,NA,NA,NA,N,3,0,1,2,A,-,11,21954,A,N,G,B,D,A,H,-,C,D,0,Y,NA,NA,NA,Y,NA,N,60,0,1,0,0,1,0,0,0,0,-,-,NA,NA,LOS ANGELES,LOS ANGELES,-118.309016,33.95774
6894613,2015,2015-05-22,1942,2015-04-16,1855,39703,0984,4,5,7,1942,0,0,0,I,0,16T25,VENTURA BL,WILLIS AV,26,E,N,A,-,N,NA,NA,NA,NA,NA,NA,NA,NA,NA,N,4,0,1,2,A,-,07,21658,A,F,B,C,A,A,H,-,B,A,0,NA,NA,NA,NA,Y,NA,-,99,0,0,1,0,0,0,0,0,0,-,-,NA,NA,LOS ANGELES,LOS ANGELES,-118.45520589,34.15198598
6894617,2015,2015-05-22,1942,2015-04-17,1200,39701,1529,5,5,7,1942,0,0,0,O,0,17TL15,OXNARD ST,CAHUENGA BL,0,NA,Y,A,-,N,NA,NA,NA,NA,NA,NA,NA,NA,NA,N,4,0,1,2,A,-,05,21650,1,F,D,G,A,A,H,-,A,A,0,NA,Y,NA,NA,Y,NA,L,04,0,0,1,0,0,0,1,0,0,-,-,NA,NA,LOS ANGELES,LOS ANGELES,-118.36158007,34.17944005
6894637,2015,2015-05-22,1942,2015-04-18,2140,38354,1521,6,5,7,1942,0,0,0,O,0,10T37,SHERMAN AV,VARNA AV,0,NA,Y,A,-,N,NA,NA,NA,NA,NA,NA,NA,NA,NA,Y,3,0,2,2,A,-,01,23152,A,F,D,C,A,A,H,-,C,A,0,NA,NA,NA,NA,Y,NA,A,01,0,1,1,0,0,0,0,0,0,-,-,NA,NA,LOS ANGELES,LOS ANGELES,-118.42474011,34.20120008
6894642,2015,2015-05-07,1942,2015-04-02,1600,40099,1323,4,5,7,1942,0,0,0,M,0,2TL14,SAN PEDRO ST,23RD ST,0,NA,Y,A,-,N,NA,NA,NA,NA,NA,NA,NA,NA,NA,Y,3,0,2,2,A,-,09,21801,A,N,D,C,A,A,H,-,A,A,0,NA,NA,NA,NA,Y,NA,A,01,0,1,1,0,0,0,0,0,0,-,-,NA,NA,LOS ANGELES,LOS ANGELES,-118.25974011,34.0240601
6894646,2015,2015-05-07,1942,2015-04-03,1700,33452,1347,5,5,7,1942,0,0,0,M,0,1TL24,VERNON AV,STAUNTON AV,70,E,N,A,-,N,NA,NA,NA,NA,NA,NA,NA,NA,NA,N,3,0,1,2,A,-,08,22102,NA,N,B,G,A,A,H,-,A,D,0,NA,Y,NA,NA,Y,NA,A,01,0,1,0,0,0,0,1,0,0,-,-,NA,NA,LOS ANGELES,LOS ANGELES,-118.24177951,34.00391197
6894650,2015,2015-05-07,1942,2015-04-03,0755,37952,1385,5,5,7,1942,0,0,0,M,0,4TL4,AVALON BL,61ST ST,0,NA,Y,A,-,N,NA,NA,NA,NA,NA,NA,NA,NA,NA,Y,4,0,1,2,A,-,09,21801,A,N,A,C,A,A,H,-,A,A,0,NA,NA,NA,NA,Y,NA,A,01,0,0,1,0,0,0,0,0,0,-,-,NA,NA,LOS ANGELES,LOS ANGELES,-118.26519008,33.98440003
6894654,2015,2016-11-03,9530,2015-04-13,0045,20707,NA,1,3,7,1942,0,1,1,NA,2,110,RT 110,EL SEGUNDO BL,350,N,N,A,-,Y,LA,7,110,-,-,13.06,H,-,S,Y,2,0,2,1,A,-,01,23152,A,N,A,I,A,A,H,-,D,D,1,NA,NA,NA,NA,Y,Y,A,01,1,1,0,0,0,0,0,0,0,-,-,33.91698,-118.28593,LOS ANGELES,LOS ANGELES,-118.2844987,33.91870863
6894657,2015,2015-05-07,1942,2015-04-06,0825,36754,1267,1,5,7,1942,0,0,0,L,0,18T23,BROADWAY,84TH ST,54,S,N,A,-,N,NA,NA,NA,NA,NA,NA,NA,NA,NA,N,2,0,1,2,A,-,11,21950,B,N,G,B,D,A,H,-,A,D,0,Y,NA,NA,NA,Y,NA,N,60,1,0,0,0,1,0,0,0,0,-,-,NA,NA,LOS ANGELES,LOS ANGELES,-118.278296,33.963101
6894658,2015,2016-12-13,9530,2015-04-10,0647,20938,NA,5,1,5,1977,0,1,1,NA,2,410,RT 405,AVALON BL,100,S,N,A,-,Y,LA,7,405,-,-,11.21,H,-,S,Y,4,0,2,3,A,-,03,22350,NA,N,C,C,A,A,H,-,A,D,1,NA,NA,NA,NA,Y,NA,A,01,0,0,2,0,0,0,0,0,0,-,-,33.83822,-118.26257,LOS ANGELES,CARSON,-118.26309855,33.83889703
6894661,2015,2015-05-07,1942,2015-04-06,2000,40696,1251,1,5,7,1942,0,0,0,L,0,3T5,10TH AV,68TH ST,0,NA,Y,A,-,N,NA,NA,NA,NA,NA,NA,NA,NA,NA,Y,2,0,2,2,A,-,00,21720,NA,N,A,C,A,A,H,-,C,D,0,NA,NA,NA,NA,Y,NA,-,NA,1,1,0,0,0,0,0,0,0,-,-,NA,NA,LOS ANGELES,LOS ANGELES,-118.32795,33.977322
6894662,2015,2015-05-07,1942,2015-04-01,1420,34458,1373,3,5,7,1942,0,0,0,M,0,4TL4,56TH ST,PALOMA AV,202,W,N,A,-,N,NA,NA,NA,NA,NA,NA,NA,NA,NA,N,3,0,1,2,A,-,03,22350,NA,N,C,E,A,A,H,-,A,D,0,NA,NA,NA,NA,Y,NA,A,01,0,1,0,0,0,0,0,0,0,-,-,NA,NA,LOS ANGELES,LOS ANGELES,-118.262805,33.99157186
6894665,2015,2015-05-07,1942,2015-04-04,2230,36571,1268,6,5,7,1942,0,0,0,L,0,12T41,MANCHESTER AV,SAN PEDRO ST,42,W,N,A,-,N,NA,NA,NA,NA,NA,NA,NA,NA,NA,Y,3,0,2,2,A,-,09,21801,A,N,D,C,A,A,H,-,C,A,0,NA,NA,NA,NA,Y,NA,A,01,0,1,1,0,0,0,0,0,0,-,-,NA,NA,LOS ANGELES,LOS ANGELES,-118.26963823,33.96011
6894666,2015,2015-05-07,1942,2015-04-01,0400,39478,1942,3,5,7,1942,0,0,0,NA,0,1347,VERNON,COMPTON,0,NA,Y,A,-,N,NA,NA,NA,NA,NA,NA,NA,NA,NA,N,4,0,1,2,A,-,-,NA,NA,F,A,B,A,A,H,-,C,A,0,NA,Y,NA,NA,Y,NA,-,-,0,0,1,0,0,0,1,0,0,-,-,NA,NA,LOS ANGELES,LOS ANGELES,-118.24774007,34.00390007
6894669,2015,2015-05-07,1942,2015-04-01,0915,35393,1287,3,5,7,1942,0,0,0,L,0,18T23,82ND ST,HOOVER ST,0,NA,Y,A,-,N,NA,NA,NA,NA,NA,NA,NA,NA,NA,N,4,0,1,2,A,-,12,21453,A,F,D,C,A,A,H,-,A,A,0,NA,NA,NA,NA,Y,NA,-,99,0,0,1,0,0,0,0,0,0,-,-,NA,NA,LOS ANGELES,LOS ANGELES,-118.28711003,33.96427
6894670,2015,2015-05-07,1942,2015-04-02,0840,32996,1351,4,5,7,1942,0,0,0,M,0,13TL55,WOODLAWN AV,41ST PL,3,N,N,A,-,N,NA,NA,NA,NA,NA,NA,NA,NA,NA,N,3,0,1,2,A,-,10,21950,A,F,G,B,B,A,H,-,A,D,0,Y,NA,NA,NA,Y,NA,-,99,0,1,0,0,1,0,0,0,0,-,-,NA,NA,LOS ANGELES,LOS ANGELES,-118.27282,34.00820823
6894673,2015,2015-05-07,1942,2015-04-02,1635,40440,1269,4,5,7,1942,0,0,0,L,0,12T73W,MANCHESTER AV,STANFORD AV,60,W,N,A,-,N,NA,NA,NA,NA,NA,NA,NA,NA,NA,N,3,0,1,2,A,-,07,21658,NA,F,H,C,A,A,H,-,A,A,0,NA,NA,Y,NA,Y,NA,-,99,0,1,0,0,0,0,0,0,1,-,-,NA,NA,LOS ANGELES,LOS ANGELES,-118.26313747,33.96013
6894674,2015,2015-05-18,1942,2015-04-01,0025,41494,1352,3,5,7,1942,0,0,0,M,0,13X42,VERNON AV,AVALON BL,0,NA,Y,A,-,N,NA,NA,NA,NA,NA,NA,NA,NA,NA,Y,4,0,2,2,A,-,12,21453,A,N,D,C,A,A,H,-,C,A,0,NA,NA,NA,NA,Y,NA,-,NA,0,0,2,0,0,0,0,0,0,-,-,NA,NA,LOS ANGELES,LOS ANGELES,-118.26527004,34.00387009
6894678,2015,2015-05-07,1942,2015-04-06,1740,33452,1145,1,5,7,1942,0,0,0,K,0,1TL24,RIVERSIDE DR,FLETCHER DR,0,NA,Y,A,-,N,NA,NA,NA,NA,NA,NA,NA,NA,NA,Y,4,0,2,2,A,-,09,21801,A,N,A,C,A,A,H,-,A,A,0,NA,NA,NA,NA,Y,NA,A,01,0,0,2,0,0,0,0,0,0,-,-,NA,NA,LOS ANGELES,LOS ANGELES,-118.25655003,34.10599007
6894686,2015,2017-01-04,9530,2015-04-14,1715,11661,NA,2,2,7,1941,0,1,1,NA,2,071,RT 710,CARSON ST,950,N,N,A,-,Y,LA,7,710,-,-,9.87,H,-,S,N,4,0,1,2,A,-,03,22350,NA,N,C,C,A,A,H,-,A,D,1,NA,NA,NA,NA,Y,NA,A,01,0,0,1,0,0,0,0,0,0,-,-,33.83212,-118.20875,LOS ANGELES,LONG BEACH,-118.20894573,33.83306241
6894690,2015,2016-12-13,9530,2015-04-13,1800,20608,NA,1,2,5,1977,0,1,1,NA,2,410,RT 405,CARSON ST,200,S,N,A,-,Y,LA,7,405,-,-,10.5,H,-,S,Y,3,0,1,2,A,-,07,21658,A,N,B,C,A,A,H,-,A,D,1,NA,NA,Y,NA,Y,NA,A,01,0,1,0,0,0,0,0,0,1,-,-,33.82538,-118.22465,LOS ANGELES,CARSON,-118.25534818,33.8309653
6894694,2015,2016-12-13,9530,2015-04-13,1610,14701,NA,1,2,5,1977,0,1,1,NA,2,410,RT 405,MAIN ST,100,S,N,A,-,Y,LA,7,405,-,-,12.58,H,-,S,N,4,0,1,2,A,-,03,22350,NA,N,C,C,A,A,H,-,A,D,1,NA,NA,NA,NA,Y,NA,A,01,0,0,1,0,0,0,0,0,0,-,-,33.853,-118.28,LOS ANGELES,CARSON,-118.28015495,33.85292226
6894698,2015,2016-12-10,9530,2015-04-09,1745,20231,NA,4,2,5,1915,0,1,3,NA,2,310,RT 91,WILMINGTON AV,200,E,N,A,-,Y,LA,7,91,-,-,9.2,H,-,E,N,4,0,1,2,A,-,03,22350,NA,N,C,C,A,A,H,-,A,D,1,NA,NA,NA,NA,Y,NA,A,01,0,0,1,0,0,0,0,0,0,-,-,33.87437,-118.22505,LOS ANGELES,COMPTON,-118.2353228,33.87362665
6894702,2015,2016-12-13,9530,2015-04-12,1405,17860,NA,7,2,6,1972,0,1,1,NA,2,400,RT 405,YUKON AV,40,N,N,A,-,Y,LA,7,405,-,-,16,H,-,N,Y,4,0,1,2,A,-,03,22350,NA,N,C,C,A,A,H,-,A,D,1,NA,NA,NA,NA,Y,NA,A,01,0,0,1,0,0,0,0,0,0,-,-,33.86765,-118.33593,LOS ANGELES,TORRANCE,-118.33483725,33.8672131
6894706,2015,2016-11-19,9530,2015-04-12,1505,17860,NA,7,2,5,1956,0,1,1,NA,2,400,RT 405,INGLEWOOD AV,50,N,N,A,-,Y,LA,7,405,-,-,18.28,H,-,N,N,4,0,2,4,A,-,03,22350,NA,N,C,C,A,A,H,-,A,D,1,NA,NA,NA,NA,Y,NA,A,01,0,0,2,0,0,0,0,0,0,-,-,33.89122,-118.36156,LOS ANGELES,REDONDO BEACH,-118.36168396,33.89130686
6894710,2015,2015-05-07,9530,2015-04-10,1925,20473,NA,5,2,9,1900,0,3,5,NA,2,001,FIRESTONE BL,ALAMEDA ST,0,NA,Y,A,-,N,NA,NA,NA,NA,NA,NA,NA,NA,NA,Y,4,0,1,3,A,-,09,21801,A,N,D,C,A,A,H,-,C,A,0,NA,NA,NA,NA,Y,NA,A,08,0,0,1,0,0,0,0,0,0,-,-,33.95941,-118.23245,LOS ANGELES,UNINCORPORATED,-118.23108008,33.95779008
6894714,2015,2015-05-07,9530,2015-04-11,2153,20483,NA,6,2,9,1900,0,3,5,NA,2,001,NADEAU ST,ALAMEDA ST,105,W,N,A,-,N,NA,NA,NA,NA,NA,NA,NA,NA,NA,Y,4,0,1,2,A,-,09,21804,A,N,B,C,A,A,H,-,C,D,0,NA,NA,NA,NA,Y,NA,A,01,0,0,1,0,0,0,0,0,0,-,-,33.58307,-118.14279,LOS ANGELES,UNINCORPORATED,-118.23356553,33.96745566
6894718,2015,2015-05-07,9530,2015-04-09,0910,20096,NA,4,1,9,1900,0,3,5,NA,2,002,TOWNE AV,132ND ST,73,S,N,A,-,N,NA,NA,NA,NA,NA,NA,NA,NA,NA,Y,4,0,1,2,A,-,08,22107,NA,N,C,E,A,A,H,-,A,D,0,NA,NA,NA,NA,Y,NA,A,01,0,0,1,0,0,0,0,0,0,-,-,33.91247,-118.26751,LOS ANGELES,UNINCORPORATED,-118.26747221,33.9125598
6894789,2014,2015-05-01,1942,2014-02-28,0755,31688,0132,5,5,7,1942,0,0,0,A,0,2TL25,2ND ST,FIGUEROA AV,20,W,N,C,-,N,NA,NA,NA,NA,NA,NA,NA,NA,NA,Y,3,0,1,3,A,-,08,22107,NA,N,B,D,A,B,H,-,A,D,0,NA,NA,Y,NA,Y,NA,A,08,0,1,0,0,0,0,0,0,1,-,-,NA,NA,LOS ANGELES,LOS ANGELES,-118.25317229,34.05658338
6894961,2015,2016-09-20,9580,2015-01-16,0020,16695,NA,5,3,9,1900,0,1,3,NA,1,271,RT 27,2 MILE BRIDGE,1320,N,N,A,-,Y,LA,7,27,-,-,2.3,H,-,S,Y,3,0,1,1,A,-,08,22107,NA,N,F,A,A,A,H,-,D,D,0,NA,NA,NA,NA,Y,NA,A,01,0,1,0,0,0,0,0,0,0,-,-,34.07011,-118.58743,LOS ANGELES,UNINCORPORATED,-118.58715564,34.06810727
6894962,2015,2016-10-04,9580,2015-01-03,1355,17929,NA,6,1,7,1942,0,1,2,NA,2,104,RT 101,WHITE OAK AV,310,N,N,A,-,Y,LA,7,101,-,-,20.375,R,1,N,N,4,0,1,2,A,-,03,22350,NA,N,C,C,A,A,H,-,A,D,1,NA,NA,NA,NA,Y,NA,A,01,0,0,1,0,0,0,0,0,0,FR,-,34.17143,-118.52043,LOS ANGELES,LOS ANGELES,-118.52099812,34.17128916
6894965,2015,2016-09-19,9580,2015-01-15,2035,20811,NA,4,2,7,1942,0,1,2,NA,2,101,RT 101,LAUREL CANYON BL,1000,N,N,A,-,Y,LA,7,101,-,-,13.06,H,-,S,Y,4,0,1,3,A,-,03,22350,NA,N,C,C,A,A,H,-,D,D,1,NA,NA,NA,NA,Y,NA,A,01,0,0,1,0,0,0,0,0,0,-,-,34.15583,-118.40162,LOS ANGELES,LOS ANGELES,-118.39976367,34.1548956
6894966,2015,2016-10-17,9580,2015-01-05,0825,16088,NA,1,1,7,1942,0,1,3,NA,2,171,RT 170,RIVERSIDE DR,400,N,N,A,-,Y,LA,7,170,-,R,15.08,H,-,S,Y,4,0,3,3,A,-,03,22350,NA,N,C,C,A,A,H,-,A,D,1,NA,NA,NA,NA,Y,NA,A,01,0,0,3,0,0,0,0,0,0,-,-,34.15835,-118.38003,LOS ANGELES,LOS ANGELES,-118.38108191,34.16088425
6894969,2015,2016-10-26,9580,2015-01-15,1920,18588,NA,4,2,7,1942,0,1,1,NA,2,405,RT 405,VICTORY BL,600,N,N,A,-,Y,LA,7,405,-,-,41.662,R,1,S,N,4,0,2,2,A,-,03,22350,NA,N,C,C,A,A,H,-,C,D,1,NA,NA,NA,NA,Y,NA,A,07,0,0,2,0,0,0,0,0,0,-,-,34.1898,-118.4745,LOS ANGELES,LOS ANGELES,-118.47436604,34.19079396
6894970,2015,2016-09-19,9580,2015-01-05,1120,16088,NA,1,1,7,1942,0,1,2,NA,2,101,RT 101,LAUREL CANYON BL,300,S,N,A,-,Y,LA,7,101,-,-,12.79,H,-,S,N,4,0,1,1,C,-,18,NA,NA,N,E,J,A,A,H,-,A,D,1,NA,NA,NA,NA,Y,NA,-,-,0,0,1,0,0,0,0,0,0,-,-,34.1541,-118.39555,LOS ANGELES,LOS ANGELES,-118.39523014,34.1543423
6894973,2015,2016-11-05,9580,2015-01-15,0810,15831,NA,4,1,7,1942,0,1,3,NA,2,117,RT 118,HAYVENHURST AV,300,E,N,A,-,Y,LA,7,118,-,R,8.4,H,-,W,Y,4,0,1,3,A,-,03,22350,NA,N,C,C,A,A,H,-,A,D,1,NA,NA,NA,NA,Y,NA,A,07,0,0,1,0,0,0,0,0,0,-,-,34.27571,-118.49412,LOS ANGELES,LOS ANGELES,-118.49300343,34.27461133
6894974,2015,2016-10-18,9580,2015-01-06,1040,17386,NA,2,1,7,1942,0,1,1,NA,2,405,RT 405,BURBANK BL,2640,N,N,A,-,Y,LA,7,405,-,-,40.79,H,-,S,N,4,0,1,3,A,-,03,22350,NA,N,C,C,A,A,H,-,A,D,1,NA,NA,NA,NA,Y,NA,A,07,0,0,1,0,0,0,0,0,0,-,-,34.17785,-118.46887,LOS ANGELES,LOS ANGELES,-118.46971811,34.17911944
6894977,2015,2016-10-26,9580,2015-01-15,0740,19483,NA,4,1,7,1942,0,1,2,NA,2,102,RT 101,BALBOA BL,100,S,N,A,-,Y,LA,7,101,-,-,19.2,H,-,N,N,4,0,1,2,A,-,03,22350,NA,N,C,C,A,A,H,-,A,D,1,NA,NA,NA,NA,Y,NA,A,01,0,0,1,0,0,0,0,0,0,-,-,34.17199,-118.51842,LOS ANGELES,LOS ANGELES,-118.50084668,34.17046796
6894978,2015,2015-05-01,9580,2015-01-02,1600,20837,NA,5,2,7,1942,0,3,5,NA,1,010,KANAN RD,SILVER CREEK RD,375,N,N,A,-,N,NA,NA,NA,NA,NA,NA,NA,NA,NA,Y,3,0,2,2,A,-,05,21651,A,N,A,C,A,A,H,-,A,D,0,NA,NA,NA,NA,Y,NA,A,07,0,2,0,0,0,0,0,0,0,-,-,34.13257,-118.75751,LOS ANGELES,LOS ANGELES,-118.75688159,34.13286513
6894980,2015,2015-05-06,1916,2015-04-19,2058,2237,18A,7,5,4,1916,0,0,0,NA,0,004,AZUSA AV,CYPRESS ST,178,N,N,A,-,N,NA,NA,NA,NA,NA,NA,NA,NA,NA,Y,4,0,1,2,A,-,01,23153,A,N,C,C,A,A,H,-,C,D,0,NA,NA,NA,NA,Y,Y,D,22,0,0,1,0,0,0,0,0,0,-,-,NA,NA,LOS ANGELES,COVINA,-117.90781322,34.09625795
6894981,2015,2016-10-26,9580,2015-01-12,1030,17919,NA,1,1,7,1942,0,1,2,NA,2,102,RT 101,SEPULVEDA BL,85,N,N,A,-,Y,LA,7,101,-,-,16.84,H,-,N,N,4,0,1,2,A,-,07,21658,A,N,B,C,A,A,H,-,A,D,1,NA,NA,NA,NA,Y,NA,A,01,0,0,1,0,0,0,0,0,0,-,-,34.15947,-118.46418,LOS ANGELES,LOS ANGELES,-118.46428529,34.15950521
6894982,2015,2016-09-19,9580,2015-01-06,1538,18322,NA,2,2,7,1942,0,1,2,NA,2,101,RT 101,LAUREL CANYON RD,528,S,N,A,-,Y,LA,7,101,-,-,12.68,H,-,S,Y,3,0,1,2,A,-,07,21658,A,N,B,C,A,A,H,-,A,D,1,NA,NA,Y,NA,Y,NA,A,01,0,1,0,0,0,0,0,0,1,-,-,34.15422,-118.39326,LOS ANGELES,LOS ANGELES,-118.39331121,34.15434763
6894985,2015,2016-10-17,9580,2015-01-16,0910,19451,NA,5,1,7,1942,0,1,3,NA,2,170,RT 170,SHELDON ST,800,S,N,A,-,Y,LA,7,170,-,R,19.95,H,-,N,Y,4,0,2,2,A,-,03,22350,NA,N,C,C,A,A,H,-,A,D,1,NA,NA,NA,NA,Y,NA,A,01,0,0,2,0,0,0,0,0,0,-,-,34.22704,-118.41077,LOS ANGELES,LOS ANGELES,-118.41083485,34.2247447
6894986,2015,2016-10-18,9580,2015-01-06,1735,18185,NA,2,2,7,1942,0,1,1,NA,2,407,RT 405,ROSCOE BL,528,S,N,A,-,Y,LA,7,405,-,-,43.56,H,-,S,Y,4,0,1,3,A,-,03,22350,NA,N,C,C,A,A,H,-,C,D,1,NA,NA,NA,NA,Y,NA,A,01,0,0,1,0,0,0,0,0,0,-,-,34.2197,-118.47356,LOS ANGELES,LOS ANGELES,-118.47334915,34.21828423
6894989,2015,2016-10-26,9580,2015-01-16,1530,19715,NA,5,2,7,1942,0,1,2,NA,2,102,RT 101,VAN NUYS BL,300,S,N,A,-,Y,LA,7,101,-,-,15.85,H,-,N,Y,4,0,2,3,A,-,03,22350,NA,N,C,C,A,A,H,-,A,D,1,NA,NA,NA,NA,Y,NA,A,07,0,0,2,0,0,0,0,0,0,-,-,34.15656,-118.44716,LOS ANGELES,LOS ANGELES,-118.44763821,34.1566635
6894993,2015,2016-10-17,9580,2015-01-16,1655,19611,NA,5,2,7,1942,0,1,3,NA,2,117,RT 118,BALBOA BL,300,W,N,A,-,Y,LA,7,118,-,R,7.607,R,1,W,Y,4,0,2,2,A,-,03,22350,NA,N,C,C,A,A,H,-,C,A,1,NA,NA,NA,NA,Y,NA,A,07,0,0,2,0,0,0,0,0,0,-,-,34.27834,-118.50423,LOS ANGELES,LOS ANGELES,-118.50554116,34.27807496
6894994,2015,2016-09-28,9580,2015-01-06,1715,19319,NA,2,2,7,1942,0,1,1,NA,2,404,RT 405,RT 101,1056,S,N,A,-,Y,LA,7,405,-,-,39.23,H,-,N,N,4,0,1,2,A,-,03,22350,NA,N,C,C,A,A,H,-,C,D,1,NA,NA,NA,NA,Y,NA,-,99,0,0,1,0,0,0,0,0,0,-,-,34.15764,-118.46909,LOS ANGELES,LOS ANGELES,-118.46894774,34.15710857
6894997,2015,2016-04-12,9580,2015-01-17,1015,19451,NA,6,1,9,1900,0,3,5,NA,1,020,COLD CANYON RD,MULHOLLAND HWY,5280,S,N,A,-,N,NA,NA,NA,NA,NA,NA,NA,NA,NA,N,2,0,1,1,A,-,03,22350,NA,N,F,A,A,A,H,-,A,D,0,NA,Y,NA,NA,Y,NA,L,04,1,0,0,0,0,0,1,0,0,-,-,34.0995,-118.67159,LOS ANGELES,UNINCORPORATED,-118.68077004,34.08709996
6894998,2015,2016-10-17,9580,2015-01-07,0625,16088,NA,3,1,7,1942,0,1,3,NA,2,171,RT 170,BURBANK BL,100,S,N,A,-,Y,LA,7,170,-,R,15.97,H,-,S,Y,4,0,1,3,A,-,03,22350,NA,N,C,C,A,A,H,-,A,D,1,NA,NA,NA,NA,Y,NA,A,01,0,0,1,0,0,0,0,0,0,-,-,34.17208,-118.38908,LOS ANGELES,LOS ANGELES,-118.38888449,34.17199394
6894999,2015,2015-05-01,1900,2015-02-25,1735,196195,1418,3,5,1,1932,0,0,0,NA,0,141T5,COINER CT,GALE AV,100,N,N,A,-,N,NA,NA,NA,NA,NA,NA,NA,NA,NA,Y,3,0,1,2,A,-,09,21804,A,N,D,C,A,A,H,-,A,D,0,NA,NA,NA,NA,Y,NA,A,01,0,1,0,0,0,0,0,0,0,-,-,33.99567,-117.89491,LOS ANGELES,INDUSTRY,-117.89534634,33.99476413
6895001,2015,2016-04-12,9580,2015-01-17,1245,19511,NA,6,1,9,1900,0,3,5,NA,1,010,MULHOLLAND HWY,SHADOW CREEK DR,100,E,N,A,-,N,NA,NA,NA,NA,NA,NA,NA,NA,NA,N,3,0,1,1,A,-,08,22107,NA,N,E,I,A,A,H,-,A,D,0,NA,NA,Y,NA,Y,NA,C,02,0,1,0,0,0,0,0,0,1,-,-,34.1121,-118.76973,LOS ANGELES,UNINCORPORATED,-118.76983275,34.11205019
6895002,2015,2016-11-05,9580,2015-01-07,0905,16413,NA,3,1,7,1942,0,1,3,NA,2,114,RT 118,ARLETA AV,100,E,N,A,-,Y,LA,7,118,-,R,11.08,H,-,E,Y,4,0,2,2,A,-,08,22107,NA,N,D,C,A,A,H,-,A,D,1,NA,NA,NA,NA,Y,NA,A,01,0,0,2,0,0,0,0,0,0,-,-,34.26569,-118.44976,LOS ANGELES,LOS ANGELES,-118.44984442,34.2657714