CASE_ID,ACCIDENT_YEAR,PROC_DATE,JURIS,COLLISION_DATE,COLLISION_TIME,OFFICER_ID,REPORTING_DISTRICT,DAY_OF_WEEK,CHP_SHIFT,POPULATION,CNTY_CITY_LOC,SPECIAL_COND,BEAT_TYPE,CHP_BEAT_TYPE,CITY_DIVISION_LAPD,CHP_BEAT_CLASS,BEAT_NUMBER,PRIMARY_RD,SECONDARY_RD,DISTANCE,DIRECTION,INTERSECTION,WEATHER_1,WEATHER_2,STATE_HWY_IND,CALTRANS_COUNTY,CALTRANS_DISTRICT,STATE_ROUTE,ROUTE_SUFFIX,POSTMILE_PREFIX,POSTMILE,LOCATION_TYPE,RAMP_INTERSECTION,SIDE_OF_HWY,TOW_AWAY,COLLISION_SEVERITY,NUMBER_KILLED,NUMBER_INJURED,PARTY_COUNT,PRIMARY_COLL_FACTOR,PCF_CODE_OF_VIOL,PCF_VIOL_CATEGORY,PCF_VIOLATION,PCF_VIOL_SUBSECTION,HIT_AND_RUN,TYPE_OF_COLLISION,MVIW,PED_ACTION,ROAD_SURFACE,ROAD_COND_1,ROAD_COND_2,LIGHTING,CONTROL_DEVICE,CHP_ROAD_TYPE,PEDESTRIAN_ACCIDENT,BICYCLE_ACCIDENT,MOTORCYCLE_ACCIDENT,TRUCK_ACCIDENT,NOT_PRIVATE_PROPERTY,ALCOHOL_INVOLVED,STWD_VEHTYPE_AT_FAULT,CHP_VEHTYPE_AT_FAULT,COUNT_SEVERE_INJ,COUNT_VISIBLE_INJ,COUNT_COMPLAINT_PAIN,COUNT_PED_KILLED,COUNT_PED_INJURED,COUNT_BICYCLIST_KILLED,COUNT_BICYCLIST_INJURED,COUNT_MC_KILLED,COUNT_MC_INJURED,PRIMARY_RAMP,SECONDARY_RAMP,LATITUDE,LONGITUDE,COUNTY,CITY,POINT_X,POINT_Y
6898091,2015,2015-09-08,1900,2015-03-24,1054,522640,0533,2,5,5,1959,0,0,0,NA,0,53AMS,GARVEY AV,WALNUT GROVE AV,174,W,N,A,-,N,NA,NA,NA,NA,NA,NA,NA,NA,NA,N,4,0,1,2,A,-,08,22107,NA,N,G,G,A,A,H,-,A,D,0,NA,Y,NA,NA,Y,NA,A,01,0,0,1,0,0,0,1,0,0,-,-,NA,NA,LOS ANGELES,ROSEMEAD,-118.08255326,34.06268
6898133,2015,2015-05-06,1942,2015-04-20,2030,34959,2079,1,5,7,1942,0,0,0,NA,0,20T59,VERMONT AV,PICO BL,219,N,N,A,-,N,NA,NA,NA,NA,NA,NA,NA,NA,NA,Y,4,0,3,3,A,-,01,23152,A,N,C,C,A,A,H,-,C,D,0,NA,NA,NA,NA,Y,Y,D,22,0,0,3,0,0,0,0,0,0,-,-,NA,NA,LOS ANGELES,LOS ANGELES,-118.29160132,34.04786062
6898148,2015,2015-09-08,1900,2015-03-12,1440,527455,0541,4,5,3,1921,0,0,0,NA,0,58T17M,BUENA VISTA ST,CENTRAL AV,48,S,N,A,-,N,NA,NA,NA,NA,NA,NA,NA,NA,NA,N,3,0,1,2,D,-,00,NA,NA,N,D,C,A,A,H,-,A,A,0,NA,NA,NA,NA,Y,NA,-,-,0,1,0,0,0,0,0,0,0,-,-,NA,NA,LOS ANGELES,DUARTE,-117.97756027,34.13577865
6898218,2015,2015-05-04,1900,2015-04-08,1504,522953,0522,3,5,4,1971,0,0,0,NA,0,52T1PM,LAS TUNAS DR,ENCINITA AV,0,NA,Y,A,-,N,NA,NA,NA,NA,NA,NA,NA,NA,NA,Y,3,0,3,2,A,-,09,21801,A,N,D,C,A,A,H,-,A,A,0,NA,NA,NA,NA,Y,NA,A,07,0,2,1,0,0,0,0,0,0,-,-,NA,NA,LOS ANGELES,TEMPLE CITY,-118.06798001,34.10571011
6898219,2015,2016-06-02,1900,2015-04-09,1736,522953,0522,4,5,4,1971,0,0,0,NA,0,52T1PM,BROADWAY,RT 164,168,W,N,A,-,N,NA,NA,NA,NA,NA,NA,NA,NA,NA,Y,4,0,1,3,A,-,03,22350,NA,N,-,C,A,A,H,-,A,A,0,NA,NA,NA,NA,Y,NA,A,07,0,0,1,0,0,0,0,0,0,-,-,NA,NA,LOS ANGELES,TEMPLE CITY,-118.074042,34.099019
6898220,2015,2016-11-05,1929,2015-04-15,1354,159,1929,3,5,3,1929,0,0,0,NA,0,003,PACIFIC COAST HWY,17TH ST,0,NA,Y,A,-,Y,LA,7,1,-,-,21.521,I,5,N,Y,4,0,1,2,A,-,08,22107,NA,N,B,C,A,A,H,-,A,D,0,NA,NA,NA,NA,Y,NA,A,07,0,0,1,0,0,0,0,0,0,-,-,NA,NA,LOS ANGELES,HERMOSA BEACH,-118.39374195,33.86748255
6898382,2015,2015-09-30,1941,2015-04-17,0215,10553,NA,5,5,7,1941,0,0,0,NA,0,NA,OCEAN BL,LOMA AV,100,W,N,A,-,N,NA,NA,NA,NA,NA,NA,NA,NA,NA,Y,4,0,1,3,A,-,07,21658,A,N,B,E,A,A,H,-,C,A,0,NA,NA,NA,NA,Y,NA,-,-,0,0,1,0,0,0,0,0,0,-,-,NA,NA,LOS ANGELES,LONG BEACH,-118.15118614,33.76092119
6898480,2015,2015-09-25,1941,2015-04-15,1847,5927,NA,3,5,7,1941,0,0,0,NA,0,NA,MARINA,2ND ST,0,NA,Y,A,-,N,NA,NA,NA,NA,NA,NA,NA,NA,NA,Y,4,0,1,4,A,-,03,22350,NA,N,C,C,A,A,H,-,A,A,0,NA,NA,NA,NA,Y,NA,-,NA,0,0,1,0,0,0,0,0,0,-,-,NA,NA,LOS ANGELES,LONG BEACH,-118.11324009,33.75763006
6898486,2015,2015-05-07,1942,2015-04-18,0700,40829,0334,6,5,7,1942,0,0,0,C,0,12T41,BRONSON AV,ADAMS BL,331,N,N,A,-,N,NA,NA,NA,NA,NA,NA,NA,NA,NA,N,4,0,1,2,A,-,00,20015,NA,F,H,C,A,A,H,-,A,D,0,NA,NA,NA,NA,Y,NA,-,99,0,0,1,0,0,0,0,0,0,-,-,NA,NA,LOS ANGELES,LOS ANGELES,-118.3338,34.03259
6898487,2015,2015-05-07,1942,2015-04-20,1215,40700,0358,1,5,7,1942,0,0,0,C,0,5TL21,JEFFERSON BL,MCCLINTOCK AV,0,NA,Y,A,-,N,NA,NA,NA,NA,NA,NA,NA,NA,NA,Y,2,0,1,2,A,-,09,21801,A,F,D,C,A,A,H,-,A,A,0,NA,NA,Y,NA,Y,NA,D,22,1,0,0,0,0,0,0,0,1,-,-,NA,NA,LOS ANGELES,LOS ANGELES,-118.28711004,34.02505002
6898489,2015,2015-05-08,1942,2015-03-14,1250,40760,0375,6,5,7,1942,0,0,0,C,0,3TL5,WESTERN AV,41ST ST,60,N,N,A,-,N,NA,NA,NA,NA,NA,NA,NA,NA,NA,N,4,0,1,2,A,-,07,21658,A,N,B,C,A,A,H,-,A,A,0,NA,NA,Y,NA,Y,NA,E,22,0,0,1,0,0,0,0,0,1,-,-,NA,NA,LOS ANGELES,LOS ANGELES,NA,NA
6898490,2015,2015-05-07,1942,2015-04-06,1525,27259,0357,1,5,7,1942,0,0,0,C,0,18T23,JEFFERSON BL,NORMANDIE AV,0,NA,Y,A,-,N,NA,NA,NA,NA,NA,NA,NA,NA,NA,Y,2,0,6,3,A,-,12,21453,A,N,D,C,A,A,H,-,A,A,0,NA,NA,NA,NA,Y,NA,A,01,1,3,2,0,0,0,0,0,0,-,-,NA,NA,LOS ANGELES,LOS ANGELES,-118.30023005,34.02551
6898491,2015,2015-05-20,1942,2015-04-17,2205,41019,0119,5,5,7,1942,0,0,0,A,0,1TL11,CESAR E CHAVEZ AV,VIGNES ST,0,NA,Y,A,-,N,NA,NA,NA,NA,NA,NA,NA,NA,NA,Y,2,0,1,2,A,-,09,21801,A,N,D,C,A,A,H,-,C,A,0,NA,NA,Y,NA,Y,NA,I,10,1,0,0,0,0,0,0,0,1,-,-,NA,NA,LOS ANGELES,LOS ANGELES,-118.23183001,34.05659006
6898492,2015,2015-05-07,1942,2015-04-15,2205,39971,1685,3,5,7,1942,0,0,0,P,0,17TL14,STRATHERN ST,TUJUNGA AV,0,NA,Y,A,-,N,NA,NA,NA,NA,NA,NA,NA,NA,NA,Y,4,0,2,2,A,-,12,21453,A,N,A,C,A,A,H,-,C,A,0,NA,NA,NA,NA,Y,NA,A,01,0,0,2,0,0,0,0,0,0,-,-,NA,NA,LOS ANGELES,LOS ANGELES,-118.3790601,34.21570011
6898498,2015,2015-05-07,1942,2015-04-13,2030,40811,1684,1,5,7,1942,0,0,0,P,0,19T75,STRATHERN ST,LANKERSHIM BL,100,E,N,A,-,N,NA,NA,NA,NA,NA,NA,NA,NA,NA,N,4,0,1,2,A,-,09,21804,A,N,D,C,A,A,H,-,C,D,0,NA,NA,NA,NA,Y,NA,D,22,0,0,1,0,0,0,0,0,0,-,-,NA,NA,LOS ANGELES,LOS ANGELES,-118.38746989,34.21572702
6898499,2015,2015-05-07,1942,2015-04-23,1115,38980,1657,4,5,7,1942,0,0,0,P,0,21T61,VALMONT ST,SILVERTON AV,128,W,N,B,-,N,NA,NA,NA,NA,NA,NA,NA,NA,NA,Y,4,0,1,2,A,-,03,22350,NA,N,C,E,A,A,H,-,A,D,0,NA,NA,NA,NA,Y,NA,D,22,0,0,1,0,0,0,0,0,0,-,-,NA,NA,LOS ANGELES,LOS ANGELES,-118.28504878,34.25215795
6898575,2015,2015-05-18,1942,2015-05-04,0025,34959,0789,1,5,7,1942,0,0,0,G,0,10T59,ARLINGTON AV,WASHINGTON BL,275,N,N,A,-,N,NA,NA,NA,NA,NA,NA,NA,NA,NA,Y,3,0,1,2,A,-,01,23152,A,N,E,I,A,A,H,-,C,D,0,NA,NA,NA,NA,Y,Y,D,22,0,1,0,0,0,0,0,0,0,-,-,NA,NA,LOS ANGELES,LOS ANGELES,-118.31772,34.04064416
6898583,2015,2015-05-27,1942,2015-03-23,1340,40164,1477,1,5,7,1942,0,0,0,NA,0,14T49,MANCHESTER AV,AIRPORT BL,0,NA,Y,A,-,N,NA,NA,NA,NA,NA,NA,NA,NA,NA,Y,4,0,1,2,A,-,09,21801,A,N,A,C,A,A,H,-,A,A,0,NA,NA,NA,NA,Y,NA,A,01,0,0,1,0,0,0,0,0,0,-,-,NA,NA,LOS ANGELES,LOS ANGELES,-118.38554007,33.95981008
6898591,2015,2015-05-18,1942,2015-05-02,2005,25495,0745,6,5,7,1942,0,0,0,G,0,2T23,9TH ST,DUNSMUIR AV,0,NA,Y,A,-,N,NA,NA,NA,NA,NA,NA,NA,NA,NA,Y,4,0,1,2,A,-,12,22450,A,N,C,C,A,A,H,-,C,A,0,NA,NA,NA,NA,Y,NA,D,22,0,0,1,0,0,0,0,0,0,-,-,NA,NA,LOS ANGELES,LOS ANGELES,-118.34962007,34.0589701
6898595,2015,2015-05-18,1942,2015-05-02,1315,38310,0719,6,5,7,1942,0,0,0,G,0,14T52,MELROSE AV,EL CENTRO AV,0,NA,Y,A,-,N,NA,NA,NA,NA,NA,NA,NA,NA,NA,N,3,0,2,2,A,-,09,21801,A,N,D,C,A,A,H,-,A,D,0,NA,NA,NA,NA,Y,NA,D,22,0,1,1,0,0,0,0,0,0,-,-,NA,NA,LOS ANGELES,LOS ANGELES,-118.32447004,34.08350008
6898603,2015,2015-05-19,1942,2015-04-19,1740,40440,0341,7,5,7,1942,0,0,0,C,0,3T57,LA CIENEGA BL,RODEO DR,2960,S,N,A,-,N,NA,NA,NA,NA,NA,NA,NA,NA,NA,Y,3,0,1,1,A,-,01,23152,A,N,E,I,A,A,H,-,A,D,0,NA,NA,NA,NA,Y,Y,D,22,0,1,0,0,0,0,0,0,0,-,-,NA,NA,LOS ANGELES,LOS ANGELES,-118.37402183,34.01385443
6898607,2015,2015-05-19,1942,2015-04-17,2010,39297,0396,5,5,7,1942,0,0,0,C,0,3A62,HOOVER ST,41ST DR,0,NA,Y,A,-,N,NA,NA,NA,NA,NA,NA,NA,NA,NA,Y,4,0,2,2,A,-,12,22450,A,N,D,C,A,A,H,-,C,A,0,NA,NA,NA,NA,Y,NA,A,01,0,0,2,0,0,0,0,0,0,-,-,NA,NA,LOS ANGELES,LOS ANGELES,-118.28723014,34.00872003
6898615,2015,2015-10-08,1942,2015-04-19,0050,40773,0726,7,5,7,1942,0,0,0,G,0,7T23,LA BREA AV,1ST ST,190,N,N,A,-,N,NA,NA,NA,NA,NA,NA,NA,NA,NA,Y,3,0,1,2,A,-,01,23152,A,N,A,E,A,A,H,-,C,D,0,NA,NA,NA,NA,Y,Y,A,01,0,1,0,0,0,0,0,0,0,-,-,NA,NA,LOS ANGELES,LOS ANGELES,-118.34405,34.07409111
6898623,2015,2015-05-20,1942,2015-03-15,0920,40069,0378,7,5,7,1942,0,0,0,C,0,18723,MLK BL,VERMONT AV,189,W,N,A,-,N,NA,NA,NA,NA,NA,NA,NA,NA,NA,Y,4,0,2,4,A,-,09,21801,A,N,D,C,A,A,H,-,A,D,0,NA,NA,NA,NA,Y,NA,A,07,0,0,2,0,0,0,0,0,0,-,-,NA,NA,LOS ANGELES,LOS ANGELES,-118.29215243,34.01087
6898641,2015,2015-05-19,1942,2015-04-24,2145,35580,2015,5,5,7,1942,0,0,0,NA,0,20A1,3RD ST,ALEXANDRIA AV,0,NA,Y,A,-,N,NA,NA,NA,NA,NA,NA,NA,NA,NA,N,4,0,1,2,A,-,09,21801,A,N,D,C,A,A,H,-,C,D,0,NA,NA,NA,NA,Y,Y,A,07,0,0,1,0,0,0,0,0,0,-,-,NA,NA,LOS ANGELES,LOS ANGELES,-118.29790008,34.06903012
6898645,2015,2015-05-19,1942,2015-04-29,1245,40628,0774,3,5,7,1942,0,0,0,G,0,6T7,LA BREA AV,WASHINGTON BL,83,N,N,A,-,N,NA,NA,NA,NA,NA,NA,NA,NA,NA,Y,3,0,1,1,A,-,03,22350,A,N,E,I,A,A,H,-,A,A,0,NA,NA,Y,NA,Y,NA,C,02,0,1,0,0,0,0,0,0,1,-,-,NA,NA,LOS ANGELES,LOS ANGELES,-118.3474353,34.04061645
6898649,2015,2015-05-19,1942,2015-04-19,2225,40123,2036,7,5,7,1942,0,0,0,NA,0,20A74,8TH ST,BERENDO ST,80,W,N,A,-,N,NA,NA,NA,NA,NA,NA,NA,NA,NA,N,3,0,1,2,A,-,11,21955,NA,N,G,B,D,A,H,-,C,D,0,Y,NA,NA,NA,Y,Y,N,60,0,1,0,0,1,0,0,0,0,-,-,NA,NA,LOS ANGELES,LOS ANGELES,-118.29441357,34.05773273
6898653,2015,2015-05-19,1942,2015-04-23,1700,41554,2079,4,5,7,1942,0,0,0,NA,0,20A16,HOOVER ST,VENICE BL,60,S,N,B,-,N,NA,NA,NA,NA,NA,NA,NA,NA,NA,N,3,0,1,2,A,-,09,21804,A,N,D,G,A,A,H,-,A,D,0,NA,Y,NA,NA,Y,NA,A,01,0,1,0,0,0,0,1,0,0,-,-,NA,NA,LOS ANGELES,LOS ANGELES,-118.28414671,34.04363547
6898654,2015,2015-05-19,1942,2015-04-07,2040,35925,0358,2,5,7,1942,0,0,0,C,0,12T23,BILL ROBERTSON LN,EXPOSITION BL,0,NA,Y,A,-,N,NA,NA,NA,NA,NA,NA,NA,NA,NA,Y,4,0,2,2,A,-,12,21453,A,N,A,C,A,A,H,-,C,A,0,NA,NA,NA,NA,Y,NA,A,01,0,0,2,0,0,0,0,0,0,-,-,NA,NA,LOS ANGELES,LOS ANGELES,-118.290098,34.018337
6898657,2015,2015-05-19,1942,2015-04-22,1040,39746,2014,3,5,7,1942,0,0,0,NA,0,34QL11,COUNCIL ST,NORMANDIE AV,0,NA,Y,A,-,N,NA,NA,NA,NA,NA,NA,NA,NA,NA,Y,4,0,1,2,A,-,09,21802,A,N,D,C,A,A,H,-,A,A,0,NA,NA,Y,NA,Y,NA,A,01,0,0,1,0,0,0,0,0,1,-,-,NA,NA,LOS ANGELES,LOS ANGELES,-118.3004101,34.07531002
6898658,2015,2015-05-20,1942,2015-04-11,1915,41056,0376,6,5,7,1942,0,0,0,C,0,3TL5,MARTIN LUTHER KING BL,NORMANDIE AV,0,NA,Y,A,-,N,NA,NA,NA,NA,NA,NA,NA,NA,NA,Y,3,0,3,2,A,-,09,21801,A,N,D,C,A,A,H,-,C,A,0,NA,NA,NA,NA,Y,NA,A,01,0,1,2,0,0,0,0,0,0,-,-,NA,NA,LOS ANGELES,LOS ANGELES,-118.30018003,34.01087009
6898661,2015,2015-05-19,1942,2015-04-12,1405,37966,2015,7,5,7,1942,0,0,0,NA,0,20TL58,VERMONT AV,COUNCIL ST,48,N,N,A,-,N,NA,NA,NA,NA,NA,NA,NA,NA,NA,Y,3,0,1,2,A,-,01,23152,A,N,C,E,A,A,H,-,A,D,0,NA,NA,NA,NA,Y,Y,A,01,0,1,0,0,0,0,0,0,0,-,-,NA,NA,LOS ANGELES,LOS ANGELES,-118.29168737,34.07464162
6898662,2015,2016-04-07,1942,2015-04-04,0110,36754,0562,6,5,7,1942,0,0,0,E,0,18T23,CENTRE ST,7TH ST,18,S,N,A,-,N,NA,NA,NA,NA,NA,NA,NA,NA,NA,N,2,0,1,2,A,-,10,21950,A,F,G,B,B,A,H,-,D,A,0,Y,NA,NA,NA,Y,NA,A,07,1,0,0,0,1,0,0,0,0,-,-,NA,NA,LOS ANGELES,LOS ANGELES,-118.28351512,33.73783082
6898666,2015,2015-05-22,1942,2015-04-06,1220,32758,0513,1,5,7,1942,0,0,0,E,0,5A11,NORMANDIE AV,255TH ST,155,N,N,A,-,N,NA,NA,NA,NA,NA,NA,NA,NA,NA,Y,2,0,2,2,A,-,09,21801,A,N,D,C,A,A,H,-,A,D,0,NA,NA,NA,NA,Y,NA,A,01,1,0,1,0,0,0,0,0,0,-,-,NA,NA,LOS ANGELES,LOS ANGELES,-118.29749,33.79325511
6898670,2015,2015-05-20,1942,2015-04-30,2120,36936,0376,4,5,7,1942,0,0,0,C,0,3T5,NORMANDIE AV,MARTIN LUTHER KING BL,0,NA,Y,A,-,N,NA,NA,NA,NA,NA,NA,NA,NA,NA,Y,2,0,1,2,A,-,09,21801,A,N,A,C,A,A,H,-,C,A,0,NA,NA,Y,NA,Y,NA,A,08,1,0,0,0,0,0,0,0,1,-,-,NA,NA,LOS ANGELES,LOS ANGELES,-118.30018003,34.01087009
6898674,2015,2016-11-05,1942,2015-04-02,1841,41680,0531,4,5,7,1942,0,0,0,E,0,5AU,PACIFIC COAST HWY,SENATOR AV,79,E,N,A,-,Y,LA,7,1,-,-,12.81,H,-,S,Y,2,0,1,1,A,-,03,22350,NA,N,E,I,A,A,H,-,A,A,0,NA,NA,Y,NA,Y,NA,C,02,1,0,0,0,0,0,0,0,1,-,-,NA,NA,LOS ANGELES,LOS ANGELES,-118.30250865,33.78941076
6898677,2015,2016-06-02,1942,2015-04-25,0940,40488,2016,6,5,7,1942,0,0,0,NA,0,20A1,3RD ST,MARIPOSA AV,0,NA,Y,B,-,N,NA,NA,NA,NA,NA,NA,NA,NA,NA,NA,3,0,2,2,A,-,09,21802,A,N,D,C,A,A,H,-,A,A,0,NA,NA,Y,NA,Y,NA,A,01,0,2,0,0,0,0,0,0,1,-,-,NA,NA,LOS ANGELES,LOS ANGELES,-118.29915014,34.06902005
6898678,2015,2015-05-20,1942,2015-04-24,1920,40440,0397,5,5,7,1942,0,0,0,C,0,12T73,DENKER AV,42ND PL,0,NA,Y,A,-,N,NA,NA,NA,NA,NA,NA,NA,NA,NA,Y,4,0,1,2,A,-,09,21802,A,F,D,C,A,A,H,-,C,A,0,NA,NA,NA,NA,Y,NA,-,99,0,0,1,0,0,0,0,0,0,-,-,NA,NA,LOS ANGELES,LOS ANGELES,-118.30456003,34.00606003
6898682,2015,2016-11-05,1942,2015-04-12,1230,40476,0531,7,5,7,1942,0,0,0,E,0,3TL5,PACIFIC COAST HWY,PRESIDENT AV,200,E,N,A,-,Y,LA,7,1,-,-,12.87,H,-,N,N,4,0,2,2,A,-,01,23152,A,F,B,C,A,A,H,-,A,A,0,NA,NA,NA,NA,Y,Y,A,01,0,0,2,0,0,0,0,0,0,-,-,NA,NA,LOS ANGELES,LOS ANGELES,-118.30356066,33.78952821
6898686,2015,2016-04-12,1942,2015-04-24,1645,40463,0301,5,5,7,1942,0,0,0,C,0,12T73W,LA CIENEGA BL,JEFFERSON BL,0,NA,Y,B,-,N,NA,NA,NA,NA,NA,NA,NA,NA,NA,N,4,0,1,2,A,-,08,22100,B,F,B,C,A,A,H,-,A,A,0,NA,NA,NA,NA,Y,NA,-,99,0,0,1,0,0,0,0,0,0,-,-,NA,NA,LOS ANGELES,LOS ANGELES,-118.37208,34.02653007
6898688,2015,2015-05-15,1967,2015-04-25,1330,40278,942,6,5,2,1967,0,0,0,NA,0,SOUTH,WILLOW ST,JUNIPERO AV,6,E,N,A,F,N,NA,NA,NA,NA,NA,NA,NA,NA,NA,N,3,0,1,1,C,-,18,NA,NA,N,F,A,A,A,H,-,A,D,0,NA,NA,Y,NA,Y,NA,-,-,0,1,0,0,0,0,0,0,1,-,-,NA,NA,LOS ANGELES,SIGNAL HILL,-118.16324029,33.80449
6898690,2015,2015-05-19,1942,2015-04-23,1030,35393,0516,4,5,7,1942,0,0,0,E,0,5TL21,AVALON BL,M ST,250,S,N,A,-,N,NA,NA,NA,NA,NA,NA,NA,NA,NA,N,4,0,1,2,A,-,03,22350,NA,F,C,C,A,A,H,-,A,D,0,NA,NA,NA,NA,Y,NA,-,99,0,0,1,0,0,0,0,0,0,-,-,NA,NA,LOS ANGELES,LOS ANGELES,-118.26308159,33.7881461
6898692,2015,2015-05-15,1967,2015-04-20,1740,40185,911,1,5,2,1967,0,0,0,NA,0,NORTH,WALNUT AV,28TH,0,NA,Y,A,-,N,NA,NA,NA,NA,NA,NA,NA,NA,NA,N,4,0,1,2,D,-,00,NA,NA,F,D,G,A,A,H,-,A,D,0,NA,Y,NA,NA,Y,NA,-,-,0,0,1,0,0,0,1,0,0,-,-,NA,NA,LOS ANGELES,SIGNAL HILL,-118.17198009,33.80803006
6898694,2015,2015-05-20,1942,2015-04-24,1420,40440,0361,5,5,7,1942,0,0,0,C,0,12T73W,LA BREA AV,COLISEUM ST,30,S,N,B,-,N,NA,NA,NA,NA,NA,NA,NA,NA,NA,N,4,0,1,3,A,-,03,22350,NA,F,C,C,A,A,H,-,A,A,0,NA,NA,NA,NA,Y,NA,-,99,0,0,1,0,0,0,0,0,0,-,-,NA,NA,LOS ANGELES,LOS ANGELES,-118.35560912,34.01822927
6898698,2015,2015-05-19,1942,2015-04-15,1610,38007,0705,3,5,7,1942,0,0,0,G,0,7X52,WARING AV,FORMOSA AV,15,W,N,A,-,N,NA,NA,NA,NA,NA,NA,NA,NA,NA,N,4,0,4,3,D,-,00,NA,NA,N,C,C,A,A,H,-,A,-,0,NA,NA,NA,NA,Y,NA,-,-,0,0,4,0,0,0,0,0,0,-,-,NA,NA,LOS ANGELES,LOS ANGELES,-118.34629944,34.08526041
6898702,2015,2015-05-19,1942,2015-04-30,1620,37700,0721,4,5,7,1942,0,0,0,G,0,14T52,BURTON WY,LA PEER DR,0,NA,Y,A,-,N,NA,NA,NA,NA,NA,NA,NA,NA,NA,Y,4,0,1,2,A,-,09,21801,A,N,D,C,A,A,H,-,A,A,0,NA,NA,NA,NA,Y,NA,A,01,0,0,1,0,0,0,0,0,0,-,-,NA,NA,LOS ANGELES,LOS ANGELES,-118.38679004,34.07233002
6898706,2015,2015-05-19,1942,2015-04-08,1540,39177,0509,3,5,7,1942,0,0,0,E,0,3T57,WESTERN AV,N LOMITA BL,157,N,N,A,-,N,NA,NA,NA,NA,NA,NA,NA,NA,NA,Y,2,0,3,1,A,-,03,22350,NA,N,F,J,A,A,H,-,A,D,0,NA,NA,NA,NA,Y,NA,A,01,1,2,0,0,0,0,0,0,0,-,-,NA,NA,LOS ANGELES,LOS ANGELES,-118.30764139,33.79825054
6898710,2015,2015-05-19,1942,2015-04-16,1700,39546,0719,4,5,7,1942,0,0,0,G,0,7TL38,BEVERLY BL,ROSSMORE AV,25,W,N,A,-,N,NA,NA,NA,NA,NA,NA,NA,NA,NA,Y,4,0,1,2,A,-,03,22350,NA,N,C,E,A,A,H,-,A,D,0,NA,NA,Y,NA,Y,NA,C,02,0,0,1,0,0,0,0,0,1,-,-,NA,NA,LOS ANGELES,LOS ANGELES,-118.32727196,34.07604659
6898714,2015,2015-05-19,1942,2015-04-30,0605,46835,0721,4,5,7,1942,0,0,0,G,0,7A53,LA CIENEGA BL,SAN VICENTE BL,0,NA,Y,A,-,N,NA,NA,NA,NA,NA,NA,NA,NA,NA,Y,3,0,2,2,A,-,09,21801,A,N,A,C,A,A,H,-,A,D,0,NA,NA,NA,NA,Y,NA,A,01,0,1,1,0,0,0,0,0,0,-,-,NA,NA,LOS ANGELES,LOS ANGELES,-118.37639,34.07127007
6898718,2015,2015-05-19,1942,2015-04-22,1305,38594,0379,3,5,7,1942,0,0,0,C,0,3473,S HARBORT,42ND PL,177,N,N,A,-,N,NA,NA,NA,NA,NA,NA,NA,NA,NA,N,3,0,1,2,A,-,03,22350,NA,F,B,E,A,A,H,-,A,B,0,NA,NA,NA,NA,Y,NA,-,99,0,1,0,0,0,0,0,0,0,-,-,NA,NA,LOS ANGELES,LOS ANGELES,NA,NA
6898749,2015,2017-01-03,9580,2015-04-04,0402,20345,NA,6,3,7,1942,0,1,2,NA,2,100,RT 101,TUJUNGA AV,20,N,N,A,-,Y,LA,7,101,-,-,11.84,H,-,S,Y,3,0,1,1,A,-,01,23152,A,N,E,I,A,A,H,-,C,D,1,NA,NA,NA,NA,Y,Y,A,01,0,1,0,0,0,0,0,0,0,TO,-,34.15401,-118.37867,LOS ANGELES,LOS ANGELES,-118.37881027,34.15387927
6898765,2015,2015-05-06,1942,2015-04-22,0225,40773,0734,3,5,7,1942,0,0,0,G,0,7T71,3RD ST,FAIRFAX AV,0,NA,Y,A,-,N,NA,NA,NA,NA,NA,NA,NA,NA,NA,Y,3,0,3,2,A,-,01,23152,A,N,D,C,A,A,H,-,C,A,0,NA,NA,NA,NA,Y,Y,A,01,0,1,2,0,0,0,0,0,0,-,-,NA,NA,LOS ANGELES,LOS ANGELES,-118.36144013,34.07155008
6898824,2015,2016-06-02,9565,2015-04-04,0350,020785,NA,6,3,9,1900,0,3,5,NA,2,002,BUDLONG AV,87TH ST,0,NA,Y,A,-,N,NA,NA,NA,NA,NA,NA,NA,NA,NA,Y,4,0,1,3,A,-,01,23152,A,N,D,C,A,A,H,-,C,A,0,NA,NA,NA,NA,Y,Y,A,07,0,0,1,0,0,0,0,0,0,-,-,33.95892,-118.29589,LOS ANGELES,UNINCORPORATED,-118.29592001,33.95897003
6898840,2015,2016-11-07,9565,2015-04-03,1745,020573,NA,5,2,7,1942,0,1,1,NA,2,083,RT 10,ROBERTSON BL,500,W,N,A,-,Y,LA,7,10,-,R,7.83,H,-,E,NA,4,0,1,2,A,-,03,22350,NA,N,C,C,A,A,H,-,A,D,1,NA,NA,NA,NA,Y,NA,A,01,0,0,1,0,0,0,0,0,0,-,-,34.02908,-118.39882,LOS ANGELES,LOS ANGELES,-118.3928574,34.02974491
6898844,2015,2016-11-19,9565,2015-04-05,0125,020518,NA,7,3,4,1918,0,1,1,NA,2,061,RT 405,BRADDOCK DR,1000,S,N,A,-,Y,LA,7,405,-,-,27.01,H,-,S,Y,3,0,3,4,A,-,03,22350,NA,M,C,C,A,A,H,-,C,D,1,NA,NA,NA,NA,Y,NA,A,07,0,1,2,0,0,0,0,0,0,-,-,33.99652,-118.40624,LOS ANGELES,CULVER CITY,-118.40939248,34.00055472
6898848,2015,2016-12-09,9565,2015-04-07,0500,20710,NA,2,3,5,1928,0,1,1,NA,2,060,RT 405,ROSECRANS AV,300,S,N,A,-,Y,LA,7,405,-,-,18.98,H,-,N,N,4,0,1,2,A,-,08,22107,NA,N,B,C,A,A,H,-,D,D,1,NA,NA,NA,NA,Y,NA,D,22,0,0,1,0,0,0,0,0,0,-,-,33.90111,-118.36718,LOS ANGELES,HAWTHORNE,-118.36994332,33.89814997