CASE_ID,ACCIDENT_YEAR,PROC_DATE,JURIS,COLLISION_DATE,COLLISION_TIME,OFFICER_ID,REPORTING_DISTRICT,DAY_OF_WEEK,CHP_SHIFT,POPULATION,CNTY_CITY_LOC,SPECIAL_COND,BEAT_TYPE,CHP_BEAT_TYPE,CITY_DIVISION_LAPD,CHP_BEAT_CLASS,BEAT_NUMBER,PRIMARY_RD,SECONDARY_RD,DISTANCE,DIRECTION,INTERSECTION,WEATHER_1,WEATHER_2,STATE_HWY_IND,CALTRANS_COUNTY,CALTRANS_DISTRICT,STATE_ROUTE,ROUTE_SUFFIX,POSTMILE_PREFIX,POSTMILE,LOCATION_TYPE,RAMP_INTERSECTION,SIDE_OF_HWY,TOW_AWAY,COLLISION_SEVERITY,NUMBER_KILLED,NUMBER_INJURED,PARTY_COUNT,PRIMARY_COLL_FACTOR,PCF_CODE_OF_VIOL,PCF_VIOL_CATEGORY,PCF_VIOLATION,PCF_VIOL_SUBSECTION,HIT_AND_RUN,TYPE_OF_COLLISION,MVIW,PED_ACTION,ROAD_SURFACE,ROAD_COND_1,ROAD_COND_2,LIGHTING,CONTROL_DEVICE,CHP_ROAD_TYPE,PEDESTRIAN_ACCIDENT,BICYCLE_ACCIDENT,MOTORCYCLE_ACCIDENT,TRUCK_ACCIDENT,NOT_PRIVATE_PROPERTY,ALCOHOL_INVOLVED,STWD_VEHTYPE_AT_FAULT,CHP_VEHTYPE_AT_FAULT,COUNT_SEVERE_INJ,COUNT_VISIBLE_INJ,COUNT_COMPLAINT_PAIN,COUNT_PED_KILLED,COUNT_PED_INJURED,COUNT_BICYCLIST_KILLED,COUNT_BICYCLIST_INJURED,COUNT_MC_KILLED,COUNT_MC_INJURED,PRIMARY_RAMP,SECONDARY_RAMP,LATITUDE,LONGITUDE,COUNTY,CITY,POINT_X,POINT_Y
6902582,2015,2015-08-19,1900,2015-04-17,0452,453085,2113,5,5,5,1943,0,0,0,NA,0,212T4,ABBOTT RD,SAN CARLOS AV,105,W,N,A,-,N,NA,NA,NA,NA,NA,NA,NA,NA,NA,N,3,0,1,2,A,-,11,21954,A,N,G,B,D,A,H,-,C,D,0,Y,NA,NA,NA,Y,NA,N,60,0,1,0,0,1,0,0,0,0,-,-,NA,NA,LOS ANGELES,LYNWOOD,-118.20661265,33.93615386
6902586,2015,2015-08-20,1900,2015-04-23,1640,525194,211,4,5,5,1943,0,0,0,NA,0,212T3,LONG BEACH BL,CARLIN AV,0,NA,Y,A,B,N,NA,NA,NA,NA,NA,NA,NA,NA,NA,N,4,0,3,2,A,-,09,21801,A,N,D,C,A,A,H,-,A,A,0,NA,NA,NA,NA,Y,NA,A,01,0,0,3,0,0,0,0,0,0,-,-,NA,NA,LOS ANGELES,LYNWOOD,-118.2092801,33.91479009
6902595,2015,2016-11-05,1941,2015-04-18,0846,6110,NA,6,5,7,1941,0,0,0,NA,0,NA,PACIFIC COAST HWY,WALNUT AV,0,NA,Y,A,-,Y,LA,7,1,-,-,5.261,I,5,N,Y,3,0,1,2,A,-,12,21453,A,M,D,C,A,A,H,-,A,A,0,NA,NA,NA,NA,Y,NA,A,NA,0,1,0,0,0,0,0,0,0,-,-,NA,NA,LOS ANGELES,LONG BEACH,-118.17191315,33.78991731
6902600,2015,2015-10-05,1941,2015-04-22,1328,6049,NA,3,5,7,1941,0,0,0,NA,0,NA,3RD ST,PACIFIC AV,0,NA,Y,A,-,N,NA,NA,NA,NA,NA,NA,NA,NA,NA,N,3,0,1,2,A,-,12,21453,A,N,D,G,A,A,H,-,A,A,0,NA,Y,NA,NA,Y,NA,L,NA,0,1,0,0,0,0,1,0,0,-,-,NA,NA,LOS ANGELES,LONG BEACH,-118.19372,33.77050011
6902612,2015,2016-06-01,1941,2015-04-22,0759,5685,NA,3,5,7,1941,0,0,0,NA,0,NA,ANAHEIM ST,FREEMAN AV,0,NA,Y,B,-,N,NA,NA,NA,NA,NA,NA,NA,NA,NA,Y,4,0,1,2,A,-,09,21801,A,N,D,C,A,A,H,-,A,D,0,NA,NA,NA,NA,Y,NA,A,NA,0,0,1,0,0,0,0,0,0,-,-,NA,NA,LOS ANGELES,LONG BEACH,-118.15568006,33.78260004
6902655,2015,2015-05-07,1900,2015-04-11,1850,540658,1127,6,5,6,1992,0,0,0,NA,0,112T1,AVENUE J,30TH ST WEST,30,E,N,A,-,N,NA,NA,NA,NA,NA,NA,NA,NA,NA,N,4,0,2,2,A,-,03,22350,NA,F,C,C,A,A,H,-,A,A,0,NA,NA,NA,NA,Y,NA,-,99,0,0,2,0,0,0,0,0,0,-,-,NA,NA,LOS ANGELES,LANCASTER,-118.18373045,34.68937246
6902659,2015,2015-05-07,1972,2015-04-19,1437,16610,NA,7,5,6,1972,0,0,0,NA,0,NA,LOMITA BL,HOSPITAL AND TECH DR,96,W,N,A,-,N,NA,NA,NA,NA,NA,NA,NA,NA,NA,Y,3,0,1,2,A,-,08,22107,NA,N,B,C,A,A,H,-,A,D,0,NA,NA,Y,NA,Y,NA,A,NA,0,1,0,0,0,0,0,0,1,-,-,NA,NA,LOS ANGELES,TORRANCE,-118.342536,33.812123
6902663,2015,2016-11-30,1972,2015-04-12,1430,16610,NA,7,5,6,1972,0,0,0,NA,0,NA,HAWTHORN BL,EMERALD ST,87,S,N,A,-,Y,LA,7,107,-,-,2.49,H,-,S,N,3,0,1,2,A,-,09,21804,B,N,D,G,A,A,H,-,A,D,0,NA,Y,NA,NA,Y,NA,L,NA,0,1,0,0,0,0,1,0,0,-,-,NA,NA,LOS ANGELES,TORRANCE,-118.35383192,33.8410385
6902667,2015,2015-05-18,1972,2015-04-03,1804,19522,NA,5,5,6,1972,0,0,0,NA,0,NA,182ND ST,PURCHE AV,18,W,N,A,-,N,NA,NA,NA,NA,NA,NA,NA,NA,NA,Y,3,0,1,3,A,-,09,21804,A,N,D,C,A,A,H,-,A,D,0,NA,NA,NA,NA,Y,NA,A,NA,0,1,0,0,0,0,0,0,0,-,-,NA,NA,LOS ANGELES,TORRANCE,-118.32028918,33.8656
6902671,2015,2015-05-07,1972,2015-04-10,2205,19522,NA,5,5,6,1972,0,0,0,NA,0,NA,PRAIRIE AV,DEL AMO BL,570,N,N,A,-,N,NA,NA,NA,NA,NA,NA,NA,NA,NA,Y,4,0,1,1,A,-,08,22107,NA,N,E,I,A,A,H,-,C,D,0,NA,NA,NA,NA,Y,NA,A,NA,0,0,1,0,0,0,0,0,0,-,-,NA,NA,LOS ANGELES,TORRANCE,-118.34535166,33.85014311
6902672,2015,2015-05-07,1941,2015-04-06,1150,5407,NA,1,5,7,1941,0,0,0,NA,0,NA,REDONDO AV,BURNETT ST,600,S,N,A,-,N,NA,NA,NA,NA,NA,NA,NA,NA,NA,NA,4,0,2,4,A,-,03,22350,NA,N,C,C,A,A,H,-,A,A,0,NA,NA,NA,NA,Y,NA,A,01,0,0,2,0,0,0,0,0,0,-,-,NA,NA,LOS ANGELES,LONG BEACH,-118.15138528,33.79981466
6902675,2015,2015-05-07,1972,2015-04-15,1543,18450,NA,3,5,6,1972,0,0,0,NA,0,NA,SEPULVEDA BL,OCEAN,120,E,N,A,-,N,NA,NA,NA,NA,NA,NA,NA,NA,NA,Y,3,0,1,2,A,-,09,21801,A,N,D,C,A,A,H,-,A,D,0,NA,NA,NA,NA,Y,NA,A,NA,0,1,0,0,0,0,0,0,0,-,-,NA,NA,LOS ANGELES,TORRANCE,-118.35425695,33.8257932
6902676,2015,2015-05-22,1941,2015-04-20,1549,10658,NA,1,5,7,1941,0,0,0,NA,0,NA,GALE,19TH ST,119,N,N,A,-,N,NA,NA,NA,NA,NA,NA,NA,NA,NA,N,4,0,1,2,A,-,10,21952,NA,N,G,B,F,A,H,-,A,D,0,Y,NA,NA,NA,Y,NA,A,NA,0,0,1,0,1,0,0,0,0,-,-,NA,NA,LOS ANGELES,LONG BEACH,-118.20790359,33.79246373
6902679,2015,2015-05-07,1972,2015-04-01,1830,20350,NA,3,5,6,1972,0,0,0,NA,0,NA,CRENSHAW BL,REDONDO BEACH BL,20,S,N,A,-,N,NA,NA,NA,NA,NA,NA,NA,NA,NA,N,4,0,1,2,A,-,03,22350,NA,N,C,C,A,A,H,-,A,A,0,NA,NA,NA,NA,Y,NA,A,NA,0,0,1,0,0,0,0,0,0,-,-,NA,NA,LOS ANGELES,TORRANCE,-118.32652817,33.88284517
6902680,2015,2015-05-08,1941,2015-04-24,2500,6321,NA,5,5,7,1941,0,0,0,NA,0,NA,33RD ST,ATLANTIC,3,E,N,A,-,N,NA,NA,NA,NA,NA,NA,NA,NA,NA,N,4,0,1,2,A,-,10,21950,A,N,G,B,B,A,H,-,C,A,0,Y,NA,NA,NA,Y,NA,A,NA,0,0,1,0,1,0,0,0,0,-,-,NA,NA,LOS ANGELES,LONG BEACH,-118.18502021,33.81709902
6902683,2015,2015-05-07,1972,2015-04-07,2106,20273,NA,2,5,6,1972,0,0,0,NA,0,NA,TORRANCE,GREENWOOD,20,E,N,C,-,N,NA,NA,NA,NA,NA,NA,NA,NA,NA,Y,3,0,1,4,A,-,03,22350,NA,N,C,C,A,B,H,-,C,D,0,NA,NA,Y,NA,Y,Y,C,NA,0,1,0,0,0,0,0,0,1,-,-,NA,NA,LOS ANGELES,TORRANCE,-118.33340428,33.83630098
6902684,2015,2015-05-13,1941,2015-04-22,1547,10672,NA,3,5,7,1941,0,0,0,NA,0,NA,CHERRY AV,WARDLOW RD,350,N,N,A,-,N,NA,NA,NA,NA,NA,NA,NA,NA,NA,Y,3,0,1,1,D,-,00,NA,NA,N,E,I,A,A,H,-,A,D,0,NA,NA,NA,NA,Y,NA,-,-,0,1,0,0,0,0,0,0,0,-,-,NA,NA,LOS ANGELES,LONG BEACH,-118.16754889,33.81987028
6902687,2015,2015-05-07,1972,2015-04-17,1324,10450,NA,5,5,6,1972,0,0,0,NA,0,NA,SEPULVEDA BL,ARLINGTON,414,W,N,A,-,N,NA,NA,NA,NA,NA,NA,NA,NA,NA,Y,4,0,1,2,A,-,09,21801,A,N,D,C,A,A,H,-,A,D,0,NA,NA,NA,NA,Y,NA,A,NA,0,0,1,0,0,0,0,0,0,-,-,NA,NA,LOS ANGELES,TORRANCE,-118.32106687,33.82038489
6902688,2015,2015-05-07,1941,2015-04-21,0800,10325,NA,2,5,7,1941,0,0,0,NA,0,NA,BELMONT AV,ANAHEIM ST,16,S,N,A,-,N,NA,NA,NA,NA,NA,NA,NA,NA,NA,N,3,0,1,2,A,-,09,21801,A,N,D,G,A,A,H,-,A,D,0,NA,Y,NA,NA,Y,NA,A,NA,0,1,0,0,0,0,1,0,0,-,-,NA,NA,LOS ANGELES,LONG BEACH,-118.14483976,33.78255612
6902691,2015,2015-05-07,1972,2015-04-17,2055,19767,NA,5,5,6,1972,0,0,0,NA,0,NA,PLAZA DEL AMO,CARSON ST,1300,S,N,A,-,N,NA,NA,NA,NA,NA,NA,NA,NA,NA,Y,4,0,1,1,A,-,08,22107,NA,N,E,I,A,A,H,-,C,D,0,NA,NA,NA,NA,Y,NA,A,NA,0,0,1,0,0,0,0,0,0,-,-,NA,NA,LOS ANGELES,TORRANCE,-118.32187842,33.82861528
6902692,2015,2015-05-07,1941,2015-04-23,1657,6228,NA,4,5,7,1941,0,0,0,NA,0,NA,34TH ST,SANTA FE AV,200,W,N,A,-,N,NA,NA,NA,NA,NA,NA,NA,NA,NA,Y,4,0,1,2,A,-,08,22107,NA,N,C,E,A,A,H,-,A,D,0,NA,NA,NA,NA,Y,NA,A,NA,0,0,1,0,0,0,0,0,0,-,-,NA,NA,LOS ANGELES,LONG BEACH,-118.21554,33.81892
6902696,2015,2015-05-07,1941,2015-04-19,1443,10130,NA,7,5,7,1941,0,0,0,NA,0,NA,EAST OCEAN BL,E OCEAN BL 1415,0,NA,N,A,-,N,NA,NA,NA,NA,NA,NA,NA,NA,NA,Y,3,0,2,7,A,-,07,21658,A,N,C,C,A,A,H,-,A,D,0,NA,NA,NA,NA,Y,NA,A,NA,0,2,0,0,0,0,0,0,0,-,-,NA,NA,LOS ANGELES,LONG BEACH,-118.174346,33.765274
6902697,2015,2015-05-07,1941,2015-04-23,0828,4046,NA,4,5,7,1941,0,0,0,NA,0,NA,ARTESIA,OBISPO,0,NA,Y,A,-,N,NA,NA,NA,NA,NA,NA,NA,NA,NA,Y,4,0,1,2,A,-,09,21801,NA,N,D,C,A,A,H,-,A,A,0,NA,NA,NA,NA,Y,NA,A,NA,0,0,1,0,0,0,0,0,0,-,-,NA,NA,LOS ANGELES,LONG BEACH,-118.15565012,33.87477006
6902700,2015,2015-05-18,1941,2015-04-24,2035,10658,NA,5,5,7,1941,0,0,0,NA,0,NA,ORANGE AV,HILL ST,150,S,N,A,-,N,NA,NA,NA,NA,NA,NA,NA,NA,NA,N,4,0,1,2,A,-,03,22350,NA,N,C,C,A,A,H,-,C,A,0,NA,NA,NA,NA,Y,NA,-,-,0,0,1,0,0,0,0,0,0,-,-,NA,NA,LOS ANGELES,LONG BEACH,-118.17646584,33.79653679
6902753,2015,2015-05-14,1900,2015-02-26,1245,476816,1323,4,5,5,1935,0,0,0,NA,0,132T1,CANDLEWOOD ST,PARAMOUNT BL,0,NA,Y,A,-,N,NA,NA,NA,NA,NA,NA,NA,NA,NA,Y,4,0,1,2,A,-,09,21801,A,N,D,C,A,A,H,-,A,A,0,NA,NA,NA,NA,Y,NA,A,NA,0,0,1,0,0,0,0,0,0,-,-,NA,NA,LOS ANGELES,LAKEWOOD,-118.15986002,33.85382006
6902757,2015,2015-05-14,1900,2015-02-26,1408,505273,1366,4,5,5,1952,0,0,0,NA,0,136D,ALONDRA BL,ORANGE AV,150,E,N,A,-,N,NA,NA,NA,NA,NA,NA,NA,NA,NA,Y,4,0,1,2,A,-,04,21703,NA,N,C,C,A,A,H,-,A,D,0,NA,NA,NA,NA,Y,NA,A,NA,0,0,1,0,0,0,0,0,0,-,-,NA,NA,LOS ANGELES,PARAMOUNT,-118.17704677,33.88917
6902761,2015,2015-06-03,1900,2015-02-26,1900,547282,NA,4,5,5,1908,0,0,0,NA,0,133T1,WOODRUFF AV,ARTESIA BL,200,S,N,A,-,N,NA,NA,NA,NA,NA,NA,NA,NA,NA,Y,4,0,1,3,A,-,03,22350,NA,N,C,C,A,A,H,-,A,A,0,NA,NA,NA,Y,Y,NA,F,26,0,0,1,0,0,0,0,0,0,-,-,NA,NA,LOS ANGELES,BELLFLOWER,-118.11728,33.87234166
6902852,2015,2015-05-14,9550,2015-02-10,0750,19293,NA,2,1,9,1900,0,3,5,NA,2,002,MEYER RD,FIDEL AV,150,W,N,A,-,N,NA,NA,NA,NA,NA,NA,NA,NA,NA,N,4,0,1,2,A,-,21,22106,NA,N,G,B,F,A,H,-,A,D,0,Y,NA,NA,NA,Y,NA,A,07,0,0,1,0,1,0,0,0,0,-,-,33.92903,-118.05122,LOS ANGELES,UNINCORPORATED,-118.05105549,33.9290468
6902880,2015,2015-05-14,9550,2015-02-11,0730,19939,NA,3,1,9,1900,0,3,5,NA,2,003,COLIMA RD,AVALO DR,0,NA,Y,A,-,N,NA,NA,NA,NA,NA,NA,NA,NA,NA,N,4,0,1,2,A,-,10,21950,A,N,G,B,B,A,H,-,A,A,0,Y,NA,NA,NA,Y,NA,A,01,0,0,1,0,1,0,0,0,0,-,-,33.98066,-117.97681,LOS ANGELES,UNINCORPORATED,-117.97708003,33.98078012
6902883,2015,2015-08-20,1942,2015-04-27,1710,36754,1257,1,5,7,1942,0,0,0,L,0,3T57-W,HOOVER ST,76TH ST,75,N,N,A,-,N,NA,NA,NA,NA,NA,NA,NA,NA,NA,Y,4,0,1,2,A,-,03,22350,NA,F,C,C,A,A,H,-,A,D,0,NA,NA,NA,NA,Y,NA,A,01,0,0,1,0,0,0,0,0,0,-,-,NA,NA,LOS ANGELES,LOS ANGELES,-118.28712,33.97095569
6902892,2015,2015-05-13,1973,2015-03-01,2305,529,1973,7,5,1,1973,0,0,0,NA,0,001,SANTA FE AV,52ND ST,56,N,N,C,-,N,NA,NA,NA,NA,NA,NA,NA,NA,NA,Y,4,0,1,2,A,-,01,23153,A,N,C,C,A,B,H,-,C,D,0,NA,NA,NA,NA,Y,Y,D,22,0,0,1,0,0,0,0,0,0,-,-,NA,NA,LOS ANGELES,VERNON,-118.23026978,33.99583334
6902896,2015,2015-05-13,1973,2015-03-03,0632,616,1973,2,5,1,1973,0,0,0,NA,0,002,SLAUSON AV,MALBURG WY,21,W,N,A,-,N,NA,NA,NA,NA,NA,NA,NA,NA,NA,N,4,0,2,3,A,-,12,21453,A,N,A,B,B,A,H,-,A,A,0,Y,NA,NA,NA,Y,NA,-,NA,0,0,2,0,2,0,0,0,0,-,-,NA,NA,LOS ANGELES,VERNON,-118.20459703,33.98911411
6902900,2015,2015-05-19,1973,2015-03-03,2020,616,1973,2,5,1,1973,0,0,0,NA,0,003,ATLANTIC BL,BANDINI BL,741,S,N,A,-,N,NA,NA,NA,NA,NA,NA,NA,NA,NA,Y,4,0,1,2,A,-,01,23152,A,N,C,C,A,A,H,-,C,D,0,NA,NA,NA,NA,Y,Y,-,NA,0,0,1,0,0,0,0,0,0,-,-,NA,NA,LOS ANGELES,VERNON,-118.17759795,33.99737344
6902916,2015,2015-05-20,1973,2015-03-25,1522,628,1973,3,5,1,1973,0,0,0,NA,0,AREA1,E 37TH ST,S SOTO ST,0,NA,Y,A,-,N,NA,NA,NA,NA,NA,NA,NA,NA,NA,N,3,0,2,2,A,-,09,21801,NA,N,D,D,A,A,H,-,A,A,0,NA,NA,NA,NA,Y,NA,A,01,0,2,0,0,0,0,0,0,0,-,-,NA,NA,LOS ANGELES,VERNON,-118.21974007,34.0089201
6902934,2015,2015-08-20,1967,2015-04-22,1345,116,905,3,5,2,1967,0,0,0,NA,0,NA,CALIFORNIA AV,PATTERSON,67,S,N,A,-,N,NA,NA,NA,NA,NA,NA,NA,NA,NA,Y,4,0,1,2,A,-,03,22350,NA,N,C,C,A,A,H,-,A,D,0,NA,NA,NA,NA,Y,NA,D,22,0,0,1,0,0,0,0,0,0,-,-,NA,NA,LOS ANGELES,SIGNAL HILL,-118.180702,33.80692627
6902966,2015,2015-05-20,1973,2015-04-15,0749,581,1973,3,5,1,1973,0,0,0,NA,0,001,ALAMEDA ST,VERNON AV,0,NA,Y,A,-,N,NA,NA,NA,NA,NA,NA,NA,NA,NA,N,4,0,1,3,A,-,12,21453,A,N,D,C,A,A,H,-,A,A,0,NA,NA,NA,NA,Y,NA,A,01,0,0,1,0,0,0,0,0,0,-,-,NA,NA,LOS ANGELES,VERNON,-118.23918012,34.00393008
6902970,2015,2015-05-20,1973,2015-04-11,1856,639,1973,6,5,1,1973,0,0,0,NA,0,001,VERNON AV,SOTO ST,0,NA,Y,A,-,N,NA,NA,NA,NA,NA,NA,NA,NA,NA,Y,3,0,1,2,A,-,09,21801,NA,F,D,C,A,A,H,-,A,A,0,NA,NA,NA,NA,Y,Y,A,01,0,1,0,0,0,0,0,0,0,-,-,NA,NA,LOS ANGELES,VERNON,-118.21967004,34.00545005
6902972,2015,2015-05-11,1967,2015-04-14,1752,40275,913,2,5,2,1967,0,0,0,NA,0,NORTH,SPRING,CHERRY AV,386,E,N,A,-,N,NA,NA,NA,NA,NA,NA,NA,NA,NA,Y,4,0,1,2,A,-,03,22350,NA,N,C,C,A,A,H,-,A,A,0,NA,NA,NA,NA,Y,NA,A,01,0,0,1,0,0,0,0,0,0,-,-,NA,NA,LOS ANGELES,SIGNAL HILL,-118.16633191,33.81167
6902976,2015,2015-05-11,1900,2015-04-24,1717,520726,0531,5,5,5,1959,0,0,0,NA,0,53T1,VALLEY BL,WALNUT GROVE AV,523,W,N,A,-,N,NA,NA,NA,NA,NA,NA,NA,NA,NA,Y,4,0,3,2,A,-,04,21703,NA,N,-,C,A,A,H,-,A,D,0,NA,NA,NA,NA,Y,NA,A,01,0,0,3,0,0,0,0,0,0,-,-,NA,NA,LOS ANGELES,ROSEMEAD,-118.08376121,34.0804569
6902978,2015,2015-05-20,1942,2015-04-16,1045,37952,1171,4,5,7,1942,0,0,0,K,0,4TL4,SUNSET BL,SANBORN AV,0,NA,Y,A,-,N,NA,NA,NA,NA,NA,NA,NA,NA,NA,Y,3,0,1,2,A,-,12,21453,A,N,H,-,A,A,H,-,A,A,0,NA,NA,Y,NA,Y,NA,A,01,0,1,0,0,0,0,0,0,1,-,-,NA,NA,LOS ANGELES,LOS ANGELES,-118.2803601,34.09246001
6902980,2015,2015-05-11,1900,2015-04-20,0830,529472,0531,1,5,5,1959,0,0,0,NA,0,53T1,MARSHALL ST,BARTLETT AV,66,W,N,A,-,N,NA,NA,NA,NA,NA,NA,NA,NA,NA,N,4,0,1,2,A,-,17,22517,NA,N,B,G,A,A,H,-,A,D,0,NA,Y,NA,NA,Y,NA,A,01,0,0,1,0,0,0,1,0,0,-,-,NA,NA,LOS ANGELES,ROSEMEAD,-118.07990746,34.0749078
6902982,2015,2015-05-20,1942,2015-04-22,1720,39049,1331,3,5,7,1942,0,0,0,M,0,13TL22,ADAMS BL,HILL ST,0,NA,Y,A,-,N,NA,NA,NA,NA,NA,NA,NA,NA,NA,N,4,0,1,6,A,-,08,22107,NA,F,B,C,A,A,H,-,A,D,0,NA,NA,NA,NA,Y,NA,A,01,0,0,1,0,0,0,0,0,0,-,-,NA,NA,LOS ANGELES,LOS ANGELES,-118.27084003,34.02582009
6902992,2015,2015-05-11,1909,2015-04-25,1005,570,1909,6,5,4,1909,0,0,0,NA,0,NORTH,EL SELINDA AV,FLORENCE AV,189,N,N,A,-,N,NA,NA,NA,NA,NA,NA,NA,NA,NA,N,4,0,1,2,A,-,09,21804,A,N,G,G,A,A,H,-,A,D,0,NA,Y,NA,NA,Y,NA,A,01,0,0,1,0,0,0,1,0,0,-,-,NA,NA,LOS ANGELES,BELL GARDENS,-118.1605934,33.96788428
6902996,2015,2015-05-08,1909,2015-04-22,1428,389,1909,3,5,4,1909,0,0,0,NA,0,NORTH,AJAX AV,LUBEC ST,230,S,N,B,-,N,NA,NA,NA,NA,NA,NA,NA,NA,NA,N,4,0,1,2,A,-,21,22106,NA,N,D,C,A,A,H,-,A,D,0,NA,NA,NA,NA,Y,NA,A,01,0,0,1,0,0,0,0,0,0,-,-,NA,NA,LOS ANGELES,BELL GARDENS,-118.16284527,33.97078431
6902998,2015,2015-05-20,1967,2015-04-19,1853,40281,914,7,5,2,1967,0,0,0,NA,0,SOUTH,ORANGE AV,WILLOW,0,NA,Y,A,-,N,NA,NA,NA,NA,NA,NA,NA,NA,NA,N,4,0,3,2,A,-,12,21453,A,N,D,C,A,A,H,-,A,A,0,NA,NA,NA,NA,Y,NA,-,-,0,0,3,0,0,0,0,0,0,-,-,NA,NA,LOS ANGELES,SIGNAL HILL,-118.17633012,33.80440003
6903000,2015,2015-05-08,1900,2015-04-18,2115,489533,0453,6,5,6,1949,0,0,0,NA,0,43K3,NORWALK BL,CEDARVALE ST,81,S,N,A,-,N,NA,NA,NA,NA,NA,NA,NA,NA,NA,N,4,0,1,2,A,-,11,21954,A,N,G,B,D,A,H,-,C,D,0,Y,NA,Y,NA,Y,NA,N,60,0,0,1,0,0,0,0,0,1,-,-,NA,NA,LOS ANGELES,NORWALK,-118.07274642,33.88137792
6903002,2015,2015-05-20,1900,2015-04-27,0815,529472,0532,1,5,5,1959,0,0,0,NA,0,53T1AM,GARVEY AV,JACKSON AV,0,NA,Y,A,-,N,NA,NA,NA,NA,NA,NA,NA,NA,NA,Y,4,0,2,2,A,-,09,21801,A,N,D,C,A,A,H,-,A,A,0,NA,NA,NA,NA,Y,NA,A,01,0,0,2,0,0,0,0,0,0,-,-,NA,NA,LOS ANGELES,ROSEMEAD,-118.10373009,34.06261004
6903004,2015,2015-05-08,1900,2015-04-24,1215,442391,0462,5,5,4,1936,0,0,0,NA,0,46T1,ROSECRANS AV,FIGUERAS RD,209,E,N,B,-,N,NA,NA,NA,NA,NA,NA,NA,NA,NA,N,4,0,1,2,A,-,04,21703,NA,N,C,C,A,A,H,-,A,D,0,NA,NA,NA,NA,Y,NA,A,01,0,0,1,0,0,0,0,0,0,-,-,NA,NA,LOS ANGELES,LA MIRADA,-118.01428569,33.89848334
6903008,2014,2015-05-08,1976,2014-04-20,1656,485,NA,7,5,5,1976,0,0,0,NA,0,002,WHITTIER BL,PAINTER AV,53,W,N,A,-,Y,NA,NA,NA,NA,NA,NA,NA,NA,NA,N,3,0,1,2,A,-,07,21658,A,N,B,C,A,A,H,-,A,A,0,NA,NA,Y,NA,Y,NA,A,01,0,1,0,0,0,0,0,0,1,-,-,NA,NA,LOS ANGELES,WHITTIER,-118.03313153,33.96330492
6903009,2015,2015-05-20,1976,2015-04-25,0737,328,NA,6,5,5,1976,0,0,0,NA,0,001,PICKERING AV,PHILADELPHIA ST,0,NA,Y,A,-,N,NA,NA,NA,NA,NA,NA,NA,NA,NA,Y,3,0,2,2,A,-,12,21453,A,N,D,C,A,A,H,-,A,A,0,NA,NA,NA,NA,Y,NA,A,01,0,1,1,0,0,0,0,0,0,-,-,NA,NA,LOS ANGELES,WHITTIER,-118.04207008,33.97910003
6903041,2015,2016-04-12,9550,2015-02-11,0930,20070,NA,3,1,9,1900,0,3,5,NA,2,002,IMPERIAL HWY,CARMENITA RD,0,NA,Y,A,-,N,NA,NA,NA,NA,NA,NA,NA,NA,NA,Y,4,0,1,2,A,-,17,21451,A,N,D,C,A,A,H,-,A,A,0,NA,NA,NA,Y,Y,NA,A,01,0,0,1,0,0,0,0,0,0,-,-,33.91644,-118.04621,LOS ANGELES,UNINCORPORATED,-118.04681009,33.91705011
6903042,2015,2016-09-27,9550,2015-02-13,1210,20730,NA,5,1,3,1964,0,1,1,NA,2,500,RT 5,FLORENCE AV,300,N,N,A,-,Y,LA,7,5,-,-,6.42,H,-,N,Y,4,0,1,5,A,-,03,22350,NA,N,C,C,A,A,H,-,A,D,1,NA,NA,NA,NA,Y,NA,D,22,0,0,1,0,0,0,0,0,0,-,-,33.93621,-118.09321,LOS ANGELES,SANTA FE SPRINGS,-118.09292685,33.93578787
6903054,2015,2016-11-01,9550,2015-02-13,1900,20664,NA,5,2,5,1919,0,1,1,NA,2,652,RT 605,RT 91,800,N,N,A,-,Y,LA,7,605,-,R,5.28,R,2,S,Y,4,0,1,2,A,-,03,22350,NA,N,C,C,A,A,H,-,C,D,1,NA,NA,NA,NA,Y,NA,D,22,0,0,1,0,0,0,0,0,0,TO,-,33.88115,-118.10413,LOS ANGELES,CERRITOS,-118.10367175,33.87963332
6903057,2015,2016-11-01,9550,2015-02-11,1810,17398,NA,3,2,6,1949,0,1,1,NA,2,651,RT 605,ROSECRANS AV,500,N,N,A,-,Y,LA,7,605,-,R,6.93,H,-,N,N,4,0,1,2,A,-,07,21658,A,N,B,C,A,A,H,-,D,D,1,NA,NA,NA,NA,Y,NA,D,22,0,0,1,0,0,0,0,0,0,-,-,NA,NA,LOS ANGELES,NORWALK,-118.10513417,33.90360349
6903063,2015,2016-09-26,9550,2015-02-17,0930,16109,NA,2,1,9,1900,0,1,3,NA,2,601,RT 60,BARFORD,750,W,N,A,-,Y,LA,7,60,-,-,16.41,H,-,W,Y,2,0,2,3,A,-,08,22107,NA,N,B,C,A,A,H,-,A,D,1,NA,NA,NA,Y,Y,NA,A,01,1,0,1,0,0,0,0,0,0,-,-,34.00625,-117.96154,LOS ANGELES,UNINCORPORATED,-117.95676209,34.00466581
6903065,2015,2016-09-27,9550,2015-02-12,1045,20360,NA,4,1,3,1964,0,1,1,NA,2,500,RT 5,FLORENCE AV,100,N,N,A,-,Y,LA,7,5,-,-,6.4,H,-,N,Y,3,0,6,7,A,-,03,22350,NA,N,C,C,A,A,H,-,A,D,1,NA,NA,NA,NA,Y,NA,D,22,0,2,4,0,0,0,0,0,0,-,-,33.93681,-118.09361,LOS ANGELES,SANTA FE SPRINGS,-118.09275201,33.93553544
6903067,2015,2016-11-01,9550,2015-02-17,1040,14385,NA,2,1,6,1920,0,1,1,NA,2,651,RT 605,FLORENCE AV,1584,S,N,A,-,Y,LA,7,605,-,R,9.05,H,-,S,Y,4,0,2,5,A,-,07,21658,A,N,B,C,A,A,H,-,A,D,1,NA,NA,NA,Y,Y,NA,F,26,0,0,2,0,0,0,0,0,0,-,-,33.93374,-118.1007,LOS ANGELES,DOWNEY,-118.10063653,33.93370684