CASE_ID,ACCIDENT_YEAR,PROC_DATE,JURIS,COLLISION_DATE,COLLISION_TIME,OFFICER_ID,REPORTING_DISTRICT,DAY_OF_WEEK,CHP_SHIFT,POPULATION,CNTY_CITY_LOC,SPECIAL_COND,BEAT_TYPE,CHP_BEAT_TYPE,CITY_DIVISION_LAPD,CHP_BEAT_CLASS,BEAT_NUMBER,PRIMARY_RD,SECONDARY_RD,DISTANCE,DIRECTION,INTERSECTION,WEATHER_1,WEATHER_2,STATE_HWY_IND,CALTRANS_COUNTY,CALTRANS_DISTRICT,STATE_ROUTE,ROUTE_SUFFIX,POSTMILE_PREFIX,POSTMILE,LOCATION_TYPE,RAMP_INTERSECTION,SIDE_OF_HWY,TOW_AWAY,COLLISION_SEVERITY,NUMBER_KILLED,NUMBER_INJURED,PARTY_COUNT,PRIMARY_COLL_FACTOR,PCF_CODE_OF_VIOL,PCF_VIOL_CATEGORY,PCF_VIOLATION,PCF_VIOL_SUBSECTION,HIT_AND_RUN,TYPE_OF_COLLISION,MVIW,PED_ACTION,ROAD_SURFACE,ROAD_COND_1,ROAD_COND_2,LIGHTING,CONTROL_DEVICE,CHP_ROAD_TYPE,PEDESTRIAN_ACCIDENT,BICYCLE_ACCIDENT,MOTORCYCLE_ACCIDENT,TRUCK_ACCIDENT,NOT_PRIVATE_PROPERTY,ALCOHOL_INVOLVED,STWD_VEHTYPE_AT_FAULT,CHP_VEHTYPE_AT_FAULT,COUNT_SEVERE_INJ,COUNT_VISIBLE_INJ,COUNT_COMPLAINT_PAIN,COUNT_PED_KILLED,COUNT_PED_INJURED,COUNT_BICYCLIST_KILLED,COUNT_BICYCLIST_INJURED,COUNT_MC_KILLED,COUNT_MC_INJURED,PRIMARY_RAMP,SECONDARY_RAMP,LATITUDE,LONGITUDE,COUNTY,CITY,POINT_X,POINT_Y
6903552,2015,2015-05-26,1900,2015-04-17,1530,433167,0454,5,5,6,1949,0,0,0,NA,0,43T1,ROSECRANS AV,GREENSTONE AV,4,W,N,A,-,N,NA,NA,NA,NA,NA,NA,NA,NA,NA,N,4,0,2,2,A,-,03,22350,NA,N,C,C,A,A,H,-,A,D,0,NA,NA,NA,Y,Y,NA,F,26,0,0,2,0,0,0,0,0,0,-,-,NA,NA,LOS ANGELES,NORWALK,-118.05781315,33.90242
6903554,2015,2016-04-13,1942,2015-03-24,0645,31152,0192,2,5,7,1942,0,0,0,A,0,11TL25,17TH ST,GRAND AV,0,NA,Y,A,-,N,NA,NA,NA,NA,NA,NA,NA,NA,NA,Y,3,0,1,2,A,-,12,21453,A,N,D,C,A,A,H,-,A,A,0,NA,NA,NA,NA,Y,NA,A,01,0,1,0,0,0,0,0,0,0,-,-,NA,NA,LOS ANGELES,LOS ANGELES,-118.29022009,33.72878
6903558,2015,2015-05-29,1942,2015-03-20,1257,31152,0152,5,5,7,1942,0,0,0,A,0,11TL25,FLOWER ST,6TH ST,30,N,N,A,-,N,NA,NA,NA,NA,NA,NA,NA,NA,NA,N,3,0,1,2,A,-,07,21658,A,N,B,C,A,A,D,-,A,A,0,NA,NA,NA,NA,Y,NA,A,01,0,1,0,0,0,0,0,0,0,-,-,NA,NA,LOS ANGELES,LOS ANGELES,-118.25739885,34.05022464
6903560,2015,2015-06-04,1900,2015-04-29,1757,517022,0472,3,5,4,1936,0,0,0,NA,0,46T1PM,DE ALCALA DR,VALLEY VIEW AV,150,E,N,A,-,N,NA,NA,NA,NA,NA,NA,NA,NA,NA,Y,3,0,2,2,A,-,08,22103,NA,N,D,C,A,A,H,-,A,D,0,NA,NA,NA,NA,Y,NA,A,01,0,1,1,0,0,0,0,0,0,-,-,NA,NA,LOS ANGELES,LA MIRADA,-118.02876682,33.90418585
6903578,2015,2015-05-19,1942,2015-03-26,1735,37611,0135,4,5,7,1942,0,0,0,A,0,1TL24,2ND ST,SPRING ST,0,NA,Y,A,-,N,NA,NA,NA,NA,NA,NA,NA,NA,NA,N,4,0,3,2,A,-,12,21453,A,N,D,C,A,A,H,-,A,A,0,NA,NA,NA,NA,Y,NA,A,01,0,0,3,0,0,0,0,0,0,-,-,NA,NA,LOS ANGELES,LOS ANGELES,-118.24562011,34.05170007
6903582,2015,2015-10-08,1942,2015-04-23,1435,37505,218,4,5,7,1942,0,0,0,NA,0,13TL22,BELLEVUE AV,KENSINGTON AV,0,NA,Y,A,-,N,NA,NA,NA,NA,NA,NA,NA,NA,NA,N,4,0,1,2,A,-,09,21802,A,N,D,C,A,A,H,-,A,A,0,NA,NA,NA,NA,Y,NA,A,01,0,0,1,0,0,0,0,0,0,-,-,NA,NA,LOS ANGELES,LOS ANGELES,-118.25212,34.0679101
6903583,2015,2015-05-27,1900,2015-01-30,0925,517838,0250,5,5,4,1945,0,0,0,NA,0,287,SLAUSON AV,CORONA AV,0,NA,Y,B,-,N,NA,NA,NA,NA,NA,NA,NA,NA,NA,N,4,0,1,2,A,-,17,21200,A,N,F,G,A,A,H,-,A,A,0,NA,Y,NA,NA,Y,NA,L,04,0,0,1,0,0,0,1,0,0,-,-,NA,NA,LOS ANGELES,MAYWOOD,-118.19443001,33.98805005
6903587,2015,2015-05-27,1900,2015-02-04,0700,424369,0245,3,5,3,1914,0,0,0,NA,0,27T,FERGUSON DR,HENDRICKS AV,100,E,N,A,-,N,NA,NA,NA,NA,NA,NA,NA,NA,NA,Y,4,0,1,3,A,-,08,22107,NA,N,B,E,A,A,H,-,A,D,0,NA,NA,NA,NA,Y,NA,A,07,0,0,1,0,0,0,0,0,0,-,-,NA,NA,LOS ANGELES,COMMERCE,-118.14138241,34.00924232
6903615,2015,2015-05-29,1922,2015-05-01,1930,594,NA,5,5,6,1922,0,0,0,NA,0,NA,RAMONA BL,VALLEY MALL,200,W,N,A,-,N,NA,NA,NA,NA,NA,NA,NA,NA,NA,N,4,0,1,3,A,-,09,21804,A,N,D,C,A,A,H,-,B,D,0,NA,NA,NA,NA,Y,NA,A,01,0,0,1,0,0,0,0,0,0,-,-,NA,NA,LOS ANGELES,EL MONTE,-118.03349172,34.07232979
6903616,2015,2016-10-10,9525,2015-02-14,1130,018505,NA,6,1,6,1975,0,1,1,NA,2,105,RT 10,GRAND AV,800,E,N,A,-,Y,LA,7,10,-,-,38.67,H,-,W,N,4,0,1,2,A,-,03,22350,NA,N,C,C,A,A,H,-,A,D,1,NA,NA,NA,NA,Y,NA,A,01,0,0,1,0,0,0,0,0,0,-,-,34.07195,-117.86938,LOS ANGELES,WEST COVINA,-117.86977425,34.07185395
6903623,2015,2015-06-12,1922,2015-04-24,1253,651,44,5,5,6,1922,0,0,0,NA,0,001,SANTA ANITA AV,BROCKWAY AV,0,NA,Y,B,-,N,NA,NA,NA,NA,NA,NA,NA,NA,NA,Y,4,0,1,2,A,-,12,21453,A,N,D,C,A,A,H,-,A,A,0,NA,NA,NA,NA,Y,NA,A,01,0,0,1,0,0,0,0,0,0,-,-,NA,NA,LOS ANGELES,EL MONTE,-118.04216,34.06912006
6903672,2015,2015-06-04,9525,2015-02-10,1848,018357,NA,2,2,9,1900,0,3,5,NA,2,004,DON JULIAN RD,CORALRIDGE PL,167,E,N,A,-,N,NA,NA,NA,NA,NA,NA,NA,NA,NA,Y,2,0,1,2,A,-,08,22107,NA,N,A,C,A,A,H,-,C,D,0,NA,NA,NA,NA,Y,NA,-,-,1,0,0,0,0,0,0,0,0,-,-,34.15629,-117.59655,LOS ANGELES,UNINCORPORATED,-117.98540579,34.03240862
6903680,2015,2016-09-23,9525,2015-02-10,1550,016677,NA,2,2,5,1990,0,1,3,NA,2,601,RT 60,GRAND AV,3000,W,N,A,-,Y,LA,7,60,-,R,23.884,R,2,W,Y,3,0,4,4,A,-,03,22350,NA,F,C,C,A,A,H,-,A,D,1,NA,NA,NA,NA,Y,NA,D,22,0,1,3,0,0,0,0,0,0,-,-,34.00324,-117.83287,LOS ANGELES,DIAMOND BAR,-117.83024432,34.00426278
6903697,2015,2016-09-22,9525,2015-02-10,1925,19291,NA,2,2,4,1946,0,1,1,NA,2,202,RT 210,HUNTINGTON DR,1584,E,N,A,-,Y,LA,7,210,-,R,33.24,H,-,E,Y,4,0,1,3,A,-,03,22350,NA,N,C,C,A,A,H,-,C,D,1,NA,NA,NA,NA,Y,NA,A,01,0,0,1,0,0,0,0,0,0,-,-,34.13595,-118.00912,LOS ANGELES,MONROVIA,-118.01229443,34.13711114
6903699,2015,2016-09-08,9525,2015-02-05,2220,019062,NA,4,3,6,1955,0,1,3,NA,2,072,RT 71,VALLEY BL,5,S,N,A,-,Y,LA,7,71,-,R,1.52,H,-,N,Y,2,0,1,2,A,-,08,22107,NA,N,E,I,A,A,H,-,C,D,1,NA,NA,NA,Y,Y,NA,A,01,1,0,0,0,0,0,0,0,0,-,-,34.0613,-117.78893,LOS ANGELES,POMONA,-117.78879809,34.06123017
6903710,2015,2016-10-10,9525,2015-02-07,0610,18505,NA,6,1,9,1900,0,1,1,NA,2,106,RT 10,VIA VERDE AV,25,W,N,A,-,Y,LA,7,10,-,-,40.46,H,-,E,Y,3,0,1,2,A,-,03,22350,NA,N,C,C,A,A,H,-,D,D,1,NA,NA,NA,Y,Y,NA,A,01,0,1,0,0,0,0,0,0,0,-,-,34.06824,-117.83829,LOS ANGELES,UNINCORPORATED,-117.83968448,34.06875993
6903713,2015,2016-10-18,9525,2015-02-11,0725,014971,NA,3,1,4,1960,0,1,3,NA,2,571,RT 57,RT 10,2640,N,N,A,-,Y,LA,7,57,-,R,8.28,H,-,S,Y,4,0,2,2,A,-,07,21658,A,N,B,C,A,A,H,-,A,D,1,NA,NA,NA,NA,Y,NA,A,01,0,0,2,0,0,0,0,0,0,-,-,34.07199,-117.80903,LOS ANGELES,SAN DIMAS,-117.8096083,34.07306689
6903714,2015,2016-10-06,9525,2015-02-05,0530,14637,NA,4,3,5,1926,0,1,1,NA,2,205,RT 210,GRAND AV,100,W,N,A,-,Y,LA,7,210,-,R,41.57,H,-,W,Y,4,0,1,3,A,-,03,22350,NA,N,C,C,A,A,H,-,A,D,1,NA,NA,NA,NA,Y,NA,D,22,0,0,1,0,0,0,0,0,0,-,-,34.12074,-117.8711,LOS ANGELES,GLENDORA,-117.87329907,34.12076072
6903718,2015,2016-10-10,9525,2015-02-05,1450,019506,NA,4,2,6,1955,0,1,1,NA,2,110,RT 10,GAREY AV,2640,W,N,A,-,Y,LA,7,10,-,-,45.23,H,-,E,N,4,0,1,2,A,-,03,22350,NA,N,C,C,A,A,H,-,A,D,1,NA,NA,NA,NA,Y,NA,D,22,0,0,1,0,0,0,0,0,0,-,-,34.07172,-117.75751,LOS ANGELES,POMONA,-117.76043334,34.07096515
6903723,2015,2015-05-27,9525,2015-02-05,1715,020216,NA,4,2,9,1900,0,2,4,NA,2,045,VALLEY BL,ORANGE BLOSSOM AV,50,E,N,A,-,N,NA,NA,NA,NA,NA,NA,NA,NA,NA,N,4,0,1,2,A,-,03,22350,NA,M,C,C,A,A,H,-,B,A,0,NA,NA,NA,NA,Y,NA,A,01,0,0,1,0,0,0,0,0,0,-,-,34.04829,-117.99429,LOS ANGELES,UNINCORPORATED,-117.9943664,34.04820984
6903726,2015,2016-10-10,9525,2015-02-06,0705,12772,NA,5,1,5,1906,0,1,1,NA,2,103,RT 10,BALDWIN PARK BL,500,W,N,A,-,Y,LA,7,10,-,-,32.09,H,-,W,N,4,0,1,2,A,-,03,22350,NA,N,C,C,A,A,H,-,A,D,1,NA,NA,NA,Y,Y,NA,F,26,0,0,1,0,0,0,0,0,0,-,-,34.06711,-117.98713,LOS ANGELES,BALDWIN PARK,-117.98395619,34.067339080000004
6903734,2015,2016-10-06,9525,2015-02-06,1005,014444,NA,5,1,4,1946,0,1,1,NA,2,201,RT 210,MYRTLE AV,300,W,N,A,-,Y,LA,7,210,-,R,33.85,H,-,W,N,4,0,2,3,A,-,03,22350,NA,N,C,C,A,A,H,-,A,D,1,NA,NA,NA,NA,Y,NA,D,22,0,0,2,0,0,0,0,0,0,-,-,34.13565,-118.00045,LOS ANGELES,MONROVIA,-118.00205451,34.13556283
6903737,2015,2016-09-28,9525,2015-02-10,1500,18164,NA,2,2,5,1926,0,1,1,NA,2,206,RT 210,SUNFLOWER AV,600,W,N,A,-,Y,LA,7,210,-,R,43.05,H,-,E,Y,4,0,1,2,A,-,03,22350,NA,N,C,C,A,A,H,-,A,D,1,NA,NA,NA,NA,Y,NA,D,22,0,0,1,0,0,0,0,0,0,-,-,34.10655,-117.64711,LOS ANGELES,GLENDORA,-117.84854791,34.11750843
6903739,2015,2016-09-26,9525,2015-02-04,0853,15202,NA,3,1,5,1990,0,1,3,NA,2,602,RT 60,BREA CANYON RD,2640,E,N,A,-,Y,LA,7,60,-,R,23.19,H,-,E,Y,4,0,3,3,A,-,07,21658,A,N,B,C,A,A,H,-,A,D,1,NA,NA,NA,Y,Y,NA,A,01,0,0,3,0,0,0,0,0,0,-,-,34.00101,-117.84083,LOS ANGELES,DIAMOND BAR,-117.84119816,34.00112608
6903751,2015,2016-10-10,9525,2015-02-03,0530,13390,NA,2,3,5,1906,0,1,1,NA,2,104,RT 10,FRANCISQUITO AV,500,W,N,A,-,Y,LA,7,10,-,-,32.57,H,-,E,Y,4,0,1,2,A,-,03,22350,NA,N,C,C,A,-,D,-,D,D,1,NA,NA,NA,Y,Y,NA,F,55,0,0,1,0,0,0,0,0,0,-,-,34.06947,-117.96137,LOS ANGELES,BALDWIN PARK,-117.97580403,34.06823447
6903755,2015,2016-10-06,9525,2015-02-03,0945,014971,NA,2,1,4,1946,0,1,1,NA,2,201,RT 210,MYRTLE AV,400,E,N,A,-,Y,LA,7,210,-,R,34.01,H,-,W,Y,4,0,2,4,A,-,03,22350,NA,N,C,C,A,A,H,-,A,D,1,NA,NA,NA,NA,Y,NA,D,22,0,0,2,0,0,0,0,0,0,-,-,34.13569,-117.99937,LOS ANGELES,MONROVIA,-117.99926148,34.13557175
6903756,2015,2016-10-25,9525,2015-02-04,1552,16677,NA,3,2,6,1955,0,1,3,NA,2,606,RT 60,RESERVOIR DR,1500,W,N,A,-,Y,LA,7,60,-,R,30.05,H,-,E,Y,4,0,1,4,A,-,07,21658,A,M,D,C,A,A,H,-,A,D,1,NA,NA,NA,NA,Y,NA,A,08,0,0,1,0,0,0,0,0,0,-,-,34.0206,-117.7362,LOS ANGELES,POMONA,-117.73655684,34.02482689
6903796,2015,2015-06-12,1901,2015-04-01,0757,197,01,3,5,5,1901,0,0,0,NA,0,001,GARFIELD AV,PINE AV,282,S,N,A,-,N,NA,NA,NA,NA,NA,NA,NA,NA,NA,N,4,0,1,2,A,-,03,22350,NA,N,C,C,A,A,H,-,A,A,0,NA,NA,NA,NA,Y,NA,-,NA,0,0,1,0,0,0,0,0,0,-,-,NA,NA,LOS ANGELES,ALHAMBRA,-118.13321645,34.10391103
6903798,2015,2016-10-26,9575,2015-03-28,1810,20918,NA,6,2,7,1942,0,1,3,NA,2,043,RT 134,FOREST LAWN DR,40,W,N,A,-,Y,LA,7,134,-,-,3.8,H,-,E,Y,4,0,2,3,A,-,03,22350,NA,N,C,C,A,A,H,-,A,D,1,NA,NA,NA,NA,Y,NA,A,01,0,0,2,0,0,0,0,0,0,-,-,34.15465,-118.31205,LOS ANGELES,LOS ANGELES,-118.31110876,34.15480403
6903799,2015,2016-11-01,9575,2015-03-27,1415,016731,NA,5,2,6,1925,0,1,3,NA,2,042,RT 134,CENTRAL AV,100,W,N,A,-,Y,LA,7,134,-,R,6.86,H,-,W,Y,4,0,1,2,A,-,07,21658,A,N,B,C,A,A,H,-,A,D,1,NA,NA,NA,Y,Y,NA,-,-,0,0,1,0,0,0,0,0,0,-,-,34.15629,-118.25892,LOS ANGELES,GLENDALE,-118.25950685,34.15644729
6903800,2015,2015-05-29,1901,2015-03-26,0846,197,01,4,5,5,1901,0,0,0,NA,0,001,HUNTINGTON DR,STONEMAN,133,E,N,A,-,N,NA,NA,NA,NA,NA,NA,NA,NA,NA,N,4,0,5,2,A,-,08,22107,NA,N,H,C,A,A,H,-,A,A,0,NA,NA,NA,NA,Y,NA,-,NA,0,0,5,0,0,0,0,0,0,-,-,NA,NA,LOS ANGELES,ALHAMBRA,-118.13425,34.10697
6903807,2015,2017-01-04,9535,2015-04-16,1430,19135,NA,4,2,1,1973,0,1,1,NA,2,072,RT 710,BANDINI BL,650,N,N,A,-,Y,LA,7,710,-,-,22.13,H,-,N,Y,2,0,1,2,A,-,08,22107,NA,N,C,C,A,A,H,-,A,D,1,NA,NA,Y,Y,Y,NA,C,02,1,0,0,0,0,0,0,0,1,-,-,34.04386,-118.16967,LOS ANGELES,VERNON,-118.175045,34.00021574
6903808,2015,2017-01-05,9535,2015-04-14,0612,15336,NA,2,1,3,1914,0,1,1,NA,2,500,RT 5,WASHINGTON BL,1900,N,N,B,-,Y,LA,7,5,-,-,11.95,H,-,N,Y,4,0,1,2,A,-,03,22350,NA,N,C,C,A,A,H,-,B,D,1,NA,NA,NA,Y,Y,NA,A,01,0,0,1,0,0,0,0,0,0,-,-,33.99836,-118.14696000000001,LOS ANGELES,COMMERCE,-118.14851205,34.00000036
6903815,2015,2015-05-20,9535,2015-03-14,0745,20864,NA,6,1,9,1900,0,2,4,NA,2,024,WHITTIER BL,VANCOUVER AV,30,W,N,A,-,N,NA,NA,NA,NA,NA,NA,NA,NA,NA,N,4,0,2,2,A,-,04,21703,NA,N,C,C,A,A,H,-,A,D,0,NA,NA,NA,NA,Y,NA,D,22,0,0,2,0,0,0,0,0,0,-,-,34.02113,-118.15971,LOS ANGELES,UNINCORPORATED,-118.15983564,34.02096063
6903817,2015,2016-09-13,9535,2015-03-18,1314,20943,NA,3,1,3,1914,0,1,1,NA,2,500,RT 5,RT 710,600,S,N,B,-,Y,LA,7,5,-,-,13.62,H,-,N,N,4,0,2,2,A,-,03,22350,NA,N,C,C,A,A,H,-,A,D,1,NA,NA,NA,Y,Y,NA,F,26,0,0,2,0,0,0,0,0,0,-,-,34.01521,-118.17046,LOS ANGELES,COMMERCE,-118.17037317,34.01525984
6903820,2015,2016-09-13,9535,2015-03-18,1550,20033,NA,3,2,9,1900,0,1,1,NA,2,071,RT 710,WHITTIER BL,340,N,N,B,-,Y,LA,7,710,-,-,23.85,H,-,S,N,3,0,1,2,A,-,07,21658,A,N,C,C,A,A,H,-,A,D,1,NA,NA,Y,NA,Y,NA,C,02,0,1,0,0,0,0,0,0,1,-,-,34.02518,-118.17215,LOS ANGELES,UNINCORPORATED,-118.17251416,34.0246738
6903829,2015,2015-07-22,9535,2015-03-27,0825,20864,NA,5,1,9,1900,0,2,4,NA,2,025,ATLANTIC BL,OLYMPIC BL,0,NA,Y,A,-,N,NA,NA,NA,NA,NA,NA,NA,NA,NA,Y,4,0,1,2,A,-,09,21801,A,N,A,C,A,A,H,-,A,A,0,NA,NA,NA,Y,Y,NA,F,24,0,0,1,0,0,0,0,0,0,-,-,34.01598,-118.15731,LOS ANGELES,UNINCORPORATED,-118.15854004,34.01630001
6903832,2015,2015-05-18,9535,2015-03-25,0920,20828,NA,3,1,9,1900,0,3,5,NA,2,002,ARIZONA AV,HUBBARD ST,300,S,N,A,-,N,NA,NA,NA,NA,NA,NA,NA,NA,NA,N,3,0,1,2,A,-,21,22106,NA,N,B,G,A,A,H,-,A,D,0,NA,Y,NA,NA,Y,NA,A,01,0,1,0,0,0,0,1,0,0,-,-,34.02417,-118.16652,LOS ANGELES,UNINCORPORATED,-118.16655369,34.02385193
6903837,2015,2016-10-10,9535,2015-03-23,0915,17598,NA,1,1,5,1901,0,1,1,NA,2,421,RT 10,ATLANTIC BL,500,W,N,A,-,Y,LA,7,10,-,-,23.24,H,-,W,N,4,0,1,5,A,-,03,22350,NA,N,C,C,A,A,H,-,A,D,1,NA,NA,NA,Y,Y,NA,A,01,0,0,1,0,0,0,0,0,0,-,-,34.05872,-118.16347,LOS ANGELES,ALHAMBRA,-118.13605717,34.07164922
6903838,2015,2016-09-13,9535,2015-03-25,0825,16021,NA,3,1,5,1948,0,1,1,NA,2,071,RT 710,RAMONA BL,70,S,N,A,-,Y,LA,7,710,-,-,26.37,H,-,S,Y,4,0,1,3,A,-,07,21658,A,M,C,C,A,A,H,-,A,D,1,NA,NA,NA,NA,Y,NA,A,01,0,0,1,0,0,0,0,0,0,-,-,34.05949,-118.16549,LOS ANGELES,MONTEREY PARK,-118.16557556,34.05931448
6903840,2015,2016-09-08,9535,2015-03-27,1300,21000,NA,5,1,9,1900,0,1,3,NA,2,066,RT 164,RT 60,1250,N,N,A,-,Y,LA,7,164,-,-,3.6,H,-,S,Y,3,0,2,2,A,-,03,22350,NA,N,C,C,A,A,H,-,A,D,0,NA,NA,NA,Y,Y,NA,A,07,0,1,1,0,0,0,0,0,0,-,-,34.049,-118.064,LOS ANGELES,UNINCORPORATED,-118.06438016,34.04510216
6903845,2015,2015-09-26,1901,2015-04-01,2024,239,3,3,5,5,1901,0,0,0,NA,0,003,FREMONT AV,MAIN ST,303,N,N,A,-,N,NA,NA,NA,NA,NA,NA,NA,NA,NA,Y,4,0,3,2,A,-,09,21804,A,N,D,C,A,A,H,-,C,D,0,NA,NA,NA,NA,Y,NA,A,01,0,0,3,0,0,0,0,0,0,-,-,NA,NA,LOS ANGELES,ALHAMBRA,-118.15210636,34.09615084
6903891,2015,2015-09-28,1900,2015-04-13,1440,531094,0986,1,5,4,1979,0,0,0,NA,0,91T4,SUNSET BL,CAROL DR,105,E,N,B,-,N,NA,NA,NA,NA,NA,NA,NA,NA,NA,Y,4,0,1,3,A,-,04,21703,NA,N,C,C,A,A,H,-,A,D,0,NA,NA,NA,NA,Y,NA,A,01,0,0,1,0,0,0,0,0,0,-,-,NA,NA,LOS ANGELES,WEST HOLLYWOOD,-118.39070384,34.09061
6903894,2015,2016-06-08,1900,2015-04-14,1533,531094,0977,2,5,4,1979,0,0,0,NA,0,91T1,SANTA MONICA BL,LARRABEE ST,10,E,N,B,-,N,NA,NA,NA,NA,NA,NA,NA,NA,NA,N,4,0,1,2,A,-,21,22106,NA,N,C,C,A,A,H,-,A,D,0,NA,NA,NA,NA,Y,NA,A,01,0,0,1,0,0,0,0,0,0,-,-,NA,NA,LOS ANGELES,WEST HOLLYWOOD,-118.3833249,34.08546778
6904077,2015,2015-10-02,1901,2015-04-22,1951,260,3,3,5,5,1901,0,0,0,NA,0,001,GARFIELD AV,ALHAMBRA RD,0,NA,Y,A,-,N,NA,NA,NA,NA,NA,NA,NA,NA,NA,Y,4,0,1,2,A,-,03,22350,A,N,C,D,A,A,H,-,C,A,0,NA,NA,NA,NA,Y,NA,A,01,0,0,1,0,0,0,0,0,0,-,-,NA,NA,LOS ANGELES,ALHAMBRA,-118.13069014,34.10065004
6904252,2015,2015-05-13,1900,2015-03-06,1117,513953,0333,5,5,4,1939,0,0,0,NA,0,35T1,LARCH AV,MARINE AV,0,NA,Y,A,-,N,NA,NA,NA,NA,NA,NA,NA,NA,NA,N,4,0,1,2,A,-,03,22350,NA,N,D,C,A,A,H,-,A,A,0,NA,NA,NA,NA,Y,NA,A,01,0,0,1,0,0,0,0,0,0,-,-,NA,NA,LOS ANGELES,LAWNDALE,-118.3503101,33.89464008
6904256,2015,2015-05-13,1900,2015-03-18,1735,522643,0332,3,5,4,1939,0,0,0,NA,0,35T1,HAWTHORNE BL,MANHATTAN BEACH BL,0,NA,Y,A,-,N,NA,NA,NA,NA,NA,NA,NA,NA,NA,Y,4,0,2,4,A,-,12,21453,A,N,D,C,A,A,H,-,A,A,0,NA,NA,NA,NA,Y,NA,D,22,0,0,2,0,0,0,0,0,0,-,-,NA,NA,LOS ANGELES,LAWNDALE,-118.35273001,33.8874401
6904294,2015,2015-09-28,1941,2015-04-23,1756,5532,NA,4,5,7,1941,0,0,0,NA,0,NA,MOLINO,ANAHEIM,200,N,N,A,-,N,NA,NA,NA,NA,NA,NA,NA,NA,NA,N,4,0,1,2,A,-,07,21658,A,N,A,G,A,A,H,-,A,D,0,NA,Y,NA,NA,Y,NA,L,NA,0,0,1,0,0,0,1,0,0,-,-,NA,NA,LOS ANGELES,LONG BEACH,-118.16114391,33.78315843
6904320,2015,2015-05-14,1953,2015-04-22,1622,5281,1943,3,5,6,1953,0,0,0,NA,0,001,MARENGO AV,CALIFORNIA BL,0,NA,Y,A,-,N,NA,NA,NA,NA,NA,NA,NA,NA,NA,Y,4,0,1,2,A,-,09,21801,A,N,D,C,A,A,H,-,A,A,0,NA,NA,NA,NA,Y,NA,A,07,0,0,1,0,0,0,0,0,0,-,-,NA,NA,LOS ANGELES,PASADENA,-118.14586008,34.13581011
6904329,2015,2015-05-14,1953,2015-04-24,2353,1287,1953,5,5,6,1953,0,0,0,NA,0,002,FAIR OAKS AV,MAPLE ST,0,NA,Y,A,-,N,NA,NA,NA,NA,NA,NA,NA,NA,NA,Y,3,0,1,2,A,-,12,21453,A,N,D,C,A,A,H,-,C,A,0,NA,NA,NA,NA,Y,NA,-,NA,0,1,0,0,0,0,0,0,0,-,-,NA,NA,LOS ANGELES,PASADENA,-118.15035001,34.10134006
6904337,2015,2015-05-14,1953,2015-04-16,0726,7310,PASAD,4,5,6,1953,0,0,0,NA,0,004,SIERRA MADRE VILLA,ROSEMEAD BL,0,NA,Y,A,-,N,NA,NA,NA,NA,NA,NA,NA,NA,NA,Y,3,0,3,2,A,-,09,21801,A,N,D,C,A,A,H,-,A,A,0,NA,NA,NA,NA,Y,NA,A,07,0,1,2,0,0,0,0,0,0,-,-,NA,NA,LOS ANGELES,PASADENA,-118.08156008,34.15789003
6904345,2015,2015-05-14,1953,2015-04-20,0925,7310,PASAD,1,5,6,1953,0,0,0,NA,0,NA,ALLEN AV,LOMA VISTA ST,10,N,N,A,-,N,NA,NA,NA,NA,NA,NA,NA,NA,NA,Y,4,0,2,2,A,-,08,22107,NA,N,D,C,A,A,H,-,A,A,0,NA,NA,NA,NA,Y,NA,D,22,0,0,2,0,0,0,0,0,0,-,-,NA,NA,LOS ANGELES,PASADENA,-118.11314,34.16043742
6904349,2015,2015-05-14,1953,2015-04-21,1525,7724,LACOU,2,5,6,1953,0,0,0,NA,0,002,ORANGE GROVE BL,GARFIELD AV,0,NA,Y,B,-,N,NA,NA,NA,NA,NA,NA,NA,NA,NA,Y,4,0,1,2,A,-,09,21801,A,N,D,C,A,A,H,-,A,A,0,NA,NA,NA,NA,Y,NA,D,22,0,0,1,0,0,0,0,0,0,-,-,NA,NA,LOS ANGELES,PASADENA,-118.14382004,34.15785009
6904407,2015,2015-05-22,1967,2015-05-11,1200,116,937,1,5,2,1967,0,0,0,NA,0,SOUTH,CHERRY AV,19TH,25,S,N,A,-,N,NA,NA,NA,NA,NA,NA,NA,NA,NA,Y,4,0,1,2,A,-,09,21804,A,N,D,C,A,A,D,-,A,D,0,NA,NA,NA,NA,Y,NA,A,01,0,0,1,0,0,0,0,0,0,-,-,NA,NA,LOS ANGELES,SIGNAL HILL,-118.16766,33.79161144
6904447,2015,2015-06-10,1962,2015-05-08,1014,129,1962,5,5,4,1962,0,0,0,NA,0,025,DEL MAR AV,MISSION RD,64,S,N,A,-,N,NA,NA,NA,NA,NA,NA,NA,NA,NA,N,4,0,1,2,A,-,03,22350,NA,N,C,C,A,A,H,-,A,A,0,NA,NA,NA,NA,Y,NA,A,01,0,0,1,0,0,0,0,0,0,-,-,NA,NA,LOS ANGELES,SAN GABRIEL,-118.09958,34.09393451