CASE_ID,ACCIDENT_YEAR,PROC_DATE,JURIS,COLLISION_DATE,COLLISION_TIME,OFFICER_ID,REPORTING_DISTRICT,DAY_OF_WEEK,CHP_SHIFT,POPULATION,CNTY_CITY_LOC,SPECIAL_COND,BEAT_TYPE,CHP_BEAT_TYPE,CITY_DIVISION_LAPD,CHP_BEAT_CLASS,BEAT_NUMBER,PRIMARY_RD,SECONDARY_RD,DISTANCE,DIRECTION,INTERSECTION,WEATHER_1,WEATHER_2,STATE_HWY_IND,CALTRANS_COUNTY,CALTRANS_DISTRICT,STATE_ROUTE,ROUTE_SUFFIX,POSTMILE_PREFIX,POSTMILE,LOCATION_TYPE,RAMP_INTERSECTION,SIDE_OF_HWY,TOW_AWAY,COLLISION_SEVERITY,NUMBER_KILLED,NUMBER_INJURED,PARTY_COUNT,PRIMARY_COLL_FACTOR,PCF_CODE_OF_VIOL,PCF_VIOL_CATEGORY,PCF_VIOLATION,PCF_VIOL_SUBSECTION,HIT_AND_RUN,TYPE_OF_COLLISION,MVIW,PED_ACTION,ROAD_SURFACE,ROAD_COND_1,ROAD_COND_2,LIGHTING,CONTROL_DEVICE,CHP_ROAD_TYPE,PEDESTRIAN_ACCIDENT,BICYCLE_ACCIDENT,MOTORCYCLE_ACCIDENT,TRUCK_ACCIDENT,NOT_PRIVATE_PROPERTY,ALCOHOL_INVOLVED,STWD_VEHTYPE_AT_FAULT,CHP_VEHTYPE_AT_FAULT,COUNT_SEVERE_INJ,COUNT_VISIBLE_INJ,COUNT_COMPLAINT_PAIN,COUNT_PED_KILLED,COUNT_PED_INJURED,COUNT_BICYCLIST_KILLED,COUNT_BICYCLIST_INJURED,COUNT_MC_KILLED,COUNT_MC_INJURED,PRIMARY_RAMP,SECONDARY_RAMP,LATITUDE,LONGITUDE,COUNTY,CITY,POINT_X,POINT_Y
6906095,2015,2015-05-06,1956,2015-04-24,0908,1257,26,5,5,5,1956,0,0,0,NA,0,002,N MARDA AV,DIAMOND ST,255,S,N,B,-,N,NA,NA,NA,NA,NA,NA,NA,NA,NA,Y,4,0,1,2,A,-,08,22103,NA,N,D,C,A,A,H,-,A,D,0,NA,NA,NA,NA,Y,NA,A,07,0,0,1,0,0,0,0,0,0,-,-,NA,NA,LOS ANGELES,REDONDO BEACH,-118.380155,33.849611
6906096,2015,2016-11-14,1956,2015-04-25,0228,1305,20,6,5,5,1956,0,0,0,NA,0,001,RT 1,DIAMOND ST,21,N,N,A,-,Y,LA,7,1,-,-,19.95,H,-,S,Y,2,0,3,2,A,-,01,23153,A,N,D,C,A,A,H,-,C,A,0,NA,NA,NA,NA,Y,Y,A,01,2,1,0,0,0,0,0,0,0,-,-,NA,NA,LOS ANGELES,REDONDO BEACH,-118.38730112,33.84509647
6906097,2015,2015-05-06,1956,2015-04-25,1256,1306,1956,6,5,5,1956,0,0,0,NA,0,005,ARTESIA BL,KINGSDALE,300,E,N,B,-,N,NA,NA,NA,NA,NA,NA,NA,NA,NA,N,4,0,1,2,A,-,10,21952,NA,N,G,B,C,A,H,-,A,D,0,Y,NA,NA,NA,Y,NA,A,01,0,0,1,0,1,0,0,0,0,-,-,NA,NA,LOS ANGELES,REDONDO BEACH,-118.35602355,33.87293
6906102,2015,2015-05-07,1900,2015-04-03,1440,519487,0973,5,5,4,1979,0,0,0,NA,0,91F,SANTA MONICA BL,GARDNER ST,0,NA,Y,A,-,N,NA,NA,NA,NA,NA,NA,NA,NA,NA,Y,4,0,1,2,A,-,09,21801,A,N,D,C,A,A,H,-,A,A,0,NA,NA,NA,NA,Y,NA,-,NA,0,0,1,0,0,0,0,0,0,-,-,NA,NA,LOS ANGELES,WEST HOLLYWOOD,-118.35328004,34.0907701
6906103,2015,2015-05-07,1900,2015-04-15,2138,519547,0986,3,5,4,1979,0,0,0,NA,0,93T3,SUNSET BL,ALTA LOMA RD,12,E,N,A,-,N,NA,NA,NA,NA,NA,NA,NA,NA,NA,Y,4,0,1,2,A,-,03,22350,NA,N,C,C,A,A,H,-,C,A,0,NA,NA,NA,NA,Y,NA,A,01,0,0,1,0,0,0,0,0,0,-,-,NA,NA,LOS ANGELES,WEST HOLLYWOOD,-118.37774959,34.09352105
6906104,2015,2016-06-01,1900,2015-04-09,0215,263103,0972,4,5,4,1979,0,0,0,NA,0,93T2,SANTA MONICA BL,WEST KNOLL DR,105,W,N,B,-,N,NA,NA,NA,NA,NA,NA,NA,NA,NA,N,4,0,1,2,A,-,04,21703,NA,M,C,C,A,A,H,-,C,D,0,NA,NA,NA,NA,Y,NA,A,07,0,0,1,0,0,0,0,0,0,-,-,NA,NA,LOS ANGELES,WEST HOLLYWOOD,-118.37736082,34.08898382
6906105,2015,2015-05-07,1900,2015-04-16,1345,472742,0977,4,5,4,1979,0,0,0,NA,0,91T3,DOHENY DR,PHYLLIS ST,6,N,N,A,-,N,NA,NA,NA,NA,NA,NA,NA,NA,NA,Y,4,0,3,2,A,-,09,21802,A,N,D,C,A,A,H,-,A,A,0,NA,NA,NA,NA,Y,NA,A,01,0,0,3,0,0,0,0,0,0,-,-,NA,NA,LOS ANGELES,WEST HOLLYWOOD,-118.38977851,34.08851641
6906106,2015,2016-06-01,1900,2015-04-16,1759,608245,0977,4,5,4,1979,0,0,0,NA,0,092,SANTA MONICA BL,DOHENY DR,0,NA,Y,A,-,N,NA,NA,NA,NA,NA,NA,NA,NA,NA,N,3,0,1,2,A,-,05,21650,1,N,-,G,A,A,H,-,A,A,0,NA,Y,NA,NA,Y,NA,L,04,0,1,0,0,0,0,1,0,0,-,-,NA,NA,LOS ANGELES,WEST HOLLYWOOD,-118.38976013,34.08115002
6906107,2015,2015-05-07,1900,2015-04-07,1621,538687,0972,2,5,4,1979,0,0,0,NA,0,92A,ROBERTSON BL,RANGLEY AV,25,N,N,C,-,N,NA,NA,NA,NA,NA,NA,NA,NA,NA,N,4,0,1,2,A,-,21,22106,NA,F,-,-,E,B,H,-,B,D,0,Y,NA,NA,NA,Y,NA,A,01,0,0,1,0,1,0,0,0,0,-,-,NA,NA,LOS ANGELES,WEST HOLLYWOOD,-118.38509681,34.08011135
6906108,2015,2015-05-06,1900,2015-04-22,0715,472742,0986,3,5,4,1979,0,0,0,NA,0,91T3,SUNSET BL,HAMMOND ST,177,W,N,A,-,N,NA,NA,NA,NA,NA,NA,NA,NA,NA,Y,4,0,2,3,A,-,04,21703,NA,N,H,C,A,A,H,-,A,A,0,NA,NA,NA,NA,Y,NA,A,01,0,0,2,0,0,0,0,0,0,-,-,NA,NA,LOS ANGELES,WEST HOLLYWOOD,-118.38819339,34.0906399
6906109,2015,2015-05-06,1900,2015-04-22,1746,936339,0976,3,5,4,1979,0,0,0,NA,0,92T1,SWEETZER AV,FOUNTAIN AV,0,NA,Y,B,-,N,NA,NA,NA,NA,NA,NA,NA,NA,NA,Y,3,0,1,2,A,-,09,21453,B,N,E,A,A,A,H,-,A,A,0,NA,NA,Y,NA,Y,NA,A,01,0,1,0,0,0,0,0,0,1,-,-,NA,NA,LOS ANGELES,WEST HOLLYWOOD,-118.37030012,34.09437005
6906110,2015,2015-05-06,1900,2015-04-27,0725,266037,0976,1,5,4,1979,0,0,0,NA,0,91T2,FOUNTAIN AV,FLORES ST,28,S,N,A,-,N,NA,NA,NA,NA,NA,NA,NA,NA,NA,Y,4,0,1,2,A,-,09,21802,A,N,D,C,A,A,H,-,A,A,0,NA,NA,NA,NA,Y,NA,A,01,0,0,1,0,0,0,0,0,0,-,-,NA,NA,LOS ANGELES,WEST HOLLYWOOD,-118.37160578,34.09401163
6906111,2015,2015-05-07,1900,2015-04-25,1728,608245,0987,6,5,4,1979,0,0,0,NA,0,092,SUNSET BL,HOLLOWAY DR,150,E,N,B,-,N,NA,NA,NA,NA,NA,NA,NA,NA,NA,N,4,0,1,2,A,-,04,21703,NA,N,C,C,A,A,H,-,A,A,0,NA,NA,NA,NA,Y,NA,A,01,0,0,1,0,0,0,0,0,0,-,-,NA,NA,LOS ANGELES,WEST HOLLYWOOD,-118.38288136,34.09093909
6906112,2015,2016-06-01,1900,2015-04-25,2215,517137,0973,6,5,4,1979,0,0,0,NA,0,93T1,SANTA MONICA BL,LA BREA AV,7,E,N,A,-,N,NA,NA,NA,NA,NA,NA,NA,NA,NA,N,4,0,1,2,A,-,08,22100,A,M,B,G,A,A,H,-,C,A,0,NA,Y,NA,NA,Y,NA,A,01,0,0,1,0,0,0,1,0,0,-,-,NA,NA,LOS ANGELES,WEST HOLLYWOOD,-118.34405693,34.09070049
6906113,2015,2015-05-07,1900,2015-04-27,1644,536339,0974,1,5,4,1979,0,0,0,NA,0,92T1,FOUNTAIN AV,ORANGE GROVE AV,0,NA,Y,A,-,N,NA,NA,NA,NA,NA,NA,NA,NA,NA,N,3,0,1,2,A,-,09,21803,A,N,D,C,A,A,H,-,A,A,0,NA,NA,NA,NA,Y,NA,A,01,0,1,0,0,0,0,0,0,0,-,-,NA,NA,LOS ANGELES,WEST HOLLYWOOD,-118.36037014,34.09444002
6906130,2015,2015-05-06,1975,2015-04-09,0514,418,NA,4,5,6,1975,0,0,0,NA,0,001,VINCENT AV,BADILLO AV,0,NA,Y,A,-,N,NA,NA,NA,NA,NA,NA,NA,NA,NA,Y,4,0,1,2,A,-,12,21453,A,N,D,C,A,A,H,-,B,A,0,NA,NA,NA,NA,Y,NA,-,NA,0,0,1,0,0,0,0,0,0,-,-,NA,NA,LOS ANGELES,WEST COVINA,-117.9255001,34.08658008
6906131,2015,2015-05-06,1975,2015-04-11,1939,418,NA,6,5,6,1975,0,0,0,NA,0,001,VINCENT AV,GROVECENTER ST,0,NA,Y,A,-,N,NA,NA,NA,NA,NA,NA,NA,NA,NA,Y,4,0,1,2,A,-,09,21804,B,N,D,C,A,A,H,-,C,D,0,NA,NA,NA,NA,Y,NA,-,NA,0,0,1,0,0,0,0,0,0,-,-,NA,NA,LOS ANGELES,WEST COVINA,-117.9254901,34.08511008
6906132,2015,2015-05-06,1975,2015-04-13,1531,308,NA,1,5,6,1975,0,0,0,NA,0,001,PUENTE AV,VINCENT AV,0,NA,Y,A,-,N,NA,NA,NA,NA,NA,NA,NA,NA,NA,Y,3,0,1,2,A,-,09,21801,A,N,-,C,A,A,H,-,A,A,0,NA,NA,NA,NA,Y,NA,-,NA,0,1,0,0,0,0,0,0,0,-,-,NA,NA,LOS ANGELES,WEST COVINA,-117.92569008,34.08276009
6906133,2015,2015-05-06,1975,2015-04-13,1627,308,NA,1,5,6,1975,0,0,0,NA,0,002,HOLLENBECK ST,NORTH GARVEY AV,0,NA,Y,A,-,N,NA,NA,NA,NA,NA,NA,NA,NA,NA,Y,4,0,1,2,A,-,12,21453,A,N,D,C,A,A,H,-,-,A,0,NA,NA,NA,NA,Y,NA,-,NA,0,0,1,0,0,0,0,0,0,-,-,NA,NA,LOS ANGELES,WEST COVINA,-117.89889012,34.07287003
6906134,2015,2016-06-01,1975,2015-04-11,0736,349,NA,6,5,6,1975,0,0,0,NA,0,004,AZUSA AV,VINE AV,0,NA,Y,A,-,N,NA,NA,NA,NA,NA,NA,NA,NA,NA,Y,4,0,3,2,A,-,03,22350,A,N,D,C,A,A,H,-,A,A,0,NA,NA,NA,NA,Y,Y,-,NA,0,0,3,0,0,0,0,0,0,-,-,NA,NA,LOS ANGELES,WEST COVINA,-117.90799005,34.05746008
6906135,2015,2015-05-06,1975,2015-04-05,1904,308,NA,7,5,6,1975,0,0,0,NA,0,001,ROWLAND AV,YALETON AV,180,E,N,A,-,N,NA,NA,NA,NA,NA,NA,NA,NA,NA,Y,3,0,8,2,A,-,01,23153,A,N,A,C,A,A,H,-,B,D,0,NA,NA,NA,NA,Y,Y,-,NA,0,3,5,0,0,0,0,0,0,-,-,NA,NA,LOS ANGELES,WEST COVINA,-117.93627705,34.0793624
6906136,2015,2015-05-06,1975,2015-04-04,2228,418,NA,6,5,6,1975,0,0,0,NA,0,004,GLENDORA AV,WEST COVINA PKWY,0,NA,Y,A,-,N,NA,NA,NA,NA,NA,NA,NA,NA,NA,Y,3,0,4,3,A,-,01,23153,A,F,D,C,A,A,H,-,C,A,0,NA,NA,NA,NA,Y,Y,-,NA,0,2,2,0,0,0,0,0,0,-,-,NA,NA,LOS ANGELES,WEST COVINA,-117.9257,34.06710001
6906137,2015,2015-05-06,1942,2015-04-27,0015,32576,0852,1,5,7,1942,0,0,0,H,0,821,ARMACOST AV,IDAHO AV,15,N,N,A,-,N,NA,NA,NA,NA,NA,NA,NA,NA,NA,Y,3,0,2,2,A,-,03,22350,NA,F,C,E,A,A,-,-,C,A,0,NA,NA,NA,NA,Y,NA,A,01,0,1,1,0,0,0,0,0,0,-,-,NA,NA,LOS ANGELES,LOS ANGELES,-118.45891887,34.04034339
6906138,2015,2015-05-06,1942,2015-04-26,0105,40773,2069,7,5,7,1942,0,0,0,NA,0,6T11,11TH ST,MENLO AV,100,E,N,A,-,N,NA,NA,NA,NA,NA,NA,NA,NA,NA,Y,3,0,6,2,A,-,01,23153,A,N,C,C,A,A,H,-,C,D,0,NA,NA,NA,NA,Y,Y,A,01,0,1,5,0,0,0,0,0,0,-,-,NA,NA,LOS ANGELES,LOS ANGELES,-118.29038052,34.05079
6906139,2015,2015-05-06,1942,2015-04-19,1840,40102,1472,7,5,7,1942,0,0,0,N,0,14T47,VISTA DEL MAR,NAPOLEON ST,666,S,N,A,-,N,NA,NA,NA,NA,NA,NA,NA,NA,NA,Y,2,0,1,2,A,-,08,22107,NA,F,D,C,A,A,H,-,A,A,0,NA,NA,Y,NA,Y,NA,-,99,1,0,0,0,0,0,0,0,1,-,-,NA,NA,LOS ANGELES,LOS ANGELES,-118.44550111,33.95024326
6906140,2015,2015-05-06,1942,2015-04-22,0730,41821,637,3,5,7,1942,0,0,0,NA,0,6A77,HOLLYWOOD BL,GOWER ST,150,E,N,A,-,N,NA,NA,NA,NA,NA,NA,NA,NA,NA,N,4,0,1,2,A,-,09,21801,A,N,G,G,A,-,H,-,A,D,0,NA,Y,NA,NA,Y,NA,A,01,0,0,1,0,0,0,1,0,0,-,-,NA,NA,LOS ANGELES,LOS ANGELES,-118.3218956,34.10165989
6906141,2015,2015-05-06,1942,2015-04-24,1140,35439,0647,5,5,7,1942,0,0,0,F,0,20A69,HOLLYWOOD BL,SCHRADER,0,NA,Y,A,-,N,NA,NA,NA,NA,NA,NA,NA,NA,NA,Y,3,0,1,2,A,-,09,21801,NA,N,D,D,A,A,H,-,A,A,0,NA,NA,Y,NA,Y,NA,A,01,0,1,0,0,0,0,0,0,1,-,-,NA,NA,LOS ANGELES,LOS ANGELES,-118.33246,34.10159
6906142,2015,2015-05-06,1942,2015-04-24,2200,37511,0632,5,5,7,1942,0,0,0,F,0,7T23,MARMONT AV,MARMONT LN,0,NA,Y,B,-,N,NA,NA,NA,NA,NA,NA,NA,NA,NA,N,4,0,1,2,A,-,21,22106,NA,N,H,C,A,A,H,-,C,D,0,NA,NA,NA,NA,Y,NA,A,01,0,0,1,0,0,0,0,0,0,-,-,NA,NA,LOS ANGELES,LOS ANGELES,-118.37040009,34.09855002
6906143,2015,2015-05-06,1942,2015-04-21,1335,38118,657,2,5,7,1942,0,0,0,NA,0,7TL38,WILTON PL,ROMAINE ST,13,S,N,B,-,N,NA,NA,NA,NA,NA,NA,NA,NA,NA,Y,4,0,1,2,A,-,09,21802,A,N,D,C,A,A,H,-,A,A,0,NA,NA,Y,NA,Y,NA,A,01,0,0,1,0,0,0,0,0,1,-,-,NA,NA,LOS ANGELES,LOS ANGELES,-118.31357,34.08844435
6906144,2015,2015-05-06,1942,2015-04-02,1430,41179,0701,4,5,7,1942,0,0,0,G,0,7T38,3RD ST,SHERBOURNE,50,E,N,A,-,N,NA,NA,NA,NA,NA,NA,NA,NA,NA,N,4,0,1,2,A,-,03,22350,NA,F,C,C,A,A,H,-,A,D,0,NA,NA,NA,NA,Y,NA,-,99,0,0,1,0,0,0,0,0,0,-,-,NA,NA,LOS ANGELES,LOS ANGELES,-118.37935521,34.07358157
6906145,2015,2015-05-06,1942,2015-04-21,1945,40452,0787,2,5,7,1942,0,0,0,G,0,20T59,WASHINGTON BL,CRENSHAW BL,117,W,N,A,-,N,NA,NA,NA,NA,NA,NA,NA,NA,NA,N,4,0,1,2,A,-,08,22102,NA,F,A,G,A,A,H,-,C,D,0,NA,Y,NA,NA,Y,NA,-,99,0,0,1,0,0,0,1,0,0,-,-,NA,NA,LOS ANGELES,LOS ANGELES,-118.33145546,34.03986
6906146,2015,2015-05-06,1942,2015-04-12,1730,36083,0819,7,5,7,1942,0,0,0,H,0,6T2,SUNSET BL,S BEVERLY GLEN BL,15,W,N,A,-,N,NA,NA,NA,NA,NA,NA,NA,NA,NA,Y,3,0,2,2,A,-,03,22350,NA,N,C,C,A,A,H,-,A,A,0,NA,NA,NA,NA,Y,NA,A,01,0,1,1,0,0,0,0,0,0,-,-,NA,NA,LOS ANGELES,LOS ANGELES,-118.43545357,34.080809790000004
6906147,2015,2015-05-06,1942,2015-04-20,2220,41089,0885,1,5,7,1942,0,0,0,H,0,14T47,OVERLAND AV,NATIONAL BL,0,NA,Y,A,-,N,NA,NA,NA,NA,NA,NA,NA,NA,NA,Y,3,0,1,2,A,-,09,21801,A,N,D,C,A,A,H,-,C,A,0,NA,NA,NA,NA,Y,NA,A,01,0,1,0,0,0,0,0,0,0,-,-,NA,NA,LOS ANGELES,LOS ANGELES,-118.41761006,34.03246002
6906148,2015,2015-05-06,1942,2015-04-20,0735,39022,0898,1,5,7,1942,0,0,0,H,0,7TL23,CATTARAUGUS AV,ROBERTSON PL,20,E,N,B,-,N,NA,NA,NA,NA,NA,NA,NA,NA,NA,N,3,0,1,2,A,-,05,21650,1,N,H,G,A,A,H,-,A,D,0,NA,Y,NA,NA,Y,NA,L,04,0,1,0,0,0,0,1,0,0,-,-,NA,NA,LOS ANGELES,LOS ANGELES,-118.38884745,34.03470275
6906149,2015,2015-05-06,1942,2015-04-20,1835,41089,0678,1,5,7,1942,0,0,0,F,0,14T47,SANTA MONICA BL,OXFORD AV,100,E,N,A,-,N,NA,NA,NA,NA,NA,NA,NA,NA,NA,N,4,0,1,2,A,-,03,22350,NA,N,C,C,A,A,H,-,A,D,0,NA,NA,NA,NA,Y,NA,A,01,0,0,1,0,0,0,0,0,0,-,-,NA,NA,LOS ANGELES,LOS ANGELES,-118.30747035,34.09077
6906150,2015,2015-05-06,1942,2015-04-19,0140,40899,0636,7,5,7,1942,0,0,0,F,0,14T47,WILCOX AV,YUCCA ST,174,S,N,A,-,N,NA,NA,NA,NA,NA,NA,NA,NA,NA,Y,4,0,2,2,A,-,05,21460,A,N,B,C,A,A,H,-,C,D,0,NA,NA,NA,NA,Y,NA,A,01,0,0,2,0,0,0,0,0,0,-,-,NA,NA,LOS ANGELES,LOS ANGELES,-118.33104,34.10345278
6906151,2015,2015-05-06,1942,2015-04-13,1530,36083,0622,1,5,7,1942,0,0,0,F,0,6TL2,NICHOLS CANYON RD,DRESDEN AV,700,S,N,A,-,N,NA,NA,NA,NA,NA,NA,NA,NA,NA,N,4,0,1,2,A,-,03,22350,NA,N,C,C,A,A,H,-,A,D,0,NA,NA,NA,NA,Y,NA,A,01,0,0,1,0,0,0,0,0,0,-,-,NA,NA,LOS ANGELES,LOS ANGELES,-118.36096344,34.10955604
6906152,2015,2015-05-06,1942,2015-04-19,1710,38013,0752,7,5,7,1942,0,0,0,G,0,14TL52,PICO BL,HI POINT ST,0,NA,Y,A,-,N,NA,NA,NA,NA,NA,NA,NA,NA,NA,N,3,0,1,2,A,-,05,21650,1,N,D,G,A,A,H,-,A,A,0,NA,Y,NA,NA,Y,NA,L,04,0,1,0,0,0,0,1,0,0,-,-,NA,NA,LOS ANGELES,LOS ANGELES,-118.36898007,34.05196004
6906153,2015,2015-05-06,1965,2015-04-25,0933,3553,0B3A,6,5,5,1965,0,0,0,NA,0,B003,WILSHIRE BL,10TH ST,172,E,N,A,-,N,NA,NA,NA,NA,NA,NA,NA,NA,NA,Y,3,0,1,2,A,-,09,21804,A,N,D,C,A,A,H,-,A,D,0,NA,NA,NA,NA,Y,NA,A,01,0,1,0,0,0,0,0,0,0,-,-,NA,NA,LOS ANGELES,SANTA MONICA,-118.49223774,34.0240523
6906154,2015,2015-05-06,1965,2015-04-23,1950,3857,0B2D,4,5,5,1965,0,0,0,NA,0,B002,OCEAN PARK BL,28TH ST,0,NA,Y,A,-,N,NA,NA,NA,NA,NA,NA,NA,NA,NA,N,4,0,1,2,A,-,11,21950,B,N,G,B,B,A,H,-,C,A,0,Y,NA,NA,NA,Y,NA,N,60,0,0,1,0,1,0,0,0,0,-,-,NA,NA,LOS ANGELES,SANTA MONICA,-118.45594012,34.01885001
6906155,2015,2015-05-06,1965,2015-04-23,2115,3477,B10,4,5,5,1965,0,0,0,NA,0,001,OCEAN AV,SAN VICENTE,199,N,N,A,-,N,NA,NA,NA,NA,NA,NA,NA,NA,NA,Y,3,0,3,3,A,-,08,22107,NA,N,B,C,A,A,H,-,C,D,0,NA,NA,NA,NA,Y,NA,A,07,0,1,2,0,0,0,0,0,0,-,-,NA,NA,LOS ANGELES,SANTA MONICA,-118.51399425,34.02633361
6906156,2015,2015-05-06,1965,2015-04-21,1650,3158,0B1G,2,5,5,1965,0,0,0,NA,0,B001,4TH ST,CIVIC CENTER DR,0,NA,Y,A,-,N,NA,NA,NA,NA,NA,NA,NA,NA,NA,N,4,0,1,2,A,-,03,22350,NA,N,C,C,A,A,H,-,A,A,0,NA,NA,NA,NA,Y,NA,A,01,0,0,1,0,0,0,0,0,0,-,-,NA,NA,LOS ANGELES,SANTA MONICA,-118.48900012,34.01118004
6906157,2015,2015-05-06,1965,2015-04-11,1141,3816,0B2B,6,5,5,1965,0,0,0,NA,0,B002,4TH ST,HILL ST,8,N,N,A,-,N,NA,NA,NA,NA,NA,NA,NA,NA,NA,N,4,0,1,1,A,-,08,22107,NA,N,-,I,A,A,H,-,A,D,0,NA,NA,NA,NA,Y,NA,A,07,0,0,1,0,0,0,0,0,0,-,-,NA,NA,LOS ANGELES,SANTA MONICA,-118.48033686,34.00276686
6906158,2015,2015-05-06,1965,2015-04-20,1455,3693,0B3A,1,5,5,1965,0,0,0,NA,0,B003,ARIZONA AV,CHELSEA AV,0,NA,Y,A,-,N,NA,NA,NA,NA,NA,NA,NA,NA,NA,Y,4,0,2,2,A,-,12,22450,A,N,D,C,A,A,H,-,A,A,0,NA,NA,NA,NA,Y,NA,A,01,0,0,2,0,0,0,0,0,0,-,-,NA,NA,LOS ANGELES,SANTA MONICA,-118.47749008,34.03334004
6906159,2015,2015-05-06,1965,2015-04-21,0801,3693,0B2E,2,5,5,1965,0,0,0,NA,0,B002,OCEAN PARK BL,24TH ST,45,W,N,B,-,N,NA,NA,NA,NA,NA,NA,NA,NA,NA,Y,3,0,2,3,A,-,07,21658,A,N,D,-,A,A,H,-,A,D,0,NA,NA,Y,NA,Y,NA,A,01,0,1,1,0,0,0,0,0,1,-,-,NA,NA,LOS ANGELES,SANTA MONICA,-118.46007089,34.01641857
6906160,2015,2015-05-06,1942,2015-04-20,0550,41047,1846,1,5,7,1942,0,0,0,R,0,18A41,CENTRAL AV,109TH ST,150,S,N,A,-,N,NA,NA,NA,NA,NA,NA,NA,NA,NA,N,4,0,1,3,A,-,03,22350,NA,N,C,C,A,A,H,-,B,D,0,NA,NA,NA,NA,Y,NA,A,01,0,0,1,0,0,0,0,0,0,-,-,NA,NA,LOS ANGELES,LOS ANGELES,-118.25421,33.93637863
6906161,2015,2015-05-14,1900,2015-04-12,1605,489533,0456,7,5,6,1949,0,0,0,NA,0,45T1,MAPLEDALE ST,DEVLIN AV,0,NA,Y,A,-,N,NA,NA,NA,NA,NA,NA,NA,NA,NA,Y,4,0,1,3,A,-,03,22350,NA,F,D,C,A,A,H,-,A,A,0,NA,NA,NA,NA,Y,NA,A,07,0,0,1,0,0,0,0,0,0,-,-,NA,NA,LOS ANGELES,NORWALK,-118.07889002,33.89854011
6906162,2015,2016-06-02,1900,2015-04-14,0300,521039,0454,2,5,6,1949,0,0,0,NA,0,43T1,ROSECRANS AV,BLOOMFIELD AV,0,NA,Y,A,-,N,NA,NA,NA,NA,NA,NA,NA,NA,NA,Y,4,0,1,2,A,-,12,21453,A,N,D,C,A,A,H,-,C,A,0,NA,NA,NA,NA,Y,NA,A,01,0,0,1,0,0,0,0,0,0,-,-,NA,NA,LOS ANGELES,NORWALK,-118.06411008,33.90226004
6906163,2015,2015-05-14,1900,2015-04-16,0905,503271,0453,4,5,6,1949,0,0,0,NA,0,45T1,FOSTER RD,FAIRFORD AV,0,NA,Y,A,-,N,NA,NA,NA,NA,NA,NA,NA,NA,NA,Y,4,0,2,2,A,-,09,21802,A,N,D,C,A,A,H,-,A,A,0,NA,NA,NA,NA,Y,NA,A,01,0,0,2,0,0,0,0,0,0,-,-,NA,NA,LOS ANGELES,NORWALK,-118.09493012,33.90998008
6906164,2015,2015-05-14,1900,2015-04-17,1945,483167,0455,5,5,6,1949,0,0,0,NA,0,43T1,ALONDRA BL,GRIDLEY RD,135,E,N,A,-,N,NA,NA,NA,NA,NA,NA,NA,NA,NA,N,4,0,2,2,A,-,07,21658,A,F,B,C,A,A,H,-,C,D,0,NA,NA,NA,NA,Y,NA,A,01,0,0,2,0,0,0,0,0,0,-,-,NA,NA,LOS ANGELES,NORWALK,-118.09073617,33.88765453
6906165,2015,2015-05-14,1900,2015-04-17,2335,483167,0463,5,5,4,1936,0,0,0,NA,0,46T2,LA MIRADA BL,FOSTER RD,32,N,N,A,-,N,NA,NA,NA,NA,NA,NA,NA,NA,NA,Y,3,0,1,2,A,-,12,21453,A,N,D,C,A,A,H,-,C,A,0,NA,NA,NA,NA,Y,NA,-,-,0,1,0,0,0,0,0,0,0,-,-,NA,NA,LOS ANGELES,LA MIRADA,-118.01189114,33.90892773
6906166,2015,2016-06-01,1900,2015-04-23,0925,442391,0468,4,5,4,1936,0,0,0,NA,0,46T1,SANTA GERTRUDES AV,ADELFA DR,74,S,N,A,-,N,NA,NA,NA,NA,NA,NA,NA,NA,NA,Y,3,0,1,1,A,-,03,22350,NA,N,E,I,A,A,H,-,A,A,0,NA,NA,NA,NA,Y,NA,A,01,0,1,0,0,0,0,0,0,0,-,-,NA,NA,LOS ANGELES,LA MIRADA,-118.00003245,33.89339008
6906224,2015,2015-05-09,1942,2015-04-21,2130,39028,1022,2,5,7,1942,0,0,0,J,0,5T21,CENTURY BL,BROADWAY,13,W,N,A,-,N,NA,NA,NA,NA,NA,NA,NA,NA,NA,Y,4,0,1,2,A,-,01,23152,A,F,C,C,A,A,H,-,C,A,0,NA,NA,NA,NA,Y,Y,A,01,0,0,1,0,0,0,0,0,0,-,-,NA,NA,LOS ANGELES,LOS ANGELES,-118.27843278,33.94555
6906225,2015,2015-06-29,1942,2015-04-19,1120,36915,1245,7,5,7,1942,0,0,0,L,0,12X66,FLORENCE AV,NORMANDIE AV,0,NA,Y,A,-,N,NA,NA,NA,NA,NA,NA,NA,NA,NA,Y,4,0,2,2,A,-,09,21801,A,F,D,C,A,A,H,-,A,A,0,NA,NA,NA,NA,Y,NA,A,07,0,0,2,0,0,0,0,0,0,-,-,NA,NA,LOS ANGELES,LOS ANGELES,-118.30030013,33.9745801
6906226,2015,2015-05-09,1942,2015-04-15,1340,37146,2,3,5,7,1942,0,0,0,NA,0,001,SLAUSON AV,WESTERN AV,70,W,N,A,-,N,NA,NA,NA,NA,NA,NA,NA,NA,NA,N,4,0,1,2,A,-,03,22350,NA,N,C,C,A,A,H,-,A,A,0,NA,NA,NA,NA,Y,NA,A,01,0,0,1,0,0,0,0,0,0,-,-,NA,NA,LOS ANGELES,LOS ANGELES,-118.30918045,33.98914689