CASE_ID,ACCIDENT_YEAR,PROC_DATE,JURIS,COLLISION_DATE,COLLISION_TIME,OFFICER_ID,REPORTING_DISTRICT,DAY_OF_WEEK,CHP_SHIFT,POPULATION,CNTY_CITY_LOC,SPECIAL_COND,BEAT_TYPE,CHP_BEAT_TYPE,CITY_DIVISION_LAPD,CHP_BEAT_CLASS,BEAT_NUMBER,PRIMARY_RD,SECONDARY_RD,DISTANCE,DIRECTION,INTERSECTION,WEATHER_1,WEATHER_2,STATE_HWY_IND,CALTRANS_COUNTY,CALTRANS_DISTRICT,STATE_ROUTE,ROUTE_SUFFIX,POSTMILE_PREFIX,POSTMILE,LOCATION_TYPE,RAMP_INTERSECTION,SIDE_OF_HWY,TOW_AWAY,COLLISION_SEVERITY,NUMBER_KILLED,NUMBER_INJURED,PARTY_COUNT,PRIMARY_COLL_FACTOR,PCF_CODE_OF_VIOL,PCF_VIOL_CATEGORY,PCF_VIOLATION,PCF_VIOL_SUBSECTION,HIT_AND_RUN,TYPE_OF_COLLISION,MVIW,PED_ACTION,ROAD_SURFACE,ROAD_COND_1,ROAD_COND_2,LIGHTING,CONTROL_DEVICE,CHP_ROAD_TYPE,PEDESTRIAN_ACCIDENT,BICYCLE_ACCIDENT,MOTORCYCLE_ACCIDENT,TRUCK_ACCIDENT,NOT_PRIVATE_PROPERTY,ALCOHOL_INVOLVED,STWD_VEHTYPE_AT_FAULT,CHP_VEHTYPE_AT_FAULT,COUNT_SEVERE_INJ,COUNT_VISIBLE_INJ,COUNT_COMPLAINT_PAIN,COUNT_PED_KILLED,COUNT_PED_INJURED,COUNT_BICYCLIST_KILLED,COUNT_BICYCLIST_INJURED,COUNT_MC_KILLED,COUNT_MC_INJURED,PRIMARY_RAMP,SECONDARY_RAMP,LATITUDE,LONGITUDE,COUNTY,CITY,POINT_X,POINT_Y
6907171,2015,2016-12-10,9530,2015-04-11,1658,20935,NA,6,2,5,1915,0,1,3,NA,2,310,RT 91,WILMINGTON AV,1405,E,N,A,-,Y,LA,7,91,-,-,9.43,H,-,E,Y,4,0,1,1,C,-,18,NA,NA,N,E,I,A,A,H,-,A,D,1,NA,NA,NA,NA,Y,NA,-,-,0,0,1,0,0,0,0,0,0,-,-,33.5224,-118.1346,LOS ANGELES,COMPTON,-118.23130335,33.87375298
6907175,2015,2015-05-27,9530,2015-04-03,1815,021010,NA,5,2,9,1900,0,3,5,NA,2,002,WATTS AV,E 113TH ST,0,NA,Y,A,-,N,NA,NA,NA,NA,NA,NA,NA,NA,NA,Y,3,0,2,2,A,-,09,21802,A,N,D,C,A,C,H,-,A,D,0,NA,NA,NA,NA,Y,NA,A,01,0,1,1,0,0,0,0,0,0,-,-,33.93238,-118.22837,LOS ANGELES,UNINCORPORATED,-118.22835013,33.93236003
6907179,2015,2015-05-27,9530,2015-04-04,1820,019348,NA,6,2,9,1900,0,3,5,NA,2,006,LOMITA BL,VERMONT AV,0,NA,Y,A,-,N,NA,NA,NA,NA,NA,NA,NA,NA,NA,Y,4,0,1,2,A,-,12,21453,A,N,D,C,A,A,H,-,A,A,0,NA,NA,NA,NA,Y,NA,A,01,0,0,1,0,0,0,0,0,0,-,-,33.79769,-118.29098,LOS ANGELES,UNINCORPORATED,-118.29088006,33.79783001
6907185,2015,2015-06-01,1942,2015-04-20,1540,41774,LAPDT,1,5,7,1942,0,0,0,NA,0,21A1,TOPANGA CANYON BL,COSTANO ST,0,NA,Y,A,-,N,NA,NA,NA,NA,NA,NA,NA,NA,NA,Y,4,0,2,2,A,-,09,21801,A,N,D,C,A,A,H,-,A,D,0,NA,NA,NA,NA,Y,NA,-,NA,0,0,2,0,0,0,0,0,0,-,-,NA,NA,LOS ANGELES,LOS ANGELES,-118.60592002,34.1675701
6907195,2015,2016-12-17,9530,2015-04-16,1504,018278,NA,4,2,5,1943,0,1,1,NA,2,200,RT 105,LONG BEACH BL,2640,W,N,A,-,Y,LA,7,105,-,R,11.01,H,-,E,Y,4,0,2,2,A,-,03,22350,NA,N,C,C,A,A,H,-,A,D,6,NA,NA,NA,NA,Y,NA,A,01,0,0,2,0,0,0,0,0,0,-,-,33.92605,-118.21265,LOS ANGELES,LYNWOOD,-118.21838972,33.92842815
6907199,2015,2016-12-17,9530,2015-04-14,1840,20521,NA,2,2,9,1900,0,1,1,NA,2,210,RT 105,WILMINGTON AV,100,W,N,A,-,Y,LA,7,105,-,R,9.76,H,-,E,N,4,0,1,2,A,-,03,22350,NA,N,C,C,A,A,H,-,A,D,0,NA,NA,NA,NA,Y,NA,A,01,0,0,1,0,0,0,0,0,0,-,-,33.92517,-118.24014,LOS ANGELES,UNINCORPORATED,-118.239591,33.92818768
6907222,2015,2015-05-11,1942,2015-04-11,2125,40452,2044,6,5,7,1942,0,0,0,NA,0,20T59,JAMES M WOOD BL,ARDMORE AV,0,NA,Y,A,-,N,NA,NA,NA,NA,NA,NA,NA,NA,NA,Y,4,0,1,2,A,-,12,22450,A,F,D,C,A,A,H,-,C,A,0,NA,NA,NA,NA,Y,NA,-,99,0,0,1,0,0,0,0,0,0,-,-,NA,NA,LOS ANGELES,LOS ANGELES,-118.302,34.05588
6907236,2015,2015-05-14,1942,2015-04-27,1910,39971,1663,1,5,7,1942,0,0,0,P,0,15T43,SAN FERNANDO RD,BRANFORD ST,20,E,N,A,-,N,NA,NA,NA,NA,NA,NA,NA,NA,NA,Y,4,0,1,2,A,-,03,22350,NA,N,C,C,A,A,H,-,A,A,0,NA,NA,NA,NA,Y,NA,A,01,0,0,1,0,0,0,0,0,0,-,-,NA,NA,LOS ANGELES,LOS ANGELES,-118.40314629,34.24819887
6907240,2015,2015-05-14,1942,2015-02-25,0635,39375,1636,3,5,7,1942,0,0,0,P,0,15A43,WENTWORTH ST,MARY BELL AV,4,N,N,C,-,N,NA,NA,NA,NA,NA,NA,NA,NA,NA,N,3,0,1,1,A,-,03,22350,NA,N,E,I,A,B,H,-,A,D,0,NA,NA,NA,NA,Y,NA,A,01,0,1,0,0,0,0,0,0,0,-,-,NA,NA,LOS ANGELES,LOS ANGELES,-118.34413301,34.26425193
6907244,2015,2017-01-25,1942,2015-04-16,0810,37841,1915,4,5,7,1942,0,0,0,NA,0,19A7,ASTORIA ST,NORRIS AV,0,NA,Y,A,-,N,NA,NA,NA,NA,NA,NA,NA,NA,NA,N,3,0,1,2,A,-,12,22450,NA,F,G,B,A,A,H,-,A,D,0,NA,Y,NA,NA,Y,NA,-,99,0,1,0,0,0,0,1,0,0,-,-,NA,NA,LOS ANGELES,LOS ANGELES,-118.45071004,34.30089005
6907248,2015,2015-05-13,1942,2015-04-26,2020,41625,0932,7,5,7,1942,0,0,0,I,0,9A41,DELANO ST,KESTER AV,0,NA,Y,A,-,N,NA,NA,NA,NA,NA,NA,NA,NA,NA,N,4,0,1,2,A,-,03,22350,NA,F,B,C,A,A,H,-,C,A,0,NA,NA,NA,NA,Y,NA,-,99,0,0,1,0,0,0,0,0,0,-,-,NA,NA,LOS ANGELES,LOS ANGELES,-118.45746011,34.18265005
6907252,2015,2015-05-13,1942,2015-04-17,1930,40408,1964,5,5,7,1942,0,0,0,NA,0,19A1,ARLETA AV,OSBORNE ST,0,NA,Y,A,-,N,NA,NA,NA,NA,NA,NA,NA,NA,NA,N,4,0,1,2,A,-,09,21801,A,F,A,C,A,A,H,-,B,A,0,NA,NA,NA,NA,Y,NA,-,99,0,0,1,0,0,0,0,0,0,-,-,NA,NA,LOS ANGELES,LOS ANGELES,-118.42611012,34.24208003
6907256,2015,2015-05-13,1942,2015-04-17,1500,31931,1984,5,5,7,1942,0,0,0,NA,0,35M56,ROSCOE BL,CEDROS AV,0,NA,Y,A,-,N,NA,NA,NA,NA,NA,NA,NA,NA,NA,N,4,0,4,2,A,-,09,21801,B,F,D,C,A,A,H,-,A,A,0,NA,NA,NA,NA,Y,NA,-,99,0,0,4,0,0,0,0,0,0,-,-,NA,NA,LOS ANGELES,LOS ANGELES,-118.45358011,34.22150001
6907260,2015,2015-05-13,1942,2015-04-11,1920,39703,2147,6,5,7,1942,0,0,0,NA,0,19T75,INDEPENDENCE AV,HART ST,56,S,N,A,-,N,NA,NA,NA,NA,NA,NA,NA,NA,NA,Y,4,0,1,2,A,-,01,23152,A,N,B,E,A,A,H,-,B,D,0,NA,NA,NA,NA,Y,Y,A,01,0,0,1,0,0,0,0,0,0,-,-,NA,NA,LOS ANGELES,LOS ANGELES,-118.59061375,34.19722641
6907264,2015,2016-04-07,1942,2015-04-25,1925,40820,0989,6,5,7,1942,0,0,0,I,0,15T45,OXNARD ST,WOODMAN AV,14,W,N,A,-,N,NA,NA,NA,NA,NA,NA,NA,NA,NA,N,4,0,1,2,A,-,10,21950,A,F,G,B,B,A,H,-,C,A,0,Y,NA,NA,NA,Y,NA,A,01,0,0,1,0,1,0,0,0,0,-,-,NA,NA,LOS ANGELES,LOS ANGELES,-118.4312862,34.1794
6907268,2015,2017-02-04,1942,2015-04-25,2025,36336,2172,6,5,7,1942,0,0,0,NA,0,15T45,VALLEY CIRCLE BL,MARIANO ST,75,S,N,A,-,N,NA,NA,NA,NA,NA,NA,NA,NA,NA,Y,4,0,1,3,A,-,03,22350,NA,F,C,C,A,A,H,-,C,D,0,NA,NA,NA,NA,Y,NA,A,01,0,0,1,0,0,0,0,0,0,-,-,NA,NA,LOS ANGELES,LOS ANGELES,-118.64247484,34.168223330000004
6907271,2015,2015-05-15,1948,2015-04-16,2142,442,1948,4,5,5,1948,0,0,0,NA,0,001,AVENIDA CESAR CHAVEZ,VANCOUVER AV,20,E,N,A,-,N,NA,NA,NA,NA,NA,NA,NA,NA,NA,N,4,0,1,2,A,-,08,22107,NA,F,A,C,A,A,H,-,C,D,0,NA,NA,NA,NA,Y,NA,-,99,0,0,1,0,0,0,0,0,0,-,-,NA,NA,LOS ANGELES,MONTEREY PARK,-118.15666413,34.04078077
6907281,2015,2015-05-20,9565,2015-04-08,0815,019349,NA,3,1,9,1900,0,2,4,NA,2,021,EL SEGUNDO BL,VERMONT AV,10,W,N,A,-,N,NA,NA,NA,NA,NA,NA,NA,NA,NA,Y,4,0,1,3,A,-,03,22350,NA,N,C,C,A,A,H,-,A,D,0,NA,NA,NA,NA,Y,NA,A,07,0,0,1,0,0,0,0,0,0,-,-,33.81759,-118.28535,LOS ANGELES,UNINCORPORATED,-118.2918729,33.91642
6907317,2015,2016-11-09,9565,2015-04-09,1743,020255,NA,4,2,7,1942,0,1,1,NA,2,064,RT 405,SKIRBALL CENTER DR,50,N,N,A,-,Y,LA,7,405,-,-,36.73,H,-,N,N,4,0,1,2,A,-,03,22350,NA,N,C,C,A,A,H,-,A,D,1,NA,NA,NA,NA,Y,NA,A,01,0,0,1,0,0,0,0,0,0,-,-,34.12532,-118.47598,LOS ANGELES,LOS ANGELES,-118.47830868,34.12276132
6907321,2015,2016-12-15,9565,2015-04-10,0915,020487,NA,5,1,9,1900,0,1,1,NA,2,060,RT 405,ROSECRANS AV,100,S,N,A,-,Y,LA,7,405,-,-,19.19,H,-,N,N,4,0,2,2,A,-,03,22350,NA,N,C,C,A,A,H,-,A,D,1,NA,NA,NA,NA,Y,Y,A,01,0,0,2,0,0,0,0,0,0,-,-,33.9007,-118.37038,LOS ANGELES,UNINCORPORATED,-118.3702986,33.90133576
6907325,2015,2017-01-05,9565,2015-04-06,1325,013744,NA,1,1,6,1933,0,1,1,NA,2,060,RT 405,MANCHESTER AV,100,S,N,A,-,Y,LA,7,405,-,-,23.34,H,-,N,N,4,0,1,2,A,-,03,22350,NA,M,C,C,A,A,H,-,A,D,1,NA,NA,NA,NA,Y,NA,A,01,0,0,1,0,0,0,0,0,0,-,-,33.9651,-118.37018,LOS ANGELES,INGLEWOOD,-118.36926489,33.96145757
6907329,2015,2016-11-03,9565,2015-04-05,0040,020590,NA,7,3,6,1933,0,1,1,NA,2,060,RT 405,CENTURY BL,100,N,N,A,-,Y,LA,7,405,-,-,22.666,R,2,N,Y,3,0,1,2,A,-,08,22107,NA,F,E,C,A,A,H,-,C,D,1,NA,NA,Y,NA,Y,NA,-,99,0,1,0,0,0,0,0,0,0,FR,-,33.88892,-118.36989,LOS ANGELES,INGLEWOOD,-118.36893836,33.95161511
6907333,2015,2016-06-01,9565,2015-04-11,1500,20879,NA,6,2,9,1900,0,3,5,NA,2,002,NORMANDIE AV,IMPERIAL HWY,50,N,N,A,-,N,NA,NA,NA,NA,NA,NA,NA,NA,NA,N,4,0,6,2,A,-,03,22350,NA,N,C,C,A,A,H,-,A,D,0,NA,NA,NA,NA,Y,NA,A,07,0,0,6,0,0,0,0,0,0,-,-,33.93195,-118.30025,LOS ANGELES,UNINCORPORATED,-118.30032,33.93115713
6907337,2015,2015-05-21,9565,2015-04-12,1205,020320,NA,7,1,9,1900,0,3,5,NA,2,003,STOCKER ST,VALLEY RIDGE AV,150,W,N,A,-,N,NA,NA,NA,NA,NA,NA,NA,NA,NA,N,4,0,1,2,A,-,03,22350,NA,N,C,C,A,A,H,-,A,A,0,NA,NA,NA,NA,Y,NA,A,01,0,0,1,0,0,0,0,0,0,-,-,34.00472,-118.34822,LOS ANGELES,UNINCORPORATED,-118.34787406,34.00470204
6907341,2015,2016-12-15,9565,2015-04-02,2100,020370,NA,4,2,7,1942,0,1,1,NA,2,061,RT 405,JEFFERSON BL,1000,N,N,A,-,Y,LA,7,405,-,-,26.15,H,-,S,Y,4,0,2,2,A,-,01,23152,A,N,E,I,A,A,H,-,D,D,1,NA,NA,NA,NA,Y,Y,A,01,0,0,2,0,0,0,0,0,0,-,-,33.99505,-118.40499,LOS ANGELES,LOS ANGELES,-118.40116489,33.99018984
6907345,2015,2016-11-19,9565,2015-04-08,1305,020310,NA,3,1,6,1933,0,1,1,NA,2,060,RT 405,HILLCREST BL,500,N,N,A,-,Y,LA,7,405,-,-,23.09,H,-,N,Y,4,0,1,2,A,-,03,22350,NA,N,C,C,A,A,H,-,A,D,1,NA,NA,NA,NA,Y,NA,A,01,0,0,1,0,0,0,0,0,0,-,-,33.95864,-118.36924,LOS ANGELES,INGLEWOOD,-118.36923225,33.95779025
6907349,2015,2016-12-15,9565,2015-04-10,1555,20476,NA,5,2,9,1900,0,1,1,NA,2,060,RT 405,IMPERIAL HWY,100,N,N,A,-,Y,LA,7,405,-,R,21.24,H,-,S,N,3,0,1,2,A,-,03,22350,NA,N,C,C,A,A,H,-,A,D,1,NA,NA,Y,NA,Y,NA,C,02,0,1,0,0,0,0,0,0,1,-,-,33.93045,-118.36867,LOS ANGELES,UNINCORPORATED,-118.36854112,33.93098233
6907353,2015,2016-11-19,9565,2015-04-09,1515,16545,NA,4,2,6,1933,0,1,1,NA,2,060,RT 405,LA CIENEGA BL,400,S,N,A,-,Y,LA,7,405,-,-,23.57,H,-,N,Y,4,0,1,2,A,-,07,21658,A,N,C,C,A,A,H,-,A,D,1,NA,NA,NA,NA,Y,NA,A,01,0,0,1,0,0,0,0,0,0,-,-,33.78138,-118.57293,LOS ANGELES,INGLEWOOD,-118.37017538,33.96477691
6907357,2015,2016-12-15,9565,2015-04-07,1535,15275,NA,2,2,7,1942,0,1,1,NA,2,061,RT 405,JEFFERSON BL,20,S,N,B,-,Y,LA,7,405,-,-,25.93,H,-,S,Y,4,0,1,3,A,-,03,22350,NA,N,C,C,A,A,H,-,A,D,1,NA,NA,NA,NA,Y,NA,A,01,0,0,1,0,0,0,0,0,0,-,-,33.98765,-118.39925,LOS ANGELES,LOS ANGELES,-118.3990602,33.98750187
6907441,2015,2015-06-05,1900,2015-04-23,0800,520027,2851,4,5,5,1915,0,0,0,NA,0,282T1,SOMMERSET BL,SAN JOSE AV,530,W,N,A,-,N,NA,NA,NA,NA,NA,NA,NA,NA,NA,N,4,0,2,2,A,-,03,22350,NA,N,C,C,A,A,H,-,A,D,0,NA,NA,NA,NA,Y,NA,A,01,0,0,2,0,0,0,0,0,0,-,-,NA,NA,LOS ANGELES,COMPTON,-118.18357281,33.8963
6907458,2015,2015-06-05,1931,2015-04-30,0845,5455,1931,4,5,5,1931,0,0,0,NA,0,004,BISSELL ST,ZOE AV,350,N,N,A,-,N,NA,NA,NA,NA,NA,NA,NA,NA,NA,N,4,0,2,3,A,-,06,21755,NA,N,B,C,A,A,H,-,A,D,0,NA,NA,NA,NA,Y,NA,A,01,0,0,2,0,0,0,0,0,0,-,-,NA,NA,LOS ANGELES,HUNTINGTON PARK,-118.20628999,33.97958967
6907619,2015,2015-05-09,1931,2015-04-27,1726,5280,1931,1,5,5,1931,0,0,0,NA,0,001,GAGE AV,WILMINGTON AV,225,E,N,A,-,N,NA,NA,NA,NA,NA,NA,NA,NA,NA,N,4,0,1,2,A,-,03,22350,NA,N,C,C,A,A,H,-,A,D,0,NA,NA,NA,NA,Y,NA,A,08,0,0,1,0,0,0,0,0,0,-,-,NA,NA,LOS ANGELES,HUNTINGTON PARK,-118.23826933,33.98199612
6907623,2015,2016-06-02,1900,2015-04-24,1625,525199,2847,5,5,5,1915,0,0,0,NA,0,283T1,ATLANTIC AV,ALONDRA BL,600,S,N,B,-,N,NA,NA,NA,NA,NA,NA,NA,NA,NA,Y,4,0,1,3,A,-,09,21801,NA,N,A,C,A,A,H,-,A,D,0,NA,NA,NA,NA,Y,NA,A,01,0,0,1,0,0,0,0,0,0,-,-,NA,NA,LOS ANGELES,COMPTON,-118.19256446,33.88715345
6907627,2015,2015-05-11,1900,2015-04-25,2243,526451,2831,6,5,5,1915,0,0,0,NA,0,281T1,CENTRAL AV,CALDWELL ST,0,NA,Y,A,-,N,NA,NA,NA,NA,NA,NA,NA,NA,NA,Y,4,0,1,2,A,-,09,21801,A,N,B,C,A,A,H,-,C,A,0,NA,NA,NA,NA,Y,NA,A,01,0,0,1,0,0,0,0,0,0,-,-,NA,NA,LOS ANGELES,COMPTON,-118.24887,33.88326011
6907631,2015,2015-05-09,1900,2015-04-27,1439,533018,2812,1,5,5,1915,0,0,0,NA,0,287D,ROSECRANS AV,WILMINGTON AV,300,W,N,A,-,N,NA,NA,NA,NA,NA,NA,NA,NA,NA,Y,4,0,1,1,A,-,08,22107,NA,N,A,I,A,A,H,-,A,A,0,NA,NA,NA,NA,Y,NA,A,01,0,0,1,0,0,0,0,0,0,-,-,NA,NA,LOS ANGELES,COMPTON,-118.2391266,33.90336154
6907635,2015,2015-05-09,1900,2015-04-28,0800,516691,2812,2,5,5,1915,0,0,0,NA,0,282T1,COMPTON AV,EL SEGUNDO BL,257,S,N,A,-,N,NA,NA,NA,NA,NA,NA,NA,NA,NA,N,4,0,1,2,A,-,08,22102,NA,N,B,C,A,A,H,-,A,D,0,NA,NA,NA,NA,Y,NA,A,07,0,0,1,0,0,0,0,0,0,-,-,NA,NA,LOS ANGELES,COMPTON,-118.24623887,33.91551522
6907671,2015,2015-05-09,1931,2015-04-24,1255,5195,1931,5,5,5,1931,0,0,0,NA,0,004,FLORENCE AV,STATE ST,75,E,N,A,-,N,NA,NA,NA,NA,NA,NA,NA,NA,NA,Y,3,0,1,3,A,-,08,22107,NA,N,B,C,A,A,H,-,A,D,0,NA,NA,NA,NA,Y,NA,A,01,0,1,0,0,0,0,0,0,0,-,-,NA,NA,LOS ANGELES,HUNTINGTON PARK,-118.20928467,33.9725371
6907675,2015,2015-05-09,1931,2015-04-17,0751,5195,1931,5,5,5,1931,0,0,0,NA,0,002,STATE ST,RANDOLPH ST,0,NA,Y,A,-,N,NA,NA,NA,NA,NA,NA,NA,NA,NA,N,4,0,2,2,A,-,09,21801,A,N,A,C,A,A,H,-,A,A,0,NA,NA,NA,NA,Y,NA,A,01,0,0,2,0,0,0,0,0,0,-,-,NA,NA,LOS ANGELES,HUNTINGTON PARK,-118.21261009,33.98433004
6907679,2015,2015-05-09,1931,2015-04-24,2051,5277,1931,5,5,5,1931,0,0,0,NA,0,001,PACIFIC BL,RANDOLPH ST,10,N,N,A,-,N,NA,NA,NA,NA,NA,NA,NA,NA,NA,N,3,0,1,2,A,-,10,21950,A,F,G,B,B,A,H,-,C,A,0,Y,NA,NA,NA,Y,NA,A,01,0,1,0,0,1,0,0,0,0,-,-,NA,NA,LOS ANGELES,HUNTINGTON PARK,-118.22520083,33.98559741
6907684,2015,2016-11-30,1976,2015-04-22,1859,332,NA,3,5,5,1976,0,0,0,NA,0,NA,WHITTIER BL,GLENGARRY AV,50,E,N,A,-,Y,LA,7,72,-,-,5.99,H,-,S,Y,3,0,1,2,A,-,09,21804,A,N,D,C,A,A,-,-,A,D,0,NA,NA,NA,NA,Y,NA,D,22,0,1,0,0,0,0,0,0,0,-,-,NA,NA,LOS ANGELES,WHITTIER,-118.06018391,33.9873162
6907688,2015,2015-05-19,1976,2015-04-21,0544,507,NA,2,5,5,1976,0,0,0,NA,0,002,PAINTER AV,LAMBERT RD,3,N,N,A,-,N,NA,NA,NA,NA,NA,NA,NA,NA,NA,N,4,0,1,2,A,-,03,22350,NA,N,C,C,A,A,H,-,B,A,0,NA,NA,NA,NA,Y,NA,D,22,0,0,1,0,0,0,0,0,0,-,-,NA,NA,LOS ANGELES,WHITTIER,-118.03795339,33.95825611
6907718,2015,2016-09-20,1900,2015-03-18,1750,533005,1332,3,5,5,1908,0,0,0,NA,0,133EP,LAKEWOOD BL,ANDRY DR,4,W,N,A,-,Y,LA,7,19,-,-,7.511,I,6,S,N,4,0,1,2,A,-,05,21650,1,N,D,G,A,A,H,-,A,D,0,NA,Y,NA,NA,Y,NA,L,04,0,0,1,0,0,0,1,0,0,-,-,NA,NA,LOS ANGELES,BELLFLOWER,-118.14283898,33.8975097
6907739,2015,2015-05-13,1900,2015-03-25,1440,548799,1365,3,5,5,1952,0,0,0,NA,0,136D,PARAMOUNT BL,PEARLE ST,60,N,N,A,-,N,NA,NA,NA,NA,NA,NA,NA,NA,NA,N,4,0,1,3,A,-,08,22107,NA,N,B,C,A,A,H,-,A,D,0,NA,NA,NA,Y,Y,NA,A,01,0,0,1,0,0,0,0,0,0,-,-,NA,NA,LOS ANGELES,PARAMOUNT,-118.1603,33.90927453
6907759,2015,2015-05-13,1900,2015-03-14,2100,600695,1323,6,5,5,1935,0,0,0,NA,0,132T2,OBISPO AV,HARVEY WY,0,NA,Y,A,-,N,NA,NA,NA,NA,NA,NA,NA,NA,NA,Y,4,0,1,2,A,-,12,22450,A,N,D,C,A,A,H,-,C,A,0,NA,NA,NA,NA,Y,NA,D,22,0,0,1,0,0,0,0,0,0,-,-,NA,NA,LOS ANGELES,LAKEWOOD,-118.15707012,33.83706003
6907760,2015,2015-05-27,1976,2015-04-29,1233,274,NA,3,5,5,1976,0,0,0,NA,0,003,LA CUARTA ST,STRUB AV,70,W,N,A,-,N,NA,NA,NA,NA,NA,NA,NA,NA,NA,Y,3,0,1,2,A,-,03,22350,NA,N,C,E,A,A,H,-,A,D,0,NA,NA,NA,Y,Y,NA,A,01,0,1,0,0,0,0,0,0,0,-,-,NA,NA,LOS ANGELES,WHITTIER,-118.02007043,33.96454798
6907820,2015,2015-05-19,1942,2015-04-06,0635,41621,1801,1,5,7,1942,0,0,0,R,0,18A1,VERMONT AV,90TH ST,150,S,N,A,-,N,NA,NA,NA,NA,NA,NA,NA,NA,NA,Y,4,0,1,3,A,-,04,21703,NA,N,C,C,A,A,H,-,A,D,0,NA,NA,NA,NA,Y,NA,A,01,0,0,1,0,0,0,0,0,0,-,-,NA,NA,LOS ANGELES,LOS ANGELES,NA,NA
6907824,2015,2015-05-20,1942,2015-03-31,0510,36025,1823,2,5,7,1942,0,0,0,R,0,18U3,CENTURY BL,SAN PEDRO,300,E,N,A,-,N,NA,NA,NA,NA,NA,NA,NA,NA,NA,Y,3,0,1,3,A,-,03,22350,NA,N,B,E,A,A,H,-,C,A,0,NA,NA,NA,NA,Y,NA,A,01,0,1,0,0,0,0,0,0,0,-,-,NA,NA,LOS ANGELES,LOS ANGELES,-118.26854279,33.94559
6907828,2015,2016-06-02,1942,2015-04-04,1045,39937,1863,6,5,7,1942,0,0,0,R,0,18A1,AVALON BL,118TH PL,0,NA,Y,A,-,N,NA,NA,NA,NA,NA,NA,NA,NA,NA,N,4,0,1,3,A,-,07,21658,A,N,B,C,A,A,H,-,A,D,0,NA,NA,NA,NA,Y,NA,I,20,0,0,1,0,0,0,0,0,0,-,-,NA,NA,LOS ANGELES,LOS ANGELES,-118.26522008,33.92557009
6907844,2015,2015-05-14,1900,2015-03-24,1915,526721,1327,2,5,5,1935,0,0,0,NA,0,132T1,DEL AMO BL,MAPES AV,580,W,N,A,-,N,NA,NA,NA,NA,NA,NA,NA,NA,NA,Y,4,0,1,3,A,-,07,21658,A,N,B,C,A,A,H,-,C,A,0,NA,NA,NA,NA,Y,NA,A,01,0,0,1,0,0,0,0,0,0,-,-,NA,NA,LOS ANGELES,LAKEWOOD,-118.09093558,33.84599
6907848,2015,2015-05-14,1900,2015-03-24,0823,526304,1352,2,5,3,1927,0,0,0,NA,0,135A,CENTRALIA ST,SEINE AV,320,E,N,A,-,N,NA,NA,NA,NA,NA,NA,NA,NA,NA,Y,4,0,1,2,A,-,09,21804,A,N,B,C,A,A,H,-,A,D,0,NA,NA,NA,NA,Y,NA,A,01,0,0,1,0,0,0,0,0,0,-,-,NA,NA,LOS ANGELES,HAWAIIAN GARDENS,-118.07756856,33.83871956
6907852,2015,2015-05-14,1900,2015-03-13,1930,526721,1321,5,5,5,1935,0,0,0,NA,0,132T3,CANDLEWOOD ST,MONTAIR AV,30,W,N,A,-,N,NA,NA,NA,NA,NA,NA,NA,NA,NA,Y,3,0,1,3,A,-,04,21703,NA,N,C,C,A,-,H,-,C,D,0,NA,NA,NA,NA,Y,Y,A,01,0,1,0,0,0,0,0,0,0,-,-,NA,NA,LOS ANGELES,LAKEWOOD,-118.1264186,33.85363
6907856,2015,2015-05-14,1900,2015-03-21,0130,523045,1364,6,5,5,1952,0,0,0,NA,0,1360,ROSECRANS BL,GARFIELD AV,0,NA,Y,A,-,N,NA,NA,NA,NA,NA,NA,NA,NA,NA,Y,4,0,1,2,A,-,12,21453,A,M,D,C,A,A,H,-,C,A,0,NA,NA,NA,NA,Y,NA,A,07,0,0,1,0,0,0,0,0,0,-,-,NA,NA,LOS ANGELES,PARAMOUNT,-118.16887008,33.90372006
6907860,2015,2015-05-14,1900,2015-03-21,1538,447040,1334,6,5,5,1908,0,0,0,NA,0,133W,CLARK AV,OAK ST,400,S,N,A,-,N,NA,NA,NA,NA,NA,NA,NA,NA,NA,NA,4,0,1,2,A,-,04,21703,NA,N,C,C,A,A,H,-,A,D,0,NA,NA,NA,NA,Y,NA,A,07,0,0,1,0,0,0,0,0,0,-,-,NA,NA,LOS ANGELES,BELLFLOWER,-118.13396,33.88367313
6907864,2015,2015-05-19,1900,2015-03-21,2040,524069,13,6,5,5,1952,0,0,0,NA,0,136D,DOWNEY AV,70TH ST,0,NA,Y,A,-,N,NA,NA,NA,NA,NA,NA,NA,NA,NA,Y,4,0,1,2,A,-,12,21453,A,N,D,C,A,A,H,-,C,A,0,NA,NA,NA,NA,Y,NA,-,-,0,0,1,0,0,0,0,0,0,-,-,NA,NA,LOS ANGELES,PARAMOUNT,-118.15133005,33.88199006
6907868,2015,2015-05-14,1900,2015-03-22,1155,527486,1328,7,5,5,1935,0,0,0,NA,0,132T1,CENTRALIA ST,PIONEER BL,0,NA,Y,B,-,N,NA,NA,NA,NA,NA,NA,NA,NA,NA,Y,4,0,1,2,A,-,12,21453,A,N,D,C,A,A,H,-,A,A,0,NA,NA,NA,NA,Y,NA,A,01,0,0,1,0,0,0,0,0,0,-,-,NA,NA,LOS ANGELES,LAKEWOOD,-118.08197008,33.83871009