CASE_ID,ACCIDENT_YEAR,PROC_DATE,JURIS,COLLISION_DATE,COLLISION_TIME,OFFICER_ID,REPORTING_DISTRICT,DAY_OF_WEEK,CHP_SHIFT,POPULATION,CNTY_CITY_LOC,SPECIAL_COND,BEAT_TYPE,CHP_BEAT_TYPE,CITY_DIVISION_LAPD,CHP_BEAT_CLASS,BEAT_NUMBER,PRIMARY_RD,SECONDARY_RD,DISTANCE,DIRECTION,INTERSECTION,WEATHER_1,WEATHER_2,STATE_HWY_IND,CALTRANS_COUNTY,CALTRANS_DISTRICT,STATE_ROUTE,ROUTE_SUFFIX,POSTMILE_PREFIX,POSTMILE,LOCATION_TYPE,RAMP_INTERSECTION,SIDE_OF_HWY,TOW_AWAY,COLLISION_SEVERITY,NUMBER_KILLED,NUMBER_INJURED,PARTY_COUNT,PRIMARY_COLL_FACTOR,PCF_CODE_OF_VIOL,PCF_VIOL_CATEGORY,PCF_VIOLATION,PCF_VIOL_SUBSECTION,HIT_AND_RUN,TYPE_OF_COLLISION,MVIW,PED_ACTION,ROAD_SURFACE,ROAD_COND_1,ROAD_COND_2,LIGHTING,CONTROL_DEVICE,CHP_ROAD_TYPE,PEDESTRIAN_ACCIDENT,BICYCLE_ACCIDENT,MOTORCYCLE_ACCIDENT,TRUCK_ACCIDENT,NOT_PRIVATE_PROPERTY,ALCOHOL_INVOLVED,STWD_VEHTYPE_AT_FAULT,CHP_VEHTYPE_AT_FAULT,COUNT_SEVERE_INJ,COUNT_VISIBLE_INJ,COUNT_COMPLAINT_PAIN,COUNT_PED_KILLED,COUNT_PED_INJURED,COUNT_BICYCLIST_KILLED,COUNT_BICYCLIST_INJURED,COUNT_MC_KILLED,COUNT_MC_INJURED,PRIMARY_RAMP,SECONDARY_RAMP,LATITUDE,LONGITUDE,COUNTY,CITY,POINT_X,POINT_Y
6910520,2015,2015-05-15,1942,2015-04-13,1500,41802,1525,1,5,7,1942,0,0,0,O,0,15A1,VICTORY BL,LANKERSHIM BL,0,NA,Y,A,-,N,NA,NA,NA,NA,NA,NA,NA,NA,NA,Y,4,0,2,2,A,-,08,22107,NA,N,D,C,A,A,H,-,A,A,0,NA,NA,NA,NA,Y,NA,-,NA,0,0,2,0,0,0,0,0,0,-,-,NA,NA,LOS ANGELES,LOS ANGELES,-118.38779008,34.18668011
6910546,2015,2015-05-12,1941,2015-04-09,1220,5110,NA,4,5,7,1941,0,0,0,NA,0,NA,LEW DAVIS,FACILITY AV,200,E,N,A,-,N,NA,NA,NA,NA,NA,NA,NA,NA,NA,Y,3,0,1,2,A,-,07,21658,A,N,F,C,A,A,H,-,A,D,0,NA,NA,NA,NA,Y,NA,D,NA,0,1,0,0,0,0,0,0,0,-,-,NA,NA,LOS ANGELES,LONG BEACH,-118.13758291,33.82993773
6910550,2015,2015-05-12,1941,2015-04-14,1507,6061,NA,2,5,7,1941,0,0,0,NA,0,NA,ATLANTIC AV,E 35TH ST,45,N,N,A,-,N,NA,NA,NA,NA,NA,NA,NA,NA,NA,Y,4,0,1,2,A,-,03,22350,NA,N,C,C,A,A,H,-,A,D,0,NA,NA,NA,NA,Y,NA,A,NA,0,0,1,0,0,0,0,0,0,-,-,NA,NA,LOS ANGELES,LONG BEACH,-118.18503,33.8201834
6910554,2015,2015-05-12,1941,2015-04-14,0911,5685,NA,2,5,7,1941,0,0,0,NA,0,NA,29TH ST,REDONDO AV,528,W,N,B,-,N,NA,NA,NA,NA,NA,NA,NA,NA,NA,Y,4,0,1,2,A,-,09,21804,A,N,B,C,A,A,H,-,A,D,0,NA,NA,NA,NA,Y,NA,A,NA,0,0,1,0,0,0,0,0,0,-,-,NA,NA,LOS ANGELES,LONG BEACH,-118.15303932,33.80679279
6910558,2015,2015-05-19,1941,2015-04-15,1352,6185,NA,3,5,7,1941,0,0,0,NA,0,NA,CREST DR,WARDLOW RD,0,NA,Y,A,-,N,NA,NA,NA,NA,NA,NA,NA,NA,NA,N,3,0,1,3,A,-,10,21950,A,N,G,B,B,A,H,-,A,A,0,Y,NA,NA,NA,Y,NA,A,NA,0,1,0,0,1,0,0,0,0,-,-,NA,NA,LOS ANGELES,LONG BEACH,-118.19181008,33.81895008
6910567,2015,2015-05-18,1975,2015-03-28,1045,672,1975,6,5,6,1975,0,0,0,NA,0,004,CAMERON AV,LARK ELLEN AV,500,W,N,A,-,N,NA,NA,NA,NA,NA,NA,NA,NA,NA,N,4,0,2,2,A,-,03,22350,NA,N,C,C,A,A,H,-,A,A,0,NA,NA,NA,NA,Y,NA,-,NA,0,0,2,0,0,0,0,0,0,-,-,NA,NA,LOS ANGELES,WEST COVINA,-117.9183768,34.06118954
6910568,2015,2015-05-18,1975,2015-03-27,1041,402,NA,5,5,6,1975,0,0,0,NA,0,003,VINCENT AV,PLAZA DR,196,N,N,A,-,N,NA,NA,NA,NA,NA,NA,NA,NA,NA,N,4,0,2,2,A,-,03,22350,NA,N,C,D,A,A,H,-,A,A,0,NA,NA,NA,NA,Y,NA,-,NA,0,0,2,0,0,0,0,0,0,-,-,NA,NA,LOS ANGELES,WEST COVINA,-117.92685746,34.07025608
6910569,2015,2015-05-22,1975,2015-03-26,1854,671,NA,4,5,6,1975,0,0,0,NA,0,005,AMAR RD,TEMPLE AV,30,W,N,A,-,N,NA,NA,NA,NA,NA,NA,NA,NA,NA,N,4,0,1,2,A,-,03,22350,NA,N,C,C,A,A,H,-,B,A,0,NA,NA,NA,NA,Y,NA,-,NA,0,0,1,0,0,0,0,0,0,-,-,NA,NA,LOS ANGELES,WEST COVINA,-117.91016921,34.02923531
6910570,2015,2015-05-18,1975,2015-03-25,1802,338,NA,3,5,6,1975,0,0,0,NA,0,002,GARVEY AV SOUTH,CITRUS AV,450,E,N,A,-,N,NA,NA,NA,NA,NA,NA,NA,NA,NA,Y,3,0,2,2,A,-,09,21801,A,N,D,C,A,A,H,-,B,D,0,NA,NA,NA,NA,Y,NA,A,01,0,1,1,0,0,0,0,0,0,-,-,NA,NA,LOS ANGELES,WEST COVINA,-117.88888453,34.07099365
6910571,2015,2015-05-18,1975,2015-03-25,1717,680,1975,3,5,6,1975,0,0,0,NA,0,003,S CALIFORNIA AV,CALIFORNIA AV,0,NA,Y,A,-,N,NA,NA,NA,NA,NA,NA,NA,NA,NA,Y,3,0,1,2,A,-,08,22107,NA,N,A,D,A,D,H,-,A,D,0,NA,NA,NA,NA,Y,NA,-,NA,0,1,0,0,0,0,0,0,0,-,-,NA,NA,LOS ANGELES,WEST COVINA,-117.94939013,34.05036004
6910572,2015,2015-05-18,1975,2015-03-25,0621,395,NA,3,5,6,1975,0,0,0,NA,0,TRAFFI,AMAR RD,TEMPLE AV,0,NA,Y,A,-,N,NA,NA,NA,NA,NA,NA,NA,NA,NA,N,4,0,1,2,A,-,10,21950,A,N,G,B,B,A,H,-,B,A,0,Y,NA,NA,NA,Y,NA,A,01,0,0,1,0,1,0,0,0,0,-,-,NA,NA,LOS ANGELES,WEST COVINA,-117.91008006,34.02920011
6910573,2015,2015-05-18,1975,2015-03-24,1402,353,NA,2,5,6,1975,0,0,0,NA,0,004,VALINDA AV,MERCED AV,0,NA,Y,A,-,N,NA,NA,NA,NA,NA,NA,NA,NA,NA,Y,4,0,2,2,A,-,09,21801,A,N,D,C,A,A,H,-,A,A,0,NA,NA,NA,NA,Y,NA,-,NA,0,0,2,0,0,0,0,0,0,-,-,NA,NA,LOS ANGELES,WEST COVINA,-117.92554007,34.05399002
6910574,2015,2015-05-18,1975,2015-03-23,1408,395,NA,1,5,6,1975,0,0,0,NA,0,TRAFFI,VINCENT AV,N GARVEY AV WEST,0,NA,Y,A,-,N,NA,NA,NA,NA,NA,NA,NA,NA,NA,Y,4,0,2,3,A,-,09,21804,A,N,D,C,A,A,H,-,A,D,0,NA,NA,NA,NA,Y,NA,A,01,0,0,2,0,0,0,0,0,0,-,-,NA,NA,LOS ANGELES,WEST COVINA,-117.92650006,34.07403003
6910575,2015,2015-05-18,1975,2015-03-21,2010,405,NA,6,5,6,1975,0,0,0,NA,0,006,NOGALES ST,FRANCESCA AV,0,NA,Y,A,-,N,NA,NA,NA,NA,NA,NA,NA,NA,NA,N,4,0,1,1,A,-,08,22107,NA,N,E,I,A,A,H,-,C,A,0,NA,NA,NA,NA,Y,NA,-,NA,0,0,1,0,0,0,0,0,0,-,-,NA,NA,LOS ANGELES,WEST COVINA,-117.89460011,34.02482008
6910576,2015,2016-04-12,1975,2015-03-21,1427,673,NA,6,5,6,1975,0,0,0,NA,0,006,AZUSA AV,FRANCISQUITO AV,34,N,N,A,-,N,NA,NA,NA,NA,NA,NA,NA,NA,NA,Y,3,0,2,3,A,-,03,22350,NA,N,C,C,A,A,H,-,A,A,0,NA,NA,NA,NA,Y,NA,-,NA,0,1,1,0,0,0,0,0,0,-,-,NA,NA,LOS ANGELES,WEST COVINA,-117.90808773,34.05029319
6910577,2015,2015-05-29,1975,2015-03-19,1843,674,NA,4,5,6,1975,0,0,0,NA,0,004,VALINDA AV,SERVICE AV,37,N,N,A,-,N,NA,NA,NA,NA,NA,NA,NA,NA,NA,Y,4,0,2,3,A,-,03,22350,NA,N,C,C,A,A,H,-,C,A,0,NA,NA,NA,NA,Y,NA,-,NA,0,0,2,0,0,0,0,0,0,-,-,NA,NA,LOS ANGELES,WEST COVINA,-117.92535889,34.06499143
6910578,2015,2015-05-19,1975,2015-03-18,2112,674,NA,3,5,6,1975,0,0,0,NA,0,004,PRICEDALE AV,LUCILLE AV,90,N,N,A,-,N,NA,NA,NA,NA,NA,NA,NA,NA,NA,Y,3,0,1,1,A,-,08,22107,NA,N,E,I,A,A,H,-,C,D,0,NA,NA,NA,NA,Y,NA,-,NA,0,1,0,0,0,0,0,0,0,-,-,NA,NA,LOS ANGELES,WEST COVINA,-117.93076654,34.05273955
6910579,2015,2015-05-18,1975,2015-03-18,1353,353,NA,3,5,6,1975,0,0,0,NA,0,001,LARK ELLEN AV,ROWLAND AV,0,NA,Y,A,-,N,NA,NA,NA,NA,NA,NA,NA,NA,NA,Y,4,0,2,2,A,-,12,21453,A,N,D,C,A,A,H,-,A,A,0,NA,NA,NA,NA,Y,NA,-,NA,0,0,2,0,0,0,0,0,0,-,-,NA,NA,LOS ANGELES,WEST COVINA,-117.91659005,34.07924007
6910580,2015,2016-04-13,1975,2015-03-17,1059,650,1975,2,5,6,1975,0,0,0,NA,0,002,S LOLITA ST,E CAMERON AV,159,S,N,A,-,N,NA,NA,NA,NA,NA,NA,NA,NA,NA,Y,3,0,1,1,A,-,08,22107,NA,N,A,I,A,A,H,-,A,D,0,NA,NA,NA,NA,Y,NA,-,NA,0,1,0,0,0,0,0,0,0,-,-,NA,NA,LOS ANGELES,WEST COVINA,-117.90186205,34.0606045
6910581,2015,2015-05-18,1975,2015-03-17,0713,353,NA,2,5,6,1975,0,0,0,NA,0,005,AZUSA AV,AMAR RD,0,NA,Y,A,-,N,NA,NA,NA,NA,NA,NA,NA,NA,NA,NA,4,0,1,2,A,-,03,22350,NA,F,G,B,B,A,H,-,A,A,0,Y,NA,NA,NA,Y,NA,-,99,0,0,1,0,1,0,0,0,0,-,-,NA,NA,LOS ANGELES,WEST COVINA,-117.91482012,34.03146006
6910582,2015,2015-05-18,1975,2015-03-16,1627,395,NA,1,5,6,1975,0,0,0,NA,0,TRAFFI,ORANGE AV,WEST GARVEY AV,0,NA,Y,A,-,N,NA,NA,NA,NA,NA,NA,NA,NA,NA,Y,4,0,1,2,A,-,09,21802,A,N,D,C,A,A,H,-,A,D,0,NA,NA,NA,NA,Y,NA,A,07,0,0,1,0,0,0,0,0,0,-,-,NA,NA,LOS ANGELES,WEST COVINA,-117.9454901,34.06990008
6910583,2015,2015-05-18,1975,2015-03-16,0709,395,NA,1,5,6,1975,0,0,0,NA,0,TRAFFI,VALLEY BL,SENTOUS AV,0,NA,Y,A,-,N,NA,NA,NA,NA,NA,NA,NA,NA,NA,Y,2,0,2,2,A,-,12,21453,A,N,D,C,A,A,H,-,A,A,0,NA,NA,NA,NA,Y,NA,A,07,1,0,1,0,0,0,0,0,0,-,-,NA,NA,LOS ANGELES,WEST COVINA,-117.88108009,34.00203006
6910584,2015,2015-07-07,1975,2015-03-15,1313,422,NA,7,5,6,1975,0,0,0,NA,0,004,WEST COVINA PKWY,VINCENT AV,0,NA,Y,A,-,N,NA,NA,NA,NA,NA,NA,NA,NA,NA,Y,4,0,3,4,A,-,12,21453,A,N,D,C,A,A,H,-,A,A,0,NA,NA,NA,NA,Y,NA,-,NA,0,0,3,0,0,0,0,0,0,-,-,NA,NA,LOS ANGELES,WEST COVINA,-117.92710004,34.06778011
6910585,2015,2015-05-18,1975,2015-03-06,2142,421,NA,5,5,6,1975,0,0,0,NA,0,002,E GARVEY AV SOUTH,CITRUS ST,250,E,N,A,-,N,NA,NA,NA,NA,NA,NA,NA,NA,NA,Y,4,0,1,2,A,-,08,22107,NA,F,D,C,A,A,H,-,C,A,0,NA,NA,NA,NA,Y,Y,-,NA,0,0,1,0,0,0,0,0,0,-,-,NA,NA,LOS ANGELES,WEST COVINA,-117.88937187,34.07062758
6910598,2015,2015-05-19,1975,2015-03-30,2007,399,NA,1,5,6,1975,0,0,0,NA,0,003,WEST COVINA PKWY,CALIFORNIA AV,0,NA,Y,A,-,N,NA,NA,NA,NA,NA,NA,NA,NA,NA,Y,3,0,2,2,A,-,12,21453,A,N,D,C,A,A,H,-,C,A,0,NA,NA,NA,NA,Y,NA,-,NA,0,1,1,0,0,0,0,0,0,-,-,NA,NA,LOS ANGELES,WEST COVINA,-117.93026011,34.06866008
6910599,2015,2015-05-18,1975,2015-03-21,1815,427,NA,6,5,6,1975,0,0,0,NA,0,004,SOUTH GARVEY AV,AZUSA AV,146,W,N,A,-,N,NA,NA,NA,NA,NA,NA,NA,NA,NA,N,4,0,1,2,A,-,09,21801,A,N,D,C,A,A,H,-,A,D,0,NA,NA,NA,NA,Y,NA,-,NA,0,0,1,0,0,0,0,0,0,-,-,NA,NA,LOS ANGELES,WEST COVINA,-117.9078,34.07383
6910600,2015,2015-05-18,1975,2015-03-14,1105,673,NA,6,5,6,1975,0,0,0,NA,0,001,WORKMAN AV,VINCENT AV,0,NA,Y,A,-,N,NA,NA,NA,NA,NA,NA,NA,NA,NA,Y,4,0,1,2,A,-,12,21453,A,N,D,C,A,A,H,-,A,A,0,NA,NA,NA,NA,Y,NA,-,NA,0,0,1,0,0,0,0,0,0,-,-,NA,NA,LOS ANGELES,WEST COVINA,-117.92636003,34.07547008
6910601,2015,2016-04-12,1975,2015-03-12,1153,671,NA,4,5,6,1975,0,0,0,NA,0,001,WORKMAN AV,AZUSA AV,0,NA,Y,A,-,N,NA,NA,NA,NA,NA,NA,NA,NA,NA,N,4,0,1,2,A,-,08,22107,NA,N,B,C,A,A,H,-,A,A,0,NA,NA,NA,NA,Y,NA,-,NA,0,0,1,0,0,0,0,0,0,-,-,NA,NA,LOS ANGELES,WEST COVINA,-117.90781006,34.07548007
6910602,2015,2015-05-20,1975,2015-03-06,1650,671,NA,5,5,6,1975,0,0,0,NA,0,004,MERCED AV,GLENDORA AV,500,E,N,A,-,N,NA,NA,NA,NA,NA,NA,NA,NA,NA,N,3,0,1,2,A,-,21,22106,NA,N,D,G,A,A,H,-,A,D,0,NA,Y,NA,NA,Y,NA,-,NA,0,1,0,0,0,0,1,0,0,-,-,NA,NA,LOS ANGELES,WEST COVINA,-117.93847,34.05556
6910603,2015,2015-05-20,1975,2015-03-06,1048,385,NA,5,5,6,1975,0,0,0,NA,0,005,AMAR RD,TEMPLE AV,0,NA,Y,A,-,N,NA,NA,NA,NA,NA,NA,NA,NA,NA,Y,4,0,1,2,A,-,03,22350,A,N,D,C,A,A,H,-,A,A,0,NA,NA,NA,NA,Y,NA,-,NA,0,0,1,0,0,0,0,0,0,-,-,NA,NA,LOS ANGELES,WEST COVINA,-117.91008006,34.02920011
6910609,2015,2016-10-05,9575,2015-03-24,1625,020887,NA,2,2,9,1900,0,1,1,NA,2,062,RT 210,OCEAN VIEW BL,200,W,N,A,-,Y,LA,7,210,-,R,17.954,R,1,W,N,4,0,1,2,A,-,03,22350,NA,N,C,C,A,A,H,-,A,A,1,NA,NA,Y,NA,Y,NA,A,07,0,0,1,0,0,0,0,0,1,-,-,34.21144,-118.23076,LOS ANGELES,UNINCORPORATED,-118.23182177,34.21400766
6910610,2015,2016-09-22,9575,2015-03-30,1645,20918,NA,1,2,5,1902,0,1,1,NA,2,065,RT 210,SANTA ANITA AV,490,E,N,A,-,Y,LA,7,210,-,R,32.01,H,-,E,NA,4,0,1,2,A,-,03,22350,NA,N,-,C,A,A,H,-,A,D,1,NA,NA,NA,NA,Y,NA,A,01,0,0,1,0,0,0,0,0,0,-,-,34.85068,-118.15021,LOS ANGELES,ARCADIA,-118.02985299,34.14707966
6910611,2015,2015-05-20,1912,2015-03-13,1828,12451,NA,5,5,6,1912,0,0,0,NA,0,NA,OLIVE AV,BRIGHTON ST,0,NA,Y,A,-,N,NA,NA,NA,NA,NA,NA,NA,NA,NA,Y,2,0,1,2,A,-,09,21802,A,N,D,C,A,A,H,-,B,A,0,NA,NA,Y,NA,Y,NA,A,07,1,0,0,0,0,0,0,0,1,-,-,NA,NA,LOS ANGELES,BURBANK,-118.32871006,34.16199008
6910612,2015,2015-05-20,1901,2015-03-27,0826,261,21,5,5,5,1901,0,0,0,NA,0,004,DATE AV,MONTEZUMA AV,24,S,N,A,-,N,NA,NA,NA,NA,NA,NA,NA,NA,NA,N,4,0,1,2,A,-,10,21950,A,N,G,B,D,A,H,-,A,D,0,Y,NA,NA,NA,Y,NA,-,NA,0,0,1,0,1,0,0,0,0,-,-,NA,NA,LOS ANGELES,ALHAMBRA,-118.14775949,34.06778419
6910613,2015,2015-05-20,1901,2015-03-27,1447,272,13,5,5,5,1901,0,0,0,NA,0,002,9TH ST,NORWOOD PL,8,S,N,A,-,N,NA,NA,NA,NA,NA,NA,NA,NA,NA,Y,3,0,1,2,A,-,09,21802,A,N,D,C,A,A,H,-,A,D,0,NA,NA,NA,NA,Y,NA,A,01,0,1,0,0,0,0,0,0,0,-,-,NA,NA,LOS ANGELES,ALHAMBRA,-118.1331,34.07587806
6910614,2015,2015-05-20,1901,2015-03-14,1644,276,15,6,5,5,1901,0,0,0,NA,0,002,NEW AV,NORWOOD PL,0,NA,Y,A,-,N,NA,NA,NA,NA,NA,NA,NA,NA,NA,Y,3,0,3,3,A,-,12,21453,A,N,-,C,A,A,H,-,A,A,0,NA,NA,NA,NA,Y,NA,A,01,0,1,2,0,0,0,0,0,0,-,-,NA,NA,LOS ANGELES,ALHAMBRA,-118.10843011,34.07639001
6910615,2015,2015-05-20,1901,2015-03-18,1446,249,10,3,5,5,1901,0,0,0,NA,0,002,GARFIELD AV,SAN MARINO AV,0,NA,Y,A,-,N,NA,NA,NA,NA,NA,NA,NA,NA,NA,Y,3,0,2,2,A,-,12,21453,A,N,D,C,A,A,H,-,A,A,0,NA,NA,NA,NA,Y,NA,-,-,0,1,1,0,0,0,0,0,0,-,-,NA,NA,LOS ANGELES,ALHAMBRA,-118.12307003,34.08277009
6910616,2015,2015-05-20,1901,2015-03-20,2039,268,28,5,5,5,1901,0,0,0,NA,0,003,MAIN ST,MARGUERITA AV,0,NA,Y,A,-,N,NA,NA,NA,NA,NA,NA,NA,NA,NA,Y,4,0,3,2,A,-,01,23152,A,N,D,C,A,A,H,-,C,A,0,NA,NA,NA,NA,Y,NA,A,01,0,0,3,0,0,0,0,0,0,-,-,NA,NA,LOS ANGELES,ALHAMBRA,-118.13835013,34.09154005
6910617,2015,2015-05-20,1901,2015-03-24,1122,249,29,2,5,5,1901,0,0,0,NA,0,003,MISSION RD,FREMONT AV,0,NA,Y,A,-,N,NA,NA,NA,NA,NA,NA,NA,NA,NA,Y,3,0,2,2,A,-,09,21801,A,N,D,C,A,A,H,-,A,A,0,NA,NA,NA,NA,Y,NA,A,01,0,2,0,0,0,0,0,0,0,-,-,NA,NA,LOS ANGELES,ALHAMBRA,-118.15190008,34.07932003
6910618,2015,2015-05-20,1901,2015-03-25,0704,249,06,3,5,5,1901,0,0,0,NA,0,001,5TH ST,MISSION RD,4,N,N,A,-,N,NA,NA,NA,NA,NA,NA,NA,NA,NA,N,4,0,1,2,A,-,05,21650,1,N,D,G,A,A,H,-,A,A,0,NA,Y,NA,NA,Y,NA,L,04,0,0,1,0,0,0,1,0,0,-,-,NA,NA,LOS ANGELES,ALHAMBRA,-118.1284467,34.08733945
6910619,2015,2015-05-20,1901,2015-03-19,1819,799,21,4,5,5,1901,0,0,0,NA,0,004,PALM AV,HELLMAN AV,145,S,N,A,-,N,NA,NA,NA,NA,NA,NA,NA,NA,NA,Y,3,0,2,3,A,-,08,22107,NA,N,D,E,A,A,H,-,A,D,0,NA,NA,NA,NA,Y,Y,A,01,0,1,1,0,0,0,0,0,0,-,-,NA,NA,LOS ANGELES,ALHAMBRA,-118.14670334,34.06925243
6910620,2015,2015-05-20,1901,2015-03-25,1433,249,02,3,5,5,1901,0,0,0,NA,0,001,GARFIELD AV,WOODWARD,0,NA,Y,A,-,N,NA,NA,NA,NA,NA,NA,NA,NA,NA,Y,4,0,1,2,A,-,08,22100,B,N,D,C,A,A,H,-,A,A,0,NA,NA,NA,NA,Y,NA,A,07,0,0,1,0,0,0,0,0,0,-,-,NA,NA,LOS ANGELES,ALHAMBRA,-118.12856014,34.09759001
6910621,2015,2015-05-20,1901,2015-03-15,1959,799,11,7,5,5,1901,0,0,0,NA,0,002,CHAPEL AV,PARK ST,133,S,N,A,-,N,NA,NA,NA,NA,NA,NA,NA,NA,NA,Y,4,0,2,2,A,-,09,21804,A,N,D,C,A,A,H,-,C,D,0,NA,NA,NA,NA,Y,NA,A,01,0,0,2,0,0,0,0,0,0,-,-,NA,NA,LOS ANGELES,ALHAMBRA,-118.11977106,34.08876531
6910622,2015,2015-05-26,1901,2015-03-16,1431,654,10,1,5,5,1901,0,0,0,NA,0,002,6TH ST,SHORB ST,125,N,N,A,-,N,NA,NA,NA,NA,NA,NA,NA,NA,NA,Y,4,0,3,2,-,-,-,NA,NA,N,D,C,A,A,H,-,A,D,0,NA,NA,NA,NA,Y,NA,-,-,0,0,3,0,0,0,0,0,0,-,-,NA,NA,LOS ANGELES,ALHAMBRA,-118.1293618,34.08101276
6910623,2015,2015-05-20,1901,2015-03-16,1809,654,01,1,5,5,1901,0,0,0,NA,0,001,GRANADA AV,ALHAMBRA RD,0,NA,Y,A,-,N,NA,NA,NA,NA,NA,NA,NA,NA,NA,Y,4,0,1,2,A,-,12,21453,A,N,D,C,A,A,H,-,B,A,0,NA,NA,NA,NA,Y,NA,A,01,0,0,1,0,0,0,0,0,0,-,-,NA,NA,LOS ANGELES,ALHAMBRA,-118.12176011,34.10496005
6910624,2015,2015-05-20,1901,2015-03-17,0830,249,19,2,5,5,1901,0,0,0,NA,0,004,HELLMAN AV,FREMONT AV,10,W,N,A,-,N,NA,NA,NA,NA,NA,NA,NA,NA,NA,N,4,0,2,3,A,-,03,22350,NA,N,C,C,A,A,H,-,A,A,0,NA,NA,NA,NA,Y,NA,A,01,0,0,2,0,0,0,0,0,0,-,-,NA,NA,LOS ANGELES,ALHAMBRA,-118.15181289,34.06962831
6910625,2015,2015-05-26,1901,2015-03-20,1406,799,28,5,5,5,1901,0,0,0,NA,0,003,COMMONWEALTH AV,MARGUERITA AV,0,NA,Y,A,-,N,NA,NA,NA,NA,NA,NA,NA,NA,NA,Y,4,0,2,2,-,-,-,NA,NA,N,D,C,A,A,H,-,A,D,0,NA,NA,NA,NA,Y,NA,-,-,0,0,2,0,0,0,0,0,0,-,-,NA,NA,LOS ANGELES,ALHAMBRA,-118.13827004,34.08741008
6910626,2015,2015-05-20,1901,2015-03-20,1540,799,16,5,5,5,1901,0,0,0,NA,0,003,MISSION RD,FREMONT AV,165,W,N,A,-,N,NA,NA,NA,NA,NA,NA,NA,NA,NA,Y,3,0,2,2,A,-,08,22107,NA,N,D,C,A,A,H,-,A,A,0,NA,NA,NA,NA,Y,NA,A,01,0,1,1,0,0,0,0,0,0,-,-,NA,NA,LOS ANGELES,ALHAMBRA,-118.1524393,34.07926222
6910627,2015,2015-05-20,1942,2015-03-16,2237,41787,1488,1,5,7,1942,0,0,0,N,0,14A76,MANCHESTER BL,BELLANCA,0,NA,Y,A,-,N,NA,NA,NA,NA,NA,NA,NA,NA,NA,N,3,0,1,2,A,-,08,22107,NA,F,D,G,A,A,H,-,C,A,0,NA,Y,NA,NA,Y,NA,A,07,0,1,0,0,0,0,1,0,0,-,-,NA,NA,LOS ANGELES,LOS ANGELES,-118.38055012,33.95996009
6910628,2015,2015-05-20,1942,2015-03-25,1600,39764,1493,3,5,7,1942,0,0,0,N,0,20TL56,VISTA DEL MAR,HYPERION WY,70,S,N,A,-,N,NA,NA,NA,NA,NA,NA,NA,NA,NA,Y,3,0,1,2,A,-,07,21658,A,N,B,C,A,A,H,-,A,D,0,NA,NA,Y,NA,Y,NA,C,02,0,1,0,0,0,0,0,0,1,-,-,NA,NA,LOS ANGELES,LOS ANGELES,-118.43179026,33.92439317
6910629,2015,2016-04-12,1942,2015-03-25,0005,38118,0835,3,5,7,1942,0,0,0,H,0,6T11-W,SANTA MONICA BL,GREENFIELD AV,40,W,N,A,-,N,NA,NA,NA,NA,NA,NA,NA,NA,NA,Y,3,0,3,2,A,-,07,21658,A,F,B,C,A,A,H,-,C,D,0,NA,NA,NA,NA,Y,NA,-,99,0,2,1,0,0,0,0,0,0,-,-,NA,NA,LOS ANGELES,LOS ANGELES,-118.441504,34.0486428
6910630,2015,2015-05-20,1942,2015-03-31,2310,40157,0749,2,5,7,1942,0,0,0,G,0,20T59,WINDSOR BL,WILSHIRE BL,11,S,N,A,-,N,NA,NA,NA,NA,NA,NA,NA,NA,NA,N,3,0,1,2,A,-,09,21801,A,N,H,G,A,A,H,-,D,D,0,NA,Y,NA,NA,Y,NA,A,01,0,1,0,0,0,0,1,0,0,-,-,NA,NA,LOS ANGELES,LOS ANGELES,-118.32144517,34.0617326
6910631,2015,2015-05-20,1942,2015-03-26,1630,33201,1826,4,5,7,1942,0,0,0,R,0,18A26,GRANDEE AV,CENTURY BL,0,NA,Y,A,-,N,NA,NA,NA,NA,NA,NA,NA,NA,NA,Y,4,0,1,2,A,-,09,21801,A,N,A,C,A,A,H,-,A,A,0,NA,NA,NA,NA,Y,NA,A,01,0,0,1,0,0,0,0,0,0,-,-,NA,NA,LOS ANGELES,LOS ANGELES,-118.24347006,33.94574009
6910632,2015,2015-05-20,1942,2015-03-24,1610,37879,1824,2,5,7,1942,0,0,0,R,0,018,CENTURY,WADSWORTH,0,NA,Y,A,-,N,NA,NA,NA,NA,NA,NA,NA,NA,NA,N,4,0,1,2,A,-,03,22350,NA,F,C,C,A,A,H,-,B,D,0,NA,NA,NA,NA,Y,NA,-,99,0,0,1,0,0,0,0,0,0,-,-,NA,NA,LOS ANGELES,LOS ANGELES,-118.25869,33.94566007
6910633,2015,2015-05-20,1942,2015-03-24,0845,36664,1862,2,5,7,1942,0,0,0,R,0,18A1,120TH ST,BROADWAY,0,NA,Y,A,-,N,NA,NA,NA,NA,NA,NA,NA,NA,NA,N,4,0,1,2,A,-,03,22350,NA,N,C,C,A,A,H,-,A,D,0,NA,NA,NA,NA,Y,NA,A,01,0,0,1,0,0,0,0,0,0,-,-,NA,NA,LOS ANGELES,LOS ANGELES,-118.27825011,33.92374001
6910634,2015,2015-05-27,1942,2015-03-24,0800,36358,1803,2,5,7,1942,0,0,0,R,0,NA,SAN PEDRO,S 87TH PL,90,S,N,A,-,N,NA,NA,NA,NA,NA,NA,NA,NA,NA,N,4,0,1,3,A,-,03,22350,NA,N,C,C,A,A,H,-,A,A,0,NA,NA,NA,NA,Y,NA,A,01,0,0,1,0,0,0,0,0,0,-,-,NA,NA,LOS ANGELES,LOS ANGELES,-118.26951,33.95780317