CASE_ID,ACCIDENT_YEAR,PROC_DATE,JURIS,COLLISION_DATE,COLLISION_TIME,OFFICER_ID,REPORTING_DISTRICT,DAY_OF_WEEK,CHP_SHIFT,POPULATION,CNTY_CITY_LOC,SPECIAL_COND,BEAT_TYPE,CHP_BEAT_TYPE,CITY_DIVISION_LAPD,CHP_BEAT_CLASS,BEAT_NUMBER,PRIMARY_RD,SECONDARY_RD,DISTANCE,DIRECTION,INTERSECTION,WEATHER_1,WEATHER_2,STATE_HWY_IND,CALTRANS_COUNTY,CALTRANS_DISTRICT,STATE_ROUTE,ROUTE_SUFFIX,POSTMILE_PREFIX,POSTMILE,LOCATION_TYPE,RAMP_INTERSECTION,SIDE_OF_HWY,TOW_AWAY,COLLISION_SEVERITY,NUMBER_KILLED,NUMBER_INJURED,PARTY_COUNT,PRIMARY_COLL_FACTOR,PCF_CODE_OF_VIOL,PCF_VIOL_CATEGORY,PCF_VIOLATION,PCF_VIOL_SUBSECTION,HIT_AND_RUN,TYPE_OF_COLLISION,MVIW,PED_ACTION,ROAD_SURFACE,ROAD_COND_1,ROAD_COND_2,LIGHTING,CONTROL_DEVICE,CHP_ROAD_TYPE,PEDESTRIAN_ACCIDENT,BICYCLE_ACCIDENT,MOTORCYCLE_ACCIDENT,TRUCK_ACCIDENT,NOT_PRIVATE_PROPERTY,ALCOHOL_INVOLVED,STWD_VEHTYPE_AT_FAULT,CHP_VEHTYPE_AT_FAULT,COUNT_SEVERE_INJ,COUNT_VISIBLE_INJ,COUNT_COMPLAINT_PAIN,COUNT_PED_KILLED,COUNT_PED_INJURED,COUNT_BICYCLIST_KILLED,COUNT_BICYCLIST_INJURED,COUNT_MC_KILLED,COUNT_MC_INJURED,PRIMARY_RAMP,SECONDARY_RAMP,LATITUDE,LONGITUDE,COUNTY,CITY,POINT_X,POINT_Y
6913271,2015,2015-05-18,9530,2015-04-16,1905,20930,NA,4,2,9,1900,0,3,5,NA,2,006,VERMONT AV,DEL AMO BL,0,NA,Y,A,-,N,NA,NA,NA,NA,NA,NA,NA,NA,NA,Y,3,0,1,2,A,-,09,21801,A,N,D,C,A,A,H,-,B,A,0,NA,NA,NA,NA,Y,NA,A,07,0,1,0,0,0,0,0,0,0,-,-,33.84615,-118.29029,LOS ANGELES,UNINCORPORATED,-118.29039008,33.84625011
6913275,2015,2015-05-18,9530,2015-04-18,0240,20331,NA,6,3,9,1900,0,3,5,NA,2,001,FIRESTONE BL,FIR AV,0,NA,Y,A,-,N,NA,NA,NA,NA,NA,NA,NA,NA,NA,Y,4,0,1,2,A,-,12,21453,A,N,D,C,A,A,H,-,A,A,0,NA,NA,NA,NA,Y,NA,A,01,0,0,1,0,0,0,0,0,0,-,-,33.96,-118.2373,LOS ANGELES,UNINCORPORATED,-118.2374301,33.96014008
6913276,2015,2015-05-18,9565,2015-04-12,2240,020604,NA,7,3,9,1900,0,3,5,NA,2,002,BUDLONG AV,101ST ST,300,S,N,A,-,N,NA,NA,NA,NA,NA,NA,NA,NA,NA,N,4,0,1,3,C,-,18,NA,NA,N,A,E,A,A,H,-,C,D,0,NA,NA,NA,NA,Y,NA,-,-,0,0,1,0,0,0,0,0,0,-,-,33.94432,-118.29618,LOS ANGELES,UNINCORPORATED,-118.29621828,33.94416736
6913280,2015,2015-05-18,9565,2015-04-21,0750,16020,NA,2,1,9,1900,0,3,5,NA,2,002,VERMONT AV,126TH ST,15,S,N,A,-,N,NA,NA,NA,NA,NA,NA,NA,NA,NA,N,4,0,1,2,A,-,09,21801,A,N,D,C,A,A,H,-,A,D,0,NA,NA,NA,NA,Y,Y,A,01,0,0,1,0,0,0,0,0,0,-,-,33.91746,-118.29183,LOS ANGELES,UNINCORPORATED,-118.29184,33.91741886
6913309,2015,2015-09-30,1900,2015-04-01,1810,531270,1351,3,5,3,1927,0,0,0,NA,0,134A,CIVIC CENTER DR,HORST AV,0,NA,Y,A,-,N,NA,NA,NA,NA,NA,NA,NA,NA,NA,N,2,0,1,2,A,-,11,21950,B,N,G,B,B,A,H,-,A,D,0,Y,NA,NA,NA,Y,Y,N,60,1,0,0,0,1,0,0,0,0,-,-,NA,NA,LOS ANGELES,HAWAIIAN GARDENS,-118.07381011,33.82953003
6913354,2015,2015-09-30,1922,2015-04-10,1809,505,NA,5,5,6,1922,0,0,0,NA,0,NA,LOWER AZUSA RD,COGSWELL RD,150,W,N,A,-,N,NA,NA,NA,NA,NA,NA,NA,NA,NA,N,4,0,1,1,C,-,18,NA,NA,N,E,I,A,A,H,-,A,D,0,NA,NA,NA,NA,Y,NA,-,-,0,0,1,0,0,0,0,0,0,-,-,NA,NA,LOS ANGELES,EL MONTE,-118.00700628,34.08802818
6913361,2015,2015-05-19,9525,2015-01-28,1830,18729,NA,3,2,9,1900,0,2,4,NA,2,022,CYPRESS ST,LARK ELLEN AV,150,E,N,A,-,N,NA,NA,NA,NA,NA,NA,NA,NA,NA,N,3,0,1,2,A,-,03,22350,NA,N,D,C,A,A,H,-,C,D,0,NA,NA,NA,NA,Y,NA,M,94,0,1,0,0,0,0,0,0,0,-,-,34.09582,-117.91605,LOS ANGELES,UNINCORPORATED,-117.91611578,34.09583273
6913365,2015,2015-05-19,9525,2015-01-25,2330,20537,NA,7,3,9,1900,0,3,5,NA,2,002,GLENDORA MOUNTAIN RD,BIG DALTON CANYON RD,40128,N,N,A,-,N,NA,NA,NA,NA,NA,NA,NA,NA,NA,Y,3,0,1,1,A,-,03,22350,NA,N,E,I,A,A,H,-,D,D,0,NA,NA,NA,NA,Y,NA,A,01,0,1,0,0,0,0,0,0,0,-,-,34.19928,-117.83528,LOS ANGELES,UNINCORPORATED,-117.8271455,34.19982725
6913369,2015,2016-04-13,9525,2015-01-31,1735,19491,NA,6,2,9,1900,0,3,5,NA,2,002,LARK ELLEN AV,ARROW HWY,30,N,N,B,-,N,NA,NA,NA,NA,NA,NA,NA,NA,NA,N,4,0,1,2,A,-,21,22106,NA,N,C,C,A,A,H,-,C,D,0,NA,NA,NA,NA,Y,NA,A,07,0,0,1,0,0,0,0,0,0,-,-,34.91674,-117.91674,LOS ANGELES,UNINCORPORATED,-117.91697,34.10689
6913373,2015,2015-05-19,9525,2015-01-18,2325,20544,NA,7,3,9,1900,0,3,5,NA,2,005,GLENDORA RIDGE RD,MOUNT BALDY RD,9504,W,N,A,-,N,NA,NA,NA,NA,NA,NA,NA,NA,NA,Y,4,0,1,1,A,-,08,22107,NA,N,E,I,A,A,H,-,D,D,0,NA,NA,NA,NA,Y,NA,A,01,0,0,1,0,0,0,0,0,0,-,-,34.22375,-117.68304,LOS ANGELES,UNINCORPORATED,-117.68265644,34.22351
6913377,2015,2015-05-19,9525,2015-01-21,0605,12820,NA,3,1,9,1900,0,3,5,NA,2,005,MOUNT BALDY RD,MOUNTAIN AV,2112,S,N,B,-,N,NA,NA,NA,NA,NA,NA,NA,NA,NA,N,2,0,1,3,A,-,11,21956,NA,N,G,B,E,A,B,-,D,D,0,Y,NA,NA,NA,Y,NA,N,60,1,0,0,0,1,0,0,0,0,-,-,34.21774,-117.67109,LOS ANGELES,UNINCORPORATED,NA,NA
6913381,2015,2015-05-19,9525,2015-01-22,1340,12772,NA,4,1,9,1900,0,2,4,NA,2,045,VALLEY BL,SUNSET AV,100,E,N,A,-,N,NA,NA,NA,NA,NA,NA,NA,NA,NA,N,4,0,1,2,A,-,03,22350,NA,N,C,C,A,A,H,-,A,D,0,NA,NA,NA,NA,Y,NA,A,08,0,0,1,0,0,0,0,0,0,-,-,34.03489,-117.97483,LOS ANGELES,UNINCORPORATED,-117.97431662,34.03458487
6913382,2015,2015-06-03,1969,2015-04-28,0732,10119,PATRO,2,5,5,1969,0,0,0,NA,0,0A1,FIRESTONE BL,SANTA FE AV,8,E,N,A,-,N,NA,NA,NA,NA,NA,NA,NA,NA,NA,N,4,0,2,3,A,-,03,22350,NA,F,C,C,A,A,H,-,A,A,0,NA,NA,NA,NA,Y,NA,D,22,0,0,2,0,0,0,0,0,0,-,-,NA,NA,LOS ANGELES,SOUTH GATE,-118.22480425,33.95609542
6913385,2015,2015-05-19,9525,2015-01-25,1105,19264,NA,7,1,9,1900,0,3,5,NA,2,005,GLENDORA MOUNTAIN RD,BIG DALTON CANYON RD,42768,N,N,A,-,N,NA,NA,NA,NA,NA,NA,NA,NA,NA,N,3,0,1,2,A,-,03,22350,NA,N,C,G,A,A,H,-,A,D,0,NA,Y,Y,NA,Y,NA,C,03,0,1,0,0,0,0,1,0,0,-,-,34.16346,-117.84058,LOS ANGELES,UNINCORPORATED,-117.8202401,34.20393994
6913393,2015,2016-04-13,1955,2015-01-25,1332,42129,93,7,5,6,1955,0,0,0,NA,0,004,MISSION BL,TOWNE AV,18,W,N,A,-,N,NA,NA,NA,NA,NA,NA,NA,NA,NA,N,4,0,1,2,A,-,17,21451,A,N,D,G,A,A,H,-,A,A,0,NA,Y,NA,NA,Y,NA,A,08,0,0,1,0,0,0,1,0,0,-,-,NA,NA,LOS ANGELES,POMONA,-117.74138923,34.05531815
6913405,2015,2016-04-13,9525,2015-01-24,1114,17637,NA,6,1,9,1900,0,2,4,NA,2,022,ARROW HWY,BARRANCA AV,500,E,N,A,-,N,NA,NA,NA,NA,NA,NA,NA,NA,NA,Y,4,0,1,2,A,-,09,21804,A,N,D,C,A,A,H,-,A,D,0,NA,NA,NA,NA,Y,NA,A,01,0,0,1,0,0,0,0,0,0,-,-,34.1058,-117.87866,LOS ANGELES,UNINCORPORATED,-117.87995059000001,34.10622864
6913429,2015,2015-05-26,1969,2015-04-12,2145,10086,PATRO,7,5,5,1969,0,0,0,NA,0,0A4,TWEEDY BL,WALNUT AV,0,NA,Y,A,-,N,NA,NA,NA,NA,NA,NA,NA,NA,NA,Y,2,0,1,2,A,-,03,22350,NA,N,C,C,A,A,H,-,C,D,0,NA,NA,Y,NA,Y,NA,C,02,1,0,0,0,0,0,0,0,1,-,-,NA,NA,LOS ANGELES,SOUTH GATE,-118.18472,33.941920090000004
6913433,2015,2016-06-01,1969,2015-04-14,0741,10171,TRAFF,2,5,5,1969,0,0,0,NA,0,005,IMPERIAL HWY,CASSINA AV,0,E,N,A,-,N,NA,NA,NA,NA,NA,NA,NA,NA,NA,N,4,0,2,2,A,-,03,22350,NA,N,C,C,A,A,H,-,A,A,0,NA,NA,NA,NA,Y,NA,A,01,0,0,2,0,0,0,0,0,0,-,-,NA,NA,LOS ANGELES,SOUTH GATE,-118.16582001,33.92967005
6913449,2015,2015-05-29,1912,2015-05-01,1420,8188,NA,5,5,6,1912,0,0,0,NA,0,NA,VERDUGO AV,OLIVE AV,8,E,N,A,-,N,NA,NA,NA,NA,NA,NA,NA,NA,NA,N,3,0,1,2,A,-,08,22107,NA,N,B,G,A,A,H,-,A,A,0,NA,Y,NA,NA,Y,NA,L,04,0,1,0,0,0,0,1,0,0,-,-,NA,NA,LOS ANGELES,BURBANK,-118.3220955,34.16823817
6913453,2015,2015-05-29,1912,2015-05-12,1232,12941,NA,2,5,6,1912,0,0,0,NA,0,00J,BUENA VISTA ST,BURBANK BL,200,N,N,A,-,N,NA,NA,NA,NA,NA,NA,NA,NA,NA,N,4,0,1,2,A,-,03,22350,NA,N,C,C,A,A,H,-,A,D,0,NA,NA,NA,NA,Y,NA,-,NA,0,0,1,0,0,0,0,0,0,-,-,NA,NA,LOS ANGELES,BURBANK,-118.33828262,34.1792599
6913455,2015,2015-05-22,1942,2015-04-07,1615,40447,0742,2,5,7,1942,0,0,0,G,0,7EL2,WILSHIRE BL,WILSHIRE BL 6336,20,N,N,B,C,N,NA,NA,NA,NA,NA,NA,NA,NA,NA,N,4,0,1,2,A,-,09,21801,A,N,H,C,A,B,H,-,A,A,0,NA,NA,Y,NA,Y,NA,A,01,0,0,1,0,0,0,0,0,1,-,-,NA,NA,LOS ANGELES,LOS ANGELES,NA,NA
6913493,2015,2015-06-02,1900,2015-05-04,1714,536339,0975,1,5,4,1979,0,0,0,NA,0,92T1,FOUNTAIN AV,FAIRFAX AV,0,NA,Y,A,-,N,NA,NA,NA,NA,NA,NA,NA,NA,NA,N,4,0,1,2,A,-,09,21801,A,N,D,C,A,A,H,-,A,A,0,NA,NA,NA,NA,Y,NA,D,22,0,0,1,0,0,0,0,0,0,-,-,NA,NA,LOS ANGELES,WEST HOLLYWOOD,-118.36154011000001,34.09446009
6913496,2015,2015-05-26,1962,2015-05-01,1820,128,ALH,5,5,4,1962,0,0,0,NA,0,024,LAS TUNAS DR,CRESTA AV,0,NA,Y,A,-,N,NA,NA,NA,NA,NA,NA,NA,NA,NA,Y,4,0,1,2,A,-,09,21803,A,F,D,C,A,A,H,-,A,D,0,NA,NA,Y,NA,Y,NA,A,01,0,0,1,0,0,0,0,0,1,-,-,NA,NA,LOS ANGELES,SAN GABRIEL,-118.09864011,34.10292003
6913497,2015,2015-05-28,1900,2015-04-27,0110,266037,0977,1,5,4,1979,0,0,0,NA,0,91T2,DOHENY DR,SUNSET BL,0,NA,Y,A,-,N,NA,NA,NA,NA,NA,NA,NA,NA,NA,N,4,0,1,2,A,-,08,22107,NA,N,B,C,A,A,H,-,A,A,0,NA,NA,NA,NA,Y,NA,A,07,0,0,1,0,0,0,0,0,0,-,-,NA,NA,LOS ANGELES,WEST HOLLYWOOD,-118.38974,34.09061002
6913500,2015,2015-05-26,1942,2015-05-02,1920,31466,1685,6,5,7,1942,0,0,0,P,0,X82,LANKERSHIM,CAYUGA,0,NA,Y,A,-,N,NA,NA,NA,NA,NA,NA,NA,NA,NA,Y,4,0,1,2,A,-,05,21650,NA,F,A,C,A,A,H,-,A,D,0,NA,NA,NA,NA,Y,NA,A,01,0,0,1,0,0,0,0,0,0,-,-,NA,NA,LOS ANGELES,LOS ANGELES,-118.38778005,34.22612009
6913524,2015,2015-05-22,1969,2015-04-18,0234,10197,PATRO,6,5,5,1969,0,0,0,NA,0,004,TWEEDY BL,JACKSON AV,45,E,N,A,-,N,NA,NA,NA,NA,NA,NA,NA,NA,NA,Y,4,0,1,3,A,-,08,22107,NA,N,C,E,A,A,H,-,C,D,0,NA,NA,NA,NA,Y,Y,A,01,0,0,1,0,0,0,0,0,0,-,-,NA,NA,LOS ANGELES,SOUTH GATE,-118.18767407,33.94224915
6913528,2015,2015-05-22,1969,2015-04-17,0050,10086,PATRO,5,5,5,1969,0,0,0,NA,0,0A3,SAN JUAN AV,SOUTHERN AV,356,N,N,A,-,N,NA,NA,NA,NA,NA,NA,NA,NA,NA,Y,4,0,1,2,A,-,08,22107,NA,N,F,E,A,A,H,-,D,D,0,NA,NA,NA,NA,Y,Y,A,01,0,0,1,0,0,0,0,0,0,-,-,NA,NA,LOS ANGELES,SOUTH GATE,-118.2021,33.95063
6913532,2015,2015-06-10,1969,2015-04-13,0802,10171,TRAFF,1,5,5,1969,0,0,0,NA,0,001,FIRESTONE BL,IOWA AV,0,NA,Y,A,-,N,NA,NA,NA,NA,NA,NA,NA,NA,NA,Y,4,0,1,2,A,-,09,21802,A,N,D,C,A,A,H,-,A,A,0,NA,NA,NA,NA,Y,NA,A,01,0,0,1,0,0,0,0,0,0,-,-,NA,NA,LOS ANGELES,SOUTH GATE,NA,NA
6913536,2015,2015-05-22,1969,2015-04-12,1510,10134,1969,7,5,5,1969,0,0,0,NA,0,001,KANSAS AV,LONG BEACH BL,114,W,N,A,-,N,NA,NA,NA,NA,NA,NA,NA,NA,NA,N,4,0,1,2,A,-,09,21804,A,N,D,C,A,A,H,-,A,D,0,NA,NA,NA,NA,Y,NA,A,01,0,0,1,0,0,0,0,0,0,-,-,NA,NA,LOS ANGELES,SOUTH GATE,-118.21756182,33.94869147
6913540,2015,2015-05-22,1969,2015-04-10,1245,10134,1969,5,5,5,1969,0,0,0,NA,0,002,STATE ST,SOUTHERN AV,0,NA,Y,A,-,N,NA,NA,NA,NA,NA,NA,NA,NA,NA,N,4,0,2,2,A,-,09,21801,A,N,D,C,A,A,H,-,A,A,0,NA,NA,NA,NA,Y,NA,A,01,0,0,2,0,0,0,0,0,0,-,-,NA,NA,LOS ANGELES,SOUTH GATE,-118.21267005,33.95174004
6913544,2015,2015-05-26,1969,2015-04-19,1319,10197,PATRO,7,5,5,1969,0,0,0,NA,0,001,BEECHWOOD AV,SANTA ANA ST,0,NA,Y,A,-,N,NA,NA,NA,NA,NA,NA,NA,NA,NA,N,4,0,1,2,A,-,03,22350,NA,F,C,C,A,A,H,-,A,D,0,NA,NA,NA,NA,Y,NA,A,01,0,0,1,0,0,0,0,0,0,-,-,NA,NA,LOS ANGELES,SOUTH GATE,-118.2201501,33.96446001
6913548,2015,2015-05-22,1942,2015-04-13,1045,31152,0159,1,5,7,1942,0,0,0,A,0,11TL25,5TH ST,ALAMEDA ST,0,NA,Y,A,-,N,NA,NA,NA,NA,NA,NA,NA,NA,NA,N,3,0,1,2,A,-,09,21802,A,F,D,G,A,A,H,-,A,A,0,NA,Y,NA,NA,Y,NA,-,99,0,1,0,0,0,0,1,0,0,-,-,NA,NA,LOS ANGELES,LOS ANGELES,-118.23824011,34.04143006
6913552,2015,2015-05-22,1942,2015-04-10,2145,39062,0275,5,5,7,1942,0,0,0,B,0,1T11,OLYMPIC BL,BONNIE BRAE ST,0,NA,Y,A,-,N,NA,NA,NA,NA,NA,NA,NA,NA,NA,N,4,0,1,2,A,-,09,21801,A,N,D,G,A,A,H,-,C,A,0,NA,Y,NA,NA,Y,NA,A,07,0,0,1,0,0,0,1,0,0,-,-,NA,NA,LOS ANGELES,LOS ANGELES,-118.27764007,34.0507201
6913556,2015,2015-05-22,1942,2015-04-11,1920,37672,0256,6,5,7,1942,0,0,0,B,0,2A92,6TH ST,E LUCAS AV,0,NA,Y,A,-,N,NA,NA,NA,NA,NA,NA,NA,NA,NA,Y,3,0,1,2,A,-,12,21453,A,N,D,C,A,A,H,-,B,A,0,NA,NA,NA,NA,Y,NA,A,01,0,1,0,0,0,0,0,0,0,-,-,NA,NA,LOS ANGELES,LOS ANGELES,-118.26377004,34.05475003
6913560,2015,2015-05-22,1942,2015-04-15,1425,40099,0293,3,5,7,1942,0,0,0,B,0,2TL14,BEAUDRY AV,TEMPLE ST,0,NA,Y,A,-,N,NA,NA,NA,NA,NA,NA,NA,NA,NA,N,4,0,2,2,A,-,12,21453,A,N,D,C,A,A,H,-,A,D,0,NA,NA,NA,NA,Y,NA,A,01,0,0,2,0,0,0,0,0,0,-,-,NA,NA,LOS ANGELES,LOS ANGELES,-118.2513601,34.0632001
6913564,2015,2015-05-22,1942,2015-04-12,2059,40406,0191,7,5,7,1942,0,0,0,A,0,1A85,FIGUEROA ST,PICO BL,0,NA,Y,A,-,N,NA,NA,NA,NA,NA,NA,NA,NA,NA,N,3,0,1,2,A,-,10,21950,A,F,G,B,B,A,H,-,C,A,0,Y,NA,NA,NA,Y,NA,-,99,0,1,0,0,1,0,0,0,0,-,-,NA,NA,LOS ANGELES,LOS ANGELES,-118.26801007,34.04064009
6913568,2015,2015-05-22,1942,2015-04-30,1620,37505,0111,4,5,7,1942,0,0,0,A,0,4T4,MAIN ST,CESAR CHAVEZ AV,0,NA,Y,A,-,N,NA,NA,NA,NA,NA,NA,NA,NA,NA,N,4,0,1,2,A,-,09,21801,A,N,B,C,A,A,H,-,A,A,0,NA,NA,NA,NA,Y,NA,A,01,0,0,1,0,0,0,0,0,0,-,-,NA,NA,LOS ANGELES,LOS ANGELES,-118.23784,34.05825
6913572,2015,2015-05-22,1942,2015-04-30,1840,34426,0159,4,5,7,1942,0,0,0,A,0,2T28,MATEO ST,7TH ST,0,NA,Y,A,-,N,NA,NA,NA,NA,NA,NA,NA,NA,NA,Y,4,0,2,3,A,-,12,21453,A,N,D,C,A,A,H,-,A,A,0,NA,NA,NA,NA,Y,NA,A,07,0,0,2,0,0,0,0,0,0,-,-,NA,NA,LOS ANGELES,LOS ANGELES,-118.23230007,34.03460009
6913576,2015,2015-05-22,1942,2015-04-29,1740,40099,0134,3,5,7,1942,0,0,0,A,0,2T28,HILL ST,3RD ST,65,S,N,A,-,N,NA,NA,NA,NA,NA,NA,NA,NA,NA,N,4,0,1,2,A,-,09,21801,A,N,D,C,A,A,H,-,A,D,0,NA,NA,Y,NA,Y,NA,C,02,0,0,1,0,0,0,0,0,1,-,-,NA,NA,LOS ANGELES,LOS ANGELES,-118.24925935,34.05149793
6913580,2015,2015-05-22,1942,2015-04-27,1850,38069,0128,1,5,7,1942,0,0,0,A,0,1X38,1ST ST,CENTRAL,300,W,N,A,-,N,NA,NA,NA,NA,NA,NA,NA,NA,NA,N,3,0,1,2,A,-,11,21456,B,N,G,B,C,A,H,-,A,A,0,Y,NA,NA,NA,Y,NA,N,60,0,1,0,0,1,0,0,0,0,-,-,NA,NA,LOS ANGELES,LOS ANGELES,-118.23993751,34.04970295
6913583,2015,2015-05-22,1969,2015-04-28,1013,10186,PATRO,2,5,5,1969,0,0,0,NA,0,003,OTIS ST,TWEEDY BL,0,NA,Y,A,-,N,NA,NA,NA,NA,NA,NA,NA,NA,NA,N,3,0,1,2,A,-,10,21950,A,N,B,B,B,A,H,-,A,A,0,Y,NA,NA,NA,Y,NA,A,01,0,1,0,0,1,0,0,0,0,-,-,NA,NA,LOS ANGELES,SOUTH GATE,-118.19766006,33.94333003
6913584,2015,2016-06-01,1942,2015-04-19,1815,34257,0195,7,5,7,1942,0,0,0,A,0,13X76,VENICE BL,HILL ST,0,NA,Y,A,-,N,NA,NA,NA,NA,NA,NA,NA,NA,NA,Y,4,0,4,2,A,-,09,21801,A,N,D,C,A,A,H,-,A,A,0,NA,NA,NA,NA,Y,NA,A,01,0,0,4,0,0,0,0,0,0,-,-,NA,NA,LOS ANGELES,LOS ANGELES,-118.26456004,34.03472011
6913587,2015,2016-06-02,1969,2015-04-28,1835,10208,PATRO,2,5,5,1969,0,0,0,NA,0,002,MADISON AV,ILLINOIS AV,140,N,N,A,-,N,NA,NA,NA,NA,NA,NA,NA,NA,NA,N,4,0,1,2,A,-,11,21950,B,N,G,B,D,A,H,-,A,D,0,Y,NA,NA,NA,Y,NA,N,60,0,0,1,0,1,0,0,0,0,-,-,NA,NA,LOS ANGELES,SOUTH GATE,-118.21409307,33.95049099
6913588,2015,2015-05-26,1942,2015-04-25,0730,40726,0185,6,5,7,1942,0,0,0,A,0,1T11,PICO BL,HILL ST,0,NA,Y,B,-,N,NA,NA,NA,NA,NA,NA,NA,NA,NA,Y,4,0,3,2,-,-,-,NA,NA,N,D,C,A,A,H,-,A,A,0,NA,NA,NA,NA,Y,NA,-,-,0,0,3,0,0,0,0,0,0,-,-,NA,NA,LOS ANGELES,LOS ANGELES,-118.26216006,34.03765006
6913591,2015,2015-05-22,1969,2015-04-25,1250,10097,PATRO,6,5,5,1969,0,0,0,NA,0,0A3,FIRESTONE BL,OTIS ST,0,NA,Y,B,-,N,NA,NA,NA,NA,NA,NA,NA,NA,NA,Y,4,0,1,2,A,-,12,21453,A,F,D,C,A,A,H,-,A,A,0,NA,NA,NA,NA,Y,Y,A,07,0,0,1,0,0,0,0,0,0,-,-,NA,NA,LOS ANGELES,SOUTH GATE,-118.19652012,33.9532601
6913592,2015,2015-05-22,1942,2015-04-27,1430,39233,0185,1,5,7,1942,0,0,0,A,0,1A85W2,SANTEE ST,12TH ST,0,NA,Y,A,-,N,NA,NA,NA,NA,NA,NA,NA,NA,NA,N,3,0,1,2,A,-,17,22517,NA,N,H,G,A,A,H,-,A,A,0,NA,Y,NA,NA,Y,NA,A,01,0,1,0,0,0,0,1,0,0,-,-,NA,NA,LOS ANGELES,LOS ANGELES,-118.25734001,34.03630006
6913595,2015,2015-05-22,1969,2015-04-25,1651,10184,PATRO,6,5,5,1969,0,0,0,NA,0,003,TWEEDY BL,ALEXANDER AV,0,NA,Y,A,-,N,NA,NA,NA,NA,NA,NA,NA,NA,NA,Y,4,0,1,2,A,-,09,21801,A,N,D,C,A,D,H,-,-,-,0,NA,NA,NA,NA,Y,NA,A,01,0,0,1,0,0,0,0,0,0,-,-,NA,NA,LOS ANGELES,SOUTH GATE,-118.19455009,33.94300004
6913596,2015,2015-05-26,1942,2015-04-23,1140,36814,0112,4,5,7,1942,0,0,0,A,0,1TL11,BROADWAY,ALISO ST,0,NA,Y,A,-,N,NA,NA,NA,NA,NA,NA,NA,NA,NA,Y,4,0,1,2,-,-,-,NA,NA,N,D,C,A,A,H,-,A,A,0,NA,NA,NA,NA,Y,NA,-,-,0,0,1,0,0,0,0,0,0,-,-,NA,NA,LOS ANGELES,LOS ANGELES,-118.24259003,34.05678005
6913599,2015,2015-05-22,1969,2015-04-25,1347,10097,PATRO,6,5,5,1969,0,0,0,NA,0,0A4,ATLANTIC AV,WOOD AV,0,NA,Y,B,-,N,NA,NA,NA,NA,NA,NA,NA,NA,NA,Y,4,0,1,2,A,-,09,21802,A,N,D,C,A,A,H,-,A,D,0,NA,NA,NA,NA,Y,NA,D,22,0,0,1,0,0,0,0,0,0,-,-,NA,NA,LOS ANGELES,SOUTH GATE,-118.18114002,33.94328001
6913600,2015,2015-06-10,1942,2015-04-24,2135,36023,0119,5,5,7,1942,0,0,0,A,0,4T43,MAIN ST,ALPINE ST,0,NA,Y,B,-,N,NA,NA,NA,NA,NA,NA,NA,NA,NA,NA,4,0,1,2,A,-,12,21453,A,N,D,C,A,A,H,-,C,A,0,NA,NA,NA,NA,Y,NA,A,08,0,0,1,0,0,0,0,0,0,-,-,NA,NA,LOS ANGELES,LOS ANGELES,-118.2352801,34.06128004
6913603,2015,2015-05-28,1942,2015-04-25,1910,38129,0159,6,5,7,1942,0,0,0,A,0,13T55,6TH ST,MILL ST,220,E,N,A,-,N,NA,NA,NA,NA,NA,NA,NA,NA,NA,Y,3,0,4,2,A,-,09,21804,A,N,D,C,A,A,H,-,B,D,0,NA,NA,NA,NA,Y,NA,A,01,0,1,3,0,0,0,0,0,0,-,-,NA,NA,LOS ANGELES,LOS ANGELES,-118.23376535,34.03823177
6913604,2015,2015-06-11,1942,2015-04-22,2010,38357,0437,3,5,7,1942,0,0,0,D,0,13TL55,MC PHERSON PL,NORELLE ST,357,N,N,A,-,N,NA,NA,NA,NA,NA,NA,NA,NA,NA,N,3,0,1,2,A,-,21,22106,NA,N,G,B,A,A,H,-,C,D,0,NA,NA,NA,NA,Y,NA,A,07,0,1,0,0,0,0,0,0,0,-,-,NA,NA,LOS ANGELES,LOS ANGELES,-118.181709,34.07376746
6913605,2015,2015-05-28,1900,2015-04-18,1509,528503,2612,6,5,6,1950,0,0,0,NA,0,262T1,30TH ST W,RANCHO VISTA BL,0,NA,Y,A,-,N,NA,NA,NA,NA,NA,NA,NA,NA,NA,N,3,0,1,2,A,-,12,21453,A,N,D,G,A,A,H,-,A,A,0,NA,Y,NA,NA,Y,NA,L,04,0,1,0,0,0,0,1,0,0,-,-,NA,NA,LOS ANGELES,PALMDALE,-118.18315011,34.60176003
6913607,2015,2015-06-12,1942,2015-04-26,0110,36023,0185,7,5,7,1942,0,0,0,A,0,4T43,LOS ANGELES ST,OLYMPIC BL,16,S,N,A,-,N,NA,NA,NA,NA,NA,NA,NA,NA,NA,N,3,0,6,2,A,-,12,21453,A,N,D,C,A,A,H,-,C,A,0,NA,NA,NA,NA,Y,NA,-,-,0,2,4,0,0,0,0,0,0,-,-,NA,NA,LOS ANGELES,LOS ANGELES,-118.25586259,34.03953414
6913608,2015,2015-05-27,1942,2015-04-18,1715,36238,0422,6,5,7,1942,0,0,0,D,0,4TL6,BALDWIN ST,EASTLAKE AV,0,NA,Y,A,-,N,NA,NA,NA,NA,NA,NA,NA,NA,NA,N,3,0,1,2,A,-,12,22450,A,N,D,G,A,A,H,-,A,A,0,NA,Y,NA,NA,Y,NA,L,04,0,1,0,0,0,0,1,0,0,-,-,NA,NA,LOS ANGELES,LOS ANGELES,-118.20774006,34.07024012
6913609,2015,2015-05-28,1900,2015-04-11,0220,530600,2603,6,5,6,1950,0,0,0,NA,0,262T1,40TH ST E,PEARBLOSSOM HWY,35,N,N,A,-,N,NA,NA,NA,NA,NA,NA,NA,NA,NA,Y,4,0,2,2,A,-,05,21460,A,N,A,C,A,A,H,-,C,A,0,NA,NA,NA,NA,Y,NA,A,01,0,0,2,0,0,0,0,0,0,-,-,NA,NA,LOS ANGELES,PALMDALE,-118.05850128,34.54283596