CASE_ID,ACCIDENT_YEAR,PROC_DATE,JURIS,COLLISION_DATE,COLLISION_TIME,OFFICER_ID,REPORTING_DISTRICT,DAY_OF_WEEK,CHP_SHIFT,POPULATION,CNTY_CITY_LOC,SPECIAL_COND,BEAT_TYPE,CHP_BEAT_TYPE,CITY_DIVISION_LAPD,CHP_BEAT_CLASS,BEAT_NUMBER,PRIMARY_RD,SECONDARY_RD,DISTANCE,DIRECTION,INTERSECTION,WEATHER_1,WEATHER_2,STATE_HWY_IND,CALTRANS_COUNTY,CALTRANS_DISTRICT,STATE_ROUTE,ROUTE_SUFFIX,POSTMILE_PREFIX,POSTMILE,LOCATION_TYPE,RAMP_INTERSECTION,SIDE_OF_HWY,TOW_AWAY,COLLISION_SEVERITY,NUMBER_KILLED,NUMBER_INJURED,PARTY_COUNT,PRIMARY_COLL_FACTOR,PCF_CODE_OF_VIOL,PCF_VIOL_CATEGORY,PCF_VIOLATION,PCF_VIOL_SUBSECTION,HIT_AND_RUN,TYPE_OF_COLLISION,MVIW,PED_ACTION,ROAD_SURFACE,ROAD_COND_1,ROAD_COND_2,LIGHTING,CONTROL_DEVICE,CHP_ROAD_TYPE,PEDESTRIAN_ACCIDENT,BICYCLE_ACCIDENT,MOTORCYCLE_ACCIDENT,TRUCK_ACCIDENT,NOT_PRIVATE_PROPERTY,ALCOHOL_INVOLVED,STWD_VEHTYPE_AT_FAULT,CHP_VEHTYPE_AT_FAULT,COUNT_SEVERE_INJ,COUNT_VISIBLE_INJ,COUNT_COMPLAINT_PAIN,COUNT_PED_KILLED,COUNT_PED_INJURED,COUNT_BICYCLIST_KILLED,COUNT_BICYCLIST_INJURED,COUNT_MC_KILLED,COUNT_MC_INJURED,PRIMARY_RAMP,SECONDARY_RAMP,LATITUDE,LONGITUDE,COUNTY,CITY,POINT_X,POINT_Y
6922998,2015,2016-06-03,1942,2015-05-10,1306,35688,1846,7,5,7,1942,0,0,0,R,0,12T73,IMPERIAL HWY,COMPTON AV,60,E,N,A,-,N,NA,NA,NA,NA,NA,NA,NA,NA,NA,Y,4,0,1,4,A,-,01,23152,A,F,C,C,A,A,H,-,A,A,0,NA,NA,NA,NA,Y,NA,A,01,0,0,1,0,0,0,0,0,0,-,-,NA,NA,LOS ANGELES,LOS ANGELES,-118.24608263,33.92949274
6922999,2015,2015-05-22,1942,2015-04-28,1855,40697,0397,2,5,7,1942,0,0,0,C,0,3T57,HALLDALE,42ND PL,0,NA,Y,A,-,N,NA,NA,NA,NA,NA,NA,NA,NA,NA,N,4,0,4,2,A,-,09,21802,A,N,D,C,A,A,H,-,A,A,0,NA,NA,NA,NA,Y,NA,A,01,0,0,4,0,0,0,0,0,0,-,-,NA,NA,LOS ANGELES,LOS ANGELES,-118.3023601,34.00606004
6923000,2015,2015-05-21,1942,2015-04-25,1325,38040,0362,6,5,7,1942,0,0,0,C,0,18T23,SANTA ROSALIA DR,COLISEUM ST,0,NA,Y,A,G,N,NA,NA,NA,NA,NA,NA,NA,NA,NA,N,4,0,1,2,A,-,10,21950,A,N,G,B,B,A,H,-,A,D,0,Y,NA,NA,NA,Y,NA,A,01,0,0,1,0,1,0,0,0,0,-,-,NA,NA,LOS ANGELES,LOS ANGELES,-118.34717003,34.01693007
6923002,2015,2015-06-03,1942,2015-05-06,1500,40869,1823,3,5,7,1942,0,0,0,R,0,5TL21,CENTURY BL,TOWNE AV,0,NA,Y,A,-,N,NA,NA,NA,NA,NA,NA,NA,NA,NA,Y,3,0,4,1,A,-,03,22350,NA,N,F,A,A,A,H,-,A,D,0,NA,NA,NA,NA,Y,NA,A,07,0,4,0,0,0,0,0,0,0,-,-,NA,NA,LOS ANGELES,LOS ANGELES,-118.26738007,33.94559005
6923003,2015,2015-05-22,1942,2015-04-23,1705,39317,0376,4,5,7,1942,0,0,0,C,0,5T25,MARTIN LUTHER KING JR BL,WESTERN AV,20,W,N,A,-,N,NA,NA,NA,NA,NA,NA,NA,NA,NA,N,4,0,1,2,A,-,03,22350,NA,F,C,C,A,A,H,-,A,A,0,NA,NA,NA,NA,Y,NA,-,99,0,0,1,0,0,0,0,0,0,-,-,NA,NA,LOS ANGELES,LOS ANGELES,-118.30899587,34.01085
6923004,2015,2015-05-21,1942,2015-04-29,2320,41056,0395,3,5,7,1942,0,0,0,C,0,3T5,VERNON AV,GRAMERCY PL,47,W,N,A,-,N,NA,NA,NA,NA,NA,NA,NA,NA,NA,N,4,0,2,3,A,-,05,21651,A,F,B,C,A,A,H,-,C,D,0,NA,NA,NA,NA,Y,NA,-,99,0,0,2,0,0,0,0,0,0,-,-,NA,NA,LOS ANGELES,LOS ANGELES,-118.31399478,34.00371
6923006,2015,2015-06-03,1942,2015-05-07,1205,35393,1802,4,5,7,1942,0,0,0,R,0,18T23,MAIN ST,88TH ST,50,N,N,A,-,N,NA,NA,NA,NA,NA,NA,NA,NA,NA,Y,4,0,1,3,A,-,21,22106,NA,N,D,C,A,A,H,-,A,D,0,NA,NA,NA,NA,Y,NA,A,01,0,0,1,0,0,0,0,0,0,-,-,NA,NA,LOS ANGELES,LOS ANGELES,-118.27387371,33.95730709
6923007,2015,2015-05-21,1942,2015-04-24,1430,35688,1256,5,5,7,1942,0,0,0,L,0,3757,FLORENCE AV,BONSALLO AV,20,E,N,A,-,N,NA,NA,NA,NA,NA,NA,NA,NA,NA,Y,3,0,1,3,A,-,03,22350,NA,N,B,C,A,A,H,-,A,A,0,NA,NA,NA,NA,Y,NA,A,07,0,1,0,0,0,0,0,0,0,-,-,NA,NA,LOS ANGELES,LOS ANGELES,-118.28591417,33.97465097
6923008,2015,2015-05-22,1942,2015-04-02,1625,35688,0357,4,5,7,1942,0,0,0,C,0,3T57,VERMONT AV,36TH PL,0,NA,Y,A,-,N,NA,NA,NA,NA,NA,NA,NA,NA,NA,N,3,0,1,2,A,-,09,21801,A,N,H,J,A,A,H,-,A,A,0,NA,NA,Y,NA,Y,Y,A,01,0,1,0,0,0,0,0,0,1,-,-,NA,NA,LOS ANGELES,LOS ANGELES,-118.2915501,34.02207002
6923010,2015,2015-06-03,1942,2015-05-09,2235,36571,1824,6,5,7,1942,0,0,0,R,0,12T41,101ST ST,CENTRAL AV,50,W,N,A,-,N,NA,NA,NA,NA,NA,NA,NA,NA,NA,N,4,0,1,2,A,-,03,22350,NA,F,C,C,A,A,H,-,C,D,0,NA,NA,NA,NA,Y,NA,-,99,0,0,1,0,0,0,0,0,0,-,-,NA,NA,LOS ANGELES,LOS ANGELES,-118.2542645,33.94491284
6923011,2015,2015-05-22,1942,2015-04-19,2020,40697,1273,7,5,7,1942,0,0,0,L,0,12T73,CRENSHAW BL,SLAUSON AV,0,NA,Y,A,-,N,NA,NA,NA,NA,NA,NA,NA,NA,NA,N,4,0,1,2,D,-,00,NA,NA,N,B,C,A,A,H,-,C,A,0,NA,NA,NA,NA,Y,NA,-,-,0,0,1,0,0,0,0,0,0,-,-,NA,NA,LOS ANGELES,LOS ANGELES,-118.33091006,33.98901001
6923012,2015,2015-05-22,1942,2015-04-02,2315,38707,0334,4,5,7,1942,0,0,0,C,0,3T5,JEFFERSON BL,CRENSHAW BL,0,NA,Y,A,-,N,NA,NA,NA,NA,NA,NA,NA,NA,NA,Y,4,0,2,2,A,-,09,21801,A,N,D,C,A,A,G,-,C,A,0,NA,NA,NA,NA,Y,NA,A,07,0,0,2,0,0,0,0,0,0,-,-,NA,NA,LOS ANGELES,LOS ANGELES,-118.33511009,34.02558009
6923014,2015,2015-06-03,1942,2015-05-09,0025,40971,1823,6,5,7,1942,0,0,0,R,0,12T41,AVALON BL,99TH ST,12,S,N,A,-,N,NA,NA,NA,NA,NA,NA,NA,NA,NA,N,4,0,1,2,A,-,09,21804,A,N,D,C,A,A,H,-,C,D,0,NA,NA,NA,NA,Y,NA,A,01,0,0,1,0,0,0,0,0,0,-,-,NA,NA,LOS ANGELES,LOS ANGELES,-118.26517,33.94679709
6923015,2015,2015-05-22,1942,2015-04-24,0755,30801,1255,5,5,7,1942,0,0,0,L,0,18T23,FLORENCE AV,BUDLONG AV,70,W,N,B,-,N,NA,NA,NA,NA,NA,NA,NA,NA,NA,N,4,0,2,2,A,-,07,21658,A,N,D,C,A,A,H,-,A,D,0,NA,NA,NA,NA,Y,NA,A,08,0,0,2,0,0,0,0,0,0,-,-,NA,NA,LOS ANGELES,LOS ANGELES,-118.29643035,33.97460477
6923016,2015,2015-05-21,1942,2015-04-17,0800,33599,0335,5,5,7,1942,0,0,0,C,0,3TL5,MONTCLAIR ST,9TH AV,0,NA,Y,A,-,N,NA,NA,NA,NA,NA,NA,NA,NA,NA,N,4,0,2,2,A,-,06,21750,NA,N,B,C,A,A,H,-,A,D,0,NA,NA,NA,NA,Y,NA,A,01,0,0,2,0,0,0,0,0,0,-,-,NA,NA,LOS ANGELES,LOS ANGELES,-118.32715009,34.02963012
6923018,2015,2015-06-03,1942,2015-05-03,1910,41019,0245,7,5,7,1942,0,0,0,B,0,2T15,6TH ST,PARK VIEW ST,0,NA,Y,A,-,N,NA,NA,NA,NA,NA,NA,NA,NA,NA,Y,4,0,3,2,A,-,03,22350,NA,N,C,C,A,A,H,-,B,A,0,NA,NA,NA,NA,Y,NA,A,07,0,0,3,0,0,0,0,0,0,-,-,NA,NA,LOS ANGELES,LOS ANGELES,-118.27853002,34.06120002
6923020,2015,2015-05-21,1942,2015-04-07,0025,35925,0311,2,5,7,1942,0,0,0,C,0,18T23,LA CIENEGA BL,JEFFERSON BL,0,NA,Y,A,-,N,NA,NA,NA,NA,NA,NA,NA,NA,NA,N,4,0,1,2,A,-,12,21453,A,N,D,C,A,A,H,-,C,A,0,NA,NA,NA,NA,Y,NA,-,-,0,0,1,0,0,0,0,0,0,-,-,NA,NA,LOS ANGELES,LOS ANGELES,-118.37208,34.02653007
6923022,2015,2015-06-03,1942,2015-05-01,1950,39876,1372,5,5,7,1942,0,0,0,M,0,2T15,54TH ST,SAN PEDRO ST,51,W,N,A,-,N,NA,NA,NA,NA,NA,NA,NA,NA,NA,Y,2,0,3,6,A,-,03,22350,NA,N,A,C,A,A,H,-,C,D,0,NA,NA,NA,NA,Y,NA,A,01,1,1,1,0,0,0,0,0,0,-,-,NA,NA,LOS ANGELES,LOS ANGELES,-118.27032792,33.99335
6923023,2015,2015-05-22,1942,2015-04-08,1130,24543,1267,3,5,7,1942,0,0,0,L,0,25MQ14,MANCHESTER AV,FIGUEROA ST,100,W,N,A,-,N,NA,NA,NA,NA,NA,NA,NA,NA,NA,N,4,0,1,2,A,-,03,22350,NA,F,C,C,A,A,H,-,A,D,0,NA,NA,NA,NA,Y,NA,-,99,0,0,1,0,0,0,0,0,0,-,-,NA,NA,LOS ANGELES,LOS ANGELES,-118.28305913,33.96006
6923024,2015,2015-05-22,1942,2015-04-06,1730,37724,0396,1,5,7,1942,0,0,0,C,0,3T57,VERMONT AV,42ND ST,0,NA,Y,A,-,N,NA,NA,NA,NA,NA,NA,NA,NA,NA,N,3,0,1,2,A,-,10,21950,A,N,G,B,B,A,H,-,A,A,0,Y,NA,NA,NA,Y,NA,A,01,0,1,0,0,1,0,0,0,0,-,-,NA,NA,LOS ANGELES,LOS ANGELES,-118.29156,34.0073
6923026,2015,2015-06-04,1942,2015-05-04,1210,37146,1842,1,5,7,1942,0,0,0,R,0,3T5,110TH ST,BROADWAY,75,E,N,A,-,N,NA,NA,NA,NA,NA,NA,NA,NA,NA,N,4,0,1,2,A,-,03,22350,NA,N,B,E,A,A,H,-,A,D,0,NA,NA,NA,NA,Y,NA,A,01,0,0,1,0,0,0,0,0,0,-,-,NA,NA,LOS ANGELES,LOS ANGELES,-118.27812322,33.93564
6923027,2015,2015-05-22,1942,2015-04-30,0900,27259,1826,4,5,7,1942,0,0,0,R,0,18T23,CENTURY BL,COMPTON AV,240,W,N,A,-,N,NA,NA,NA,NA,NA,NA,NA,NA,NA,Y,4,0,2,2,A,-,03,22350,NA,N,B,E,A,A,H,-,A,D,0,NA,NA,NA,Y,Y,NA,F,21,0,0,2,0,0,0,0,0,0,-,-,NA,NA,LOS ANGELES,LOS ANGELES,-118.24701769,33.945712640000004
6923028,2015,2015-05-21,1942,2015-04-07,1705,39291,0391,2,5,7,1942,0,0,0,C,0,12TL73,STOCKER ST,PRESIDIO DR,0,NA,Y,C,-,N,NA,NA,NA,NA,NA,NA,NA,NA,NA,Y,4,0,1,2,A,-,09,21802,A,N,D,C,A,B,H,-,A,A,0,NA,NA,NA,NA,Y,NA,A,01,0,0,1,0,0,0,0,0,0,-,-,NA,NA,LOS ANGELES,LOS ANGELES,-118.34130011,34.00471003
6923030,2015,2015-06-03,1942,2015-05-01,1745,40598,128,5,5,7,1942,0,0,0,L,0,1A29,3RD ST,WALL ST,10,W,N,A,-,N,NA,NA,NA,NA,NA,NA,NA,NA,NA,N,4,0,1,2,A,-,12,22450,A,F,D,G,A,A,H,-,B,A,0,NA,Y,NA,NA,Y,NA,-,99,0,0,1,0,0,0,1,0,0,-,-,NA,NA,LOS ANGELES,LOS ANGELES,-118.24383682,34.04798593
6923032,2015,2015-05-22,1942,2015-04-21,1620,40697,0314,2,5,7,1942,0,0,0,C,0,5TL25,ADAMS BL,8TH AV,0,NA,Y,A,-,N,NA,NA,NA,NA,NA,NA,NA,NA,NA,Y,3,0,1,2,A,-,03,22350,NA,N,C,C,A,A,H,-,A,D,0,NA,NA,NA,NA,Y,NA,A,01,0,1,0,0,0,0,0,0,0,-,-,NA,NA,LOS ANGELES,LOS ANGELES,-118.32599003,34.03261006
6923034,2015,2015-06-03,1942,2015-05-01,0820,37952,0246,5,5,7,1942,0,0,0,B,0,2T15,WILSHIRE BL,ALVARADO ST,0,NA,Y,A,-,N,NA,NA,NA,NA,NA,NA,NA,NA,NA,N,3,0,1,2,A,-,09,21801,A,F,D,G,A,A,H,-,A,A,0,NA,Y,NA,NA,Y,NA,-,99,0,1,0,0,0,0,1,0,0,-,-,NA,NA,LOS ANGELES,LOS ANGELES,-118.27587005,34.05794002
6923036,2015,2015-05-22,1942,2015-04-02,1925,38707,0393,4,5,7,1942,0,0,0,C,0,3T5,HOMELAND DR,CRENSHAW BL,35,W,N,A,-,N,NA,NA,NA,NA,NA,NA,NA,NA,NA,N,4,0,2,2,A,-,03,22350,NA,N,C,C,A,A,H,-,C,D,0,NA,NA,NA,NA,Y,NA,A,07,0,0,2,0,0,0,0,0,0,-,-,NA,NA,LOS ANGELES,LOS ANGELES,-118.33384041,34.00528287
6923038,2015,2015-06-16,1942,2015-05-08,1715,39177,1881,5,5,7,1942,0,0,0,R,0,18T39,REDONDO BEACH BL,ORCHARD AV,0,NA,Y,B,-,N,NA,NA,NA,NA,NA,NA,NA,NA,NA,N,3,0,1,2,A,-,03,22350,NA,N,H,A,A,A,H,-,A,D,0,NA,NA,Y,NA,Y,NA,C,02,0,1,0,0,0,0,0,0,1,-,-,NA,NA,LOS ANGELES,LOS ANGELES,-118.28833006,33.89258002
6923039,2015,2016-04-08,1942,2015-04-15,1100,38399,1134,3,5,7,1942,0,0,0,K,0,2TL15,DIVISION ST,CYPRESS AV,17,S,N,A,-,N,NA,NA,NA,NA,NA,NA,NA,NA,NA,N,4,0,1,2,A,-,12,21453,A,F,D,C,A,A,H,-,A,A,0,NA,NA,NA,NA,Y,NA,-,NA,0,0,1,0,0,0,0,0,0,-,-,NA,NA,LOS ANGELES,LOS ANGELES,-118.23633708,34.10262471
6923040,2015,2015-05-22,1942,2015-04-20,2010,39028,0341,1,5,7,1942,0,0,0,C,0,5T21,LA CIENEGA BL,BLACKWELDER ST,0,NA,Y,A,-,N,NA,NA,NA,NA,NA,NA,NA,NA,NA,N,4,0,1,2,A,-,09,21801,A,N,D,C,A,A,H,-,C,A,0,NA,NA,NA,NA,Y,NA,A,07,0,0,1,0,0,0,0,0,0,-,-,NA,NA,LOS ANGELES,LOS ANGELES,-118.37205011,34.03036009
6923161,2015,2015-06-09,1942,2015-05-08,2100,37304,1792,5,5,7,1942,0,0,0,Q,0,10T37,PARTHENIA ST,CORBIN AV,350,E,N,B,-,N,NA,NA,NA,NA,NA,NA,NA,NA,NA,N,3,0,1,2,A,-,01,21200,5,N,B,G,A,A,H,-,C,D,0,NA,Y,NA,NA,Y,Y,L,04,0,1,0,0,0,0,1,0,0,-,-,NA,NA,LOS ANGELES,LOS ANGELES,-118.56113408,34.22823
6923165,2015,2015-06-09,1942,2015-02-16,1925,38357,1342,1,5,7,1942,0,0,0,M,0,11T21,MARTIN LUTHER KING BL,MCKINLEY AV,419,E,N,A,-,N,NA,NA,NA,NA,NA,NA,NA,NA,NA,Y,3,0,2,3,A,-,03,22350,NA,N,D,C,A,A,H,-,B,D,0,NA,NA,NA,NA,Y,NA,A,07,0,1,1,0,0,0,0,0,0,-,-,NA,NA,LOS ANGELES,LOS ANGELES,-118.25946025,34.01097
6923169,2015,2015-06-02,1942,2015-03-07,1550,34426,0176,6,5,7,1942,0,0,0,A,0,2TL28,VERMONT AV,SUNSET BL,60,S,N,A,-,N,NA,NA,NA,NA,NA,NA,NA,NA,NA,N,4,0,1,2,A,-,04,21703,NA,N,C,C,A,A,H,-,A,A,0,NA,NA,NA,NA,Y,NA,D,22,0,0,1,0,0,0,0,0,0,-,-,NA,NA,LOS ANGELES,LOS ANGELES,-118.29177,34.09798545
6923173,2015,2015-06-03,1942,2015-04-21,2050,41142,1181,2,5,7,1942,0,0,0,K,0,2A2,SUNSET BL,ALVARADO ST,30,E,N,A,-,N,NA,NA,NA,NA,NA,NA,NA,NA,NA,N,4,0,1,3,A,-,17,22517,NA,N,-,G,A,-,-,-,C,D,0,NA,Y,NA,NA,Y,NA,I,12,0,0,1,0,0,0,1,0,0,-,-,NA,NA,LOS ANGELES,LOS ANGELES,-118.26338289,34.07763545
6923177,2015,2015-06-10,1942,2015-05-09,1710,40099,1177,6,5,7,1942,0,0,0,K,0,2TL14,N SAN FERNANDO RD,MCCLURE ST,12,E,N,A,-,N,NA,NA,NA,NA,NA,NA,NA,NA,NA,Y,2,0,3,3,A,-,08,22102,NA,F,D,E,A,A,H,-,A,D,0,NA,NA,NA,NA,Y,NA,-,99,1,1,1,0,0,0,0,0,0,-,-,NA,NA,LOS ANGELES,LOS ANGELES,-118.22586442,34.08744742
6923193,2015,2015-05-27,1942,2015-04-04,1520,33452,1136,6,5,7,1942,0,0,0,K,0,1TL24,BALTIMORE ST,AVENUE 49,0,NA,Y,A,-,N,NA,NA,NA,NA,NA,NA,NA,NA,NA,N,4,0,1,2,A,-,12,22450,NA,N,A,C,A,A,H,-,A,A,0,NA,NA,NA,NA,Y,NA,A,01,0,0,1,0,0,0,0,0,0,-,-,NA,NA,LOS ANGELES,LOS ANGELES,-118.20973004,34.11923002
6923197,2015,2016-03-03,1942,2015-05-09,1045,35814,0454,6,5,7,1942,0,0,0,D,0,1T11,4TH ST,BOYLE AV,0,NA,Y,B,-,N,NA,NA,NA,NA,NA,NA,NA,NA,NA,Y,4,0,1,3,A,-,03,22350,NA,F,C,C,A,A,H,-,A,D,0,NA,NA,Y,Y,Y,NA,-,99,0,0,1,0,0,0,0,0,1,-,-,NA,NA,LOS ANGELES,LOS ANGELES,-118.21964012,34.04306001
6923209,2015,2015-10-03,1942,2015-08-23,1320,36038,1303,7,5,7,1942,0,0,0,M,0,13A85,PICO BL,MAPLE,0,NA,Y,A,-,N,NA,NA,NA,NA,NA,NA,NA,NA,NA,N,4,0,1,2,A,-,09,21801,A,N,D,C,A,A,H,-,A,A,0,NA,NA,NA,NA,Y,NA,-,NA,0,0,1,0,0,0,0,0,0,-,-,NA,NA,LOS ANGELES,LOS ANGELES,-118.25726011,34.03455001
6923213,2015,2015-10-03,1942,2015-08-30,0745,40008,1325,7,5,7,1942,0,0,0,M,0,13TL55,S NAOMI AV,E ADAMS BL,0,NA,Y,A,-,N,NA,NA,NA,NA,NA,NA,NA,NA,NA,N,3,0,2,2,A,-,09,21802,A,N,D,C,A,A,H,-,A,A,0,NA,NA,NA,NA,Y,NA,A,01,0,1,1,0,0,0,0,0,0,-,-,NA,NA,LOS ANGELES,LOS ANGELES,-118.25249011,34.01765004
6923217,2015,2015-10-03,1942,2015-08-27,1610,34997,1333,4,5,7,1942,0,0,0,M,0,13X28,JEFFERSON AV,WADSWORTH AV,0,NA,Y,A,-,N,NA,NA,NA,NA,NA,NA,NA,NA,NA,Y,3,0,1,2,-,-,-,NA,NA,N,A,C,A,A,H,-,A,A,0,NA,NA,NA,NA,Y,NA,-,-,0,1,0,0,0,0,0,0,0,-,-,NA,NA,LOS ANGELES,LOS ANGELES,-118.25896003,34.01265004
6923221,2015,2015-10-03,1942,2015-08-10,1415,39123,NA,1,5,7,1942,0,0,0,NA,0,NA,MARTIN LUTHER KING JR BL,SAN PEDRO,0,NA,N,A,-,N,NA,NA,NA,NA,NA,NA,NA,NA,NA,N,3,0,1,2,A,-,08,22107,NA,N,D,G,A,A,-,-,A,A,0,NA,Y,NA,NA,Y,NA,-,NA,0,1,0,0,0,0,1,0,0,-,-,NA,NA,LOS ANGELES,LOS ANGELES,-118.26796003,34.01115
6923225,2015,2015-10-03,1942,2015-08-22,2005,38368,1353,6,5,7,1942,0,0,0,M,0,13A43,AVALON,VERNON AV,35,N,N,A,-,N,NA,NA,NA,NA,NA,NA,NA,NA,NA,N,4,0,1,2,A,-,03,22350,NA,F,C,C,A,A,H,-,C,A,0,NA,NA,NA,NA,Y,NA,-,99,0,0,1,0,0,0,0,0,0,-,-,NA,NA,LOS ANGELES,LOS ANGELES,-118.26527,34.00396599
6923229,2015,2015-10-03,1942,2015-08-31,1300,31152,1317,1,5,7,1942,0,0,0,M,0,11TL25,COMPTON AV,WASHINGTON BL,3,S,N,A,-,N,NA,NA,NA,NA,NA,NA,NA,NA,NA,N,4,0,1,2,A,-,05,21650,1,N,D,G,A,A,H,-,A,A,0,NA,Y,NA,NA,Y,NA,L,04,0,0,1,0,0,0,1,0,0,-,-,NA,NA,LOS ANGELES,LOS ANGELES,-118.24403039,34.02078178
6923230,2015,2015-10-03,1942,2015-08-15,2240,41675,1942,6,5,7,1942,0,0,0,NA,0,13A63,60TH ST,MAIN ST,0,NA,-,A,-,N,NA,NA,NA,NA,NA,NA,NA,NA,NA,N,3,0,1,2,A,-,09,21802,A,F,D,C,A,A,H,-,C,D,0,NA,Y,NA,NA,Y,NA,-,99,0,1,0,0,0,0,1,0,0,-,-,NA,NA,LOS ANGELES,LOS ANGELES,-118.27393001,33.98512008
6923234,2015,2015-10-03,1942,2015-08-15,0835,36188,1303,6,5,7,1942,0,0,0,M,0,13A85,OLYMPIC BL,CENTRAL AV,0,NA,-,A,-,N,NA,NA,NA,NA,NA,NA,NA,NA,NA,N,3,0,1,2,D,-,00,NA,NA,F,B,B,E,A,H,-,A,D,0,Y,NA,NA,NA,Y,NA,-,-,0,1,0,0,1,0,0,0,0,-,-,NA,NA,LOS ANGELES,LOS ANGELES,-118.24416007,34.03204008
6923237,2015,2015-10-03,1942,2015-08-25,1500,41766,1309,2,5,7,1942,0,0,0,M,0,13A43,ALAMEDA ST,WASHINGTON BL,0,NA,Y,A,-,N,NA,NA,NA,NA,NA,NA,NA,NA,NA,N,4,0,1,2,A,-,04,21703,NA,F,C,C,A,A,H,-,A,A,0,NA,NA,NA,NA,Y,Y,-,NA,0,0,1,0,0,0,0,0,0,-,-,NA,NA,LOS ANGELES,LOS ANGELES,-118.23954002,34.01997002
6923238,2015,2015-10-03,1942,2015-08-16,1355,41766,1353,7,5,7,1942,0,0,0,M,0,13A43,VERNON AV,CENTRAL AV,15,W,N,A,-,N,NA,NA,NA,NA,NA,NA,NA,NA,NA,N,4,0,1,2,A,-,04,21703,NA,N,C,C,A,A,H,-,A,A,0,NA,NA,NA,NA,Y,NA,-,NA,0,0,1,0,0,0,0,0,0,-,-,NA,NA,LOS ANGELES,LOS ANGELES,-118.25653939,34.00393
6923241,2015,2017-01-17,9530,2015-08-23,1950,21094,NA,7,2,7,1941,0,1,1,NA,2,420,RT 405,WALNUT AV,75,N,N,A,-,Y,LA,7,405,-,-,5.2,H,-,S,Y,3,0,1,1,A,-,08,22107,NA,N,E,I,A,A,H,-,C,D,1,NA,NA,Y,NA,Y,NA,C,02,0,1,0,0,0,0,0,0,1,-,-,33.8134,-118.168,LOS ANGELES,LONG BEACH,-118.17311345,33.81419975
6923243,2015,2015-10-10,9550,2015-08-10,2240,17398,NA,1,3,9,1900,0,3,5,NA,2,001,AEOLIAN ST,VANPORT AV,75,W,N,A,-,N,NA,NA,NA,NA,NA,NA,NA,NA,NA,Y,3,0,1,3,A,-,01,23152,F,N,A,E,A,A,H,-,D,D,0,NA,NA,NA,NA,Y,NA,A,01,0,1,0,0,0,0,0,0,0,-,-,33.57587,-118.04196,LOS ANGELES,UNINCORPORATED,-118.07208627,33.96629368
6923244,2015,2015-10-03,9550,2015-07-16,0803,21033,NA,4,1,9,1900,0,2,4,NA,1,023,MULBERRY DR,PAINTER AV,5,W,N,A,-,N,NA,NA,NA,NA,NA,NA,NA,NA,NA,N,4,0,1,2,A,-,09,21453,B,F,H,G,A,A,H,-,A,D,0,NA,Y,NA,NA,Y,NA,-,99,0,0,1,0,0,0,1,0,0,-,-,33.9534,-118.0429,LOS ANGELES,UNINCORPORATED,-118.04283273,33.95340868
6923245,2015,2015-10-19,9530,2015-08-20,1900,21016,NA,4,2,9,1900,0,3,5,NA,2,002,SAN PEDRO ST,135TH ST,0,NA,Y,A,-,N,NA,NA,NA,NA,NA,NA,NA,NA,NA,Y,4,0,1,2,A,-,12,21453,A,N,D,C,A,A,H,-,A,A,0,NA,NA,NA,NA,Y,NA,A,01,0,0,1,0,0,0,0,0,0,-,-,33.90936,-118.2697,LOS ANGELES,UNINCORPORATED,-118.26967013,33.90916001
6923247,2015,2017-01-12,9550,2015-08-11,0635,18412,NA,2,1,5,1919,0,1,3,NA,2,091,RT 91,STUDEBAKER RD,150,W,N,B,-,Y,LA,7,91,-,R,16.99,H,-,W,Y,4,0,1,3,A,-,08,22107,NA,N,B,C,A,A,H,-,A,D,1,NA,NA,NA,NA,Y,NA,A,01,0,0,1,0,0,0,0,0,0,-,-,33.87658,-118.10457,LOS ANGELES,CERRITOS,-118.1017225,33.87637872
6923250,2015,2017-01-23,9550,2015-08-08,1930,17511,NA,6,2,9,1900,0,1,3,NA,2,601,RT 60,BARFORD AV,300,E,N,A,-,Y,LA,7,60,-,-,16.6,H,-,E,Y,4,0,3,2,A,-,03,22350,NA,N,C,C,A,A,H,-,A,D,1,NA,NA,NA,NA,Y,NA,A,01,0,0,3,0,0,0,0,0,0,-,-,34.00364,-117.95392,LOS ANGELES,UNINCORPORATED,-117.95373451,34.00353372
6923251,2015,2017-01-14,9550,2015-08-10,2131,21102,NA,1,2,9,1900,0,1,1,NA,2,652,RT 605,ALONDRA BL,500,S,N,A,-,Y,LA,7,605,-,R,5.72,H,-,S,Y,3,0,1,2,A,-,08,22107,NA,N,B,C,A,A,H,-,D,D,1,NA,NA,NA,NA,Y,NA,A,01,0,1,0,0,0,0,0,0,0,-,-,33.88612,-118.10471,LOS ANGELES,UNINCORPORATED,-118.10451539,33.88598546
6923252,2015,2017-01-26,9550,2015-07-16,1430,21054,NA,4,2,7,1941,0,1,3,NA,2,090,RT 91,ATLANTIC AV,1000,E,N,A,-,Y,LA,7,91,-,R,12.39,H,-,S,Y,3,0,2,1,A,-,08,22107,NA,N,E,I,A,A,H,-,A,D,0,NA,NA,NA,NA,Y,NA,A,01,0,2,0,0,0,0,0,0,0,-,-,33.87695,-118.17928,LOS ANGELES,LONG BEACH,-118.17928,33.87695
6923254,2015,2017-01-23,9550,2015-08-09,0322,20755,NA,7,3,5,1919,0,1,1,NA,2,652,RT 605,RT 91,300,N,N,A,-,Y,LA,7,91,-,R,17.004,R,2,W,Y,3,0,1,1,A,-,03,22350,NA,N,E,I,A,A,H,-,D,D,1,NA,NA,NA,NA,Y,NA,A,01,0,1,0,0,0,0,0,0,0,-,-,33.87778,-118.1023,LOS ANGELES,CERRITOS,-118.10146005,33.87638006