CASE_ID,ACCIDENT_YEAR,PROC_DATE,JURIS,COLLISION_DATE,COLLISION_TIME,OFFICER_ID,REPORTING_DISTRICT,DAY_OF_WEEK,CHP_SHIFT,POPULATION,CNTY_CITY_LOC,SPECIAL_COND,BEAT_TYPE,CHP_BEAT_TYPE,CITY_DIVISION_LAPD,CHP_BEAT_CLASS,BEAT_NUMBER,PRIMARY_RD,SECONDARY_RD,DISTANCE,DIRECTION,INTERSECTION,WEATHER_1,WEATHER_2,STATE_HWY_IND,CALTRANS_COUNTY,CALTRANS_DISTRICT,STATE_ROUTE,ROUTE_SUFFIX,POSTMILE_PREFIX,POSTMILE,LOCATION_TYPE,RAMP_INTERSECTION,SIDE_OF_HWY,TOW_AWAY,COLLISION_SEVERITY,NUMBER_KILLED,NUMBER_INJURED,PARTY_COUNT,PRIMARY_COLL_FACTOR,PCF_CODE_OF_VIOL,PCF_VIOL_CATEGORY,PCF_VIOLATION,PCF_VIOL_SUBSECTION,HIT_AND_RUN,TYPE_OF_COLLISION,MVIW,PED_ACTION,ROAD_SURFACE,ROAD_COND_1,ROAD_COND_2,LIGHTING,CONTROL_DEVICE,CHP_ROAD_TYPE,PEDESTRIAN_ACCIDENT,BICYCLE_ACCIDENT,MOTORCYCLE_ACCIDENT,TRUCK_ACCIDENT,NOT_PRIVATE_PROPERTY,ALCOHOL_INVOLVED,STWD_VEHTYPE_AT_FAULT,CHP_VEHTYPE_AT_FAULT,COUNT_SEVERE_INJ,COUNT_VISIBLE_INJ,COUNT_COMPLAINT_PAIN,COUNT_PED_KILLED,COUNT_PED_INJURED,COUNT_BICYCLIST_KILLED,COUNT_BICYCLIST_INJURED,COUNT_MC_KILLED,COUNT_MC_INJURED,PRIMARY_RAMP,SECONDARY_RAMP,LATITUDE,LONGITUDE,COUNTY,CITY,POINT_X,POINT_Y
6924278,2015,2016-09-28,9525,2015-02-28,0025,20572,NA,6,3,4,1905,0,1,1,NA,2,205,RT 210,CITRUS AV,5280,E,N,A,-,Y,LA,7,210,-,R,41.63,H,-,W,Y,3,0,1,2,A,-,01,23152,A,M,C,C,A,A,H,-,C,D,1,NA,NA,NA,NA,Y,Y,A,01,0,1,0,0,0,0,0,0,0,-,-,34.12098,-117.88423,LOS ANGELES,AZUSA,-117.87226497,34.12070448
6924283,2015,2016-10-10,9525,2015-03-04,1715,16679,NA,3,2,5,1906,0,1,1,NA,2,103,RT 10,BALDWIN PARK BL,200,W,N,A,-,Y,LA,7,10,-,-,32.18,H,-,W,N,4,0,1,2,A,-,03,22350,NA,N,C,C,A,A,H,-,A,D,1,NA,NA,NA,NA,Y,NA,A,01,0,0,1,0,0,0,0,0,0,-,-,34.421,-117.592,LOS ANGELES,BALDWIN PARK,-117.98239939,34.06752913
6924285,2015,2016-11-05,9575,2015-05-02,1720,020681,NA,6,2,5,1902,0,1,1,NA,2,065,RT 210,BALDWIN AV,500,E,N,A,-,Y,LA,7,210,-,R,31,H,-,W,Y,4,0,1,2,A,-,03,22350,NA,N,C,C,A,A,H,-,A,D,1,NA,NA,NA,NA,Y,NA,A,01,0,0,1,0,0,0,0,0,0,-,-,34.1492,-118.04613,LOS ANGELES,ARCADIA,-118.04720688,34.14902203
6924287,2015,2016-10-17,9525,2015-03-02,1530,20505,NA,1,2,5,1990,0,1,3,NA,2,574,RT 57,RT 60,2640,S,N,B,-,Y,LA,7,57,-,R,4.02,H,-,N,N,4,0,2,2,A,-,03,22350,NA,N,C,C,A,A,H,-,A,D,1,NA,NA,NA,NA,Y,NA,D,22,0,0,2,0,0,0,0,0,0,-,-,33.99949,-117.83689,LOS ANGELES,DIAMOND BAR,-117.83985559,33.99654584
6924295,2015,2016-10-10,9525,2015-03-03,1330,14971,NA,2,1,6,1975,0,1,1,NA,2,104,RT 10,VINCENT AV,2112,W,N,A,-,Y,LA,7,10,-,-,34.99,H,-,E,N,4,0,1,3,A,-,03,22350,NA,N,C,C,A,A,D,-,A,D,1,NA,NA,NA,NA,Y,NA,D,22,0,0,1,0,0,0,0,0,0,-,-,34.07232,-117.93359,LOS ANGELES,WEST COVINA,-117.93391344,34.07229973
6924296,2015,2016-10-10,9525,2015-03-06,0617,18992,NA,5,1,6,1975,0,1,1,NA,2,105,RT 10,VINCENT AV,750,E,N,A,-,Y,LA,7,10,-,-,35.55,H,-,W,Y,4,0,1,3,A,-,08,22107,NA,M,B,C,A,A,H,-,A,D,1,NA,NA,Y,Y,Y,NA,C,02,0,0,1,0,0,0,0,0,1,-,-,34.06586,-117.97025,LOS ANGELES,WEST COVINA,-117.92412493,34.07238483
6924297,2015,2016-11-15,9575,2015-04-15,0935,21006,NA,3,1,6,1953,0,1,3,NA,2,040,RT 134,ORANGE GROVE,351,E,N,A,-,Y,LA,7,134,-,R,12.97,H,-,E,Y,4,0,1,2,A,-,08,22107,NA,N,C,C,A,A,H,-,A,D,1,NA,NA,NA,NA,Y,NA,A,01,0,0,1,0,0,0,0,0,0,-,-,34.14673,-118.16059,LOS ANGELES,PASADENA,-118.15843245,34.14799255
6924300,2015,2016-09-23,9525,2015-03-06,1459,19632,NA,5,2,5,1990,0,1,3,NA,2,614,RT 60,GRAND AV,20,E,N,A,-,Y,LA,7,60,-,R,24.45,H,-,E,Y,4,0,1,4,A,-,07,21658,A,N,B,C,A,A,H,-,A,D,1,NA,NA,NA,NA,Y,NA,A,01,0,0,1,0,0,0,0,0,0,-,-,34.01032,-117.82281,LOS ANGELES,DIAMOND BAR,-117.82331109,34.01000208
6924306,2015,2016-10-05,9525,2015-02-27,2305,20632,NA,5,3,4,1913,0,1,1,NA,2,209,RT 210,BASELINE RD,5,E,N,B,C,Y,LA,7,210,-,R,51.94,H,-,W,Y,3,0,5,2,A,-,03,22350,NA,N,D,C,A,B,H,-,D,D,1,NA,NA,NA,NA,Y,NA,A,01,0,1,4,0,0,0,0,0,0,-,-,34.12096,-117.69802,LOS ANGELES,CLAREMONT,-117.69536066,34.12250592
6924307,2015,2016-10-17,9525,2015-03-03,1700,16677,NA,2,2,5,1990,0,1,3,NA,2,574,RT 57,PATHFINDER RD,500,S,N,A,-,Y,LA,7,57,-,R,0.308,H,-,N,Y,3,0,1,2,A,-,03,22350,NA,N,C,C,A,A,H,-,A,D,1,NA,NA,NA,NA,Y,NA,A,01,0,1,0,0,0,0,0,0,0,-,-,33.98246,-117.84205,LOS ANGELES,DIAMOND BAR,-117.86526946,33.94966502
6924311,2015,2016-10-17,9525,2015-03-03,1725,20907,NA,2,2,5,1990,0,1,3,NA,2,584,RT 57,RT 60,200,S,N,A,-,Y,LA,7,57,-,R,4.387,R,1,N,N,4,0,3,2,A,-,03,22350,NA,N,C,C,A,A,H,-,B,D,1,NA,NA,NA,NA,Y,NA,D,22,0,0,3,0,0,0,0,0,0,TO,-,34.00061,-117.83584,LOS ANGELES,DIAMOND BAR,-117.83580378,34.00044288
6924318,2015,2016-12-13,9575,2015-05-01,1445,15935,NA,5,2,6,1953,0,1,1,NA,2,063,RT 210,LINCOLN AV,100,W,N,A,-,Y,LA,7,210,-,R,24.588,R,1,E,Y,4,0,1,2,A,-,03,22350,NA,N,C,C,A,A,H,-,A,D,6,NA,NA,NA,Y,Y,NA,A,08,0,0,1,0,0,0,0,0,0,-,-,34.15507,-118.1577,LOS ANGELES,PASADENA,-118.15752412,34.1548017
6924323,2015,2016-11-05,9575,2015-04-10,1610,17589,NA,5,2,6,1925,0,1,1,NA,2,050,RT 5,WESTERN AV,100,N,N,A,-,Y,LA,7,5,-,-,27.713,R,1,S,N,4,0,1,2,A,-,03,22350,NA,N,C,C,A,A,H,-,A,D,1,NA,NA,NA,NA,Y,NA,D,22,0,0,1,0,0,0,0,0,0,FR,-,34.16436,-118.29665,LOS ANGELES,GLENDALE,-118.29495606,34.16325106
6924352,2015,2016-12-14,9575,2015-05-02,1709,20182,NA,6,2,7,1942,0,1,1,NA,2,052,RT 5,PEORIA ST,200,N,N,A,-,Y,LA,7,5,-,-,35.39,H,-,S,Y,4,0,1,2,A,-,03,22350,NA,N,C,C,A,A,H,-,A,D,1,NA,NA,NA,NA,Y,NA,D,22,0,0,1,0,0,0,0,0,0,-,-,34.22972,-118.3949,LOS ANGELES,LOS ANGELES,-118.39405032,34.22925772
6924360,2015,2016-12-17,9575,2015-04-27,1048,20030,NA,1,1,6,1912,0,1,1,NA,2,051,RT 5,SAN FERNANDO BL,700,N,N,A,-,Y,LA,7,5,-,-,30.66,H,-,N,Y,3,0,1,2,A,-,07,21658,A,N,B,C,A,A,H,-,A,D,1,NA,NA,NA,Y,Y,NA,F,25,0,1,0,0,0,0,0,0,0,-,-,34.19361,-118.32963,LOS ANGELES,BURBANK,-118.32966759,34.19369125
6924376,2015,2016-12-13,9575,2015-04-19,0120,20784,NA,7,3,7,1942,0,1,1,NA,2,052,RT 5,HOLLYWOOD WY,100,N,N,A,-,Y,LA,7,5,-,-,32.4,H,-,N,Y,4,0,5,2,A,-,01,23152,A,N,C,C,A,A,H,-,C,D,1,NA,NA,NA,NA,Y,Y,A,08,0,0,5,0,0,0,0,0,0,-,-,34.21258,-118.34873,LOS ANGELES,LOS ANGELES,-118.34895503,34.21267718
6924384,2015,2016-11-03,9575,2015-04-16,1200,17589,NA,4,1,7,1942,0,1,1,NA,2,050,RT 5,ZOO DR,150,S,N,A,-,Y,LA,7,5,-,-,26.44,H,-,S,Y,4,0,1,3,A,-,08,22107,NA,N,B,C,A,A,H,-,A,D,1,NA,NA,NA,Y,Y,NA,A,01,0,0,1,0,0,0,0,0,0,-,-,34.1501,-118.28045,LOS ANGELES,LOS ANGELES,-118.28048492,34.15001531
6924400,2015,2016-12-13,9575,2015-04-04,0025,20039,NA,6,3,6,1953,0,1,1,NA,2,063,RT 210,BERKSHIRE PL,700,E,N,A,-,Y,LA,7,210,-,R,21.69,H,-,W,Y,4,0,1,2,D,-,00,NA,NA,N,B,C,A,A,H,-,D,D,1,NA,NA,NA,Y,Y,NA,-,-,0,0,1,0,0,0,0,0,0,-,-,34.18562,-118.17764,LOS ANGELES,PASADENA,-118.17988443,34.18797349
6924526,2015,2015-08-27,9525,2015-02-28,1604,20907,NA,6,2,9,1900,0,3,5,NA,2,003,AZUSA AV,TEMPLE AV,300,N,N,B,-,N,NA,NA,NA,NA,NA,NA,NA,NA,NA,N,4,0,1,2,A,-,03,22350,NA,N,C,C,A,A,H,-,A,D,0,NA,NA,NA,NA,Y,NA,A,01,0,0,1,0,0,0,0,0,0,-,-,34.02566,-117.91739,LOS ANGELES,UNINCORPORATED,-117.91738788,34.02546031
6924532,2015,2016-04-13,9525,2015-03-03,1740,19291,NA,2,2,9,1900,0,3,5,NA,2,004,DON JULIAN RD,5TH AV,0,NA,Y,A,-,N,NA,NA,NA,NA,NA,NA,NA,NA,NA,Y,4,0,1,2,A,-,09,21802,A,N,D,C,A,A,H,-,B,D,0,NA,NA,NA,NA,Y,NA,A,01,0,0,1,0,0,0,0,0,0,-,-,34.03396,-117.98745,LOS ANGELES,UNINCORPORATED,-117.98758005,34.03389009
6924541,2015,2015-08-26,1955,2015-02-24,0742,30354,46,2,5,6,1955,0,0,0,NA,0,001,MURCHISON AV,ESTEL DR,100,E,N,A,-,N,NA,NA,NA,NA,NA,NA,NA,NA,NA,Y,4,0,1,2,A,-,08,22107,NA,N,B,E,A,A,-,-,A,A,0,NA,NA,NA,NA,Y,NA,A,08,0,0,1,0,0,0,0,0,0,-,-,NA,NA,LOS ANGELES,POMONA,-117.770252,34.071604
6924547,2015,2016-10-10,9525,2015-03-07,0400,20552,NA,6,3,5,1906,0,1,1,NA,2,103,RT 10,ATHOL ST,1584,W,N,A,-,Y,LA,7,10,-,-,31.304,R,2,W,Y,4,0,1,1,A,-,03,22350,NA,N,E,I,A,A,H,-,C,D,1,NA,NA,NA,NA,Y,NA,A,01,0,0,1,0,0,0,0,0,0,TO,-,34.06582,-117.99856,LOS ANGELES,BALDWIN PARK,-117.99752246,34.06547829
6924592,2015,2016-11-07,1900,2015-05-15,1615,482957,0531,5,5,5,1959,0,0,0,NA,0,53T1,RT 164,MARSHALL ST,0,NA,Y,A,-,Y,LA,7,164,-,-,5.861,I,5,N,Y,4,0,1,3,A,-,07,21658,A,N,C,A,A,A,H,-,A,B,0,NA,NA,NA,NA,Y,NA,A,01,0,0,1,0,0,0,0,0,0,-,-,NA,NA,LOS ANGELES,ROSEMEAD,-118.07301324,34.07575438
6924771,2015,2015-06-17,1928,2015-05-21,1319,376,501,4,5,5,1928,0,0,0,NA,0,0H1,EL SEGUNDO BL,HAWTHORNE BL,0,NA,Y,A,-,N,NA,NA,NA,NA,NA,NA,NA,NA,NA,Y,3,0,2,2,A,-,09,21801,A,N,A,C,A,A,H,-,A,A,0,NA,NA,NA,NA,Y,NA,A,01,0,1,1,0,0,0,0,0,0,-,-,NA,NA,LOS ANGELES,HAWTHORNE,-118.35270009,33.91642002
6924775,2015,2016-06-01,1928,2015-05-15,1504,376,509,5,5,5,1928,0,0,0,NA,0,0H2,PRAIRIE AV,EL SEGUNDO BL,182,N,N,A,-,N,NA,NA,NA,NA,NA,NA,NA,NA,NA,N,4,0,1,3,D,-,00,NA,NA,N,C,E,A,A,H,-,A,D,0,NA,NA,NA,NA,Y,NA,-,-,0,0,1,0,0,0,0,0,0,-,-,NA,NA,LOS ANGELES,HAWTHORNE,-118.34388713,33.91690914
6924779,2015,2015-06-17,1928,2015-05-15,1215,376,529,5,5,5,1928,0,0,0,NA,0,0H2,CRENSHAW BL,EL SEGUNDO BL,0,NA,Y,B,-,N,NA,NA,NA,NA,NA,NA,NA,NA,NA,Y,4,0,1,3,A,-,09,21801,A,N,D,C,A,A,A,-,A,A,0,NA,NA,NA,Y,Y,NA,F,86,0,0,1,0,0,0,0,0,0,-,-,NA,NA,LOS ANGELES,HAWTHORNE,-118.32660012,33.91644005
6924797,2015,2015-10-19,1900,2015-05-17,1345,522640,NA,7,5,5,1959,0,0,0,NA,0,NA,VALLEY BL,IVAR AV,0,NA,N,A,-,N,NA,NA,NA,NA,NA,NA,NA,NA,NA,Y,4,0,1,2,A,-,03,22350,NA,N,C,C,A,A,H,-,A,A,0,NA,NA,NA,NA,Y,NA,D,22,0,0,1,0,0,0,0,0,0,-,-,NA,NA,LOS ANGELES,ROSEMEAD,-118.07546001,34.08076011
6924818,2015,2015-06-03,1909,2015-05-26,1149,497,NA,2,5,4,1909,0,0,0,NA,0,NORTH,FLORENCE AV,EASTERN AV,45,E,N,A,-,N,NA,NA,NA,NA,NA,NA,NA,NA,NA,Y,4,0,1,2,A,-,04,21703,NA,N,C,C,A,A,H,-,A,A,0,NA,NA,NA,NA,Y,NA,-,NA,0,0,1,0,0,0,0,0,0,-,-,NA,NA,LOS ANGELES,BELL GARDENS,-118.16472579,33.96780781
6924826,2015,2016-11-07,1900,2015-05-15,1800,522953,0530,5,5,5,1959,0,0,0,NA,0,52T1PM,RT 164,MISSION DR,236,N,N,A,-,Y,LA,7,164,-,-,6.49,H,-,N,N,4,0,1,2,A,-,04,21703,NA,N,C,C,A,A,H,-,A,D,0,NA,NA,Y,NA,Y,NA,A,01,0,0,1,0,0,0,0,0,1,-,-,NA,NA,LOS ANGELES,ROSEMEAD,-118.07323605,34.08478563
6924830,2015,2015-06-03,1900,2015-05-16,1005,512429,0523,6,5,4,1971,0,0,0,NA,0,52T1AM,TEMPLE CITY BL,LAS TUNAS DR,0,NA,Y,B,-,N,NA,NA,NA,NA,NA,NA,NA,NA,NA,Y,4,0,3,4,A,-,09,21801,A,N,D,C,A,A,H,-,A,A,0,NA,NA,NA,NA,Y,NA,A,01,0,0,3,0,0,0,0,0,0,-,-,NA,NA,LOS ANGELES,TEMPLE CITY,-118.06091006,34.10668003
6924834,2015,2015-06-03,1900,2015-05-13,1015,526292,0532,3,5,5,1959,0,0,0,NA,0,53T1AM,BRIGHTON ST,HELLMAN AV,60,N,N,A,-,N,NA,NA,NA,NA,NA,NA,NA,NA,NA,N,4,0,1,2,D,-,00,NA,NA,N,D,C,A,A,H,-,A,D,0,NA,NA,NA,NA,Y,NA,-,-,0,0,1,0,0,0,0,0,0,-,-,NA,NA,LOS ANGELES,ROSEMEAD,-118.09810104,34.07003452
6924838,2015,2016-06-02,1900,2015-05-13,1858,522953,0522,3,5,4,1971,0,0,0,NA,0,52T1PM,BROADWAY,RT 164,0,NA,Y,A,-,N,NA,NA,NA,NA,NA,NA,NA,NA,NA,Y,4,0,1,2,D,-,00,NA,NA,N,D,C,A,A,H,-,B,A,0,NA,NA,NA,NA,Y,NA,-,-,0,0,1,0,0,0,0,0,0,-,-,NA,NA,LOS ANGELES,TEMPLE CITY,-118.073488,34.099014
6924858,2015,2015-06-03,1902,2015-05-22,1845,659,7,5,5,5,1902,0,0,0,NA,0,001,BALDWIN AV,ORANGE GROVE AV,0,NA,Y,B,-,N,NA,NA,NA,NA,NA,NA,NA,NA,NA,Y,3,0,1,3,A,-,09,21800,C,N,D,C,A,A,H,-,A,A,0,NA,NA,NA,NA,Y,Y,-,NA,0,1,0,0,0,0,0,0,0,-,-,NA,NA,LOS ANGELES,ARCADIA,-118.05312005,34.15706
6924866,2015,2015-06-03,1902,2015-05-20,2135,432,15,3,5,5,1902,0,0,0,NA,0,002,HUNTINGTON DR,CENTENNIAL WY,8,N,N,A,-,N,NA,NA,NA,NA,NA,NA,NA,NA,NA,N,2,0,1,2,A,-,09,21804,A,N,D,G,A,A,H,-,C,D,0,NA,Y,NA,NA,Y,NA,L,04,1,0,0,0,0,0,1,0,0,-,-,NA,NA,LOS ANGELES,ARCADIA,-118.039382,34.135612
6924881,2015,2016-10-10,9525,2015-03-09,1645,19966,NA,1,2,6,1975,0,1,1,NA,2,106,RT 10,HOLT AV,1000,E,N,A,-,Y,LA,7,10,-,-,39.2,H,-,E,N,4,0,1,2,A,-,03,22350,NA,N,C,C,A,A,H,-,A,D,1,NA,NA,NA,NA,Y,NA,A,01,0,0,1,0,0,0,0,0,0,-,-,34.06801,-117.86101,LOS ANGELES,WEST COVINA,-117.86127588,34.06854066
6924882,2015,2016-10-26,9575,2015-03-30,0750,20119,NA,1,1,6,1912,0,1,3,NA,2,444,RT 134,HOLLYWOOD WY,1056,E,N,A,-,Y,LA,7,134,-,-,2.31,H,-,E,Y,2,0,1,1,A,-,03,22350,NA,N,F,A,A,A,H,-,A,D,1,NA,NA,Y,NA,Y,NA,C,02,1,0,0,0,0,0,0,0,1,-,-,34.15279,-118.3297,LOS ANGELES,BURBANK,-118.33644585,34.1528452
6924885,2015,2015-06-03,9525,2015-03-09,1425,18761,NA,1,2,9,1900,0,2,4,NA,2,045,VALLEY BL,BASSETDALE AV,0,NA,Y,A,-,N,NA,NA,NA,NA,NA,NA,NA,NA,NA,N,4,0,1,2,A,-,09,21801,A,N,D,C,A,A,H,-,A,D,0,NA,NA,NA,NA,Y,NA,A,01,0,0,1,0,0,0,0,0,0,-,-,34.04965,-117.996,LOS ANGELES,UNINCORPORATED,-117.99671005,34.04964007
6924886,2015,2016-09-08,9525,2015-03-21,0933,18364,NA,6,1,6,1955,0,1,3,NA,2,072,RT 71,RIO RANCHO RD,1500,S,N,A,-,Y,LA,7,71,-,R,3.96,H,-,N,Y,3,0,1,2,A,-,03,22350,NA,N,C,C,A,A,H,-,A,D,1,NA,NA,NA,NA,Y,NA,A,01,0,1,0,0,0,0,0,0,0,-,-,34.02795,-117.75383,LOS ANGELES,POMONA,-117.75412899,34.02811892
6924889,2015,2016-09-23,9525,2015-03-06,1713,19632,NA,5,2,5,1990,0,1,3,NA,2,601,RT 60,GRAND AV,50,W,N,A,-,Y,LA,7,60,-,R,24.44,H,-,W,Y,4,0,1,3,A,-,03,22350,NA,N,C,C,A,A,H,-,A,D,1,NA,NA,NA,NA,Y,NA,A,01,0,0,1,0,0,0,0,0,0,-,-,34.00969,-117.82436,LOS ANGELES,DIAMOND BAR,-117.82351213,34.01016607
6924890,2015,2016-10-10,9525,2015-03-01,1440,20408,NA,7,2,5,1906,0,1,1,NA,2,103,RT 10,FRAZIER ST,500,E,N,B,-,Y,LA,7,10,-,-,31.87,H,-,W,Y,2,0,2,3,A,-,03,22350,NA,N,C,C,A,A,H,-,A,D,1,NA,NA,NA,NA,Y,NA,A,01,1,0,1,0,0,0,0,0,0,-,-,34.06705,-117.98757,LOS ANGELES,BALDWIN PARK,-117.9877529,34.06681713
6924893,2015,2015-06-03,9525,2015-03-08,1800,19491,NA,7,2,9,1900,0,3,5,NA,2,005,GLENDORA RIDGE RD,EAST FORK RD,5280,N,N,A,-,N,NA,NA,NA,NA,NA,NA,NA,NA,NA,Y,4,0,1,1,A,-,03,22350,NA,N,F,I,A,A,H,-,A,D,0,NA,NA,Y,NA,Y,NA,C,02,0,0,1,0,0,0,0,0,1,-,-,34.23962,-117.76309,LOS ANGELES,UNINCORPORATED,NA,NA
6924894,2015,2016-10-26,9575,2015-03-29,0313,20536,NA,7,3,6,1912,0,1,3,NA,2,044,RT 134,LEDGE AV,300,E,N,A,-,Y,LA,7,134,-,-,1.17,H,-,W,Y,3,0,3,4,A,-,03,22350,NA,N,C,C,A,A,H,-,D,D,1,NA,NA,NA,NA,Y,NA,A,01,0,2,1,0,0,0,0,0,0,-,-,34.15307,-118.35612,LOS ANGELES,BURBANK,-118.35620811,34.15307557
6924897,2015,2016-10-05,9525,2015-03-07,0004,020499,NA,6,3,4,1913,0,1,1,NA,2,209,RT 210,BASELINE RD,960,E,N,A,-,Y,LA,7,210,-,R,52.11,H,-,W,Y,3,0,1,1,A,-,01,23152,A,N,E,I,A,A,H,-,D,D,1,NA,NA,NA,NA,Y,Y,A,01,0,1,0,0,0,0,0,0,0,-,-,34.12088,-117.73651,LOS ANGELES,CLAREMONT,-117.69289914,34.12427932
6924898,2015,2016-09-22,9575,2015-03-26,1500,21006,NA,4,2,6,1953,0,1,1,NA,2,064,RT 210,EL MOLINO AV,200,W,N,A,-,Y,LA,7,210,-,R,20.03,H,-,W,N,4,0,2,2,A,-,07,21658,A,N,B,C,A,A,H,-,A,D,1,NA,NA,NA,NA,Y,NA,A,01,0,0,2,0,0,0,0,0,0,-,-,34.15214,-118.13974,LOS ANGELES,PASADENA,-118.197794,34.20595927
6924900,2015,2015-06-05,1909,2015-04-26,0213,507,NA,7,5,4,1909,0,0,0,NA,0,NORTH,GAGE AV,EASTERN AV,0,NA,Y,A,-,N,NA,NA,NA,NA,NA,NA,NA,NA,NA,Y,2,0,3,2,A,-,01,23153,A,N,A,C,A,A,H,-,C,A,0,NA,NA,NA,NA,Y,Y,A,01,2,0,1,0,0,0,0,0,0,-,-,NA,NA,LOS ANGELES,BELL GARDENS,-118.16376005,33.97550007
6924901,2015,2015-06-03,9525,2015-03-08,1715,20408,NA,7,2,9,1900,0,3,5,NA,2,005,MOUNT BALDY RD,SHINN RD,0,NA,Y,A,-,N,NA,NA,NA,NA,NA,NA,NA,NA,NA,Y,3,0,2,2,A,-,09,21801,A,N,D,C,A,A,H,-,A,D,0,NA,NA,Y,NA,Y,NA,A,01,0,1,1,0,0,0,0,0,2,-,-,34.17497,-117.67676,LOS ANGELES,UNINCORPORATED,-117.67657002,34.17513002
6924902,2015,2016-09-23,9525,2015-03-02,0340,20346,NA,1,3,6,1955,0,1,3,NA,2,615,RT 60,RESERVOIR ST,300,W,N,C,-,Y,LA,7,60,-,R,30.12,H,-,W,Y,4,0,1,1,A,-,03,22350,NA,N,E,I,A,B,H,-,D,D,1,NA,NA,NA,NA,Y,NA,A,07,0,0,1,0,0,0,0,0,0,-,-,34.02508,-117.73531,LOS ANGELES,POMONA,-117.73535237,34.02505874
6924905,2015,2016-09-23,9525,2015-03-08,1630,20843,NA,7,2,5,1990,0,1,3,NA,2,603,RT 60,GRAND AV,1500,E,N,A,-,Y,LA,7,60,-,R,24.84,H,-,W,Y,4,0,1,3,A,-,03,22350,NA,N,C,C,A,A,H,-,A,D,1,NA,NA,NA,NA,Y,NA,A,01,0,0,1,0,0,0,0,0,0,-,-,34.01479,-117.81935,LOS ANGELES,DIAMOND BAR,-117.81925712,34.01466335
6924906,2015,2015-06-03,9525,2015-03-02,1320,18164,NA,1,1,9,1900,0,3,5,NA,2,001,WYLAND WY,PECK RD,60,W,N,B,-,N,NA,NA,NA,NA,NA,NA,NA,NA,NA,N,4,0,1,3,A,-,11,21954,A,F,G,B,D,A,H,-,A,D,0,Y,NA,NA,NA,Y,NA,N,60,0,0,1,0,1,0,0,0,0,-,-,34.11849,-118.00436,LOS ANGELES,UNINCORPORATED,-118.00404775,34.1185533
6924909,2015,2016-10-10,9525,2015-03-10,1820,18357,NA,2,2,6,1975,0,1,1,NA,2,104,RT 10,WEST COVINA PKWY,1056,W,N,A,-,Y,LA,7,10,-,-,34.26,H,-,E,N,3,0,1,2,A,-,07,21658,A,F,C,C,A,A,H,-,B,D,1,NA,NA,Y,NA,Y,NA,A,01,0,1,0,0,0,0,0,0,1,-,-,34.41737,-117.56563,LOS ANGELES,WEST COVINA,-117.94662129,34.07168979
6924913,2015,2016-10-06,9525,2015-03-13,0520,14637,NA,5,3,5,1926,0,1,1,NA,2,205,RT 210,SUNFLOWER AV,100,W,N,A,-,Y,LA,7,210,-,R,43.14,H,-,W,Y,4,0,1,1,A,-,08,22107,NA,N,E,I,A,A,H,-,A,D,1,NA,NA,NA,NA,Y,NA,A,01,0,0,1,0,0,0,0,0,0,-,-,34.11772,-117.84749,LOS ANGELES,GLENDORA,-117.84699264,34.11768617
6924914,2015,2016-10-06,9525,2015-03-03,2045,20869,NA,2,2,1,1934,0,1,1,NA,2,652,RT 605,LOWER AZUSA RD,2112,S,N,A,-,Y,LA,7,605,-,-,21.75,H,-,N,Y,3,0,2,2,A,-,01,23152,A,N,A,C,A,A,H,-,D,D,1,NA,NA,NA,NA,Y,Y,A,01,0,1,1,0,0,0,0,0,0,-,-,34.08889,-117.99423,LOS ANGELES,IRWINDALE,-117.99538465,34.08717093
6924917,2015,2016-04-13,9525,2015-03-11,1517,19291,NA,3,2,9,1900,0,3,5,NA,2,003,HAMBLEDON AV,GEMINI ST,0,NA,Y,A,-,N,NA,NA,NA,NA,NA,NA,NA,NA,NA,N,3,0,1,2,A,-,05,21202,A,N,H,G,A,A,H,-,A,A,0,NA,Y,NA,NA,Y,Y,L,04,0,1,0,0,0,0,1,0,0,-,-,34.0171,-117.9144,LOS ANGELES,UNINCORPORATED,-117.91441006,34.01704003
6924918,2015,2016-10-10,9525,2015-03-05,2015,15988,NA,4,2,9,1900,0,1,1,NA,2,105,RT 10,VIA VERDE AV,167,W,N,A,-,Y,LA,7,10,-,-,40.43,H,-,W,Y,4,0,2,1,A,-,08,22107,NA,N,E,I,A,A,H,-,D,D,1,NA,NA,NA,NA,Y,NA,A,01,0,0,2,0,0,0,0,0,0,-,-,34.06891,-117.84009,LOS ANGELES,UNINCORPORATED,-117.8401616,34.06899373
6924921,2015,2015-06-03,9525,2015-03-10,1520,18357,NA,2,2,9,1900,0,3,5,NA,2,003,AMAR RD,ECHELON AV,420,E,N,A,-,N,NA,NA,NA,NA,NA,NA,NA,NA,NA,N,4,0,1,3,A,-,03,22350,NA,N,C,C,A,A,H,-,A,A,0,NA,NA,NA,NA,Y,NA,A,01,0,0,1,0,0,0,0,0,0,-,-,34.03627,-117.93297,LOS ANGELES,UNINCORPORATED,-117.93320748,34.03616832