CASE_ID,ACCIDENT_YEAR,PROC_DATE,JURIS,COLLISION_DATE,COLLISION_TIME,OFFICER_ID,REPORTING_DISTRICT,DAY_OF_WEEK,CHP_SHIFT,POPULATION,CNTY_CITY_LOC,SPECIAL_COND,BEAT_TYPE,CHP_BEAT_TYPE,CITY_DIVISION_LAPD,CHP_BEAT_CLASS,BEAT_NUMBER,PRIMARY_RD,SECONDARY_RD,DISTANCE,DIRECTION,INTERSECTION,WEATHER_1,WEATHER_2,STATE_HWY_IND,CALTRANS_COUNTY,CALTRANS_DISTRICT,STATE_ROUTE,ROUTE_SUFFIX,POSTMILE_PREFIX,POSTMILE,LOCATION_TYPE,RAMP_INTERSECTION,SIDE_OF_HWY,TOW_AWAY,COLLISION_SEVERITY,NUMBER_KILLED,NUMBER_INJURED,PARTY_COUNT,PRIMARY_COLL_FACTOR,PCF_CODE_OF_VIOL,PCF_VIOL_CATEGORY,PCF_VIOLATION,PCF_VIOL_SUBSECTION,HIT_AND_RUN,TYPE_OF_COLLISION,MVIW,PED_ACTION,ROAD_SURFACE,ROAD_COND_1,ROAD_COND_2,LIGHTING,CONTROL_DEVICE,CHP_ROAD_TYPE,PEDESTRIAN_ACCIDENT,BICYCLE_ACCIDENT,MOTORCYCLE_ACCIDENT,TRUCK_ACCIDENT,NOT_PRIVATE_PROPERTY,ALCOHOL_INVOLVED,STWD_VEHTYPE_AT_FAULT,CHP_VEHTYPE_AT_FAULT,COUNT_SEVERE_INJ,COUNT_VISIBLE_INJ,COUNT_COMPLAINT_PAIN,COUNT_PED_KILLED,COUNT_PED_INJURED,COUNT_BICYCLIST_KILLED,COUNT_BICYCLIST_INJURED,COUNT_MC_KILLED,COUNT_MC_INJURED,PRIMARY_RAMP,SECONDARY_RAMP,LATITUDE,LONGITUDE,COUNTY,CITY,POINT_X,POINT_Y
6926663,2015,2015-05-27,1955,2015-04-21,1516,40348,0083,2,5,6,1955,0,0,0,NA,0,005,RIO RANCHO RD,PARK AV,0,NA,Y,A,-,N,NA,NA,NA,NA,NA,NA,NA,NA,NA,N,3,0,1,2,A,-,05,21650,NA,N,D,G,A,A,H,-,A,A,0,NA,Y,NA,NA,Y,NA,L,04,0,1,0,0,0,0,1,0,0,-,-,NA,NA,LOS ANGELES,POMONA,-117.75362009,34.03353007
6926664,2015,2015-05-27,1955,2015-04-15,1208,42152,18,3,5,6,1955,0,0,0,NA,0,003,N INDIAN HILL BL,E LINCOLN AV,0,NA,Y,A,-,N,NA,NA,NA,NA,NA,NA,NA,NA,NA,Y,4,0,1,2,A,-,12,21453,A,N,D,C,A,A,H,-,A,A,0,NA,NA,NA,NA,Y,NA,A,01,0,0,1,0,0,0,0,0,0,-,-,NA,NA,LOS ANGELES,POMONA,-117.7192401,34.07091002
6926667,2015,2015-05-27,1955,2015-04-07,1952,30538,90,2,5,6,1955,0,0,0,NA,0,004,EAST END AV,MISSION BL,0,NA,Y,C,-,N,NA,NA,NA,NA,NA,NA,NA,NA,NA,N,4,0,3,2,A,-,03,22350,NA,N,C,C,A,B,H,-,C,A,0,NA,NA,NA,NA,Y,NA,A,01,0,0,3,0,0,0,0,0,0,-,-,NA,NA,LOS ANGELES,POMONA,-117.72382002,34.05576004
6926681,2015,2016-11-05,9590,2015-04-19,1110,20169,NA,7,1,7,1942,0,1,1,NA,2,062,RT 10,BUDLONG AV,235,W,N,A,-,Y,LA,7,10,-,R,13.434,R,2,E,N,4,0,2,2,A,-,07,21658,A,N,B,C,A,A,H,-,A,D,1,NA,NA,NA,NA,Y,NA,A,01,0,0,2,0,0,0,0,0,0,-,-,NA,NA,LOS ANGELES,LOS ANGELES,-118.2983294,34.03694277
6926682,2015,2016-11-03,9590,2015-04-13,2023,19368,NA,1,2,7,1942,0,1,1,NA,2,085,RT 5,RT 2,1000,N,N,A,-,Y,LA,7,5,-,-,22.74,H,-,S,Y,3,0,1,1,A,-,01,23152,A,N,E,I,A,A,H,-,C,D,1,NA,NA,NA,NA,Y,Y,A,01,0,1,0,0,0,0,0,0,0,-,-,NA,NA,LOS ANGELES,LOS ANGELES,-118.25260371,34.10435001
6926685,2015,2016-11-05,9590,2015-04-10,0833,20169,NA,5,1,7,1942,0,1,1,NA,2,062,RT 10,WASHINGTON BL,85,W,N,A,-,Y,LA,7,10,-,-,14.739,R,1,E,Y,4,0,3,4,A,-,08,22107,NA,N,B,C,A,A,H,-,A,D,1,NA,NA,NA,NA,Y,NA,A,07,0,0,3,0,0,0,0,0,0,TO,-,NA,NA,LOS ANGELES,LOS ANGELES,-118.27566252,34.0380702
6926686,2015,2016-11-05,9590,2015-04-25,2255,20749,NA,6,3,7,1942,0,1,1,NA,2,060,RT 10,WASHINGTON BL,190,E,N,A,-,Y,LA,7,10,-,R,9.45,H,-,E,N,3,0,1,1,A,-,01,23152,A,N,E,I,A,A,H,-,C,D,1,NA,NA,NA,NA,Y,Y,A,01,0,1,0,0,0,0,0,0,0,-,-,NA,NA,LOS ANGELES,LOS ANGELES,-118.36764326,34.03476362
6926688,2015,2015-05-27,1955,2015-04-03,1950,41883,0006,5,5,6,1955,0,0,0,NA,0,001,GAREY AV,MONTEREY,105,N,N,A,-,N,NA,NA,NA,NA,NA,NA,NA,NA,NA,N,3,0,1,2,A,-,08,22107,NA,N,B,G,A,A,H,-,C,A,0,NA,Y,NA,NA,Y,NA,L,04,0,1,0,0,0,0,1,0,0,-,-,NA,NA,LOS ANGELES,POMONA,-117.75026,34.0608176
6926689,2015,2016-11-05,9590,2015-04-21,0905,013179,NA,2,1,7,1942,0,1,1,NA,2,062,RT 10,VERMONT AV,100,W,N,B,-,Y,LA,7,10,-,R,13.78,H,-,E,Y,4,0,1,2,A,-,03,22350,NA,N,C,C,A,A,H,-,A,D,1,NA,NA,NA,NA,Y,NA,A,01,0,0,1,0,0,0,0,0,0,-,-,NA,NA,LOS ANGELES,LOS ANGELES,-118.29230224,34.0368483
6926690,2015,2017-01-03,9590,2015-04-19,1908,20697,NA,7,2,7,1942,0,1,2,NA,2,072,RT 101,WILTON PL,10,S,N,A,-,Y,LA,7,101,-,-,6.15,H,-,N,Y,4,0,4,2,A,-,03,22350,NA,N,C,C,A,A,H,-,A,D,1,NA,NA,NA,NA,Y,NA,A,07,0,0,4,0,0,0,0,0,0,-,-,NA,NA,LOS ANGELES,LOS ANGELES,-118.31363087,34.09704845
6926691,2015,2015-05-27,1955,2015-04-26,0224,41974,5,7,5,6,1955,0,0,0,NA,0,004,S GIBBS AV,E 3RD ST,138,N,N,A,-,N,NA,NA,NA,NA,NA,NA,NA,NA,NA,N,4,0,1,2,A,-,11,21956,NA,N,G,B,E,A,H,-,C,A,0,Y,NA,NA,NA,Y,NA,N,60,0,0,1,0,1,0,0,0,0,-,-,NA,NA,LOS ANGELES,POMONA,-117.74795247,34.05732811
6926692,2015,2015-05-27,1955,2015-04-01,1249,40939,31,3,5,6,1955,0,0,0,NA,0,002,FOOTHILL BL,FALCON AV,500,W,N,A,-,N,NA,NA,NA,NA,NA,NA,NA,NA,NA,N,4,0,1,3,A,-,03,22350,NA,N,C,C,A,A,H,-,A,A,0,NA,NA,NA,NA,Y,NA,A,01,0,0,1,0,0,0,0,0,0,-,-,NA,NA,LOS ANGELES,POMONA,-117.75526664,34.10999515
6926693,2015,2016-12-17,9590,2015-04-19,0635,20679,NA,7,1,7,1942,0,1,1,NA,2,012,RT 110,AVE 43,200,S,N,A,-,Y,LA,7,110,-,-,27.063,R,3,N,Y,4,0,1,1,A,-,08,22107,NA,N,E,I,A,A,H,-,A,D,1,NA,NA,NA,NA,Y,NA,A,01,0,0,1,0,0,0,0,0,0,-,-,NA,NA,LOS ANGELES,LOS ANGELES,-118.20626087,34.09241988
6926694,2015,2016-11-05,9590,2015-04-18,2050,20783,NA,6,2,7,1942,0,1,1,NA,2,062,RT 10,VERMONT AV,130,E,N,A,-,Y,LA,7,10,-,R,13.86,H,-,E,Y,4,0,1,3,A,-,03,22350,NA,N,C,C,A,A,H,-,D,D,1,NA,NA,NA,NA,Y,NA,A,01,0,0,1,0,0,0,0,0,0,-,-,NA,NA,LOS ANGELES,LOS ANGELES,-118.29089376,34.03683156
6926696,2015,2015-05-27,1922,2015-04-30,1023,513,NA,4,5,6,1922,0,0,0,NA,0,NA,SANTA ANITA,MCGIRK,75,S,N,A,-,N,NA,NA,NA,NA,NA,NA,NA,NA,NA,N,3,0,1,2,A,-,05,21650,1,M,D,G,A,A,H,-,A,D,0,NA,Y,NA,NA,Y,NA,L,04,0,1,0,0,0,0,1,0,0,-,-,NA,NA,LOS ANGELES,EL MONTE,-118.02919581,34.08606548
6926697,2015,2017-01-03,9590,2015-04-18,1050,20679,NA,6,1,7,1942,0,1,2,NA,2,073,RT 101,BRONSON AV,30,N,N,A,-,Y,LA,7,101,-,-,6.66,H,-,S,N,4,0,2,2,A,-,03,22350,NA,N,C,C,A,A,H,-,A,D,1,NA,NA,NA,NA,Y,NA,A,01,0,0,2,0,0,0,0,0,0,-,-,NA,NA,LOS ANGELES,LOS ANGELES,-118.31819207,34.10315202
6926698,2015,2016-12-17,9590,2015-04-18,1535,19354,NA,6,2,7,1942,0,1,1,NA,2,010,RT 110,SUNSET BL,100,N,N,A,-,Y,LA,7,110,-,-,23.85,H,-,N,Y,4,0,1,1,A,-,08,22107,NA,N,E,I,A,A,H,-,A,D,1,NA,NA,NA,NA,Y,NA,A,01,0,0,1,0,0,0,0,0,0,-,-,NA,NA,LOS ANGELES,LOS ANGELES,-118.24707119,34.06402386
6926700,2015,2016-11-03,9590,2015-04-22,1640,16551,NA,3,2,7,1942,0,1,1,NA,2,085,RT 5,LOS FELIZ BL,200,N,N,A,-,Y,LA,7,5,-,-,24.37,H,-,S,Y,3,0,1,2,A,-,07,21658,A,N,B,C,A,A,H,-,A,D,1,NA,NA,Y,NA,Y,NA,A,01,0,1,0,0,0,0,0,0,1,-,-,34.11988,-118.27105,LOS ANGELES,LOS ANGELES,-118.27152365,34.12093497
6926701,2015,2017-01-03,9590,2015-04-18,1050,19146,NA,6,1,7,1942,0,1,1,NA,2,012,RT 110,AVE 52,188,N,N,A,-,Y,LA,7,110,-,-,28.1,H,-,N,Y,4,0,1,1,A,-,08,22107,NA,N,E,I,A,A,H,-,A,D,1,NA,NA,NA,NA,Y,NA,A,01,0,0,1,0,0,0,0,0,0,-,-,NA,NA,LOS ANGELES,LOS ANGELES,-118.19548917,34.10284873
6926702,2015,2017-01-03,9590,2015-04-16,1405,20997,NA,4,2,7,1942,0,1,1,NA,2,501,RT 110,VERNON AV,500,S,N,A,-,Y,LA,7,110,-,-,19.09,H,-,S,N,3,0,1,1,A,-,08,22107,NA,N,E,I,A,A,H,-,A,D,1,NA,NA,NA,NA,Y,NA,A,01,0,1,0,0,0,0,0,0,0,-,-,NA,NA,LOS ANGELES,LOS ANGELES,-118.28118289,34.00543493
6926703,2015,2017-01-03,9590,2015-04-22,1830,18510,NA,3,2,7,1942,0,1,2,NA,2,072,RT 101,SUNSET BL,300,S,N,A,-,Y,LA,7,101,-,-,6.259,R,2,N,Y,3,0,1,1,A,-,08,22107,NA,N,E,I,A,A,H,-,A,A,1,NA,NA,NA,NA,Y,NA,A,01,0,1,0,0,0,0,0,0,0,TO,-,34.09926,-118.31383,LOS ANGELES,LOS ANGELES,-118.3144978,34.09825804
6926704,2015,2016-11-07,9590,2015-04-21,1515,13179,NA,2,2,7,1942,0,1,1,NA,2,061,RT 10,CRENSHAW BL,300,W,N,A,-,Y,LA,7,10,-,R,11.33,H,-,W,N,3,0,1,2,A,-,07,21658,A,N,B,C,A,A,H,-,A,D,1,NA,NA,Y,NA,Y,NA,A,01,0,1,0,0,0,0,0,0,1,-,-,34.03515,-118.33587,LOS ANGELES,LOS ANGELES,-118.3347656,34.03511055
6926705,2015,2016-11-03,9590,2015-04-15,1940,018538,NA,3,2,7,1942,0,1,1,NA,2,081,RT 5,WHITTIER BL,1763,S,N,A,-,Y,LA,7,5,-,-,16.78,H,-,S,Y,4,0,2,2,A,-,07,21658,A,N,B,C,A,A,H,-,C,D,1,NA,NA,NA,NA,Y,NA,A,08,0,0,2,0,0,0,0,0,0,-,-,NA,NA,LOS ANGELES,LOS ANGELES,-118.22009079,34.0325275
6926706,2015,2015-05-28,1942,2015-04-26,1920,36733,1668,7,5,7,1942,0,0,0,P,0,15T45,FOOTHILL BL,COMMERCE AV,20,E,N,A,-,N,NA,NA,NA,NA,NA,NA,NA,NA,NA,N,4,0,1,2,A,-,04,21703,NA,N,C,C,A,A,H,-,A,A,0,NA,NA,Y,NA,Y,NA,A,07,0,0,1,0,0,0,0,0,1,-,-,NA,NA,LOS ANGELES,LOS ANGELES,-118.28856308,34.24860217
6926707,2015,2016-11-07,9590,2015-04-20,1820,20652,NA,1,2,7,1942,0,1,1,NA,2,061,RT 10,ARLINGTON AV,500,W,N,A,-,Y,LA,7,10,-,R,12.23,H,-,W,Y,3,0,1,2,A,-,07,21658,A,N,B,C,A,A,H,-,A,D,1,NA,NA,Y,NA,Y,NA,A,07,0,1,0,0,0,0,0,0,1,-,-,34.05652,-118.31901,LOS ANGELES,LOS ANGELES,-118.3192364,34.03658344
6926708,2015,2016-12-17,9590,2015-04-19,1505,19354,NA,7,2,7,1942,0,1,1,NA,2,052,RT 110,1ST ST,50,N,N,A,-,Y,LA,7,110,-,-,25.37,H,-,N,Y,4,0,1,2,A,-,03,22350,NA,N,B,C,A,A,H,-,A,D,1,NA,NA,Y,NA,Y,NA,C,02,0,0,1,0,0,0,0,0,1,-,-,34.05899,-118.25281,LOS ANGELES,LOS ANGELES,-118.22830727,34.07830289
6926710,2015,2015-06-01,1942,2015-04-07,1850,41774,NA,2,5,7,1942,0,0,0,NA,0,21A1,VICTORY BL,21300 VICTORY BL,0,NA,Y,A,-,N,NA,NA,NA,NA,NA,NA,NA,NA,NA,Y,3,0,1,2,A,-,09,21804,A,N,D,C,A,B,H,-,A,D,0,NA,NA,NA,NA,Y,NA,-,NA,0,1,0,0,0,0,0,0,0,-,-,NA,NA,LOS ANGELES,LOS ANGELES,NA,NA
6926711,2015,2017-01-03,9590,2015-04-17,0050,20783,NA,5,3,7,1942,0,1,2,NA,2,072,RT 101,MULLHOLLAND DR,50,N,N,A,-,Y,LA,7,101,-,-,8.76,H,-,N,Y,4,0,3,2,A,-,01,23152,A,N,C,C,A,A,H,-,D,D,1,NA,NA,NA,NA,Y,Y,A,01,0,0,3,0,0,0,0,0,0,-,-,34.12393,-118.34251,LOS ANGELES,LOS ANGELES,-118.34190804,34.12351031
6926712,2015,2017-01-03,9590,2015-04-16,0055,19780,NA,4,3,7,1942,0,1,2,NA,2,073,RT 101,SUNSET BL,300,S,N,A,-,Y,LA,7,101,-,-,6.101,R,2,S,Y,4,0,1,1,C,-,18,NA,NA,N,F,-,A,A,D,-,C,D,1,NA,NA,Y,NA,Y,NA,-,-,0,0,1,0,0,0,0,0,1,-,-,34.09705,-118.31377,LOS ANGELES,LOS ANGELES,-118.31311701,34.09624905
6926714,2015,2015-05-28,1955,2015-04-08,0740,30537,40,3,5,6,1955,0,0,0,NA,0,002,FAIRPLEX DR,VIA VERDE,78,S,N,A,-,N,NA,NA,NA,NA,NA,NA,NA,NA,NA,N,3,0,1,2,A,-,09,21453,B,N,C,C,A,A,H,-,A,A,0,NA,NA,NA,NA,Y,NA,A,01,0,1,0,0,0,0,0,0,0,-,-,NA,NA,LOS ANGELES,POMONA,-117.7797722,34.07885766
6926715,2015,2016-11-03,9590,2015-04-25,1855,20753,NA,6,2,7,1942,0,1,1,NA,2,013,RT 110,AVE 43,25,N,N,B,-,Y,LA,7,110,-,-,27.13,H,-,S,Y,4,0,1,1,A,-,08,22107,NA,N,E,I,A,B,H,-,A,D,1,NA,NA,NA,NA,Y,Y,A,01,0,0,1,0,0,0,0,0,0,-,-,34.09315,-118.20638,LOS ANGELES,LOS ANGELES,-118.20635119,34.09353586
6926716,2015,2016-11-02,9590,2015-04-23,1700,20662,NA,4,2,7,1942,0,1,1,NA,2,085,RT 5,LOS FELIZ BL,500,N,N,A,-,Y,LA,7,5,-,-,24.9,H,-,S,Y,4,0,1,2,A,-,03,22350,NA,N,C,C,A,A,H,-,A,D,1,NA,NA,NA,NA,Y,NA,A,08,0,0,1,0,0,0,0,0,0,-,-,34.12849,-118.27397,LOS ANGELES,LOS ANGELES,-118.2739669,34.12849326
6926717,2015,2015-05-28,1955,2015-04-17,2040,42081,0020,5,5,6,1955,0,0,0,NA,0,002,N TOWNE AV,SAN ANTONIO AV,0,NA,Y,A,-,N,NA,NA,NA,NA,NA,NA,NA,NA,NA,Y,3,0,1,2,A,-,03,22350,NA,N,C,C,A,A,H,-,C,A,0,NA,NA,Y,NA,Y,NA,A,01,0,1,0,0,0,0,0,0,1,-,-,NA,NA,LOS ANGELES,POMONA,-117.73722006,34.08722009
6926718,2015,2015-05-28,1955,2015-04-27,1159,30538,24,1,5,6,1955,0,0,0,NA,0,002,VINTON ST,ORANGE GROVE AV,57,E,N,A,-,N,NA,NA,NA,NA,NA,NA,NA,NA,NA,N,4,0,2,2,A,-,03,22350,NA,N,C,C,A,A,H,-,A,A,0,NA,NA,NA,NA,Y,NA,A,01,0,0,2,0,0,0,0,0,0,-,-,NA,NA,LOS ANGELES,POMONA,-117.74737422,34.07961507
6926735,2015,2016-12-17,9590,2015-04-13,0030,019110,NA,1,3,7,1942,0,1,1,NA,2,501,RT 110,SLAUSON AV,150,S,N,A,-,Y,LA,7,110,-,-,71.89,H,-,S,Y,4,0,1,1,A,-,08,22107,NA,N,E,I,A,A,H,-,C,D,0,NA,NA,NA,NA,Y,NA,A,01,0,0,1,0,0,0,0,0,0,-,-,33.98792,-118.28058,LOS ANGELES,LOS ANGELES,-118.28058,33.98792
6926801,2015,2015-06-03,1942,2015-04-30,1735,40294,1684,4,5,7,1942,0,0,0,P,0,16T26,ROSCOE BL,LAUREL CANYON BL,0,NA,Y,A,-,N,NA,NA,NA,NA,NA,NA,NA,NA,NA,N,4,0,1,2,A,-,09,21801,A,N,D,C,A,A,H,-,B,A,0,NA,NA,NA,Y,Y,NA,A,01,0,0,1,0,0,0,0,0,0,-,-,NA,NA,LOS ANGELES,LOS ANGELES,-118.39651003,34.22165005
6926802,2015,2015-06-02,1942,2015-04-24,0920,30452,1798,5,5,7,1942,0,0,0,Q,0,9T53,NORDHOFF ST,GAVIOTA AV,122,W,N,B,-,N,NA,NA,NA,NA,NA,NA,NA,NA,NA,N,4,0,1,3,A,-,04,21703,NA,N,C,C,A,A,H,-,A,D,0,NA,NA,NA,NA,Y,NA,A,01,0,0,1,0,0,0,0,0,0,-,-,NA,NA,LOS ANGELES,LOS ANGELES,-118.48333292,34.23561094
6926803,2015,2015-06-02,1942,2015-04-25,1730,36946,1701,6,5,7,1942,0,0,0,Q,0,17X66,RINALDI ST,MASON AV,0,NA,Y,B,-,N,NA,NA,NA,NA,NA,NA,NA,NA,NA,Y,4,0,1,2,A,-,09,21453,C,N,D,C,A,B,H,-,A,A,0,NA,NA,NA,NA,Y,NA,A,01,0,0,1,0,0,0,0,0,0,-,-,NA,NA,LOS ANGELES,LOS ANGELES,-118.57876004,34.27473006
6926804,2015,2015-06-02,1942,2015-04-25,1040,30452,1723,6,5,7,1942,0,0,0,Q,0,9T53,DE SOTO AV,TULSA ST,84,N,N,B,-,N,NA,NA,NA,NA,NA,NA,NA,NA,NA,Y,3,0,1,2,A,-,04,21703,NA,N,C,C,A,A,H,-,A,D,0,NA,NA,NA,NA,Y,NA,D,22,0,1,0,0,0,0,0,0,0,-,-,NA,NA,LOS ANGELES,LOS ANGELES,-118.58858,34.26833043
6926811,2015,2016-06-03,1942,2015-05-07,1445,36801,1589,4,5,7,1942,0,0,0,O,0,15A27,BARHAM BL,FOREST LAWN DR,0,NA,Y,A,-,N,NA,NA,NA,NA,NA,NA,NA,NA,NA,Y,4,0,1,4,A,-,12,21453,A,N,D,C,A,A,H,-,A,A,0,NA,NA,NA,NA,Y,NA,D,22,0,0,1,0,0,0,0,0,0,-,-,NA,NA,LOS ANGELES,LOS ANGELES,-118.34143002,34.1431701
6926812,2015,2015-06-16,1942,2015-05-04,0200,32361,1502,1,5,7,1942,0,0,0,O,0,15A33,STRATHERN ST,DAHA PL,33,W,N,A,-,N,NA,NA,NA,NA,NA,NA,NA,NA,NA,Y,3,0,3,2,A,-,03,22350,NA,N,A,E,A,A,H,-,C,D,0,NA,NA,NA,NA,Y,NA,D,22,0,3,0,0,0,0,0,0,0,-,-,NA,NA,LOS ANGELES,LOS ANGELES,-118.40916894,34.2157383
6926813,2015,2015-06-16,1942,2015-05-03,1045,30830,1505,7,5,7,1942,0,0,0,O,0,16T23,SHERMAN WY,BECK AV,0,NA,Y,A,-,N,NA,NA,NA,NA,NA,NA,NA,NA,NA,Y,4,0,1,2,A,-,12,21453,A,N,D,C,A,A,H,-,A,A,0,NA,NA,NA,NA,Y,NA,D,22,0,0,1,0,0,0,0,0,0,-,-,NA,NA,LOS ANGELES,LOS ANGELES,-118.38342008,34.20119004
6926814,2015,2015-06-16,1942,2015-05-07,1445,25194,1591,4,5,7,1942,0,0,0,O,0,15A67,COLDWATER CANYON BL,VENTURA BL,8,N,N,B,-,N,NA,NA,NA,NA,NA,NA,NA,NA,NA,N,3,0,1,2,A,-,10,21950,A,N,-,B,B,A,H,-,A,A,0,Y,NA,NA,NA,Y,NA,D,22,0,1,0,0,1,0,0,0,0,-,-,NA,NA,LOS ANGELES,LOS ANGELES,-118.41372267,34.14515183
6926815,2015,2015-06-10,1942,2015-05-09,1905,38857,1501,6,5,7,1942,0,0,0,O,0,17T17,COLDWATER CANYON AV,SATICOY ST,0,NA,Y,A,-,N,NA,NA,NA,NA,NA,NA,NA,NA,NA,Y,4,0,1,2,A,-,12,21453,A,N,D,C,A,A,H,-,A,A,0,NA,NA,NA,NA,Y,NA,A,01,0,0,1,0,0,0,0,0,0,-,-,NA,NA,LOS ANGELES,LOS ANGELES,-118.41439011,34.20661012
6926816,2015,2015-06-10,1942,2015-05-07,1300,34561,1705,4,5,7,1942,0,0,0,Q,0,15T43,THE OLD RD,SIERRA HWY,0,NA,Y,B,-,N,NA,NA,NA,NA,NA,NA,NA,NA,NA,Y,3,0,1,2,A,-,09,21453,C,N,D,C,A,A,H,-,A,A,0,NA,NA,Y,NA,Y,NA,C,02,0,1,0,0,0,0,0,0,1,-,-,NA,NA,LOS ANGELES,LOS ANGELES,-118.50618004,34.33273006
6926817,2015,2015-06-26,1942,2015-05-03,1615,38603,1668,7,5,7,1942,0,0,0,P,0,17TL14,FOOTHILL BL,HAINES CANYON AV,62,E,N,A,-,N,NA,NA,NA,NA,NA,NA,NA,NA,NA,Y,3,0,1,3,A,-,04,21703,NA,N,C,C,A,A,H,-,A,D,0,NA,NA,NA,NA,Y,NA,A,01,0,1,0,0,0,0,0,0,0,-,-,NA,NA,LOS ANGELES,LOS ANGELES,-118.27924894,34.24750886
6926818,2015,2015-06-10,1942,2015-05-01,1115,41239,1722,5,5,7,1942,0,0,0,Q,0,10T39,TOPANGA CANYON BL,DEVONSHIRE ST,300,S,N,A,-,N,NA,NA,NA,NA,NA,NA,NA,NA,NA,N,4,0,2,2,A,-,03,22350,NA,N,C,C,A,A,H,-,A,A,0,NA,NA,NA,NA,Y,NA,A,01,0,0,2,0,0,0,0,0,0,-,-,NA,NA,LOS ANGELES,LOS ANGELES,-118.60605263,34.25637703
6926823,2015,2015-10-12,1942,2015-05-04,1600,38369,LA,1,5,7,1942,0,0,0,NA,0,16A37,MCVINE,FOOTHILL,25,S,N,A,-,N,NA,NA,NA,NA,NA,NA,NA,NA,NA,N,3,0,1,2,A,-,02,21654,A,N,G,B,D,A,H,-,A,D,0,Y,NA,NA,NA,Y,NA,N,60,0,1,0,0,1,0,0,0,0,-,-,NA,NA,LOS ANGELES,LOS ANGELES,-118.31138037,34.25960144
6926869,2015,2015-06-02,9530,2015-04-27,2018,020938,NA,1,2,9,1900,0,3,5,NA,2,001,ALAMEDA ST,76TH ST,320,S,N,A,-,N,NA,NA,NA,NA,NA,NA,NA,NA,NA,N,3,0,1,2,A,-,11,21954,A,N,G,B,D,A,H,-,C,D,0,Y,NA,NA,NA,Y,Y,N,60,0,1,0,0,1,0,0,0,0,-,-,33.97101,-118.2341,LOS ANGELES,UNINCORPORATED,-118.23404198,33.97105652
6926876,2015,2016-12-03,9530,2015-04-29,1030,20930,NA,3,1,7,1942,0,1,1,NA,2,120,RT 110,HARRY BRIDGES BL,200,N,N,A,-,Y,LA,7,110,-,-,2.876,R,1,S,N,4,0,1,2,A,-,08,22107,NA,N,B,C,A,A,H,-,A,D,1,NA,NA,NA,Y,Y,NA,G,27,0,0,1,0,0,0,0,0,0,TO,-,33.77194,-118.27928,LOS ANGELES,LOS ANGELES,-118.2798731,33.77335027
6926880,2015,2016-11-03,9530,2015-04-23,1745,017860,NA,4,2,7,1941,0,1,1,NA,2,430,RT 405,LAKEWOOD BL,1268,S,N,A,-,Y,LA,7,405,-,-,2.925,R,1,S,Y,4,0,1,3,A,-,03,22350,NA,N,C,C,A,A,H,-,A,A,1,NA,NA,NA,NA,Y,NA,A,01,0,0,1,0,0,0,0,0,0,FR,-,33.80325,-118.13958,LOS ANGELES,LONG BEACH,-118.13654697,33.80289692
6926881,2015,2016-12-17,9530,2015-04-22,0620,018278,NA,3,1,7,1942,0,1,1,NA,2,200,RT 105,VERMONT AV,100,E,N,A,-,Y,LA,7,105,-,R,6.79,H,-,W,N,4,0,3,2,A,-,03,22350,NA,N,C,C,A,A,H,-,B,D,1,NA,NA,NA,NA,Y,NA,D,22,0,0,3,0,0,0,0,0,0,-,-,33.92908,-118.29115,LOS ANGELES,LOS ANGELES,-118.29105485,33.92889643
6926882,2015,2016-12-17,9530,2015-04-22,1500,20137,NA,3,2,5,1943,0,1,1,NA,2,210,RT 105,LONG BEACH BL,528,W,N,A,-,Y,LA,7,105,-,R,11.27,H,-,E,Y,4,0,1,3,A,-,07,21658,A,N,B,C,A,A,H,-,A,D,6,NA,NA,Y,NA,Y,NA,A,01,0,0,1,0,0,0,0,0,1,-,-,33.92673,-118.2143,LOS ANGELES,LYNWOOD,-118.2143599,33.92666677
6926896,2015,2015-06-03,1942,2015-04-17,0915,40024,0835,5,5,7,1942,0,0,0,H,0,6TL7,SANTA MONICA BL,VETERAN AV,60,E,N,A,-,N,NA,NA,NA,NA,NA,NA,NA,NA,NA,N,4,0,2,3,A,-,21,22106,NA,N,C,C,A,A,H,-,A,A,0,NA,NA,NA,NA,Y,NA,D,22,0,0,2,0,0,0,0,0,0,-,-,NA,NA,LOS ANGELES,LOS ANGELES,-118.43994326,34.04897406
6926897,2015,2015-06-03,1942,2015-04-07,1310,41408,0834,2,5,7,1942,0,0,0,H,0,8X48,WILSHIRE RD 834,THAYER,0,NA,Y,-,-,N,NA,NA,NA,NA,NA,NA,NA,NA,NA,Y,4,0,2,2,A,-,09,21804,A,N,D,C,A,A,H,-,A,-,0,NA,NA,NA,NA,Y,NA,D,22,0,0,2,0,0,0,0,0,0,-,-,NA,NA,LOS ANGELES,LOS ANGELES,NA,NA
6926898,2015,2015-06-11,1942,2015-03-23,1725,40605,0899,1,5,7,1942,0,0,0,H,0,8TL26,ROBERTSON BL,CATTARAUGUS AV,0,NA,Y,A,-,N,NA,NA,NA,NA,NA,NA,NA,NA,NA,Y,4,0,1,3,A,-,12,21453,A,N,D,C,A,A,H,-,A,A,0,NA,NA,NA,NA,Y,NA,A,01,0,0,1,0,0,0,0,0,0,-,-,NA,NA,LOS ANGELES,LOS ANGELES,-118.38931002,34.03483007