CASE_ID,ACCIDENT_YEAR,PROC_DATE,JURIS,COLLISION_DATE,COLLISION_TIME,OFFICER_ID,REPORTING_DISTRICT,DAY_OF_WEEK,CHP_SHIFT,POPULATION,CNTY_CITY_LOC,SPECIAL_COND,BEAT_TYPE,CHP_BEAT_TYPE,CITY_DIVISION_LAPD,CHP_BEAT_CLASS,BEAT_NUMBER,PRIMARY_RD,SECONDARY_RD,DISTANCE,DIRECTION,INTERSECTION,WEATHER_1,WEATHER_2,STATE_HWY_IND,CALTRANS_COUNTY,CALTRANS_DISTRICT,STATE_ROUTE,ROUTE_SUFFIX,POSTMILE_PREFIX,POSTMILE,LOCATION_TYPE,RAMP_INTERSECTION,SIDE_OF_HWY,TOW_AWAY,COLLISION_SEVERITY,NUMBER_KILLED,NUMBER_INJURED,PARTY_COUNT,PRIMARY_COLL_FACTOR,PCF_CODE_OF_VIOL,PCF_VIOL_CATEGORY,PCF_VIOLATION,PCF_VIOL_SUBSECTION,HIT_AND_RUN,TYPE_OF_COLLISION,MVIW,PED_ACTION,ROAD_SURFACE,ROAD_COND_1,ROAD_COND_2,LIGHTING,CONTROL_DEVICE,CHP_ROAD_TYPE,PEDESTRIAN_ACCIDENT,BICYCLE_ACCIDENT,MOTORCYCLE_ACCIDENT,TRUCK_ACCIDENT,NOT_PRIVATE_PROPERTY,ALCOHOL_INVOLVED,STWD_VEHTYPE_AT_FAULT,CHP_VEHTYPE_AT_FAULT,COUNT_SEVERE_INJ,COUNT_VISIBLE_INJ,COUNT_COMPLAINT_PAIN,COUNT_PED_KILLED,COUNT_PED_INJURED,COUNT_BICYCLIST_KILLED,COUNT_BICYCLIST_INJURED,COUNT_MC_KILLED,COUNT_MC_INJURED,PRIMARY_RAMP,SECONDARY_RAMP,LATITUDE,LONGITUDE,COUNTY,CITY,POINT_X,POINT_Y
6926899,2015,2015-06-03,1942,2015-04-01,0725,39022,0822,3,5,7,1942,0,0,0,H,0,7TL23,SUNSET BL,MARQUEZ PL,400,W,N,-,-,N,NA,NA,NA,NA,NA,NA,NA,NA,NA,Y,3,0,1,2,A,-,03,22350,NA,N,-,-,A,-,-,-,-,-,0,NA,NA,NA,Y,Y,NA,A,07,0,1,0,0,0,0,0,0,0,-,-,NA,NA,LOS ANGELES,LOS ANGELES,-118.55044737,34.04132651
6926900,2015,2016-11-30,1942,2015-04-15,1530,40605,1454,3,5,7,1942,0,0,0,N,0,8TL26,CULVER BL,MARINA FWY,0,NA,Y,A,-,Y,LA,7,90,-,-,1.869,R,4,E,Y,3,0,3,3,A,-,09,21801,A,N,D,C,A,A,H,-,A,A,0,NA,NA,NA,NA,Y,NA,A,01,0,2,1,0,0,0,0,0,0,-,-,NA,NA,LOS ANGELES,LOS ANGELES,-118.42648465,33.9811511
6926901,2015,2015-06-05,1942,2015-04-16,1310,38310,1412,4,5,7,1942,0,0,0,N,0,14TL54,PACIFIC AV,WESTMINSTER AV,29,N,N,A,-,N,NA,NA,NA,NA,NA,NA,NA,NA,NA,Y,4,0,2,2,A,-,03,22350,A,N,C,C,A,A,H,-,A,D,0,NA,NA,NA,NA,Y,NA,D,22,0,0,2,0,0,0,0,0,0,-,-,NA,NA,LOS ANGELES,LOS ANGELES,-118.47368152,33.98947698
6926903,2015,2015-06-03,1942,2015-04-12,2055,41268,1466,7,5,7,1942,0,0,0,N,0,14A73,SEPULVEDA BL,77TH ST,0,NA,Y,A,-,N,NA,NA,NA,NA,NA,NA,NA,NA,NA,Y,4,0,1,2,A,-,09,21801,A,N,D,C,A,A,H,-,C,A,0,NA,NA,NA,Y,Y,NA,A,08,0,0,1,0,0,0,0,0,0,-,-,NA,NA,LOS ANGELES,LOS ANGELES,-118.39494,33.97169
6926905,2015,2015-06-12,1942,2015-05-12,2015,37575,1433,2,5,7,1942,0,0,0,N,0,7T23,PENMAR AV,PALMS BL,45,S,N,A,-,N,NA,NA,NA,NA,NA,NA,NA,NA,NA,Y,4,0,1,2,A,-,01,23153,A,F,B,C,A,A,H,-,C,D,0,NA,NA,NA,NA,Y,Y,A,01,0,0,1,0,0,0,0,0,0,-,-,NA,NA,LOS ANGELES,LOS ANGELES,-118.45618654,34.001368
6926906,2015,2016-06-02,1942,2015-04-13,1630,40850,1488,1,5,7,1942,0,0,0,N,0,14X16,MANCHESTER BL,OSAGE AV,0,NA,Y,A,-,N,NA,NA,NA,NA,NA,NA,NA,NA,NA,Y,3,0,1,3,A,-,09,21801,A,N,D,C,A,A,H,-,A,A,0,NA,NA,NA,NA,Y,NA,A,01,0,1,0,0,0,0,0,0,0,-,-,NA,NA,LOS ANGELES,LOS ANGELES,-118.37882001,33.9598901
6926907,2015,2016-06-01,1942,2015-04-24,1915,39763,1488,5,5,7,1942,0,0,0,N,0,14A46,RAMSGATE AV,INTERCEPTOR,300,S,N,A,-,N,NA,NA,NA,NA,NA,NA,NA,NA,NA,Y,4,0,1,2,A,-,05,21650,NA,N,A,C,A,A,H,-,A,D,0,NA,NA,NA,NA,Y,NA,A,01,0,0,1,0,0,0,0,0,0,-,-,NA,NA,LOS ANGELES,LOS ANGELES,-118.38268,33.95442715
6926910,2015,2015-06-03,1942,2015-04-18,1225,40655,1465,6,5,7,1942,0,0,0,N,0,14A49,CENTINELLA AV,BLUFF CREEK DR,0,NA,Y,A,-,N,NA,NA,NA,NA,NA,NA,NA,NA,NA,Y,4,0,1,2,A,-,12,21453,A,N,D,C,A,A,H,-,A,A,0,NA,NA,NA,NA,Y,NA,D,22,0,0,1,0,0,0,0,0,0,-,-,NA,NA,LOS ANGELES,LOS ANGELES,-118.40104006,33.9838501
6926912,2015,2015-06-03,1942,2015-04-03,1140,36602,1402,5,5,7,1942,0,0,0,N,0,20T59,NATIONAL BL,SAWTELLE BL,317,W,N,A,-,N,NA,NA,NA,NA,NA,NA,NA,NA,NA,N,3,0,1,2,A,-,08,22107,NA,N,H,G,A,A,H,-,A,D,0,NA,Y,NA,NA,Y,NA,D,22,0,1,0,0,0,0,1,0,0,-,-,NA,NA,LOS ANGELES,LOS ANGELES,-118.43231791,34.02580604
6926967,2015,2015-06-17,1953,2015-05-12,1316,7310,PASAD,2,5,6,1953,0,0,0,NA,0,004,LOMBARDY RD,SIDNEY AV,0,NA,Y,B,-,N,NA,NA,NA,NA,NA,NA,NA,NA,NA,N,4,0,2,2,A,-,09,21801,A,N,D,C,A,A,H,-,A,A,0,NA,NA,NA,NA,Y,NA,A,07,0,0,2,0,0,0,0,0,0,-,-,NA,NA,LOS ANGELES,PASADENA,-118.08823006,34.13366007
6926969,2015,2015-06-12,1953,2015-05-15,1009,7176,1953,5,5,6,1953,0,0,0,NA,0,002,IDAHO ST,NEWPORT AV,0,NA,Y,A,-,N,NA,NA,NA,NA,NA,NA,NA,NA,NA,Y,4,0,1,2,A,-,09,21802,A,N,D,C,A,A,H,-,A,A,0,NA,NA,NA,NA,Y,NA,D,22,0,0,1,0,0,0,0,0,0,-,-,NA,NA,LOS ANGELES,PASADENA,-118.15845006,34.17695003
6926985,2015,2016-12-13,9530,2015-05-10,1345,20427,NA,7,1,6,1972,0,1,1,NA,2,400,RT 405,VAN NESS AV,350,N,N,A,-,Y,LA,7,405,-,-,15.01,H,-,N,Y,4,0,1,2,A,-,08,22107,NA,N,E,I,A,A,H,-,A,D,1,NA,NA,NA,NA,Y,NA,D,22,0,0,1,0,0,0,0,0,0,-,-,33.8629,-118.3205,LOS ANGELES,TORRANCE,-118.31903006,33.86245512
6926991,2015,2015-06-08,9530,2015-05-09,1700,020776,NA,6,2,9,1900,0,3,5,NA,2,001,FLORENCE AV,PACIFIC BL,50,W,N,A,-,N,NA,NA,NA,NA,NA,NA,NA,NA,NA,Y,3,0,3,2,A,-,01,23152,A,N,C,D,A,A,H,-,A,A,0,NA,NA,NA,NA,Y,Y,D,22,0,1,2,0,0,0,0,0,0,-,-,33.58272,-118.13317,LOS ANGELES,UNINCORPORATED,-118.2253935,33.97423568
6926993,2015,2015-06-09,9530,2015-05-05,0620,16193,NA,2,1,9,1900,0,3,5,NA,2,002,REDONDO BEACH BL,AVALON BL,0,NA,Y,B,-,N,NA,NA,NA,NA,NA,NA,NA,NA,NA,N,4,0,1,2,A,-,12,21453,A,N,D,C,A,A,H,-,A,A,0,NA,NA,NA,NA,Y,NA,D,22,0,0,1,0,0,0,0,0,0,-,-,33.89336,-118.26588,LOS ANGELES,UNINCORPORATED,-118.26540004,33.89322008
6926997,2015,2016-12-13,9530,2015-05-04,1820,20608,NA,1,2,4,1939,0,1,1,NA,2,400,RT 405,HAWTHORN BL,400,S,N,A,-,Y,LA,7,405,-,-,17.48,H,-,N,Y,4,0,1,3,A,-,03,22350,NA,N,C,C,A,A,H,-,A,D,1,NA,NA,NA,NA,Y,NA,D,22,0,0,1,0,0,0,0,0,0,-,-,33.86174,-118.31638,LOS ANGELES,LAWNDALE,-118.35109478,33.88372198
6927001,2015,2015-06-10,9530,2015-05-03,2240,20473,NA,7,3,9,1900,0,3,5,NA,2,001,GRAHAM AV,92ND ST,353,N,N,A,-,N,NA,NA,NA,NA,NA,NA,NA,NA,NA,Y,4,0,2,2,A,-,03,22350,NA,F,C,C,A,A,H,-,C,D,0,NA,NA,NA,NA,Y,NA,D,22,0,0,2,0,0,0,0,0,0,-,-,33.95422,-118.24302,LOS ANGELES,UNINCORPORATED,-118.24303892,33.95423805
6927003,2015,2016-12-10,9530,2015-04-27,0830,16110,NA,1,1,5,1977,0,1,3,NA,2,310,RT 91,CENTRAL AV,528,W,N,A,-,Y,LA,7,91,-,-,8.34,H,-,W,Y,4,0,2,2,A,-,03,22350,NA,N,C,C,A,A,H,-,A,D,1,NA,NA,NA,Y,Y,NA,A,01,0,0,2,0,0,0,0,0,0,-,-,33.87388,-118.25656,LOS ANGELES,CARSON,-118.25074396,33.87364656
6927009,2015,2015-06-09,9530,2015-05-06,1320,16193,NA,3,1,9,1900,0,3,5,NA,2,002,COMPTON BL,PEDRO ST,0,NA,Y,B,-,N,NA,NA,NA,NA,NA,NA,NA,NA,NA,Y,4,0,1,2,A,-,12,21453,A,N,D,C,A,A,H,-,A,A,0,NA,NA,NA,NA,Y,NA,A,01,0,0,1,0,0,0,0,0,0,-,-,33.85996,-118.26761,LOS ANGELES,UNINCORPORATED,-118.26746,33.89511
6927015,2015,2016-11-19,9530,2015-05-11,1625,19694,NA,1,2,5,1956,0,1,1,NA,2,400,RT 405,MARINE AV,495,S,N,A,-,Y,LA,7,405,-,-,18.54,H,-,S,N,4,0,1,2,A,-,03,22350,NA,N,C,C,A,A,H,-,A,D,1,NA,NA,NA,NA,Y,NA,A,08,0,0,1,0,0,0,0,0,0,-,-,33.89177,-118.36287,LOS ANGELES,REDONDO BEACH,-118.36519569,33.89361266
6927041,2015,2015-05-29,1941,2015-04-22,1210,5898,NA,3,5,7,1941,0,0,0,NA,0,NA,LONG BEACH BL,56TH ST,0,NA,Y,A,-,N,NA,NA,NA,NA,NA,NA,NA,NA,NA,N,4,0,1,2,A,-,09,21804,NA,N,D,-,A,A,H,-,A,A,0,NA,NA,NA,NA,Y,NA,A,NA,0,0,1,0,0,0,0,0,0,-,-,NA,NA,LOS ANGELES,LONG BEACH,-118.19773012,33.85752001
6927049,2015,2015-05-29,1941,2015-04-22,0114,5348,NA,3,5,7,1941,0,0,0,NA,0,NA,11TH ST,GAVIOTA AV,0,NA,Y,A,-,N,NA,NA,NA,NA,NA,NA,NA,NA,NA,N,3,0,1,2,A,-,08,22107,NA,F,D,G,A,A,H,-,C,D,0,NA,Y,NA,NA,Y,NA,A,NA,0,1,0,0,0,0,1,0,0,-,-,NA,NA,LOS ANGELES,LONG BEACH,-118.1709501,33.78077004
6927050,2015,2015-06-04,1942,2015-04-29,0730,38040,1273,3,5,7,1942,0,0,0,L,0,18T23,NORMANDIE AV,88TH PL,24,S,N,A,-,N,NA,NA,NA,NA,NA,NA,NA,NA,NA,N,4,0,1,2,A,-,03,22350,NA,F,C,C,A,A,H,-,A,D,0,NA,NA,NA,NA,Y,NA,A,01,0,0,1,0,0,0,0,0,0,-,-,NA,NA,LOS ANGELES,LOS ANGELES,-118.30026,33.95737418
6927053,2015,2015-05-29,1942,2015-04-20,0720,37146,1273,1,5,7,1942,0,0,0,L,0,12TL41,MANCHESTER AV,WESTERN AV,0,NA,Y,A,B,N,NA,NA,NA,NA,NA,NA,NA,NA,NA,N,4,0,1,2,A,-,09,21801,A,N,D,C,A,A,H,-,A,A,0,NA,NA,NA,NA,Y,NA,A,01,0,0,1,0,0,0,0,0,0,-,-,NA,NA,LOS ANGELES,LOS ANGELES,-118.30901005,33.95997012
6927054,2015,2015-06-08,1942,2015-04-17,1340,35688,1251,5,5,7,1942,0,0,0,L,0,3T57,CRENSHAW BL,FLORENCE AV,70,S,N,A,-,N,NA,NA,NA,NA,NA,NA,NA,NA,NA,N,3,0,1,2,A,-,09,21801,A,N,-,-,A,A,H,-,A,-,0,NA,Y,NA,NA,Y,NA,L,04,0,1,0,0,0,0,1,0,0,-,-,NA,NA,LOS ANGELES,LOS ANGELES,-118.33088564,33.97434805
6927055,2015,2015-05-29,1942,2015-04-18,0735,40476,1205,6,5,7,1942,0,0,0,L,0,3TL5,51ST ST,VERMONT AV,5,E,N,A,-,N,NA,NA,NA,NA,NA,NA,NA,NA,NA,NA,4,0,1,2,A,-,10,21950,A,N,-,-,-,A,H,-,A,-,0,Y,NA,NA,NA,Y,NA,A,08,0,0,1,0,1,0,0,0,0,-,-,NA,NA,LOS ANGELES,LOS ANGELES,-118.29153,33.99686
6927056,2015,2015-05-26,1942,2015-04-16,1930,40697,1249,4,5,7,1942,0,0,0,L,0,18T39,FIGUEROA ST,62ND ST,3,N,N,A,-,N,NA,NA,NA,NA,NA,NA,NA,NA,NA,N,3,0,1,2,A,-,10,21950,A,N,G,B,D,A,H,-,B,D,0,Y,NA,NA,NA,Y,NA,A,07,0,1,0,0,1,0,0,0,0,-,-,NA,NA,LOS ANGELES,LOS ANGELES,-118.2826702,33.98325823
6927057,2015,2015-05-29,1942,2015-04-22,1600,40440,1269,3,5,7,1942,0,0,0,L,0,3T37,MANCHESTER AV,CENTRAL AV,5,W,N,A,-,N,NA,NA,NA,NA,NA,NA,NA,NA,NA,N,4,0,1,2,A,-,10,21950,A,N,G,B,B,A,H,-,A,A,0,Y,NA,NA,NA,Y,NA,A,01,0,0,1,0,1,0,0,0,0,-,-,NA,NA,LOS ANGELES,LOS ANGELES,-118.25643646,33.96016
6927058,2015,2015-05-29,1942,2015-04-22,1820,40440,1269,3,5,7,1942,0,0,0,L,0,3T57,MANCHESTER AV,AVALON AV,35,E,N,A,-,N,NA,NA,NA,NA,NA,NA,NA,NA,NA,N,4,0,5,3,A,-,03,22350,NA,N,C,C,A,A,H,-,A,A,0,NA,NA,NA,NA,Y,NA,A,01,0,0,5,0,0,0,0,0,0,-,-,NA,NA,LOS ANGELES,LOS ANGELES,-118.26501481,33.96013
6927059,2015,2015-05-26,1901,2015-04-19,1727,276,1901,7,5,5,1901,0,0,0,NA,0,002,STONEMAN,ADAMS AV,50,N,N,A,-,N,NA,NA,NA,NA,NA,NA,NA,NA,NA,Y,3,0,1,2,A,-,03,22350,NA,N,F,C,A,A,H,-,A,D,0,NA,NA,NA,NA,Y,NA,A,01,0,1,0,0,0,0,0,0,0,-,-,NA,NA,LOS ANGELES,ALHAMBRA,-118.1214,34.0839071
6927060,2015,2015-05-26,1901,2015-04-27,1840,235,9,1,5,5,1901,0,0,0,NA,0,001,GRANADA,CLAY CT,0,NA,Y,A,-,N,NA,NA,NA,NA,NA,NA,NA,NA,NA,Y,4,0,1,3,A,-,08,22103,NA,N,D,C,A,A,H,-,A,A,0,NA,NA,NA,NA,Y,NA,A,01,0,0,1,0,0,0,0,0,0,-,-,NA,NA,LOS ANGELES,ALHAMBRA,-118.11425001,34.09441011
6927061,2015,2015-05-29,1942,2015-04-22,1220,40869,1242,3,5,7,1942,0,0,0,L,0,18T23,VAN NESS AV,62ND ST,4,E,N,A,-,N,NA,NA,NA,NA,NA,NA,NA,NA,NA,N,3,0,1,2,A,-,05,21650,1,N,H,G,A,A,H,-,A,A,0,NA,Y,NA,NA,Y,NA,L,04,0,1,0,0,0,0,1,0,0,-,-,NA,NA,LOS ANGELES,LOS ANGELES,-118.31769,33.98334
6927062,2015,2015-05-29,1942,2015-04-21,2100,40869,1257,2,5,7,1942,0,0,0,L,0,18T23,79TH ST,FIGUEROA ST,10,E,N,A,-,N,NA,NA,NA,NA,NA,NA,NA,NA,NA,N,4,0,1,2,A,-,10,21950,A,F,G,B,B,A,H,-,C,A,0,Y,NA,NA,NA,Y,NA,-,99,0,0,1,0,1,0,0,0,0,-,-,NA,NA,LOS ANGELES,LOS ANGELES,-118.2826871,33.96784072
6927063,2015,2015-05-26,1901,2015-04-28,1035,249,04,2,5,5,1901,0,0,0,NA,0,001,GRANADA AV,MAIN ST,8,N,N,A,-,N,NA,NA,NA,NA,NA,NA,NA,NA,NA,N,4,0,1,2,A,-,10,21950,A,N,B,B,B,A,H,-,A,A,0,Y,NA,NA,NA,Y,NA,A,01,0,0,1,0,1,0,0,0,0,-,-,NA,NA,LOS ANGELES,ALHAMBRA,-118.1177933,34.09948894
6927065,2015,2015-05-29,1942,2015-04-26,1920,40529,1203,7,5,7,1942,0,0,0,L,0,5T21,92ND ST,WESTERN AV,10,W,N,A,-,N,NA,NA,NA,NA,NA,NA,NA,NA,NA,Y,4,0,5,2,A,-,00,21801,D,N,A,C,A,A,H,-,A,A,0,NA,NA,NA,NA,Y,NA,A,01,0,0,5,0,0,0,0,0,0,-,-,NA,NA,LOS ANGELES,LOS ANGELES,-118.3090429,33.95271058
6927066,2015,2015-05-29,1942,2015-04-24,2250,36752,1269,5,5,7,1942,0,0,0,L,0,12T41,MANCHESTER AV,CENTRAL AV,0,NA,Y,A,-,N,NA,NA,NA,NA,NA,NA,NA,NA,NA,N,4,0,1,2,A,-,12,21453,A,F,D,C,A,A,H,-,C,A,0,NA,NA,NA,NA,Y,NA,-,99,0,0,1,0,0,0,0,0,0,-,-,NA,NA,LOS ANGELES,LOS ANGELES,-118.25642008,33.96016008
6927067,2015,2015-05-26,1901,2015-04-24,1522,207,16,5,5,5,1901,0,0,0,NA,0,004,FREMONT AV,NORWOOD PL,0,NA,Y,A,-,N,NA,NA,NA,NA,NA,NA,NA,NA,NA,Y,3,0,1,2,A,-,09,21802,A,N,B,J,A,A,H,-,A,A,0,NA,NA,Y,NA,Y,NA,A,01,0,1,0,0,0,0,0,0,1,-,-,NA,NA,LOS ANGELES,ALHAMBRA,-118.15186006,34.07559007
6927069,2015,2015-05-29,1942,2015-04-27,1600,36754,1266,1,5,7,1942,0,0,0,L,0,3T57,FLOWER ST,79TH ST,0,NA,Y,A,-,N,NA,NA,NA,NA,NA,NA,NA,NA,NA,Y,4,0,3,2,A,-,12,22450,A,N,D,C,A,A,H,-,A,A,0,NA,NA,NA,NA,Y,NA,A,01,0,0,3,0,0,0,0,0,0,-,-,NA,NA,LOS ANGELES,LOS ANGELES,-118.2813501,33.96787008
6927070,2015,2015-05-29,1942,2015-04-27,1200,38393,1241,1,5,7,1942,0,0,0,L,0,18T23,8TH AV,HYDE PARK BL,0,NA,Y,A,-,N,NA,NA,NA,NA,NA,NA,NA,NA,NA,N,4,0,2,2,A,-,12,21453,A,N,D,C,A,A,H,-,A,A,0,NA,NA,NA,NA,Y,NA,A,01,0,0,2,0,0,0,0,0,0,-,-,NA,NA,LOS ANGELES,LOS ANGELES,-118.32651007,33.98065007
6927073,2015,2015-05-29,1942,2015-04-30,1920,39028,1233,4,5,7,1942,0,0,0,L,0,5T21,60TH PL,WESTERN AV,8,E,N,A,-,N,NA,NA,NA,NA,NA,NA,NA,NA,NA,N,4,0,1,2,A,-,10,21950,A,F,G,B,B,A,H,-,A,A,0,Y,NA,NA,NA,Y,NA,-,99,0,0,1,0,1,0,0,0,0,-,-,NA,NA,LOS ANGELES,LOS ANGELES,-118.30893366,33.98504
6927074,2015,2015-05-29,1942,2015-04-30,1755,38444,1243,4,5,7,1942,0,0,0,L,0,12T73,70TH ST,VAN NESS AV,0,NA,Y,B,-,N,NA,NA,NA,NA,NA,NA,NA,NA,NA,Y,3,0,1,2,A,-,09,21802,A,N,D,C,A,A,H,-,A,A,0,NA,NA,NA,NA,Y,NA,A,01,0,1,0,0,0,0,0,0,0,-,-,NA,NA,LOS ANGELES,LOS ANGELES,-118.31775007,33.97638004
6927077,2015,2015-05-29,1942,2015-04-30,0650,40869,1239,4,5,7,1942,0,0,0,L,0,12T41,FIGUEROA,61ST ST,10,S,N,A,-,N,NA,NA,NA,NA,NA,NA,NA,NA,NA,N,4,0,1,2,A,-,11,21456,B,N,G,B,B,A,H,-,A,A,0,Y,NA,NA,NA,Y,NA,N,60,0,0,1,0,1,0,0,0,0,-,-,NA,NA,LOS ANGELES,LOS ANGELES,-118.28269895,33.98416259
6927078,2015,2015-05-29,1942,2015-04-06,1425,40869,1252,1,5,7,1942,0,0,0,L,0,25EL1,FLORENCE AV,5TH AV,4,N,N,A,-,N,NA,NA,NA,NA,NA,NA,NA,NA,NA,N,4,0,2,2,A,-,09,21453,B,F,D,C,A,A,H,-,A,A,0,NA,NA,NA,NA,Y,NA,-,99,0,0,2,0,0,0,0,0,0,-,-,NA,NA,LOS ANGELES,LOS ANGELES,-118.32265,33.97458
6927081,2015,2015-05-29,1942,2015-04-16,1040,35393,1251,4,5,7,1942,0,0,0,L,0,12T41,67TH ST,VICTORIA AV,0,NA,Y,A,-,N,NA,NA,NA,NA,NA,NA,NA,NA,NA,N,3,0,2,2,A,-,09,21801,A,N,D,C,A,A,H,-,A,D,0,NA,NA,NA,NA,Y,NA,A,01,0,2,0,0,0,0,0,0,0,-,-,NA,NA,LOS ANGELES,LOS ANGELES,-118.33234011,33.97813009
6927082,2015,2015-05-29,1942,2015-04-16,1230,40476,1213,4,5,7,1942,0,0,0,L,0,12T41,WESTERN AV,57TH ST,0,NA,Y,A,-,N,NA,NA,NA,NA,NA,NA,NA,NA,NA,Y,3,0,3,2,A,-,09,21804,NA,N,D,C,A,A,H,-,A,D,0,NA,NA,NA,NA,Y,NA,A,01,0,1,2,0,0,0,0,0,0,-,-,NA,NA,LOS ANGELES,LOS ANGELES,-118.30895,33.99057
6927084,2015,2015-05-26,1947,2015-04-11,0126,1400,NA,6,5,5,1947,0,0,0,NA,0,00F,MONTEBELLO BL,TOWN SQUARE,528,S,N,A,-,N,NA,NA,NA,NA,NA,NA,NA,NA,NA,Y,4,0,2,1,A,-,08,22107,NA,N,A,I,A,A,H,-,C,D,0,NA,NA,NA,NA,Y,NA,A,01,0,0,2,0,0,0,0,0,0,-,-,NA,NA,LOS ANGELES,MONTEBELLO,-118.095129,34.032304
6927085,2015,2016-06-03,1942,2015-04-30,1930,36752,1841,4,5,7,1942,0,0,0,R,0,3T5,IMPERIAL HWY,VERMONT AV,150,E,N,A,-,N,NA,NA,NA,NA,NA,NA,NA,NA,NA,N,4,0,1,2,A,-,03,22350,NA,F,C,C,A,A,H,-,C,A,0,NA,NA,NA,NA,Y,NA,-,99,0,0,1,0,0,0,0,0,0,-,-,NA,NA,LOS ANGELES,LOS ANGELES,-118.29111647,33.93098
6927086,2015,2015-05-29,1942,2015-04-23,1610,38144,1824,4,5,7,1942,0,0,0,R,0,18U4,CENTRAL AV,93RD ST,60,S,N,A,-,N,NA,NA,NA,NA,NA,NA,NA,NA,NA,N,4,0,3,2,A,-,03,22350,A,N,C,C,A,A,H,-,A,D,0,NA,NA,NA,NA,Y,NA,A,01,0,0,3,0,0,0,0,0,0,-,-,NA,NA,LOS ANGELES,LOS ANGELES,-118.25532153,33.95168836
6927087,2015,2015-05-26,1947,2015-04-09,1730,1393,NA,4,5,5,1947,0,0,0,NA,0,00D,OLYMPIC BL,MONTEBELLO BL,0,NA,Y,A,-,N,NA,NA,NA,NA,NA,NA,NA,NA,NA,N,4,0,2,3,A,-,12,21453,A,F,D,C,A,A,H,-,A,A,0,NA,NA,NA,NA,Y,NA,-,NA,0,0,2,0,0,0,0,0,0,-,-,NA,NA,LOS ANGELES,MONTEBELLO,-118.10921013,34.00641009
6927088,2015,2015-05-26,1947,2015-04-01,1414,1252,NA,3,5,5,1947,0,0,0,NA,0,00B,WHITTIER BL,18TH ST,0,NA,Y,A,-,N,NA,NA,NA,NA,NA,NA,NA,NA,NA,N,4,0,1,2,D,-,00,NA,NA,F,D,C,A,A,H,-,A,A,0,NA,NA,NA,NA,Y,NA,-,-,0,0,1,0,0,0,0,0,0,-,-,NA,NA,LOS ANGELES,MONTEBELLO,-118.12034007,34.01257002
6927089,2015,2015-05-29,1942,2015-04-28,0745,36664,1844,2,5,7,1942,0,0,0,R,0,18A97,AVALON BL,LANZIT AV,0,NA,Y,A,-,N,NA,NA,NA,NA,NA,NA,NA,NA,NA,N,4,0,1,2,A,-,07,21658,A,N,B,C,A,A,H,-,A,D,0,NA,NA,NA,NA,Y,NA,A,01,0,0,1,0,0,0,0,0,0,-,-,NA,NA,LOS ANGELES,LOS ANGELES,-118.26520002,33.93251001
6927090,2015,2015-05-29,1942,2015-04-22,0740,26217,1251,3,5,7,1942,0,0,0,L,0,25MQ13,FLORENCE AV,BRYNHURST AV,0,NA,Y,A,-,N,NA,NA,NA,NA,NA,NA,NA,NA,NA,Y,3,0,2,2,A,-,09,21801,A,N,D,C,A,A,G,-,A,D,0,NA,NA,NA,NA,Y,NA,A,01,0,1,1,0,0,0,0,0,0,-,-,NA,NA,LOS ANGELES,LOS ANGELES,-118.33415,33.9745101
6927091,2015,2015-05-26,1947,2015-04-28,0741,1337,NA,2,5,5,1947,0,0,0,NA,0,00E,TAYLOR AV,LOS ANGELES ST,0,NA,Y,A,-,N,NA,NA,NA,NA,NA,NA,NA,NA,NA,N,4,0,1,2,A,-,12,22450,A,N,D,G,A,A,H,-,A,A,0,NA,Y,NA,NA,Y,NA,L,04,0,0,1,0,0,0,1,0,0,-,-,NA,NA,LOS ANGELES,MONTEBELLO,-118.11456002,34.00939001
6927092,2015,2015-05-26,1947,2015-04-11,0413,1366,NA,6,5,5,1947,0,0,0,NA,0,04A,GARFIELD AV,VIA PASEO,222,S,N,A,-,N,NA,NA,NA,NA,NA,NA,NA,NA,NA,Y,4,0,1,3,A,-,01,23152,A,M,C,E,A,A,H,-,C,D,0,NA,NA,NA,NA,Y,Y,-,NA,0,0,1,0,0,0,0,0,0,-,-,NA,NA,LOS ANGELES,MONTEBELLO,-118.12831585,34.02860257
6927093,2015,2015-06-08,1942,2015-04-21,0750,40700,1269,2,5,7,1942,0,0,0,L,0,18T23,MANCHESTER AV,AVALON BL,0,NA,Y,A,-,N,NA,NA,NA,NA,NA,NA,NA,NA,NA,Y,3,0,2,2,A,-,09,21802,A,N,-,C,A,A,H,-,A,-,0,NA,NA,NA,NA,Y,NA,A,07,0,1,1,0,0,0,0,0,0,-,-,NA,NA,LOS ANGELES,LOS ANGELES,-118.26513003,33.96013012
6927094,2015,2015-06-05,1942,2015-04-18,1455,37724,1265,6,5,7,1942,0,0,0,L,0,3T57,85TH ST,NORMANDIE AV,80,E,N,A,-,N,NA,NA,NA,NA,NA,NA,NA,NA,NA,Y,4,0,2,4,A,-,21,22106,NA,N,B,C,A,A,H,-,A,D,0,NA,NA,NA,NA,Y,NA,A,01,0,0,2,0,0,0,0,0,0,-,-,NA,NA,LOS ANGELES,LOS ANGELES,-118.30027,33.96095
6927095,2015,2016-06-02,1947,2015-04-26,2200,1249,NA,7,5,5,1947,0,0,0,NA,0,02B,WHITTIER BL,10TH ST,15,W,N,A,-,N,NA,NA,NA,NA,NA,NA,NA,NA,NA,N,4,0,2,2,A,-,01,23152,A,N,C,C,A,-,H,-,C,A,0,NA,NA,NA,NA,Y,Y,A,01,0,0,2,0,0,0,0,0,0,-,-,NA,NA,LOS ANGELES,MONTEBELLO,-118.11085795,34.01063987