CASE_ID,ACCIDENT_YEAR,PROC_DATE,JURIS,COLLISION_DATE,COLLISION_TIME,OFFICER_ID,REPORTING_DISTRICT,DAY_OF_WEEK,CHP_SHIFT,POPULATION,CNTY_CITY_LOC,SPECIAL_COND,BEAT_TYPE,CHP_BEAT_TYPE,CITY_DIVISION_LAPD,CHP_BEAT_CLASS,BEAT_NUMBER,PRIMARY_RD,SECONDARY_RD,DISTANCE,DIRECTION,INTERSECTION,WEATHER_1,WEATHER_2,STATE_HWY_IND,CALTRANS_COUNTY,CALTRANS_DISTRICT,STATE_ROUTE,ROUTE_SUFFIX,POSTMILE_PREFIX,POSTMILE,LOCATION_TYPE,RAMP_INTERSECTION,SIDE_OF_HWY,TOW_AWAY,COLLISION_SEVERITY,NUMBER_KILLED,NUMBER_INJURED,PARTY_COUNT,PRIMARY_COLL_FACTOR,PCF_CODE_OF_VIOL,PCF_VIOL_CATEGORY,PCF_VIOLATION,PCF_VIOL_SUBSECTION,HIT_AND_RUN,TYPE_OF_COLLISION,MVIW,PED_ACTION,ROAD_SURFACE,ROAD_COND_1,ROAD_COND_2,LIGHTING,CONTROL_DEVICE,CHP_ROAD_TYPE,PEDESTRIAN_ACCIDENT,BICYCLE_ACCIDENT,MOTORCYCLE_ACCIDENT,TRUCK_ACCIDENT,NOT_PRIVATE_PROPERTY,ALCOHOL_INVOLVED,STWD_VEHTYPE_AT_FAULT,CHP_VEHTYPE_AT_FAULT,COUNT_SEVERE_INJ,COUNT_VISIBLE_INJ,COUNT_COMPLAINT_PAIN,COUNT_PED_KILLED,COUNT_PED_INJURED,COUNT_BICYCLIST_KILLED,COUNT_BICYCLIST_INJURED,COUNT_MC_KILLED,COUNT_MC_INJURED,PRIMARY_RAMP,SECONDARY_RAMP,LATITUDE,LONGITUDE,COUNTY,CITY,POINT_X,POINT_Y
6936640,2015,2015-06-29,1942,2015-05-23,1000,38273,1043,6,5,7,1942,0,0,0,J,0,19TL75,RESEDA BL,OXNARD ST,150,S,N,A,-,N,NA,NA,NA,NA,NA,NA,NA,NA,NA,N,4,0,1,2,A,-,04,21703,NA,N,C,C,A,A,H,-,A,D,0,NA,NA,NA,NA,Y,NA,A,07,0,0,1,0,0,0,0,0,0,-,-,NA,NA,LOS ANGELES,LOS ANGELES,-118.53602,34.17956865
6936803,2015,2016-06-01,1942,2015-05-07,2220,38690,1846,4,5,7,1942,0,0,0,R,0,18A35,IMPERIAL HWY,SUCCESS AV,0,NA,Y,B,C,N,NA,NA,NA,NA,NA,NA,NA,NA,NA,Y,3,0,1,2,A,-,08,22107,NA,N,C,-,A,B,H,-,C,C,0,NA,NA,NA,NA,Y,Y,A,01,0,1,0,0,0,0,0,0,0,-,-,NA,NA,LOS ANGELES,LOS ANGELES,-118.24932,33.92947009
6936804,2015,2015-06-09,1942,2015-05-07,0840,35393,1802,4,5,7,1942,0,0,0,R,0,18T23,MAIN ST,87TH PL,0,NA,Y,A,-,N,NA,NA,NA,NA,NA,NA,NA,NA,NA,Y,4,0,2,3,A,-,03,22350,NA,N,C,C,A,A,H,-,A,A,0,NA,NA,NA,NA,Y,Y,A,01,0,0,2,0,0,0,0,0,0,-,-,NA,NA,LOS ANGELES,LOS ANGELES,-118.2738801,33.95805008
6936807,2015,2015-06-05,1942,2015-05-10,1900,41060,1800,7,5,7,1942,0,0,0,R,0,18X2,IMPERIAL HWY,MAIN,50,W,N,A,-,N,NA,NA,NA,NA,NA,NA,NA,NA,NA,Y,3,0,1,2,A,-,08,22107,NA,N,H,D,A,A,H,-,A,D,0,NA,NA,Y,NA,Y,NA,A,01,0,1,0,0,0,0,0,0,1,-,-,NA,NA,LOS ANGELES,LOS ANGELES,-118.41613453,33.93146
6936808,2015,2015-06-04,1942,2015-05-16,1415,41194,1834,6,5,7,1942,0,0,0,R,0,18A17,107TH ST,TOWNE,0,NA,Y,A,-,N,NA,NA,NA,NA,NA,NA,NA,NA,NA,N,4,0,1,2,A,-,21,22106,NA,N,C,B,D,A,H,-,A,D,0,Y,NA,NA,NA,Y,NA,A,01,0,0,1,0,1,0,0,0,0,-,-,NA,NA,LOS ANGELES,LOS ANGELES,-118.26735001,33.93929
6936811,2015,2016-06-01,1942,2015-05-05,0840,38729,18,2,5,7,1942,0,0,0,R,0,18A41,IMPERIAL HWY,MENLO AV,100,W,N,A,-,N,NA,NA,NA,NA,NA,NA,NA,NA,NA,N,4,0,1,2,A,-,09,21804,A,N,D,C,A,A,H,-,A,D,0,NA,NA,NA,NA,Y,NA,A,01,0,0,1,0,0,0,0,0,0,-,-,NA,NA,LOS ANGELES,LOS ANGELES,-118.28959902,33.93098
6936812,2015,2015-06-08,1942,2015-05-16,0630,33599,1802,6,5,7,1942,0,0,0,R,0,3TL5,92ND ST,MAIN ST,0,NA,Y,B,-,N,NA,NA,NA,NA,NA,NA,NA,NA,NA,Y,4,0,1,2,A,-,12,21453,A,N,A,C,A,A,H,-,A,A,0,NA,NA,NA,NA,Y,NA,A,07,0,0,1,0,0,0,0,0,0,-,-,NA,NA,LOS ANGELES,LOS ANGELES,-118.27389,33.95283007
6936815,2015,2015-06-05,1942,2015-05-12,0700,38503,1805,2,5,7,1942,0,0,0,R,0,18T23,92ND ST,AVALON BL,0,NA,Y,B,-,N,NA,NA,NA,NA,NA,NA,NA,NA,NA,Y,3,0,2,2,A,-,12,21453,A,N,D,C,A,A,H,-,A,A,0,NA,NA,NA,NA,Y,NA,A,01,0,1,1,0,0,0,0,0,0,-,-,NA,NA,LOS ANGELES,LOS ANGELES,-118.26516002,33.95289009
6936816,2015,2015-06-04,1942,2015-05-03,1400,41854,1827,7,5,7,1942,0,0,0,R,0,NA,GRAHAM ST,92ND ST,300,S,N,A,-,N,NA,NA,NA,NA,NA,NA,NA,NA,NA,Y,4,0,2,2,A,-,09,21801,A,N,A,C,A,A,H,-,A,D,0,NA,NA,NA,NA,Y,NA,A,01,0,0,2,0,0,0,0,0,0,-,-,NA,NA,LOS ANGELES,LOS ANGELES,-118.24303311,33.95244727
6936819,2015,2015-06-05,1942,2015-05-01,1530,40134,1864,5,5,7,1942,0,0,0,R,0,18A63,CENTRAL AV,119TH ST,0,NA,Y,A,-,N,NA,NA,NA,NA,NA,NA,NA,NA,NA,N,4,0,4,2,A,-,09,21801,A,N,A,C,A,A,H,-,A,D,0,NA,NA,NA,NA,Y,NA,A,07,0,0,4,0,0,0,0,0,0,-,-,NA,NA,LOS ANGELES,LOS ANGELES,-118.25433001,33.92494007
6936823,2015,2016-06-03,1942,2015-05-01,1640,40662,1942,5,5,7,1942,0,0,0,NA,0,18A41,IMPERIAL HWY,MAIN ST,0,NA,Y,A,-,N,NA,NA,NA,NA,NA,NA,NA,NA,NA,Y,4,0,1,2,A,-,12,21453,A,N,D,C,A,A,H,-,A,A,0,NA,NA,Y,NA,Y,NA,C,02,0,0,1,0,0,0,0,0,1,-,-,NA,NA,LOS ANGELES,LOS ANGELES,-118.41597012,33.93146001
6936832,2015,2015-06-05,1942,2015-05-14,2150,39028,1205,4,5,7,1942,0,0,0,L,0,3TL5,VERNON AV,SAINT ANDREWS PL,0,W,N,B,-,N,NA,NA,NA,NA,NA,NA,NA,NA,NA,Y,4,0,3,4,A,-,03,22350,NA,N,A,C,A,B,H,-,C,A,0,NA,NA,NA,NA,Y,NA,A,07,0,0,3,0,0,0,0,0,0,-,-,NA,NA,LOS ANGELES,LOS ANGELES,-118.31137013,34.00372002
6936835,2015,2015-06-05,1942,2015-05-16,1455,39317,1219,6,5,7,1942,0,0,0,L,0,3TL57,58TH ST,FIGUEROA ST,0,NA,Y,B,-,N,NA,NA,NA,NA,NA,NA,NA,NA,NA,N,4,0,1,2,A,-,09,21802,A,N,D,C,A,A,H,-,A,A,0,NA,NA,NA,NA,Y,NA,A,01,0,0,1,0,0,0,0,0,0,-,-,NA,NA,LOS ANGELES,LOS ANGELES,-118.28268011,33.98969005
6936836,2015,2015-06-04,1942,2015-05-13,1700,40440,1241,3,5,7,1942,0,0,0,L,0,3T57,CRENSHAW BL,63RD ST,220,S,N,A,-,N,NA,NA,NA,NA,NA,NA,NA,NA,NA,N,4,0,4,3,A,-,03,22350,NA,N,C,C,A,A,H,-,A,D,0,NA,NA,NA,NA,Y,NA,A,07,0,0,4,0,0,0,0,0,0,-,-,NA,NA,LOS ANGELES,LOS ANGELES,-118.330876,33.982295
6936839,2015,2015-06-05,1942,2015-05-15,1505,59177,1269,5,5,7,1942,0,0,0,L,0,3T57,83RD ST,STANFORD,0,NA,Y,A,-,N,NA,NA,NA,NA,NA,NA,NA,NA,NA,N,4,0,2,3,A,-,09,21802,A,N,A,C,A,A,H,-,A,A,0,NA,NA,NA,NA,Y,NA,A,01,0,0,2,0,0,0,0,0,0,-,-,NA,NA,LOS ANGELES,LOS ANGELES,-118.26297005,33.96376001
6936840,2015,2015-06-04,1942,2015-05-20,2335,40529,1273,3,5,7,1942,0,0,0,L,0,5T21,WESTERN AV,MANCHESTER AV,116,N,N,A,-,N,NA,NA,NA,NA,NA,NA,NA,NA,NA,N,4,0,2,2,A,-,07,21658,A,N,B,C,A,A,H,-,C,A,0,NA,NA,NA,NA,Y,NA,A,01,0,0,2,0,0,0,0,0,0,-,-,NA,NA,LOS ANGELES,LOS ANGELES,-118.30901636,33.9602881
6936843,2015,2015-06-05,1942,2015-05-15,0915,41059,1259,5,5,7,1942,0,0,0,L,0,3T5,CENTRAL AV,76TH ST,0,NA,Y,C,-,N,NA,NA,NA,NA,NA,NA,NA,NA,NA,Y,4,0,3,2,A,-,09,21801,A,N,D,C,A,B,H,-,A,D,0,NA,NA,NA,NA,Y,NA,A,07,0,0,3,0,0,0,0,0,0,-,-,NA,NA,LOS ANGELES,LOS ANGELES,-118.25641005,33.97119002
6936847,2015,2015-06-05,1942,2015-05-14,1930,37618,1265,4,5,7,1942,0,0,0,L,0,12T41,VERMONT AV,80TH ST,0,NA,Y,B,-,N,NA,NA,NA,NA,NA,NA,NA,NA,NA,Y,3,0,3,2,A,-,09,21802,A,N,D,C,A,A,H,-,A,A,0,NA,NA,NA,NA,Y,NA,A,01,0,1,2,0,0,0,0,0,0,-,-,NA,NA,LOS ANGELES,LOS ANGELES,-118.291579,33.966681
6936848,2015,2015-06-04,1942,2015-05-17,1625,39291,1258,7,5,7,1942,0,0,0,L,0,12TL73,73RD ST,BROADWAY,4,E,N,A,-,N,NA,NA,NA,NA,NA,NA,NA,NA,NA,N,4,0,1,2,A,-,09,21802,A,F,D,G,A,A,H,-,A,A,0,NA,Y,NA,NA,Y,NA,-,99,0,0,1,0,0,0,1,0,0,-,-,NA,NA,LOS ANGELES,LOS ANGELES,-118.27830683,33.97371
6936851,2015,2015-06-05,1942,2015-05-13,1125,33599,1218,3,5,7,1942,0,0,0,L,0,3TL5,VERMONT AV,58TH ST,0,NA,Y,B,-,N,NA,NA,NA,NA,NA,NA,NA,NA,NA,N,4,0,1,2,A,-,09,21802,A,N,D,C,A,A,H,-,A,A,0,NA,NA,NA,NA,Y,NA,A,08,0,0,1,0,0,0,0,0,0,-,-,NA,NA,LOS ANGELES,LOS ANGELES,-118.29148,33.98966
6936852,2015,2015-06-05,1942,2015-05-15,1510,41848,1942,5,5,7,1942,0,0,0,NA,0,18A3,MCKINLEY AV,87TH PL,6,E,N,B,-,N,NA,NA,NA,NA,NA,NA,NA,NA,NA,N,4,0,2,3,A,-,10,21950,A,N,G,B,B,B,H,-,A,D,0,Y,NA,NA,NA,Y,NA,A,01,0,0,2,0,2,0,0,0,0,-,-,NA,NA,LOS ANGELES,LOS ANGELES,-118.2608,33.95834
6936855,2015,2015-06-09,1942,2015-05-13,1235,38040,1245,3,5,7,1942,0,0,0,L,0,18T23,GAGE AV,DENKER AV,0,NA,Y,B,-,N,NA,NA,NA,NA,NA,NA,NA,NA,NA,Y,4,0,2,2,A,-,09,21801,A,N,D,C,A,A,H,-,A,A,0,NA,NA,NA,NA,Y,NA,A,01,0,0,2,0,0,0,0,0,0,-,-,NA,NA,LOS ANGELES,LOS ANGELES,-118.30460005,33.98236011
6936856,2015,2015-06-09,1942,2015-05-12,0745,36664,1831,2,5,7,1942,0,0,0,R,0,18A97,FIGUEROA ST,EL SEGUNDO BL,0,NA,Y,A,-,N,NA,NA,NA,NA,NA,NA,NA,NA,NA,Y,4,0,1,2,A,-,12,21453,A,N,D,C,A,A,H,-,A,A,0,NA,NA,NA,NA,Y,NA,A,01,0,0,1,0,0,0,0,0,0,-,-,NA,NA,LOS ANGELES,LOS ANGELES,-118.28275009,33.91642008
6936859,2015,2015-06-05,1942,2015-05-21,1635,40697,1265,4,5,7,1942,0,0,0,L,0,5TL25,MANCHESTER AV,NORMANDIE AV,0,NA,Y,A,-,N,NA,NA,NA,NA,NA,NA,NA,NA,NA,N,3,0,1,2,A,-,12,21453,A,N,D,C,A,A,H,-,A,A,0,NA,NA,NA,NA,Y,NA,-,-,0,1,0,0,0,0,0,0,0,-,-,NA,NA,LOS ANGELES,LOS ANGELES,-118.30027005,33.96001002
6936860,2015,2015-06-05,1942,2015-05-04,0850,40725,1801,1,5,7,1942,0,0,0,R,0,18A1,FIGUEROA ST,MANCHESTER,110,S,N,B,-,N,NA,NA,NA,NA,NA,NA,NA,NA,NA,Y,3,0,6,3,A,-,09,21804,A,N,A,C,A,A,H,-,A,A,0,NA,NA,NA,NA,Y,NA,A,01,0,1,5,0,0,0,0,0,0,-,-,NA,NA,LOS ANGELES,LOS ANGELES,-118.28272344,33.95975837
6936863,2015,2015-06-05,1942,2015-05-17,0310,41281,1837,7,5,7,1942,0,0,0,R,0,18A35,COMPTON AV,110TH ST,0,NA,Y,A,-,N,NA,NA,NA,NA,NA,NA,NA,NA,NA,Y,3,0,1,1,A,-,01,23152,A,N,F,I,A,A,H,-,C,D,0,NA,NA,NA,NA,Y,Y,A,01,0,1,0,0,0,0,0,0,0,-,-,NA,NA,LOS ANGELES,LOS ANGELES,-118.24631009,33.93580005
6936867,2015,2015-06-05,1942,2015-05-16,1700,37852,1824,6,5,7,1942,0,0,0,R,0,18X48,95TH,AVALON,0,NA,Y,B,-,N,NA,NA,NA,NA,NA,NA,NA,NA,NA,N,4,0,2,3,A,-,09,21802,A,F,A,C,A,A,-,-,A,D,0,NA,NA,NA,NA,Y,NA,-,99,0,0,2,0,0,0,0,0,0,-,-,NA,NA,LOS ANGELES,LOS ANGELES,-118.26516008,33.95023004
6936871,2015,2015-06-12,1942,2015-05-09,2300,32142,1841,6,5,7,1942,0,0,0,R,0,18A35,SPRING ST,106TH ST,0,NA,Y,A,-,N,NA,NA,NA,NA,NA,NA,NA,NA,NA,N,4,0,1,2,A,-,09,21802,A,N,D,D,A,A,H,-,C,A,0,NA,NA,NA,NA,Y,NA,A,01,0,0,1,0,0,0,0,0,0,-,-,NA,NA,LOS ANGELES,LOS ANGELES,-118.27621001,33.94011007
6936875,2015,2015-06-04,1942,2015-05-05,0530,36664,1827,2,5,7,1942,0,0,0,R,0,18A35,BEACH ST,97TH ST,0,NA,Y,A,-,N,NA,NA,NA,NA,NA,NA,NA,NA,NA,Y,4,0,1,2,A,-,03,22350,A,N,A,C,A,A,H,-,A,D,0,NA,NA,NA,NA,Y,NA,A,01,0,0,1,0,0,0,0,0,0,-,-,NA,NA,LOS ANGELES,LOS ANGELES,-118.24191011,33.94815004
6936963,2015,2015-06-17,1942,2015-05-18,0845,40726,0122,1,5,7,1942,0,0,0,A,0,11TL21,TEMPLE ST,GRAND AV,205,E,N,B,-,N,NA,NA,NA,NA,NA,NA,NA,NA,NA,N,4,0,1,2,A,-,06,21750,NA,N,B,C,A,A,C,-,A,A,0,NA,NA,NA,Y,Y,NA,A,07,0,0,1,0,0,0,0,0,0,-,-,NA,NA,LOS ANGELES,LOS ANGELES,-118.24596602,34.05773945
6936967,2015,2015-07-16,1942,2015-05-21,2145,35769,0192,4,5,7,1942,0,0,0,A,0,1A61,HILL ST,18TH ST,0,NA,Y,B,-,N,NA,NA,NA,NA,NA,NA,NA,NA,NA,Y,4,0,2,2,A,-,12,21453,A,N,D,C,A,A,H,-,C,A,0,NA,NA,NA,NA,Y,NA,A,01,0,0,2,0,0,0,0,0,0,-,-,NA,NA,LOS ANGELES,LOS ANGELES,-118.26571012,34.03327008
6936968,2015,2015-06-17,1942,2015-05-19,0940,32973,1136,2,5,7,1942,0,0,0,K,0,1T24,LINCOLN AV,EAGLE ROCK BL,0,NA,Y,A,-,N,NA,NA,NA,NA,NA,NA,NA,NA,NA,N,4,0,1,2,A,-,09,21802,A,N,D,C,A,A,H,-,A,A,0,NA,NA,NA,NA,Y,NA,A,01,0,0,1,0,0,0,0,0,0,-,-,NA,NA,LOS ANGELES,LOS ANGELES,-118.22158013,34.12373003
6936988,2015,2015-06-17,1942,2015-05-26,2310,38357,1353,2,5,7,1942,0,0,0,M,0,1T11,VERNON AV,METLER ST,89,W,N,A,-,N,NA,NA,NA,NA,NA,NA,NA,NA,NA,Y,2,0,2,3,A,-,03,22350,NA,N,C,E,A,A,H,-,A,D,0,NA,NA,NA,NA,Y,NA,A,01,1,1,0,0,0,0,0,0,0,-,-,NA,NA,LOS ANGELES,LOS ANGELES,-118.26680307,34.00386
6936990,2015,2015-06-22,1942,2015-04-21,1025,32996,1317,2,5,7,1942,0,0,0,M,0,13TL55,CENTRAL AV,18TH ST,29,N,N,A,-,N,NA,NA,NA,NA,NA,NA,NA,NA,NA,Y,3,0,2,2,A,-,05,21650,NA,N,A,C,A,A,H,-,A,D,0,NA,NA,NA,NA,Y,NA,D,22,0,2,0,0,0,0,0,0,0,-,-,NA,NA,LOS ANGELES,LOS ANGELES,-118.24981888,34.02525112
6936998,2015,2015-06-11,1942,2015-04-11,0930,31152,1307,6,5,7,1942,0,0,0,M,0,11TL25,SAN PEDRO ST,9TH ST,0,NA,Y,A,-,N,NA,NA,NA,NA,NA,NA,NA,NA,NA,N,4,0,1,2,A,-,12,21453,A,F,D,G,A,A,H,-,A,A,0,NA,NA,NA,NA,Y,NA,-,99,0,0,1,0,0,0,0,0,0,-,-,NA,NA,LOS ANGELES,LOS ANGELES,-118.25034006,34.03730009
6936999,2015,2015-06-17,1942,2015-05-20,1945,38050,0211,3,5,7,1942,0,0,0,B,0,1TL11,MELROSE AV,NORMANDIE AV,20,E,N,A,-,N,NA,NA,NA,NA,NA,NA,NA,NA,NA,N,4,0,1,2,A,-,07,21658,A,N,B,C,A,A,H,-,B,D,0,NA,NA,NA,Y,Y,NA,F,25,0,0,1,0,0,0,0,0,0,-,-,NA,NA,LOS ANGELES,LOS ANGELES,-118.30041408,34.08355078
6937004,2015,2016-04-01,1942,2015-05-18,2200,34992,1317,1,5,7,1942,0,0,0,M,0,13A43,HOOPER AV,WASHINGTON BL,101,S,N,A,-,N,NA,NA,NA,NA,NA,NA,NA,NA,NA,N,4,0,1,3,A,-,03,22350,NA,F,-,C,A,-,H,-,C,A,0,NA,NA,NA,NA,Y,NA,A,01,0,0,1,0,0,0,0,0,0,-,-,NA,NA,LOS ANGELES,LOS ANGELES,-118.24624564,34.02166016
6937006,2015,2015-06-11,1942,2015-04-08,1040,30380,1385,3,5,7,1942,0,0,0,M,0,4TL45,E SLAUSON AV,S CENTRAL AV,907,W,N,A,-,N,NA,NA,NA,NA,NA,NA,NA,NA,NA,N,4,0,1,2,A,-,03,22350,NA,N,C,C,A,A,H,-,-,A,0,NA,NA,NA,Y,Y,NA,F,26,0,0,1,0,0,0,0,0,0,-,-,NA,NA,LOS ANGELES,LOS ANGELES,-118.25944575,33.98929872
6937007,2015,2015-06-17,1942,2015-05-22,1635,40099,0216,5,5,7,1942,0,0,0,B,0,2TL14,ALVARADO ST,SANTA YNEZ,25,S,N,A,-,N,NA,NA,NA,NA,NA,NA,NA,NA,NA,N,4,0,2,3,A,-,09,21801,A,N,D,C,A,A,H,-,A,A,0,NA,NA,NA,NA,Y,NA,A,01,0,0,2,0,0,0,0,0,0,-,-,NA,NA,LOS ANGELES,LOS ANGELES,-118.26498755,34.07512897
6937010,2015,2015-06-11,1942,2015-04-16,1630,39889,1341,4,5,7,1942,0,0,0,M,0,11TL32,MAIN ST,JEFFERSON BL,0,NA,Y,A,-,N,NA,NA,NA,NA,NA,NA,NA,NA,NA,Y,3,0,4,2,A,-,09,21801,A,N,A,C,A,A,H,-,A,A,0,NA,NA,NA,NA,Y,NA,D,23,0,1,3,0,0,0,0,0,0,-,-,NA,NA,LOS ANGELES,LOS ANGELES,-118.27262004,34.01864001
6937015,2015,2015-06-17,1942,2015-05-09,0615,32973,0132,6,5,7,1942,0,0,0,A,0,11TL32,FIGUEROA ST,3RD ST,0,NA,Y,B,-,N,NA,NA,NA,NA,NA,NA,NA,NA,NA,Y,3,0,3,2,A,-,12,21453,A,N,D,C,A,A,H,-,A,A,0,NA,NA,NA,NA,Y,NA,A,01,0,1,2,0,0,0,0,0,0,-,-,NA,NA,LOS ANGELES,LOS ANGELES,-118.25461002,34.05501004
6937026,2015,2015-06-17,1942,2015-05-16,1455,33452,0138,6,5,7,1942,0,0,0,A,0,1TL24,3RD ST,CENTRAL AV,0,NA,Y,A,-,N,NA,NA,NA,NA,NA,NA,NA,NA,NA,N,4,0,1,2,A,-,08,22100,B,N,E,I,A,A,H,-,A,D,0,NA,NA,NA,NA,Y,NA,A,01,0,0,1,0,0,0,0,0,0,-,-,NA,NA,LOS ANGELES,LOS ANGELES,-118.2395501,34.04609001
6937027,2015,2015-06-17,1942,2015-05-18,1025,36814,1309,1,5,7,1942,0,0,0,M,0,4TL43,14TH HELENA DR,LAWRENCE ST,0,NA,Y,A,-,N,NA,NA,NA,NA,NA,NA,NA,NA,NA,Y,4,0,2,3,A,-,05,21650,NA,N,B,C,A,A,H,-,A,D,0,NA,NA,NA,NA,Y,NA,A,01,0,0,2,0,0,0,0,0,0,-,-,NA,NA,LOS ANGELES,LOS ANGELES,-118.23706,34.02494
6937028,2015,2016-09-30,9575,2015-03-30,0810,20902,NA,1,1,7,1942,0,1,1,NA,2,053,RT 5,VAN NUYS BL,409,N,N,A,-,Y,LA,7,5,-,-,38.61,H,-,N,Y,4,0,1,3,A,-,03,22350,NA,N,C,C,A,A,H,-,A,D,1,NA,NA,NA,Y,Y,NA,A,01,0,0,1,0,0,0,0,0,0,-,-,34.25709,-118.43526,LOS ANGELES,LOS ANGELES,-118.43601576,34.25772106
6937033,2015,2015-07-10,1928,2015-05-26,1231,352,507,2,5,5,1928,0,0,0,NA,0,0H2,CRENSHAW BL,120TH ST,130,N,N,A,-,N,NA,NA,NA,NA,NA,NA,NA,NA,NA,N,4,0,1,2,A,-,08,22107,NA,N,D,C,A,A,H,-,A,A,0,NA,NA,NA,NA,Y,NA,A,01,0,0,1,0,0,0,0,0,0,-,-,NA,NA,LOS ANGELES,HAWTHORNE,-118.32643,33.92407518
6937035,2015,2015-06-17,1942,2015-05-22,1440,39049,1321,5,5,7,1942,0,0,0,M,0,13TL22,23RD ST,LOS ANGELES ST,0,NA,Y,B,-,N,NA,NA,NA,NA,NA,NA,NA,NA,NA,N,4,0,2,2,A,-,09,21801,A,N,A,C,A,A,H,-,A,D,0,NA,NA,NA,NA,Y,NA,A,01,0,0,2,0,0,0,0,0,0,-,-,NA,NA,LOS ANGELES,LOS ANGELES,-118.26595005,34.02678007
6937036,2015,2016-09-23,9575,2015-03-19,1049,21006,NA,4,1,6,1925,0,1,3,NA,2,090,RT 2,HOLLY DR,900,E,N,B,-,Y,LA,7,2,-,R,19.22,H,-,W,Y,4,0,1,3,A,-,07,21658,A,F,B,C,A,A,H,-,A,D,1,NA,NA,NA,Y,Y,NA,-,-,0,0,1,0,0,0,0,0,0,-,-,34.15163,-118.22522,LOS ANGELES,GLENDALE,-118.22460276,34.15289553
6937037,2015,2016-06-03,1928,2015-05-26,1412,352,525,2,5,5,1928,0,0,0,NA,0,0H2,PRAIRIE AV,IMPERIAL HWY,0,NA,Y,B,-,N,NA,NA,NA,NA,NA,NA,NA,NA,NA,Y,2,0,1,2,A,-,11,21453,D,N,G,B,B,A,H,-,A,A,0,Y,NA,NA,NA,Y,NA,N,60,1,0,0,0,1,0,0,0,0,-,-,NA,NA,LOS ANGELES,HAWTHORNE,-118.34390009,33.93096001
6937038,2015,2015-06-17,1942,2015-05-25,0640,36814,0162,1,5,7,1942,0,0,0,A,0,1TL11,9TH ST,FLOWER ST,0,NA,Y,B,-,N,NA,NA,NA,NA,NA,NA,NA,NA,NA,Y,3,0,2,2,A,-,12,21453,A,N,D,C,A,A,H,-,A,A,0,NA,NA,NA,NA,Y,NA,D,22,0,1,1,0,0,0,0,0,0,-,-,NA,NA,LOS ANGELES,LOS ANGELES,-118.26140002,34.04580005
6937040,2015,2015-06-30,9575,2015-03-29,1710,20691,NA,7,2,7,1942,0,2,4,NA,2,310,BIG TUJUNGA CANYON RD,MOUNT GLEASON RD,5808,E,N,A,-,N,NA,NA,NA,NA,NA,NA,NA,NA,NA,Y,4,0,1,2,A,-,09,21804,A,N,D,C,A,A,H,-,B,D,0,NA,NA,NA,Y,Y,NA,F,55,0,0,1,0,0,0,0,0,0,-,-,34.27882,-118.29699,LOS ANGELES,LOS ANGELES,-118.28987833,34.28956954
6937089,2015,2015-06-09,1965,2015-04-30,0930,2539,B001,4,5,5,1965,0,0,0,NA,0,0B1K,WILSHIRE BL,2ND ST,0,NA,Y,A,-,N,NA,NA,NA,NA,NA,NA,NA,NA,NA,N,3,0,2,3,A,-,09,21801,A,N,D,C,A,A,H,-,A,A,0,NA,NA,NA,NA,Y,NA,A,01,0,2,0,0,0,0,0,0,0,-,-,NA,NA,LOS ANGELES,SANTA MONICA,-118.50021005,34.01756009
6937091,2015,2015-06-17,1965,2015-05-12,1055,3693,0B1F,2,5,5,1965,0,0,0,NA,0,B001,PICO BL,MAIN ST,1,E,N,A,-,N,NA,NA,NA,NA,NA,NA,NA,NA,NA,N,2,0,2,2,A,-,10,21950,A,N,G,B,B,A,H,-,A,A,0,Y,NA,NA,NA,Y,NA,I,11,1,0,1,0,1,0,0,0,0,-,-,NA,NA,LOS ANGELES,SANTA MONICA,-118.48970748,34.00794177
6937123,2015,2015-06-10,1973,2015-03-25,1850,608,1973,3,5,1,1973,0,0,0,NA,0,002,E SLAUSON AV,ALCOA AV,528,E,N,A,-,N,NA,NA,NA,NA,NA,NA,NA,NA,NA,Y,4,0,1,2,A,-,03,22350,NA,N,C,C,A,A,H,-,B,A,0,NA,NA,NA,NA,Y,NA,A,01,0,0,1,0,0,0,0,0,0,-,-,NA,NA,LOS ANGELES,VERNON,-118.2067018,33.98918
6937148,2015,2015-06-10,1942,2015-03-29,1645,33707,0819,7,5,7,1942,0,0,0,H,0,8A34,WILSHIRE BL,BEVERLY GLEN BL,20,W,N,A,-,N,NA,NA,NA,NA,NA,NA,NA,NA,NA,Y,4,0,2,3,A,-,07,21658,A,N,C,C,A,A,H,-,A,D,0,NA,NA,NA,NA,Y,NA,A,01,0,0,2,0,0,0,0,0,0,-,-,NA,NA,LOS ANGELES,LOS ANGELES,-118.42891835,34.06687447
6937149,2015,2015-06-10,1942,2015-03-13,1330,36083,0847,5,5,7,1942,0,0,0,H,0,6TL2,OLYMPIC BL,PELHAM AV,0,NA,Y,A,-,N,NA,NA,NA,NA,NA,NA,NA,NA,NA,N,4,0,1,2,A,-,04,21703,NA,N,C,A,A,A,H,-,A,D,0,NA,NA,NA,NA,Y,NA,A,01,0,0,1,0,0,0,0,0,0,-,-,NA,NA,LOS ANGELES,LOS ANGELES,-118.4273201,34.04652002
6937150,2015,2015-06-10,1942,2015-03-07,0745,40157,0847,6,5,7,1942,0,0,0,H,0,8TL35,OVERLAND AV,TENNESSEE AV,17,N,N,A,-,N,NA,NA,NA,NA,NA,NA,NA,NA,NA,Y,3,0,1,2,A,-,04,21703,NA,N,C,D,A,A,H,-,A,C,0,NA,NA,NA,NA,Y,NA,A,01,0,1,0,0,0,0,0,0,0,-,-,NA,NA,LOS ANGELES,LOS ANGELES,-118.42662283,34.04420778