CASE_ID,ACCIDENT_YEAR,PROC_DATE,JURIS,COLLISION_DATE,COLLISION_TIME,OFFICER_ID,REPORTING_DISTRICT,DAY_OF_WEEK,CHP_SHIFT,POPULATION,CNTY_CITY_LOC,SPECIAL_COND,BEAT_TYPE,CHP_BEAT_TYPE,CITY_DIVISION_LAPD,CHP_BEAT_CLASS,BEAT_NUMBER,PRIMARY_RD,SECONDARY_RD,DISTANCE,DIRECTION,INTERSECTION,WEATHER_1,WEATHER_2,STATE_HWY_IND,CALTRANS_COUNTY,CALTRANS_DISTRICT,STATE_ROUTE,ROUTE_SUFFIX,POSTMILE_PREFIX,POSTMILE,LOCATION_TYPE,RAMP_INTERSECTION,SIDE_OF_HWY,TOW_AWAY,COLLISION_SEVERITY,NUMBER_KILLED,NUMBER_INJURED,PARTY_COUNT,PRIMARY_COLL_FACTOR,PCF_CODE_OF_VIOL,PCF_VIOL_CATEGORY,PCF_VIOLATION,PCF_VIOL_SUBSECTION,HIT_AND_RUN,TYPE_OF_COLLISION,MVIW,PED_ACTION,ROAD_SURFACE,ROAD_COND_1,ROAD_COND_2,LIGHTING,CONTROL_DEVICE,CHP_ROAD_TYPE,PEDESTRIAN_ACCIDENT,BICYCLE_ACCIDENT,MOTORCYCLE_ACCIDENT,TRUCK_ACCIDENT,NOT_PRIVATE_PROPERTY,ALCOHOL_INVOLVED,STWD_VEHTYPE_AT_FAULT,CHP_VEHTYPE_AT_FAULT,COUNT_SEVERE_INJ,COUNT_VISIBLE_INJ,COUNT_COMPLAINT_PAIN,COUNT_PED_KILLED,COUNT_PED_INJURED,COUNT_BICYCLIST_KILLED,COUNT_BICYCLIST_INJURED,COUNT_MC_KILLED,COUNT_MC_INJURED,PRIMARY_RAMP,SECONDARY_RAMP,LATITUDE,LONGITUDE,COUNTY,CITY,POINT_X,POINT_Y
6937514,2015,2015-06-08,1942,2015-04-09,0750,40008,1372,4,5,7,1942,0,0,0,M,0,13TL55,E 54TH ST,S MAIN ST,2,E,N,A,-,N,NA,NA,NA,NA,NA,NA,NA,NA,NA,N,3,0,1,1,A,-,03,22350,NA,N,H,I,A,A,H,-,A,D,0,NA,NA,NA,NA,Y,NA,A,01,0,1,0,0,0,0,0,0,0,-,-,NA,NA,LOS ANGELES,LOS ANGELES,-118.27396342,33.99333
6937518,2015,2015-06-08,1942,2015-04-12,0735,38330,1361,7,5,7,1942,0,0,0,M,0,1A27,47TH ST,BROADWAY,0,NA,Y,A,-,N,NA,NA,NA,NA,NA,NA,NA,NA,NA,N,4,0,1,2,A,-,08,22107,NA,N,D,G,A,A,H,-,A,A,0,NA,Y,NA,NA,Y,NA,-,NA,0,0,1,0,0,0,1,0,0,-,-,NA,NA,LOS ANGELES,LOS ANGELES,-118.27835013,34.00108008
6937530,2015,2016-12-14,9575,2015-04-17,0821,14589,NA,5,1,7,1942,0,1,3,NA,2,043,RT 134,RT 5,560,E,N,A,-,Y,LA,7,134,-,R,5.58,H,-,E,N,4,0,2,2,A,-,03,22350,NA,N,C,C,A,A,H,-,A,D,1,NA,NA,NA,NA,Y,NA,D,22,0,0,2,0,0,0,0,0,0,-,-,34.15232,-118.28123,LOS ANGELES,LOS ANGELES,-118.28128898,34.15239786
6937554,2015,2016-12-13,9575,2015-04-25,0240,20995,NA,6,3,7,1942,0,1,1,NA,2,061,RT 120,LA TUNA CANYON RD,500,E,N,A,-,Y,LA,7,210,-,R,14.32,H,-,W,Y,3,0,1,2,A,-,03,22350,NA,N,C,C,A,A,D,-,D,D,1,NA,NA,NA,Y,Y,NA,A,01,0,1,0,0,0,0,0,0,0,-,-,34.235,-118.291,LOS ANGELES,LOS ANGELES,-118.28853839,34.23473397
6937561,2015,2016-12-17,9575,2015-05-13,1515,17354,NA,3,2,7,1942,0,1,3,NA,2,044,RT 134,LEDGE AV,150,E,N,A,-,Y,LA,7,134,-,-,1.16,H,-,W,Y,3,0,3,3,A,-,03,22350,NA,N,C,C,A,A,H,-,A,D,1,NA,NA,NA,NA,Y,NA,D,22,0,1,2,0,0,0,0,0,0,-,-,NA,NA,LOS ANGELES,LOS ANGELES,-118.35639109,34.15308025
6937570,2015,2015-06-26,1942,2015-05-22,2035,39889,1347,5,5,7,1942,0,0,0,M,0,2TL15,LONG BEACH AV,EAST 27TH ST,45,N,N,B,-,N,NA,NA,NA,NA,NA,NA,NA,NA,NA,Y,4,0,1,2,A,-,01,23152,A,M,C,E,A,-,H,-,C,D,0,NA,NA,NA,Y,Y,Y,A,07,0,0,1,0,0,0,0,0,0,-,-,NA,NA,LOS ANGELES,LOS ANGELES,-118.24318807,34.0122934
6937573,2015,2016-12-13,9575,2015-04-28,1318,15204,NA,2,1,9,1900,0,1,1,NA,2,062,RT 210,WALTONIA DR,50,W,N,A,-,Y,LA,7,210,-,R,18.52,H,-,E,Y,3,0,2,2,A,-,07,21658,A,N,E,I,A,A,H,-,A,D,1,NA,NA,NA,Y,Y,NA,G,26,0,1,1,0,0,0,0,0,0,-,-,34.2098,-118.22312,LOS ANGELES,UNINCORPORATED,-118.2231906,34.20974843
6937581,2015,2016-12-14,9575,2015-04-30,0945,16536,NA,4,1,7,1942,0,1,3,NA,2,043,RT 134,L A RIVER,50,E,N,A,-,Y,LA,7,134,-,R,5.78,H,-,W,N,4,0,1,2,A,-,03,22350,NA,N,C,C,A,A,H,-,A,D,1,NA,NA,NA,NA,Y,NA,D,22,0,0,1,0,0,0,0,0,0,-,-,34.15328,-118.27798,LOS ANGELES,LOS ANGELES,-118.27793113,34.15335044
6937616,2015,2015-10-20,1942,2015-05-19,1620,33340,2133,2,5,7,1942,0,0,0,NA,0,21TL64,SHERMAN WY,MEDICAL CENTER DR,23,W,N,A,-,N,NA,NA,NA,NA,NA,NA,NA,NA,NA,Y,3,0,1,1,A,-,01,23152,A,M,E,I,A,A,H,-,A,D,0,NA,NA,NA,NA,Y,NA,A,01,0,1,0,0,0,0,0,0,0,-,-,NA,NA,LOS ANGELES,LOS ANGELES,-118.62917963,34.20047093
6937724,2015,2015-06-05,9525,2015-04-22,1615,14762,NA,3,2,9,1900,0,1,3,NA,1,024,CRYSTAL LAKE RD,RT 39,11880,N,N,B,-,N,NA,NA,NA,NA,NA,NA,NA,NA,NA,Y,4,0,1,1,A,-,03,22350,NA,N,E,J,A,A,H,-,A,D,0,NA,NA,NA,NA,Y,NA,A,01,0,0,1,0,0,0,0,0,0,-,-,34.19614,-117.50101,LOS ANGELES,UNINCORPORATED,NA,NA
6937751,2015,2016-06-02,1900,2015-04-09,0630,520027,2851,4,5,5,1915,0,0,0,NA,0,282T1,ROSECRANS AV,ATLANTIC BL,0,NA,Y,A,-,N,NA,NA,NA,NA,NA,NA,NA,NA,NA,Y,3,0,2,2,A,-,09,21801,A,N,A,C,A,A,H,-,A,D,0,NA,NA,NA,NA,Y,NA,A,07,0,1,1,0,0,0,0,0,0,-,-,NA,NA,LOS ANGELES,COMPTON,-118.19394005,33.90357008
6937766,2015,2015-06-05,1955,2015-03-27,2350,3852,08,5,5,6,1955,0,0,0,NA,0,NA,ARROW HWY,MANVILLE ST,5,W,N,A,-,N,NA,NA,NA,NA,NA,NA,NA,NA,NA,N,4,0,3,2,A,-,03,22350,NA,N,C,C,A,A,H,-,C,D,0,NA,NA,NA,NA,Y,NA,A,01,0,0,3,0,0,0,0,0,0,-,-,NA,NA,LOS ANGELES,POMONA,-117.732281,34.090333
6937778,2015,2015-06-05,1942,2015-03-17,1525,NA,NA,2,5,7,1942,0,0,0,NA,0,NA,ANAHEIM ST,SIGSBEE AV,0,NA,Y,B,-,N,NA,NA,NA,NA,NA,NA,NA,NA,NA,N,3,0,1,2,A,-,05,21650,1,N,A,G,A,A,H,-,A,D,0,NA,Y,NA,NA,Y,NA,L,04,0,1,0,0,0,0,1,0,0,-,-,33.78175,-118.23469,LOS ANGELES,LOS ANGELES,-118.23442012,33.78165012
6937794,2015,2016-10-04,1900,2015-03-27,1620,430189,2241,5,5,3,1989,0,0,0,NA,0,NA,LOST HILLS RD,RT 101,100,S,N,A,-,Y,LA,7,101,-,-,35.08,R,4,S,Y,4,0,1,2,A,-,07,21658,A,N,C,C,A,A,H,-,A,D,0,NA,NA,NA,NA,Y,NA,A,07,0,0,1,0,0,0,0,0,0,-,-,34.14017,-118.70948,LOS ANGELES,CALABASAS,-118.76201824,34.14603736
6937833,2015,2015-06-05,1942,2015-03-02,1843,525141,2063,1,5,7,1942,0,0,0,NA,0,642F,WESTERN AV,12TH ST,0,NA,Y,A,-,N,NA,NA,NA,NA,NA,NA,NA,NA,NA,Y,4,0,1,2,A,-,09,21800,B,N,D,C,A,A,H,-,C,D,0,NA,NA,NA,NA,Y,NA,A,01,0,0,1,0,0,0,0,0,0,-,-,NA,NA,LOS ANGELES,LOS ANGELES,-118.30906,34.04901
6937943,2014,2015-09-18,1926,2014-07-06,2219,5248,NA,7,5,5,1926,0,0,0,NA,0,001,BARRANCA AV,FOOTHILL BL,0,NA,Y,A,-,N,NA,NA,NA,NA,NA,NA,NA,NA,NA,Y,4,0,1,2,A,-,09,21801,A,N,D,C,A,A,H,-,C,A,0,NA,NA,NA,NA,Y,NA,A,01,0,0,1,0,0,0,0,0,0,-,-,NA,NA,LOS ANGELES,GLENDORA,-117.88136001,34.13601009
6937944,2014,2015-09-19,1926,2014-08-29,1833,6456,NA,5,5,5,1926,0,0,0,NA,0,004,GLADSTONE,SUNFLOWER,0,NA,Y,A,-,N,NA,NA,NA,NA,NA,NA,NA,NA,NA,N,4,0,1,2,A,-,05,21650,1,N,D,G,A,A,H,-,A,A,0,NA,Y,NA,NA,Y,NA,L,04,0,0,1,0,0,0,1,0,0,-,-,NA,NA,LOS ANGELES,GLENDORA,-117.84637003,34.11393011
6937945,2014,2015-09-19,1926,2014-11-06,1608,7897,NA,4,5,5,1926,0,0,0,NA,0,003,LONE HILL AV,PINEHURST ST,74,S,N,A,-,N,NA,NA,NA,NA,NA,NA,NA,NA,NA,Y,3,0,1,1,A,-,08,22107,NA,N,E,I,A,A,H,-,A,D,0,NA,NA,NA,NA,Y,NA,A,07,0,1,0,0,0,0,0,0,0,-,-,NA,NA,LOS ANGELES,GLENDORA,-117.82875596,34.13283016
6937946,2014,2015-09-19,1926,2014-11-26,1206,3585,NA,3,5,5,1926,0,0,0,NA,0,003,RT 66,LORAINE,0,NA,Y,A,-,N,NA,NA,NA,NA,NA,NA,NA,NA,NA,Y,4,0,1,2,A,-,03,22350,NA,N,C,C,A,A,-,-,A,A,0,NA,NA,NA,NA,Y,NA,A,01,0,0,1,0,0,0,0,0,0,-,-,NA,NA,LOS ANGELES,GLENDORA,-117.84639002,34.12886009
6937947,2014,2015-09-18,1926,2014-07-31,2109,1258,NA,4,5,5,1926,0,0,0,NA,0,004,LONE HILL AV,AUTO CENTER DR,0,NA,Y,A,-,N,NA,NA,NA,NA,NA,NA,NA,NA,NA,N,3,0,2,2,D,-,00,NA,NA,N,D,C,A,A,H,-,C,A,0,NA,NA,NA,NA,Y,NA,-,-,0,1,1,0,0,0,0,0,0,-,-,NA,NA,LOS ANGELES,GLENDORA,-117.82901,34.11762006
6937949,2014,2015-09-19,1926,2014-11-10,1718,7570,NA,1,5,5,1926,0,0,0,NA,0,001,GRAND,ORANGEPATH,93,N,N,A,-,N,NA,NA,NA,NA,NA,NA,NA,NA,NA,Y,4,0,1,2,A,-,03,22350,NA,N,C,C,A,A,H,-,C,D,0,NA,NA,NA,NA,Y,NA,A,01,0,0,1,0,0,0,0,0,0,-,-,NA,NA,LOS ANGELES,GLENDORA,-117.87284,34.13014494
6937950,2014,2015-09-19,1926,2014-11-07,2054,4694,NA,5,5,5,1926,0,0,0,NA,0,004,RT 66,AMELIA AV,0,NA,Y,A,-,N,NA,NA,NA,NA,NA,NA,NA,NA,NA,Y,4,0,1,2,A,-,12,21453,A,N,D,C,A,A,H,-,C,A,0,NA,NA,NA,NA,Y,NA,A,01,0,0,1,0,0,0,0,0,0,-,-,NA,NA,LOS ANGELES,GLENDORA,-117.82035,34.12707007
6937951,2014,2015-09-18,1926,2014-07-07,1154,6456,NA,1,5,5,1926,0,0,0,NA,0,001,GRAND,MEDA,36,N,N,A,-,N,NA,NA,NA,NA,NA,NA,NA,NA,NA,Y,4,0,1,1,A,-,05,21651,A,N,E,I,A,A,H,-,A,D,0,NA,NA,NA,NA,Y,NA,A,07,0,0,1,0,0,0,0,0,0,-,-,NA,NA,LOS ANGELES,GLENDORA,-117.87267,34.138558690000004
6937952,2014,2015-09-19,1926,2014-08-30,1028,7570,NA,6,5,5,1926,0,0,0,NA,0,001,RT 66,VECINO,16,E,N,A,-,N,NA,NA,NA,NA,NA,NA,NA,NA,NA,Y,4,0,1,2,A,-,01,23152,A,M,C,C,A,A,H,-,A,A,0,NA,NA,NA,NA,Y,Y,A,07,0,0,1,0,0,0,0,0,0,-,-,NA,NA,LOS ANGELES,GLENDORA,-117.87695726,34.12879072
6937954,2014,2015-09-18,1926,2014-10-19,1215,7897,NA,7,5,5,1926,0,0,0,NA,0,002,BARRANCA AV,ARROW HWY,675,N,N,A,-,N,NA,NA,NA,NA,NA,NA,NA,NA,NA,Y,3,0,3,2,A,-,08,22107,NA,N,D,C,A,A,H,-,A,D,0,NA,NA,NA,NA,Y,NA,A,01,0,1,2,0,0,0,0,0,0,-,-,NA,NA,LOS ANGELES,GLENDORA,-117.88148,34.10851998
6937955,2014,2015-09-18,1926,2014-07-29,0640,7897,NA,2,5,5,1926,0,0,0,NA,0,002,RT 66,VERMONT AV,369,W,N,A,-,N,NA,NA,NA,NA,NA,NA,NA,NA,NA,Y,4,0,1,2,A,-,08,22107,NA,N,B,C,A,A,H,-,A,D,0,NA,NA,NA,NA,Y,NA,A,07,0,0,1,0,0,0,0,0,0,-,-,NA,NA,LOS ANGELES,GLENDORA,-117.86861639,34.1288
6937958,2014,2015-09-18,1926,2014-10-05,1759,8975,NA,7,5,5,1926,0,0,0,NA,0,002,GLADSTONE ST,BENDER AV,71,W,N,A,-,N,NA,NA,NA,NA,NA,NA,NA,NA,NA,Y,4,0,1,3,A,-,01,23152,A,N,E,E,A,A,H,-,A,D,0,NA,NA,NA,NA,Y,Y,A,01,0,0,1,0,0,0,0,0,0,-,-,NA,NA,LOS ANGELES,GLENDORA,-117.87010399,34.11394221
6937959,2014,2015-09-18,1926,2014-07-26,1517,2014,NA,6,5,5,1926,0,0,0,NA,0,003,RT 66,GLENWOOD AV,0,NA,Y,A,-,N,NA,NA,NA,NA,NA,NA,NA,NA,NA,Y,4,0,2,2,A,-,12,21453,A,N,D,C,A,A,H,-,A,A,0,NA,NA,NA,NA,Y,NA,A,01,0,0,2,0,0,0,0,0,0,-,-,NA,NA,LOS ANGELES,GLENDORA,-117.85289005999999,34.1288301
6937960,2015,2017-01-11,9530,2015-07-31,1700,20938,NA,5,2,7,1942,0,1,1,NA,2,110,RT 110,REDONDO BEACH BL,215,S,N,A,-,Y,LA,7,110,-,-,11.2,H,-,S,Y,4,0,2,2,C,-,18,NA,NA,N,C,C,A,A,H,-,A,D,1,NA,NA,NA,NA,Y,NA,-,-,0,0,2,0,0,0,0,0,0,-,-,33.8824,-118.2854,LOS ANGELES,LOS ANGELES,-118.28577616,33.89212347
6937962,2014,2015-09-18,1926,2014-10-15,1219,7570,NA,3,5,5,1926,0,0,0,NA,0,002,GRAND,MAUNA LOA,322,S,N,A,-,N,NA,NA,NA,NA,NA,NA,NA,NA,NA,Y,3,0,1,2,A,-,09,21801,A,N,D,C,A,A,H,-,A,A,0,NA,NA,NA,NA,Y,NA,A,01,0,1,0,0,0,0,0,0,0,-,-,NA,NA,LOS ANGELES,GLENDORA,-117.87274,34.12420735
6937963,2014,2015-09-19,1926,2014-08-24,1516,3114,NA,7,5,5,1926,0,0,0,NA,0,003,RT 66,HUNTERS TRL,1000,W,N,A,-,N,NA,NA,NA,NA,NA,NA,NA,NA,NA,Y,3,0,2,2,A,-,03,22350,NA,N,C,C,A,A,H,-,A,A,0,NA,NA,NA,NA,Y,NA,A,01,0,2,0,0,0,0,0,0,0,-,-,NA,NA,LOS ANGELES,GLENDORA,-117.84300517,34.12888
6937966,2014,2016-04-04,1926,2014-10-08,1752,7476,NA,3,5,5,1926,0,0,0,NA,0,002,GLENDORA AV,RT 66,120,S,N,A,-,N,NA,NA,NA,NA,NA,NA,NA,NA,NA,N,3,0,1,2,A,-,07,21658,A,N,B,C,A,A,H,-,A,A,0,NA,NA,NA,NA,Y,NA,A,01,0,1,0,0,0,0,0,0,0,-,-,NA,NA,LOS ANGELES,GLENDORA,-117.86381497,34.12848108
6937967,2014,2015-09-19,1926,2014-08-22,1516,7450,NA,5,5,5,1926,0,0,0,NA,0,NA,RT 66,GLENDORA AV,7,E,N,A,-,N,NA,NA,NA,NA,NA,NA,NA,NA,NA,N,3,0,1,1,B,-,22,NA,NA,N,H,A,A,A,H,-,A,A,0,NA,Y,NA,NA,Y,NA,L,04,0,1,0,0,0,0,1,0,0,-,-,NA,NA,LOS ANGELES,GLENDORA,-117.86378693,34.12881
6937970,2014,2015-09-18,1926,2014-10-30,0706,3114,NA,4,5,5,1926,0,0,0,NA,0,004,LONE HILL,KENOMA,117,N,N,A,-,N,NA,NA,NA,NA,NA,NA,NA,NA,NA,N,4,0,1,3,A,-,03,22350,NA,N,C,C,A,A,H,-,A,A,0,NA,NA,NA,NA,Y,NA,A,07,0,0,1,0,0,0,0,0,0,-,-,NA,NA,LOS ANGELES,GLENDORA,-117.829,34.12553072
6937971,2014,2015-09-19,1926,2014-08-26,1453,7450,NA,2,5,5,1926,0,0,0,NA,0,004,LONE HILL AV,RT 210,0,NA,Y,A,-,N,NA,NA,NA,NA,NA,NA,NA,NA,NA,Y,3,0,2,2,A,-,12,21453,A,N,D,C,A,A,H,-,A,A,0,NA,NA,NA,NA,Y,NA,A,01,0,2,0,0,0,0,0,0,0,-,EF,NA,NA,LOS ANGELES,GLENDORA,-117.82903003,34.12108009
6937974,2014,2015-09-18,1926,2014-10-01,0029,3900,NA,3,5,5,1926,0,0,0,NA,0,003,VALLEY CENTER,FOOTHILL,0,NA,Y,A,-,N,NA,NA,NA,NA,NA,NA,NA,NA,NA,Y,4,0,2,2,A,-,12,21453,A,N,D,C,A,A,H,-,C,A,0,NA,NA,NA,NA,Y,NA,A,07,0,0,2,0,0,0,0,0,0,-,-,NA,NA,LOS ANGELES,GLENDORA,-117.83771011,34.13613006
6937975,2014,2015-09-19,1926,2014-08-25,2100,0466,NA,1,5,5,1926,0,0,0,NA,0,004,LONE HILL,RT 210,0,NA,Y,A,-,N,NA,NA,NA,NA,NA,NA,NA,NA,NA,Y,3,0,1,2,A,-,12,21453,A,N,D,C,A,A,H,-,C,A,0,NA,NA,NA,NA,Y,NA,A,01,0,1,0,0,0,0,0,0,0,-,WO,NA,NA,LOS ANGELES,GLENDORA,-117.82903003,34.12108009
6937976,2015,2015-09-19,1920,2015-07-19,0310,12609,NA,7,5,6,1920,0,0,0,NA,0,003,SUVA ST,WILEY BURKE AV,305,W,N,A,-,N,NA,NA,NA,NA,NA,NA,NA,NA,NA,Y,4,0,1,2,A,-,08,22107,NA,N,B,E,A,A,H,-,C,A,0,NA,NA,NA,NA,Y,Y,A,01,0,0,1,0,0,0,0,0,0,-,-,NA,NA,LOS ANGELES,DOWNEY,-118.13340067,33.96382034
6937978,2014,2015-09-18,1926,2014-05-27,1208,7450,NA,2,5,5,1926,0,0,0,NA,0,003,FOOTHILL BL,VALLEY CENTER AV,0,NA,Y,A,-,N,NA,NA,NA,NA,NA,NA,NA,NA,NA,Y,3,0,1,2,A,-,12,21453,A,N,D,C,A,A,H,-,A,A,0,NA,NA,NA,NA,Y,NA,A,01,0,1,0,0,0,0,0,0,0,-,-,NA,NA,LOS ANGELES,GLENDORA,-117.83771011,34.13613006
6937979,2014,2015-09-19,1926,2014-08-06,1117,7897,NA,3,5,5,1926,0,0,0,NA,0,002,BARANCA AV,ARMSTEAD ST,0,NA,Y,A,-,N,NA,NA,NA,NA,NA,NA,NA,NA,NA,Y,4,0,2,2,A,-,08,22100,B,N,H,C,A,A,H,-,A,A,0,NA,NA,NA,NA,Y,NA,A,01,0,0,2,0,0,0,0,0,0,-,-,NA,NA,LOS ANGELES,GLENDORA,-117.88140011,34.11811005
6937980,2015,2015-09-19,1920,2015-07-21,1704,10216,NA,2,5,6,1920,0,0,0,NA,0,NA,WOODRUFF AV,FIRESTONE BL,200,S,N,A,-,N,NA,NA,NA,NA,NA,NA,NA,NA,NA,Y,3,0,2,3,A,-,09,21804,A,N,D,C,A,A,H,-,A,D,0,NA,NA,NA,NA,Y,NA,-,NA,0,1,1,0,0,0,0,0,0,-,-,NA,NA,LOS ANGELES,DOWNEY,-118.11787,33.93243
6937981,2014,2016-04-04,1926,2014-10-30,1610,8104,NA,4,5,5,1926,0,0,0,NA,0,001,RT 66,PASADENA AV,0,NA,Y,A,-,N,NA,NA,NA,NA,NA,NA,NA,NA,NA,Y,4,0,1,2,A,-,12,21453,A,N,D,C,A,A,H,-,A,A,0,NA,NA,NA,NA,Y,NA,A,01,0,0,1,0,0,0,0,0,0,-,-,NA,NA,LOS ANGELES,GLENDORA,-117.86022009,34.12882011
6937982,2014,2015-09-18,1926,2014-05-21,1454,7570,NA,3,5,5,1926,0,0,0,NA,0,001,GRAND,FOOTHILL,0,NA,Y,A,-,N,NA,NA,NA,NA,NA,NA,NA,NA,NA,N,4,0,1,2,A,-,12,21453,A,N,D,C,A,A,H,-,A,A,0,NA,NA,NA,NA,Y,NA,A,01,0,0,1,0,0,0,0,0,0,-,-,NA,NA,LOS ANGELES,GLENDORA,-117.87269012,34.13604006
6937983,2014,2015-09-19,1926,2014-08-05,0859,0620,NA,2,5,5,1926,0,0,0,NA,0,001,FOOTHILL BL,CITRUS AV,0,NA,Y,A,-,N,NA,NA,NA,NA,NA,NA,NA,NA,NA,Y,4,0,1,1,A,-,03,22350,NA,N,F,I,A,A,H,-,A,D,0,NA,NA,NA,NA,Y,NA,A,01,0,0,1,0,0,0,0,0,0,-,-,NA,NA,LOS ANGELES,GLENDORA,-117.88974009,34.13597011
6937984,2015,2017-01-25,9535,2015-07-15,1755,19706,NA,3,2,6,1922,0,1,1,NA,2,400,RT 10,RT 605,1000,W,N,A,-,Y,LA,7,10,-,-,30.93,H,-,E,Y,3,0,1,2,A,-,07,21658,A,N,F,A,A,A,H,-,A,D,1,NA,NA,Y,NA,Y,NA,A,01,0,1,0,0,0,0,0,0,1,-,-,34.06464,-118.00324,LOS ANGELES,EL MONTE,-118.00402125,34.06446439
6937985,2014,2015-09-18,1926,2014-10-03,1635,7450,NA,5,5,5,1926,0,0,0,NA,0,002,GRAND AV,MAUNA LOA AV,22,N,N,A,-,N,NA,NA,NA,NA,NA,NA,NA,NA,NA,N,3,0,1,2,A,-,11,21456,B,N,G,B,B,A,H,-,A,A,0,Y,NA,NA,NA,Y,NA,N,60,0,1,0,0,1,0,0,0,0,-,-,NA,NA,LOS ANGELES,GLENDORA,-117.87273,34.12515031
6937986,2014,2016-01-12,1926,2014-05-26,1150,3599,NA,1,5,5,1926,0,0,0,NA,0,002,RT 66,SANTA FE,0,NA,Y,A,-,N,NA,NA,NA,NA,NA,NA,NA,NA,NA,Y,3,0,1,2,A,-,09,21801,A,N,B,C,A,A,H,-,A,A,0,NA,NA,NA,NA,Y,NA,A,01,0,1,0,0,0,0,0,0,0,-,-,NA,NA,LOS ANGELES,GLENDORA,-117.86620003,34.12880007
6937987,2014,2015-09-19,1926,2014-08-31,1736,4308,NA,7,5,5,1926,0,0,0,NA,0,002,GLENDORA AV,GLADSTONE ST,0,NA,Y,A,-,N,NA,NA,NA,NA,NA,NA,NA,NA,NA,N,4,0,1,2,A,-,08,22107,NA,N,D,C,A,A,-,-,A,A,0,NA,NA,NA,NA,Y,NA,A,01,0,0,1,0,0,0,0,0,0,-,-,NA,NA,LOS ANGELES,GLENDORA,-117.86382003,34.11396002
6937989,2014,2015-09-18,1926,2014-10-23,0948,7450,NA,4,5,5,1926,0,0,0,NA,0,003,LORAINE AV,BENNETT AV,0,NA,Y,A,-,N,NA,NA,NA,NA,NA,NA,NA,NA,NA,N,3,0,1,2,A,-,09,21802,A,N,D,G,A,A,H,-,A,A,0,NA,Y,NA,NA,Y,NA,A,01,0,1,0,0,0,0,1,0,0,-,-,NA,NA,LOS ANGELES,GLENDORA,-117.84630012,34.13968002
6937990,2014,2016-04-04,1926,2014-05-13,2026,2198,NA,2,5,5,1926,0,0,0,NA,0,003,RT 66,LORAINE AV,0,NA,Y,A,-,N,NA,NA,NA,NA,NA,NA,NA,NA,NA,Y,4,0,2,2,A,-,12,21453,A,N,D,C,A,A,H,-,C,A,0,NA,NA,NA,NA,Y,NA,A,01,0,0,2,0,0,0,0,0,0,-,-,NA,NA,LOS ANGELES,GLENDORA,-117.84639002,34.12886009
6937991,2014,2015-09-19,1926,2014-08-06,1249,0620,NA,3,5,5,1926,0,0,0,NA,0,002,GRAND AV,RT 66,330,S,N,A,-,N,NA,NA,NA,NA,NA,NA,NA,NA,NA,N,3,0,1,2,A,-,05,21650,1,N,D,G,A,A,H,-,A,A,0,NA,Y,NA,NA,Y,NA,L,04,0,1,0,0,0,0,1,0,0,-,-,NA,NA,LOS ANGELES,GLENDORA,-117.87272,34.12791536
6937993,2014,2016-04-04,1926,2014-10-23,1620,4308,NA,4,5,5,1926,0,0,0,NA,0,003,RT 66,COMPROMISE LINE,0,NA,Y,A,-,N,NA,NA,NA,NA,NA,NA,NA,NA,NA,N,4,0,1,2,A,-,03,22350,NA,N,C,C,A,A,H,-,A,A,0,NA,NA,NA,NA,Y,NA,A,01,0,0,1,0,0,0,0,0,0,-,-,NA,NA,LOS ANGELES,GLENDORA,-117.83313007,34.12919001
6937995,2014,2015-09-19,1926,2014-08-29,1547,7450,NA,5,5,5,1926,0,0,0,NA,0,003,RT 66,LONE HILL AV,69,W,N,A,-,N,NA,NA,NA,NA,NA,NA,NA,NA,NA,N,4,0,1,3,A,-,03,22350,NA,N,C,C,A,A,H,-,A,A,0,NA,NA,NA,NA,Y,NA,A,01,0,0,1,0,0,0,0,0,0,-,-,NA,NA,LOS ANGELES,GLENDORA,-117.82933314,34.12867663
6937997,2014,2016-04-04,1926,2014-10-22,1101,3114,NA,3,5,5,1926,0,0,0,NA,0,002,GRAND,RT 66,181,S,N,A,-,N,NA,NA,NA,NA,NA,NA,NA,NA,NA,Y,4,0,1,2,A,-,09,21801,A,N,D,C,A,A,H,-,A,A,0,NA,NA,NA,NA,Y,NA,A,01,0,0,1,0,0,0,0,0,0,-,-,NA,NA,LOS ANGELES,GLENDORA,-117.87272,34.12832382
6937998,2014,2015-09-18,1926,2014-07-29,0804,7897,NA,2,5,5,1926,0,0,0,NA,0,004,LONE HILL AV,KENOMA ST,260,N,N,A,-,N,NA,NA,NA,NA,NA,NA,NA,NA,NA,Y,4,0,2,3,A,-,03,22350,NA,N,C,C,A,A,H,-,A,D,0,NA,NA,NA,NA,Y,NA,A,01,0,0,2,0,0,0,0,0,0,-,-,NA,NA,LOS ANGELES,GLENDORA,-117.82899866,34.12592271
6937999,2014,2015-09-19,1926,2014-08-28,1056,0620,NA,4,5,5,1926,0,0,0,NA,0,002,GLENDORA AV,DAWSON AV,18,S,N,A,-,N,NA,NA,NA,NA,NA,NA,NA,NA,NA,Y,2,0,2,1,C,-,18,NA,NA,N,E,I,A,A,H,-,A,D,0,NA,NA,NA,NA,Y,NA,-,-,1,0,1,0,0,0,0,0,0,-,-,NA,NA,LOS ANGELES,GLENDORA,-117.86439502,34.11749225
6938056,2015,2015-09-22,1926,2015-01-06,1426,3314,NA,2,5,5,1926,0,0,0,NA,0,002,GRAND,MAUNA LOA,15,S,N,A,-,N,NA,NA,NA,NA,NA,NA,NA,NA,NA,N,2,0,1,2,A,-,10,21950,A,N,G,B,B,A,H,-,A,A,0,Y,NA,NA,NA,Y,NA,D,22,1,0,0,0,1,0,0,0,0,-,-,NA,NA,LOS ANGELES,GLENDORA,-117.87273076,34.12504889