CASE_ID,ACCIDENT_YEAR,PROC_DATE,JURIS,COLLISION_DATE,COLLISION_TIME,OFFICER_ID,REPORTING_DISTRICT,DAY_OF_WEEK,CHP_SHIFT,POPULATION,CNTY_CITY_LOC,SPECIAL_COND,BEAT_TYPE,CHP_BEAT_TYPE,CITY_DIVISION_LAPD,CHP_BEAT_CLASS,BEAT_NUMBER,PRIMARY_RD,SECONDARY_RD,DISTANCE,DIRECTION,INTERSECTION,WEATHER_1,WEATHER_2,STATE_HWY_IND,CALTRANS_COUNTY,CALTRANS_DISTRICT,STATE_ROUTE,ROUTE_SUFFIX,POSTMILE_PREFIX,POSTMILE,LOCATION_TYPE,RAMP_INTERSECTION,SIDE_OF_HWY,TOW_AWAY,COLLISION_SEVERITY,NUMBER_KILLED,NUMBER_INJURED,PARTY_COUNT,PRIMARY_COLL_FACTOR,PCF_CODE_OF_VIOL,PCF_VIOL_CATEGORY,PCF_VIOLATION,PCF_VIOL_SUBSECTION,HIT_AND_RUN,TYPE_OF_COLLISION,MVIW,PED_ACTION,ROAD_SURFACE,ROAD_COND_1,ROAD_COND_2,LIGHTING,CONTROL_DEVICE,CHP_ROAD_TYPE,PEDESTRIAN_ACCIDENT,BICYCLE_ACCIDENT,MOTORCYCLE_ACCIDENT,TRUCK_ACCIDENT,NOT_PRIVATE_PROPERTY,ALCOHOL_INVOLVED,STWD_VEHTYPE_AT_FAULT,CHP_VEHTYPE_AT_FAULT,COUNT_SEVERE_INJ,COUNT_VISIBLE_INJ,COUNT_COMPLAINT_PAIN,COUNT_PED_KILLED,COUNT_PED_INJURED,COUNT_BICYCLIST_KILLED,COUNT_BICYCLIST_INJURED,COUNT_MC_KILLED,COUNT_MC_INJURED,PRIMARY_RAMP,SECONDARY_RAMP,LATITUDE,LONGITUDE,COUNTY,CITY,POINT_X,POINT_Y
6941300,2015,2015-07-13,1942,2015-05-20,1535,38181,1764,3,5,7,1942,0,0,0,Q,0,15T42,TAMPA AV,BUSINESS CENTER DR,1200,N,N,A,-,N,NA,NA,NA,NA,NA,NA,NA,NA,NA,N,4,0,1,2,A,-,09,21804,A,F,A,C,A,A,H,-,A,D,0,NA,NA,NA,NA,Y,NA,-,99,0,0,1,0,0,0,0,0,0,-,-,NA,NA,LOS ANGELES,LOS ANGELES,-118.55355093,34.23425181
6941307,2015,2015-07-14,1942,2015-05-16,0915,40972,1757,6,5,7,1942,0,0,0,Q,0,21TL63,DEVONSHIRE ST,BALBOA AV,0,NA,Y,A,-,N,NA,NA,NA,NA,NA,NA,NA,NA,NA,Y,2,0,1,2,D,-,00,NA,NA,N,D,C,A,A,H,-,A,A,0,NA,NA,NA,NA,Y,NA,-,-,1,0,0,0,0,0,0,0,0,-,-,NA,NA,LOS ANGELES,LOS ANGELES,-118.50233014,34.25754001
6941308,2015,2015-07-13,1942,2015-05-20,1225,34599,1654,3,5,7,1942,0,0,0,P,0,10TL38,GLEN OAKS BL,OSBORNE PL,0,NA,Y,A,-,N,NA,NA,NA,NA,NA,NA,NA,NA,NA,N,3,0,3,3,A,-,09,21804,A,F,D,D,A,A,H,-,A,A,0,NA,NA,NA,NA,Y,NA,-,99,0,1,2,0,0,0,0,0,0,-,-,NA,NA,LOS ANGELES,LOS ANGELES,-118.39892006,34.26185004
6941311,2015,2015-07-14,1942,2015-05-16,1920,37080,1756,6,5,7,1942,0,0,0,Q,0,10T37,BALBOA BL,DEVONSHIRE ST,0,S,N,A,-,N,NA,NA,NA,NA,NA,NA,NA,NA,NA,Y,4,0,2,2,A,-,07,21658,A,N,C,C,A,A,H,-,A,D,0,NA,NA,NA,NA,Y,NA,A,07,0,0,2,0,0,0,0,0,0,-,-,NA,NA,LOS ANGELES,LOS ANGELES,-118.50233014,34.25754001
6941312,2015,2015-07-13,1942,2015-05-19,0805,40290,1523,2,5,7,1942,0,0,0,O,0,9T53,VICTORY BL,COLDWATER CANYON AV,0,NA,Y,A,-,N,NA,NA,NA,NA,NA,NA,NA,NA,NA,N,4,0,1,2,A,-,12,21453,A,F,D,C,A,A,H,-,A,A,0,NA,NA,NA,NA,Y,NA,-,99,0,0,1,0,0,0,0,0,0,-,-,NA,NA,LOS ANGELES,LOS ANGELES,-118.41381,34.18668008
6941315,2015,2015-07-14,1942,2015-05-17,1445,36599,1766,7,5,7,1942,0,0,0,Q,0,16TL24,WILBUR AV,LASSEN ST,0,NA,Y,A,-,N,NA,NA,NA,NA,NA,NA,NA,NA,NA,Y,4,0,5,4,A,-,12,21453,A,N,D,C,A,A,H,-,A,A,0,NA,NA,NA,NA,Y,NA,A,07,0,0,5,0,0,0,0,0,0,-,-,NA,NA,LOS ANGELES,LOS ANGELES,-118.54484003,34.25000006
6941316,2015,2015-07-13,1942,2015-05-20,1810,38492,1995,3,5,7,1942,0,0,0,NA,0,19X8,ROSCOE BL,BURNET AV,300,W,N,A,-,N,NA,NA,NA,NA,NA,NA,NA,NA,NA,N,4,0,1,2,A,-,00,21760,B,F,B,G,A,A,H,-,A,A,0,NA,Y,NA,NA,Y,NA,A,07,0,0,1,0,0,0,1,0,0,-,-,NA,NA,LOS ANGELES,LOS ANGELES,-118.46503058,34.2214442
6941319,2015,2015-07-14,1942,2015-05-15,1315,39335,1785,5,5,7,1942,0,0,0,Q,0,10TL36,RESEDA BL,NORDHOFF ST,80,N,N,A,-,N,NA,NA,NA,NA,NA,NA,NA,NA,NA,Y,3,0,4,3,C,-,18,NA,NA,N,H,J,A,A,H,-,A,D,0,NA,NA,NA,NA,Y,NA,-,-,0,2,2,0,0,0,0,0,0,-,-,NA,NA,LOS ANGELES,LOS ANGELES,-118.53609,34.23565945
6941323,2015,2015-07-14,1942,2015-05-17,0945,41852,1747,7,5,7,1942,0,0,0,Q,0,17A35,CHATSWORTH ST,BALBOA BL,0,NA,Y,A,-,N,NA,NA,NA,NA,NA,NA,NA,NA,NA,Y,4,0,1,2,A,-,09,21801,A,N,A,C,A,A,H,-,C,A,0,NA,NA,NA,NA,Y,NA,A,01,0,0,1,0,0,0,0,0,0,-,-,NA,NA,LOS ANGELES,LOS ANGELES,-118.50226005,34.26479004
6941327,2015,2015-07-13,1942,2015-05-16,0745,39701,1787,6,5,7,1942,0,0,0,Q,0,17T45,WHITE OAK AV,PLUMMER ST,0,NA,Y,A,-,N,NA,NA,NA,NA,NA,NA,NA,NA,NA,Y,3,0,2,2,A,-,12,22450,A,N,D,C,A,A,H,-,A,A,0,NA,NA,NA,NA,Y,NA,A,01,0,1,1,0,0,0,0,0,0,-,-,NA,NA,LOS ANGELES,LOS ANGELES,-118.51995013,34.24312004
6941331,2015,2015-07-13,1942,2015-05-06,1600,38827,1787,3,5,7,1942,0,0,0,Q,0,17A67,ZELZAH AV,NORDHOFF ST,0,N,N,A,-,N,NA,NA,NA,NA,NA,NA,NA,NA,NA,N,4,0,1,2,A,-,03,22350,NA,N,C,C,A,A,H,-,A,D,0,NA,NA,NA,NA,Y,NA,A,07,0,0,1,0,0,0,0,0,0,-,-,NA,NA,LOS ANGELES,LOS ANGELES,-118.52318007,34.23569007
6941335,2015,2015-07-13,1942,2015-05-12,1200,36153,1782,2,5,7,1942,0,0,0,Q,0,17TL12,NORDHOFF ST,CORBIN AV,0,NA,Y,A,-,N,NA,NA,NA,NA,NA,NA,NA,NA,NA,Y,4,0,2,2,A,-,09,21801,A,N,D,C,A,A,H,-,A,A,0,NA,NA,NA,NA,Y,NA,A,01,0,0,2,0,0,0,0,0,0,-,-,NA,NA,LOS ANGELES,LOS ANGELES,-118.56230004,34.23548004
6941339,2015,2015-07-13,1942,2015-05-18,2005,25907,1764,1,5,7,1942,0,0,0,Q,0,21T65,PLUMMER ST,TAMPA AV,255,W,N,A,-,N,NA,NA,NA,NA,NA,NA,NA,NA,NA,Y,2,0,2,2,A,-,05,21460,A,N,A,C,A,A,H,-,C,A,0,NA,NA,NA,NA,Y,NA,A,01,2,0,0,0,0,0,0,0,0,-,-,NA,NA,LOS ANGELES,LOS ANGELES,-118.55443231,34.24273
6941343,2015,2015-07-13,1942,2015-05-13,1315,39724,1787,3,5,7,1942,0,0,0,Q,0,19TL72,ZELZAH AV,KINZIE ST,0,NA,Y,B,-,N,NA,NA,NA,NA,NA,NA,NA,NA,NA,N,3,0,1,2,A,-,10,21950,A,N,G,B,B,A,H,-,A,D,0,Y,NA,NA,NA,Y,NA,A,01,0,1,0,0,1,0,0,0,0,-,-,NA,NA,LOS ANGELES,LOS ANGELES,-118.52332001,34.24858002
6941347,2015,2015-07-13,1942,2015-05-19,1000,39473,1738,2,5,7,1942,0,0,0,Q,0,17TL1,HASKELL AV,SAN FERNANDO MISSION BL,0,NA,Y,A,-,N,NA,NA,NA,NA,NA,NA,NA,NA,NA,Y,3,0,3,3,A,-,12,21453,A,N,A,C,A,A,H,-,A,A,0,NA,NA,NA,NA,Y,NA,A,01,0,1,2,0,0,0,0,0,0,-,-,NA,NA,LOS ANGELES,LOS ANGELES,-118.47597011,34.2718601
6941351,2015,2015-07-14,1942,2015-05-19,1635,38181,1782,2,5,7,1942,0,0,0,Q,0,19TL76,TAMPA AV,LONDELIUS ST,10,S,N,A,-,N,NA,NA,NA,NA,NA,NA,NA,NA,NA,Y,3,0,2,3,C,-,18,NA,NA,N,A,C,A,A,H,-,A,D,0,NA,NA,NA,NA,Y,NA,-,-,0,1,1,0,0,0,0,0,0,-,-,NA,NA,LOS ANGELES,LOS ANGELES,-118.55355,34.22985257
6941355,2015,2015-07-13,1942,2015-05-19,0715,37774,1739,2,5,7,1942,0,0,0,Q,0,19TL77,CHATSWORTH ST,AQUEDUCT AV,0,NA,Y,A,-,N,NA,NA,NA,NA,NA,NA,NA,NA,NA,Y,4,0,1,2,A,-,09,21802,A,N,D,C,A,A,H,-,A,D,0,NA,NA,NA,NA,Y,NA,A,01,0,0,1,0,0,0,0,0,0,-,-,NA,NA,LOS ANGELES,LOS ANGELES,-118.47392005,34.26457011
6941359,2015,2015-07-13,1942,2015-05-19,0900,37774,1764,2,5,7,1942,0,0,0,Q,0,19TL77,CORBIN AV,SUPERIOR ST,300,S,N,A,-,N,NA,NA,NA,NA,NA,NA,NA,NA,NA,N,3,0,1,3,A,-,03,22350,NA,N,C,C,A,A,H,-,A,D,0,NA,NA,NA,NA,Y,NA,A,07,0,1,0,0,0,0,0,0,0,-,-,NA,NA,LOS ANGELES,LOS ANGELES,-118.5623,34.24555704
6941360,2015,2015-07-13,1942,2015-05-14,1150,32372,1067,4,5,7,1942,0,0,0,J,0,35M49,VENTURA BL,ENCINO AV,150,E,N,B,C,N,NA,NA,NA,NA,NA,NA,NA,NA,NA,Y,3,0,1,2,A,-,09,21804,A,N,D,E,A,B,H,-,A,D,0,NA,NA,NA,NA,Y,NA,A,01,0,1,0,0,0,0,0,0,0,-,-,NA,NA,LOS ANGELES,LOS ANGELES,-118.51371198,34.16141126
6941362,2015,2015-07-01,1900,2015-05-11,1430,526024,2114,1,5,5,1943,0,0,0,NA,0,212T3,MARTIN LUTHER KING JR BL,ATLANTIC AV,39,W,N,A,-,N,NA,NA,NA,NA,NA,NA,NA,NA,NA,N,4,0,1,2,A,-,03,22350,NA,N,C,C,A,A,H,-,A,A,0,NA,NA,NA,NA,Y,NA,A,NA,0,0,1,0,0,0,0,0,0,-,-,NA,NA,LOS ANGELES,LYNWOOD,-118.18764019,33.92120739
6941363,2015,2017-10-02,1942,2015-05-14,1320,38835,1009,4,5,7,1942,0,0,0,J,0,19A93,ROSCOE BL,RT 405,0,NA,Y,C,-,Y,LA,7,405,-,-,43.916,R,4,S,Y,4,0,1,2,A,-,12,21453,A,N,D,C,A,B,H,-,A,A,0,NA,NA,NA,NA,Y,NA,-,-,0,0,1,0,0,0,0,0,0,-,SF,NA,NA,LOS ANGELES,LOS ANGELES,-118.4732977,34.22345176
6941366,2015,2015-07-01,1900,2015-05-11,1353,526024,2115,1,5,5,1943,0,0,0,NA,0,212T3,MARTIN LUTHER KING JR BL,DUNCAN AV,25,E,N,A,-,N,NA,NA,NA,NA,NA,NA,NA,NA,NA,Y,4,0,1,2,-,-,-,NA,NA,N,C,C,A,A,H,-,A,A,0,NA,NA,NA,NA,Y,NA,-,-,0,0,1,0,0,0,0,0,0,-,-,NA,NA,LOS ANGELES,LYNWOOD,-118.18468462,33.92034259
6941367,2015,2015-07-01,1942,2015-05-19,0735,33504,1008,2,5,7,1942,0,0,0,J,0,15T45,SHERMAN WY,HAVENHURST AV,0,NA,Y,A,-,N,NA,NA,NA,NA,NA,NA,NA,NA,NA,Y,4,0,1,2,A,-,09,21801,A,N,H,I,A,A,H,-,A,A,0,NA,NA,NA,NA,Y,NA,A,01,0,0,1,0,0,0,0,0,0,-,-,NA,NA,LOS ANGELES,LOS ANGELES,-118.49241012,34.20123002
6941370,2015,2015-07-01,1900,2015-05-10,2040,526024,2116,7,5,5,1943,0,0,0,NA,0,212T3,LYNWOOD RD,ALAMEDA ST,0,NA,Y,A,-,N,NA,NA,NA,NA,NA,NA,NA,NA,NA,Y,4,0,1,1,A,-,03,22350,NA,N,A,I,A,A,H,-,C,D,0,NA,NA,NA,NA,Y,NA,-,NA,0,0,1,0,0,0,0,0,0,-,-,NA,NA,LOS ANGELES,LYNWOOD,-118.22458009,33.92589012
6941371,2015,2015-07-01,1942,2015-05-19,0840,39085,1008,2,5,7,1942,0,0,0,J,0,17TL17,WOODLEY AV,RAYMER ST,63,N,N,A,-,N,NA,NA,NA,NA,NA,NA,NA,NA,NA,Y,4,0,3,4,A,-,04,21703,NA,N,C,C,A,A,H,-,A,D,0,NA,NA,NA,NA,Y,NA,A,01,0,0,3,0,0,0,0,0,0,-,-,NA,NA,LOS ANGELES,LOS ANGELES,-118.4837,34.21790281
6941374,2015,2015-07-01,1900,2015-05-07,1930,467715,2116,4,5,5,1943,0,0,0,NA,0,212E1,LONG BEACH BL,EUCLID AV,0,NA,Y,A,-,N,NA,NA,NA,NA,NA,NA,NA,NA,NA,N,2,0,3,2,A,-,01,23152,A,F,D,C,A,A,H,-,B,A,0,NA,NA,NA,NA,Y,Y,D,NA,2,0,1,0,0,0,0,0,0,-,-,NA,NA,LOS ANGELES,LYNWOOD,-118.20912007,33.91267002
6941378,2015,2015-06-30,1900,2015-05-07,1750,480375,2118,4,5,5,1943,0,0,0,NA,0,212E2,ATLANTIC AV,FERNWOOD AV,0,NA,Y,A,-,N,NA,NA,NA,NA,NA,NA,NA,NA,NA,N,4,0,5,3,A,-,09,21801,A,N,D,C,A,A,H,-,A,A,0,NA,NA,NA,NA,Y,NA,A,07,0,0,5,0,0,0,0,0,0,-,-,NA,NA,LOS ANGELES,LYNWOOD,-118.18940002,33.91664003
6941379,2015,2015-07-01,1942,2015-05-21,1055,37080,1039,4,5,7,1942,0,0,0,J,0,21TL61,VANOWEN ST,WOODLEY AV,54,W,N,B,-,N,NA,NA,NA,NA,NA,NA,NA,NA,NA,Y,3,0,2,2,A,-,09,21804,A,N,D,C,A,A,H,-,A,D,0,NA,NA,NA,NA,Y,NA,A,01,0,1,1,0,0,0,0,0,0,-,-,NA,NA,LOS ANGELES,LOS ANGELES,-118.48383826,34.19391
6941381,2015,2015-07-01,1942,2015-05-21,0045,40065,1581,4,5,7,1942,0,0,0,O,0,21T61,LAUREL CANYON,MOORPARK,0,NA,Y,A,-,N,NA,NA,NA,NA,NA,NA,NA,NA,NA,N,3,0,1,2,A,-,12,21453,A,N,D,G,A,A,H,-,C,A,0,NA,Y,NA,NA,Y,Y,L,04,0,1,0,0,0,0,1,0,0,-,-,NA,NA,LOS ANGELES,LOS ANGELES,-118.39649003,34.15038006
6941382,2015,2015-06-30,1900,2015-05-01,2028,441896,2112,5,5,5,1943,0,0,0,NA,0,212T2,TWEEDY BL,STATE ST,0,NA,Y,A,-,N,NA,NA,NA,NA,NA,NA,NA,NA,NA,N,4,0,2,2,A,-,09,21801,A,N,A,C,A,A,H,-,C,A,0,NA,NA,NA,NA,Y,NA,A,01,0,0,2,0,0,0,0,0,0,-,-,NA,NA,LOS ANGELES,LYNWOOD,-118.21362011,33.94507007
6941383,2015,2015-07-08,1942,2015-05-13,1000,37902,1027,3,5,7,1942,0,0,0,J,0,10A21,VANOWEN ST,BALBOA BL,25,W,N,A,-,N,NA,NA,NA,NA,NA,NA,NA,NA,NA,N,4,0,1,2,A,-,03,22350,NA,N,C,C,A,A,H,-,A,A,0,NA,NA,NA,NA,Y,NA,A,01,0,0,1,0,0,0,0,0,0,-,-,NA,NA,LOS ANGELES,LOS ANGELES,-118.5012025,34.19389817
6941385,2015,2015-07-01,1942,2015-05-19,1950,34332,1601,2,5,7,1942,0,0,0,P,0,16T25,ARROYO ST,FOOTHILL BL,0,NA,Y,A,-,N,NA,NA,NA,NA,NA,NA,NA,NA,NA,Y,3,0,3,2,A,-,01,23152,A,N,D,C,A,A,H,-,C,A,0,NA,NA,NA,NA,Y,Y,A,01,0,2,1,0,0,0,0,0,0,-,-,NA,NA,LOS ANGELES,LOS ANGELES,-118.41442013,34.29278009
6941386,2015,2015-06-30,1902,2015-05-07,1211,623,32,4,5,5,1902,0,0,0,NA,0,005,SANTA ANITA AV,RODELL PL,33,N,N,B,-,N,NA,NA,NA,NA,NA,NA,NA,NA,NA,N,4,0,1,2,A,-,03,22350,NA,N,C,C,A,A,H,-,A,D,0,NA,NA,NA,NA,Y,NA,-,NA,0,0,1,0,0,0,0,0,0,-,-,NA,NA,LOS ANGELES,ARCADIA,-118.03096,34.11120048
6941389,2015,2015-07-01,1942,2015-05-14,0840,36257,1559,4,5,7,1942,0,0,0,O,0,15T45,MAGNOLIA BL,CAHUENGA BL,12,E,N,B,-,N,NA,NA,NA,NA,NA,NA,NA,NA,NA,N,4,0,1,2,A,-,11,21456,B,N,H,J,-,A,H,-,A,A,0,Y,NA,Y,NA,Y,NA,N,60,0,0,1,0,0,0,0,0,1,-,-,NA,NA,LOS ANGELES,LOS ANGELES,-118.36150041,34.1649
6941390,2015,2015-06-30,1902,2015-05-09,1304,697,14,6,5,5,1902,0,0,0,NA,0,002,2ND AV,CALIFORNIA ST,61,N,N,B,-,N,NA,NA,NA,NA,NA,NA,NA,NA,NA,N,2,0,1,1,A,-,03,22350,NA,N,A,I,A,A,H,-,A,A,0,NA,NA,NA,NA,Y,NA,-,NA,1,0,0,0,0,0,0,0,0,-,-,NA,NA,LOS ANGELES,ARCADIA,-118.02515452,34.13697721
6941391,2015,2015-07-07,1942,2015-05-13,1800,38412,RD101,3,5,7,1942,0,0,0,NA,0,10X12,LINDLEY AV,VALERIO ST,2,N,N,A,-,N,NA,NA,NA,NA,NA,NA,NA,NA,NA,Y,4,0,1,2,A,-,09,21453,B,N,D,C,A,A,H,-,A,A,0,NA,NA,NA,NA,Y,NA,A,01,0,0,1,0,0,0,0,0,0,-,-,NA,NA,LOS ANGELES,LOS ANGELES,-118.52731,34.20476549
6941393,2015,2015-07-01,1942,2015-05-14,0740,39701,1512,4,5,7,1942,0,0,0,O,0,17T15,WELBY WY,GOODLAND AV,0,NA,Y,A,-,N,NA,NA,NA,NA,NA,NA,NA,NA,NA,Y,4,0,1,2,A,-,12,22450,A,N,D,C,A,A,H,-,A,A,0,NA,NA,NA,NA,Y,NA,A,01,0,0,1,0,0,0,0,0,0,-,-,NA,NA,LOS ANGELES,LOS ANGELES,-118.41193012,34.19309007
6941394,2015,2015-06-30,1902,2015-05-05,1612,699,34,2,5,5,1902,0,0,0,NA,0,005,LAS TUNAS DR,HOLLY AV,0,NA,Y,-,-,N,NA,NA,NA,NA,NA,NA,NA,NA,NA,Y,3,0,5,2,A,-,12,21453,A,N,D,C,A,A,H,-,A,A,0,NA,NA,NA,NA,Y,NA,A,01,0,1,4,0,0,0,0,0,0,-,-,NA,NA,LOS ANGELES,ARCADIA,-118.04548001,34.10768004
6941395,2015,2015-07-01,1942,2015-05-08,1815,36153,1039,5,5,7,1942,0,0,0,J,0,17TL12,VANOWEN ST,DENSMORE AV,0,NA,Y,B,-,N,NA,NA,NA,NA,NA,NA,NA,NA,NA,N,4,0,2,2,A,-,09,21802,A,N,D,C,A,A,H,-,A,D,0,NA,NA,NA,NA,Y,NA,A,01,0,0,2,0,0,0,0,0,0,-,-,NA,NA,LOS ANGELES,LOS ANGELES,-118.47723008,34.19392009
6941397,2015,2015-07-01,1942,2015-05-01,2250,36336,1567,5,5,7,1942,0,0,0,O,0,15T45,RIVERSIDE DR,LANKERSHIM BL,0,NA,Y,A,-,N,NA,NA,NA,NA,NA,NA,NA,NA,NA,N,4,0,1,2,A,-,06,21754,NA,N,D,G,A,A,H,-,C,D,0,NA,Y,NA,NA,Y,NA,L,04,0,0,1,0,0,0,1,0,0,-,-,NA,NA,LOS ANGELES,LOS ANGELES,-118.36701013,34.15227001
6941399,2015,2015-07-01,1942,2015-05-15,0730,41239,1049,5,5,7,1942,0,0,0,J,0,10TL39,VICTORY BL,WOODLEY AV,200,W,N,C,-,N,NA,NA,NA,NA,NA,NA,NA,NA,NA,Y,4,0,1,3,A,-,03,22350,NA,N,C,C,A,B,H,-,A,D,0,NA,NA,NA,NA,Y,NA,A,07,0,0,1,0,0,0,0,0,0,-,-,NA,NA,LOS ANGELES,LOS ANGELES,-118.48431015,34.18662
6941401,2015,2015-07-01,1942,2015-05-17,1615,36153,1555,7,5,7,1942,0,0,0,O,0,17TL12,MAGNOLIA ST,LANKERSHIM BL,185,W,N,A,-,N,NA,NA,NA,NA,NA,NA,NA,NA,NA,Y,3,0,1,2,A,-,08,22107,NA,N,B,C,A,A,H,-,A,D,0,NA,NA,NA,NA,Y,NA,-,NA,0,1,0,0,0,0,0,0,0,-,-,NA,NA,LOS ANGELES,LOS ANGELES,-118.37525994,34.1649202
6941403,2015,2015-07-01,1942,2015-05-12,1755,38833,1031,2,5,7,1942,0,0,0,J,0,21X56,VICTORY BL,CORBIN AV,37,E,N,A,-,N,NA,NA,NA,NA,NA,NA,NA,NA,NA,N,3,0,4,4,A,-,03,22350,NA,N,C,C,A,A,-,-,A,D,0,NA,NA,NA,NA,Y,NA,A,01,0,1,3,0,0,0,0,0,0,-,-,NA,NA,LOS ANGELES,LOS ANGELES,-118.5620879,34.18657761
6941405,2015,2015-07-01,1942,2015-05-16,1520,39192,1557,6,5,7,1942,0,0,0,O,0,15TL46,HESBY ST,VINELAND AV,0,NA,Y,A,-,N,NA,NA,NA,NA,NA,NA,NA,NA,NA,Y,4,0,1,2,A,-,09,21802,A,N,D,C,A,A,H,-,A,D,0,NA,NA,NA,NA,Y,NA,A,07,0,0,1,0,0,0,0,0,0,-,-,NA,NA,LOS ANGELES,LOS ANGELES,-118.37045007,34.16201001
6941407,2015,2015-07-01,1942,2015-05-15,1745,41233,1044,5,5,7,1942,0,0,0,J,0,10E4,RESEDA BL,HATTERAS AV,297,N,N,A,-,N,NA,NA,NA,NA,NA,NA,NA,NA,NA,Y,4,0,1,2,A,-,04,21703,NA,N,C,C,A,A,H,-,A,A,0,NA,NA,NA,NA,Y,NA,A,01,0,0,1,0,0,0,0,0,0,-,-,NA,NA,LOS ANGELES,LOS ANGELES,-118.53602,34.17826472
6941409,2015,2015-07-01,1942,2015-05-14,1340,36171,1506,4,5,7,1942,0,0,0,O,0,NA,SHERMAN WAY,VINELAND,5,W,N,B,C,N,NA,NA,NA,NA,NA,NA,NA,NA,NA,N,4,0,1,2,A,-,00,20015,NA,N,C,C,A,B,H,-,A,A,0,NA,NA,NA,NA,Y,NA,-,-,0,0,1,0,0,0,0,0,0,-,-,NA,NA,LOS ANGELES,LOS ANGELES,-118.3703365,34.20118
6941411,2015,2015-07-01,1942,2015-05-21,1525,38356,1037,4,5,7,1942,0,0,0,J,0,16TL26,VICTORY BL,ENCINO AV,0,NA,Y,B,-,N,NA,NA,NA,NA,NA,NA,NA,NA,NA,Y,4,0,3,2,A,-,09,21804,A,N,D,C,A,A,H,-,A,A,0,NA,NA,NA,NA,Y,NA,A,01,0,0,3,0,0,0,0,0,0,-,-,NA,NA,LOS ANGELES,LOS ANGELES,-118.51425011,34.18680009
6941413,2015,2015-07-01,1942,2015-05-21,0010,37353,1555,4,5,7,1942,0,0,0,O,0,19T75,VINELAND AV,CAMARILLO ST,0,NA,Y,A,-,N,NA,NA,NA,NA,NA,NA,NA,NA,NA,Y,4,0,2,2,D,-,00,NA,NA,N,C,C,A,A,H,-,C,A,0,NA,NA,NA,NA,Y,NA,-,-,0,0,2,0,0,0,0,0,0,-,-,NA,NA,LOS ANGELES,LOS ANGELES,-118.37046013,34.15766011
6941415,2015,2015-07-01,1942,2015-05-21,1340,40811,1089,4,5,7,1942,0,0,0,J,0,15T44,VENTURA BL,GLORIA AV,151,E,N,A,-,N,NA,NA,NA,NA,NA,NA,NA,NA,NA,N,4,0,2,4,A,-,03,22350,NA,N,C,-,A,A,H,-,A,D,0,NA,NA,NA,NA,Y,NA,A,01,0,0,2,0,0,0,0,0,0,-,-,NA,NA,LOS ANGELES,LOS ANGELES,-118.47878872,34.15569105
6941417,2015,2015-07-01,1942,2015-05-22,0135,39479,1785,5,5,7,1942,0,0,0,Q,0,16T23,RAVEN ST,WILBUR AV,0,NA,N,A,-,N,NA,NA,NA,NA,NA,NA,NA,NA,NA,N,4,0,1,2,A,-,04,21703,NA,F,C,E,A,A,H,-,C,D,0,NA,NA,NA,NA,Y,NA,A,01,0,0,1,0,0,0,0,0,0,-,-,NA,NA,LOS ANGELES,LOS ANGELES,-118.54485,34.23185
6941421,2015,2015-07-01,1942,2015-05-17,1550,38285,1567,7,5,7,1942,0,0,0,O,0,17TL14,RIVERSIDE DR,LANKERSHIM BL,0,NA,Y,A,-,N,NA,NA,NA,NA,NA,NA,NA,NA,NA,Y,3,0,2,2,A,-,09,21801,A,N,A,C,A,A,H,-,A,A,0,NA,NA,NA,NA,Y,NA,A,01,0,1,1,0,0,0,0,0,0,-,-,NA,NA,LOS ANGELES,LOS ANGELES,-118.36701013,34.15227001
6941424,2015,2015-06-30,1920,2015-05-03,1557,10705,NA,7,5,6,1920,0,0,0,NA,0,001,BELLFLOWER BL,WASHBURN RD,0,NA,Y,A,-,N,NA,NA,NA,NA,NA,NA,NA,NA,NA,Y,3,0,1,2,A,-,09,21801,A,F,D,C,A,A,H,-,A,A,0,NA,NA,NA,NA,Y,NA,-,NA,0,1,0,0,0,0,0,0,0,-,-,NA,NA,LOS ANGELES,DOWNEY,-118.12543009,33.92429001
6941432,2015,2015-07-01,1920,2015-05-01,0841,11992,1920,5,5,6,1920,0,0,0,NA,0,005,WOODRUFF AV,FIRESTONE BL,210,N,N,A,-,N,NA,NA,NA,NA,NA,NA,NA,NA,NA,Y,3,0,4,2,A,-,08,22107,NA,N,B,C,A,A,H,-,A,D,0,NA,NA,NA,NA,Y,NA,A,01,0,1,3,0,0,0,0,0,0,-,-,NA,NA,LOS ANGELES,DOWNEY,-118.11750836,33.93291956
6941437,2015,2015-07-01,1956,2015-05-13,1047,1257,45,3,5,5,1956,0,0,0,NA,0,003,190TH ST,MARY ANN DR,64,W,N,B,-,N,NA,NA,NA,NA,NA,NA,NA,NA,NA,Y,4,0,1,2,A,-,08,22102,NA,N,D,C,A,A,H,-,A,D,0,NA,NA,NA,NA,Y,NA,A,07,0,0,1,0,0,0,0,0,0,-,-,NA,NA,LOS ANGELES,REDONDO BEACH,-118.36738032,33.85826487
6941444,2015,2015-06-08,1920,2015-04-27,1711,12035,NA,1,5,6,1920,0,0,0,NA,0,001,IMPERIAL HWY,WOODRUFF AV,100,W,N,A,-,N,NA,NA,NA,NA,NA,NA,NA,NA,NA,N,4,0,1,2,A,-,21,22106,NA,N,C,C,A,A,H,-,A,D,0,NA,NA,NA,NA,Y,NA,A,07,0,0,1,0,0,0,0,0,0,-,-,NA,NA,LOS ANGELES,DOWNEY,-118.11719834,33.91686772
6941448,2015,2015-06-08,1920,2015-04-27,1637,12035,NA,1,5,6,1920,0,0,0,NA,0,NA,FIRESTONE BL,LAKEWOOD BL,80,W,N,A,-,N,NA,NA,NA,NA,NA,NA,NA,NA,NA,N,4,0,1,2,A,-,03,22350,NA,N,D,G,A,A,H,-,A,D,0,NA,Y,NA,NA,Y,NA,L,04,0,0,1,0,0,0,1,0,0,-,-,NA,NA,LOS ANGELES,DOWNEY,-118.12424835,33.93563907