CASE_ID,ACCIDENT_YEAR,PROC_DATE,JURIS,COLLISION_DATE,COLLISION_TIME,OFFICER_ID,REPORTING_DISTRICT,DAY_OF_WEEK,CHP_SHIFT,POPULATION,CNTY_CITY_LOC,SPECIAL_COND,BEAT_TYPE,CHP_BEAT_TYPE,CITY_DIVISION_LAPD,CHP_BEAT_CLASS,BEAT_NUMBER,PRIMARY_RD,SECONDARY_RD,DISTANCE,DIRECTION,INTERSECTION,WEATHER_1,WEATHER_2,STATE_HWY_IND,CALTRANS_COUNTY,CALTRANS_DISTRICT,STATE_ROUTE,ROUTE_SUFFIX,POSTMILE_PREFIX,POSTMILE,LOCATION_TYPE,RAMP_INTERSECTION,SIDE_OF_HWY,TOW_AWAY,COLLISION_SEVERITY,NUMBER_KILLED,NUMBER_INJURED,PARTY_COUNT,PRIMARY_COLL_FACTOR,PCF_CODE_OF_VIOL,PCF_VIOL_CATEGORY,PCF_VIOLATION,PCF_VIOL_SUBSECTION,HIT_AND_RUN,TYPE_OF_COLLISION,MVIW,PED_ACTION,ROAD_SURFACE,ROAD_COND_1,ROAD_COND_2,LIGHTING,CONTROL_DEVICE,CHP_ROAD_TYPE,PEDESTRIAN_ACCIDENT,BICYCLE_ACCIDENT,MOTORCYCLE_ACCIDENT,TRUCK_ACCIDENT,NOT_PRIVATE_PROPERTY,ALCOHOL_INVOLVED,STWD_VEHTYPE_AT_FAULT,CHP_VEHTYPE_AT_FAULT,COUNT_SEVERE_INJ,COUNT_VISIBLE_INJ,COUNT_COMPLAINT_PAIN,COUNT_PED_KILLED,COUNT_PED_INJURED,COUNT_BICYCLIST_KILLED,COUNT_BICYCLIST_INJURED,COUNT_MC_KILLED,COUNT_MC_INJURED,PRIMARY_RAMP,SECONDARY_RAMP,LATITUDE,LONGITUDE,COUNTY,CITY,POINT_X,POINT_Y
6943644,2015,2015-06-27,1942,2015-05-28,0019,39028,0379,4,5,7,1942,0,0,0,C,0,3T5,VERMONT AV,EXPOSITION BL,26,N,N,A,-,N,NA,NA,NA,NA,NA,NA,NA,NA,NA,N,4,0,1,2,A,-,03,22350,NA,F,C,C,A,A,H,-,C,A,0,NA,NA,NA,NA,Y,NA,-,99,0,0,1,0,0,0,0,0,0,-,-,NA,NA,LOS ANGELES,LOS ANGELES,-118.29153,34.01842131
6943646,2015,2015-07-14,1942,2015-05-29,1640,41775,1981,5,5,7,1942,0,0,0,NA,0,19A93,ROSCOE BL,LANGDON AV,5,E,N,A,-,N,NA,NA,NA,NA,NA,NA,NA,NA,NA,N,4,0,1,2,A,-,04,21703,NA,F,C,C,A,A,H,-,A,A,0,NA,NA,NA,NA,Y,Y,-,99,0,0,1,0,0,0,0,0,0,-,-,NA,NA,LOS ANGELES,LOS ANGELES,-118.46991349,34.22139
6943647,2015,2015-07-22,1965,2015-05-28,1813,3407,OB1F,4,5,5,1965,0,0,0,NA,0,B001,MAIN ST,PIER AV,0,NA,Y,A,-,N,NA,NA,NA,NA,NA,NA,NA,NA,NA,N,4,0,1,2,A,-,10,21950,A,N,G,B,B,A,H,-,A,D,0,Y,NA,NA,NA,Y,NA,-,NA,0,0,1,0,1,0,0,0,0,-,-,NA,NA,LOS ANGELES,SANTA MONICA,-118.48011011,33.99853004
6943648,2015,2015-06-27,1942,2015-05-25,1430,40463,0301,1,5,7,1942,0,0,0,C,0,12T73W,ADAMS,HAUSER,5,W,N,A,-,N,NA,NA,NA,NA,NA,NA,NA,NA,NA,N,4,0,1,2,A,-,03,22350,NA,N,B,C,A,A,H,-,A,A,0,NA,NA,NA,NA,Y,NA,A,01,0,0,1,0,0,0,0,0,0,-,-,NA,NA,LOS ANGELES,LOS ANGELES,-118.36266647,34.03246968
6943650,2015,2015-06-26,1942,2015-05-26,0228,40974,2137,2,5,7,1942,0,0,0,NA,0,21A73,DESOTO,SATICOY,0,NA,Y,A,-,N,NA,NA,NA,NA,NA,NA,NA,NA,NA,Y,4,0,2,2,A,-,12,21453,A,F,A,C,A,A,H,-,C,A,0,NA,NA,NA,NA,Y,NA,-,99,0,0,2,0,0,0,0,0,0,-,-,NA,NA,LOS ANGELES,LOS ANGELES,-118.58848007,34.2083301
6943651,2015,2015-06-27,1965,2015-05-18,1035,3693,0B2A,1,5,5,1965,0,0,0,NA,0,B002,LINCOLN BL,GRANT ST,173,N,N,A,-,N,NA,NA,NA,NA,NA,NA,NA,NA,NA,N,4,0,1,2,A,-,09,21802,A,N,D,C,A,A,H,-,A,D,0,NA,NA,NA,NA,Y,NA,A,07,0,0,1,0,0,0,0,0,0,-,-,NA,NA,LOS ANGELES,SANTA MONICA,-118.48169788,34.0112714
6943652,2015,2015-06-27,1942,2015-05-23,0015,41056,0374,6,5,7,1942,0,0,0,C,0,12T41,39TH ST,2ND AV,0,NA,Y,A,-,N,NA,NA,NA,NA,NA,NA,NA,NA,NA,Y,2,0,6,2,A,-,03,22350,NA,N,D,C,A,A,H,-,C,D,0,NA,NA,NA,NA,Y,NA,A,01,1,1,4,0,0,0,0,0,0,-,-,NA,NA,LOS ANGELES,LOS ANGELES,-118.31931006,34.01457001
6943654,2015,2015-06-26,1942,2015-05-28,1045,32781,1527,4,5,7,1942,0,0,0,O,0,15A39,VICTORY BL,VINELAND AV,0,NA,Y,A,-,N,NA,NA,NA,NA,NA,NA,NA,NA,NA,N,4,0,1,2,A,-,09,21801,NA,F,D,C,A,A,H,-,A,A,0,NA,NA,NA,NA,Y,NA,A,01,0,0,1,0,0,0,0,0,0,-,-,NA,NA,LOS ANGELES,LOS ANGELES,-118.3703101,34.18669004
6943655,2015,2015-06-27,9530,2015-05-22,2023,020732,NA,5,2,9,1900,0,3,5,NA,2,006,TORRANCE BL,NEW HAMPSHIRE AV,24,W,N,A,-,N,NA,NA,NA,NA,NA,NA,NA,NA,NA,N,4,0,1,2,A,-,11,21954,NA,N,D,B,D,A,H,-,C,D,0,Y,NA,NA,NA,Y,NA,N,60,0,0,1,0,1,0,0,0,0,-,-,33.842,-118.292,LOS ANGELES,UNINCORPORATED,-118.29216888,33.842
6943656,2015,2015-06-27,1942,2015-05-31,0700,40700,0376,7,5,7,1942,0,0,0,C,0,18T23,NORMANDIE AV,MLK,140,N,N,B,-,N,NA,NA,NA,NA,NA,NA,NA,NA,NA,N,2,0,1,2,A,-,11,21954,A,N,G,B,D,A,H,-,A,D,0,Y,NA,NA,NA,Y,NA,N,60,1,0,0,0,1,0,0,0,0,-,-,NA,NA,LOS ANGELES,LOS ANGELES,-118.30018,34.01125396
6943658,2015,2015-06-26,1942,2015-05-25,2330,39633,2134,1,5,7,1942,0,0,0,NA,0,21A2,TOPANGA CANYON,SHERMAN WY,0,NA,Y,A,-,N,NA,NA,NA,NA,NA,NA,NA,NA,NA,N,3,0,1,2,A,-,10,21950,NA,F,G,B,B,A,H,-,C,A,0,Y,NA,NA,NA,Y,NA,-,99,0,1,0,0,1,0,0,0,0,-,-,NA,NA,LOS ANGELES,LOS ANGELES,-118.60596006,34.2010201
6943659,2015,2015-06-27,9530,2015-05-24,0210,020483,NA,7,3,9,1900,0,3,5,NA,2,002,REDONDO BEACH BL,AVALON BL,300,E,N,A,-,N,NA,NA,NA,NA,NA,NA,NA,NA,NA,Y,4,0,2,2,A,-,07,21658,A,N,B,C,A,A,H,-,C,D,0,NA,NA,NA,NA,Y,NA,A,01,0,0,2,0,0,0,0,0,0,-,-,33.8934,-118.2654,LOS ANGELES,UNINCORPORATED,-118.26441379,33.89324127
6943660,2015,2015-06-27,1942,2015-05-23,1440,35393,0333,6,5,7,1942,0,0,0,C,0,12T41,BUCKINGHAM RD,W 28TH ST,0,NA,Y,A,-,N,NA,NA,NA,NA,NA,NA,NA,NA,NA,N,4,0,2,2,A,-,12,22450,A,N,D,C,A,A,H,-,A,A,0,NA,NA,NA,NA,Y,NA,A,01,0,0,2,0,0,0,0,0,0,-,-,NA,NA,LOS ANGELES,LOS ANGELES,-118.34055011,34.03111001
6943662,2015,2015-06-26,1942,2015-05-27,0740,39633,2128,3,5,7,1942,0,0,0,NA,0,21XL44,OSO AV,KESWICK ST,120,S,N,A,-,N,NA,NA,NA,NA,NA,NA,NA,NA,NA,N,4,0,1,2,-,-,-,NA,NA,M,D,C,A,A,H,-,A,D,0,NA,NA,NA,NA,Y,NA,-,-,0,0,1,0,0,0,0,0,0,-,-,NA,NA,LOS ANGELES,LOS ANGELES,-118.57537,34.20924081
6943663,2015,2016-11-03,9530,2015-05-23,1300,020446,NA,6,1,7,1942,0,1,1,NA,2,110,RT 110,IMPERIAL HWY,320,N,N,A,-,Y,LA,7,110,-,-,14.16,H,-,N,Y,4,0,3,2,A,-,03,22350,NA,N,C,C,A,A,H,-,A,D,1,NA,NA,NA,NA,Y,NA,A,01,0,0,3,0,0,0,0,0,0,-,-,33.93376,-118.2799,LOS ANGELES,LOS ANGELES,-118.27983137,33.93376741
6943666,2015,2015-07-09,1942,2015-05-22,1800,38196,1039,5,5,7,1942,0,0,0,J,0,21C4,VICTORY BL,WHITMAN,0,NA,N,A,-,N,NA,NA,NA,NA,NA,NA,NA,NA,NA,Y,3,0,2,2,A,-,03,22350,NA,N,C,-,A,A,H,-,A,D,0,NA,NA,NA,NA,Y,NA,A,01,0,1,1,0,0,0,0,0,0,-,-,NA,NA,LOS ANGELES,LOS ANGELES,-118.4765101,34.18664002
6943667,2015,2015-06-27,1965,2015-05-08,0806,3178,B3A,5,5,5,1965,0,0,0,NA,0,B003,26TH ST,ARIZONA AV,259,S,N,B,-,N,NA,NA,NA,NA,NA,NA,NA,NA,NA,Y,4,0,1,2,A,-,08,21460,5,N,D,C,A,A,H,-,A,D,0,NA,NA,NA,NA,Y,NA,A,07,0,0,1,0,0,0,0,0,0,-,-,NA,NA,LOS ANGELES,SANTA MONICA,-118.47528573,34.03414023
6943668,2015,2015-06-27,1942,2015-05-24,1500,40869,0524,7,5,7,1942,0,0,0,E,0,5TL21,ANAHEIM ST,KING AV,8,W,N,A,-,N,NA,NA,NA,NA,NA,NA,NA,NA,NA,N,2,0,1,2,A,-,10,21950,A,N,G,B,B,A,H,-,A,A,0,Y,NA,NA,NA,Y,NA,A,01,1,0,0,0,1,0,0,0,0,-,-,NA,NA,LOS ANGELES,LOS ANGELES,-118.27553622,33.7792586
6943670,2015,2015-06-26,1942,2015-05-31,0820,38996,1003,7,5,7,1942,0,0,0,J,0,10TL39,ROSCOE BL,RESEDA BL,0,NA,Y,A,-,N,NA,NA,NA,NA,NA,NA,NA,NA,NA,Y,3,0,3,2,A,-,09,21801,A,N,A,C,A,A,H,-,A,A,0,NA,NA,NA,NA,Y,NA,A,01,0,2,1,0,0,0,0,0,0,-,-,NA,NA,LOS ANGELES,LOS ANGELES,-118.53608004,34.22075004
6943671,2015,2015-06-27,1965,2015-05-23,1200,3764,0B3F,6,5,5,1965,0,0,0,NA,0,B003,COLORADO AV,26TH ST,0,NA,Y,A,-,N,NA,NA,NA,NA,NA,NA,NA,NA,NA,Y,3,0,2,2,A,-,12,21453,A,N,D,C,A,A,H,-,A,A,0,NA,NA,NA,NA,Y,NA,A,01,0,2,0,0,0,0,0,0,0,-,-,NA,NA,LOS ANGELES,SANTA MONICA,-118.47122009,34.03063006
6943672,2015,2015-06-27,1942,2015-05-24,1750,40697,0391,7,5,7,1942,0,0,0,C,0,13T73,LA BREA AV,COLISEUM ST,1000,S,N,A,-,N,NA,NA,NA,NA,NA,NA,NA,NA,NA,Y,4,0,1,2,A,-,01,23152,A,N,C,C,A,A,H,-,A,D,0,NA,NA,NA,NA,Y,Y,A,01,0,0,1,0,0,0,0,0,0,-,-,NA,NA,LOS ANGELES,LOS ANGELES,-118.35562849,34.01557526
6943674,2015,2015-06-29,1942,2015-05-29,0750,38996,1049,5,5,7,1942,0,0,0,J,0,10TL39,BURBANK BL,HAYVENHURST AV,0,NA,Y,A,-,N,NA,NA,NA,NA,NA,NA,NA,NA,NA,Y,2,0,3,3,A,-,08,22101,D,N,A,C,A,A,C,-,A,A,0,NA,NA,NA,NA,Y,NA,A,07,2,1,0,0,0,0,0,0,0,-,-,NA,NA,LOS ANGELES,LOS ANGELES,-118.49235011,34.1671201
6943675,2015,2015-06-27,1965,2015-05-16,1225,3566,0B4F,6,5,5,1965,0,0,0,NA,0,B004,HARVARD ST,MONTANA AV,0,NA,Y,A,-,N,NA,NA,NA,NA,NA,NA,NA,NA,NA,Y,4,0,1,2,A,-,09,21802,A,N,D,C,A,A,H,-,A,A,0,NA,NA,Y,NA,Y,NA,A,01,0,0,1,0,0,0,0,0,1,-,-,NA,NA,LOS ANGELES,SANTA MONICA,-118.48192013,34.04295009
6943676,2015,2015-06-27,1942,2015-05-23,2110,38707,0394,6,5,7,1942,0,0,0,C,0,3T5,VERNON AV,5TH AV,0,W,N,A,-,N,NA,NA,NA,NA,NA,NA,NA,NA,NA,N,4,0,1,3,A,-,03,22350,NA,F,C,C,A,A,H,-,C,A,0,NA,NA,NA,NA,Y,NA,-,99,0,0,1,0,0,0,0,0,0,-,-,NA,NA,LOS ANGELES,LOS ANGELES,-118.47202003,33.99578008
6943678,2015,2016-06-02,1942,2015-05-23,1740,36801,1555,6,5,7,1942,0,0,0,O,0,15A3,OTSEGO ST,LANKERSHIM BL,0,NA,Y,A,-,N,NA,NA,NA,NA,NA,NA,NA,NA,NA,N,4,0,1,2,A,-,10,21950,A,F,G,B,B,A,H,-,A,A,0,Y,NA,NA,NA,Y,NA,-,99,0,0,1,0,1,0,0,0,0,-,-,NA,NA,LOS ANGELES,LOS ANGELES,-118.37351011,34.16299011
6943679,2015,2015-06-27,1965,2015-05-27,1529,3325,0B3C,3,5,5,1965,0,0,0,NA,0,003,11TH ST,COLORADO BL,193,S,N,A,-,N,NA,NA,NA,NA,NA,NA,NA,NA,NA,N,3,0,1,2,A,-,08,22107,NA,N,D,G,A,A,H,-,A,D,0,NA,Y,NA,NA,Y,NA,L,04,0,1,0,0,0,0,1,0,0,-,-,NA,NA,LOS ANGELES,SANTA MONICA,-118.48502664,34.01877058
6943680,2015,2016-04-08,1942,2015-05-16,1805,41660,RD315,6,5,7,1942,0,0,0,NA,0,3A34,WESTERN AV,ADAMS BL,100,N,N,A,-,N,NA,NA,NA,NA,NA,NA,NA,NA,NA,N,4,0,1,2,A,-,04,21703,NA,F,C,C,A,A,H,-,A,A,0,NA,NA,NA,NA,Y,NA,-,NA,0,0,1,0,0,0,0,0,0,-,-,NA,NA,LOS ANGELES,LOS ANGELES,-118.30898,34.03297426
6943844,2015,2015-07-07,1944,2015-05-11,0012,347,NA,1,5,4,1944,0,0,0,NA,0,004,AVIATION BL,MARINE AV,35,N,N,A,-,N,NA,NA,NA,NA,NA,NA,NA,NA,NA,Y,4,0,1,2,A,-,01,23152,A,N,C,C,A,A,H,-,C,A,0,NA,NA,NA,NA,Y,Y,A,01,0,0,1,0,0,0,0,0,0,-,-,NA,NA,LOS ANGELES,MANHATTAN BEACH,-118.37870815,33.89473599
6943852,2015,2016-11-05,1923,2015-05-21,2053,509,116,4,5,3,1923,0,0,0,NA,0,3L3S,ROSECRANS AV,SEPULVEDA BL,0,NA,Y,A,-,Y,LA,7,1,-,-,23.924,I,6,N,Y,2,0,1,2,A,-,11,21950,B,N,G,B,B,A,D,-,C,A,0,Y,NA,NA,NA,Y,NA,N,60,1,0,0,0,1,0,0,0,0,-,-,NA,NA,LOS ANGELES,EL SEGUNDO,-118.39610449,33.90182611
6943856,2015,2016-11-05,1923,2015-05-15,1819,433,204,5,5,3,1923,0,0,0,NA,0,3L25,IMPERIAL HWY,SEPULVEDA BL,0,NA,Y,A,-,Y,LA,7,1,-,-,25.921,I,5,S,Y,4,0,1,4,A,-,12,21453,A,N,D,C,A,A,H,-,A,A,0,NA,NA,NA,NA,Y,NA,A,01,0,0,1,0,0,0,0,0,0,-,-,NA,NA,LOS ANGELES,EL SEGUNDO,-118.39623797,33.93142276
6943872,2015,2015-06-27,1900,2015-05-15,0040,483167,0466,5,5,4,1936,0,0,0,NA,0,46T2,VALLEY VIEW AV,GANNET ST,469,N,N,C,-,N,NA,NA,NA,NA,NA,NA,NA,NA,NA,Y,2,0,1,2,A,-,03,22350,NA,N,C,C,A,B,H,-,C,D,0,NA,NA,NA,NA,Y,NA,A,01,1,0,0,0,0,0,0,0,0,-,-,NA,NA,LOS ANGELES,LA MIRADA,-118.02915461,33.89553585
6943875,2015,2015-06-27,1928,2015-05-19,1822,376,528,2,5,5,1928,0,0,0,NA,0,0H1,INGLEWOOD AV,EL SEGUNDO BL,0,NA,Y,A,-,N,NA,NA,NA,NA,NA,NA,NA,NA,NA,Y,4,0,2,3,A,-,09,21801,A,N,A,C,A,A,H,-,A,A,0,NA,NA,NA,NA,Y,NA,A,08,0,0,2,0,0,0,0,0,0,-,-,NA,NA,LOS ANGELES,HAWTHORNE,-118.36129001,33.91641001
6943926,2015,2016-11-05,1944,2015-04-25,2019,329,SOUTH,6,5,4,1944,0,0,0,NA,0,004,SEPULVEDA BL,MARINE AV,0,S,N,A,-,Y,LA,7,1,-,-,23.41,H,-,N,N,4,0,2,2,A,-,07,21658,A,F,B,C,A,A,H,-,C,D,0,NA,NA,NA,NA,Y,NA,A,01,0,0,2,0,0,0,0,0,0,-,-,NA,NA,LOS ANGELES,MANHATTAN BEACH,-118.3959546,33.89451896
6943928,2015,2016-09-23,9525,2015-02-28,0515,18997,NA,6,3,6,1955,0,1,3,NA,2,604,RT 60,PHILLIPS RANCH RD,125,E,N,B,C,Y,LA,7,60,-,R,28.12,H,-,E,Y,4,0,1,2,A,-,03,22350,NA,N,B,C,A,B,H,-,C,D,1,NA,NA,NA,NA,Y,NA,A,01,0,0,1,0,0,0,0,0,0,-,-,34.02352,-117.77017,LOS ANGELES,POMONA,-117.76958011,34.02359764
6943931,2015,2015-06-05,9580,2015-02-18,1028,14900,NA,3,1,9,1900,0,3,5,NA,1,020,FERNWOOD PACIFIC DR,HORSESHOE DR,59,E,N,B,-,N,NA,NA,NA,NA,NA,NA,NA,NA,NA,N,2,0,1,2,A,-,03,22350,NA,N,F,A,A,B,H,-,A,A,0,NA,Y,NA,NA,Y,NA,L,04,1,0,0,0,0,0,1,0,0,-,-,34.07872,-118.60461,LOS ANGELES,UNINCORPORATED,-118.60416379,34.07870768
6943935,2015,2016-10-10,9580,2015-02-22,1500,020728,NA,7,2,7,1942,0,1,2,NA,2,105,RT 101,TAMPA AV,300,S,N,C,-,Y,LA,7,101,-,-,22.19,H,-,S,Y,4,0,1,4,A,-,08,22107,NA,M,B,C,A,B,H,-,A,D,1,NA,NA,NA,NA,Y,NA,A,07,0,0,1,0,0,0,0,0,0,-,-,34.14332,-118.06112,LOS ANGELES,LOS ANGELES,-118.55218639,34.17344451
6943936,2015,2016-10-10,9525,2015-02-28,0530,018761,NA,6,3,5,1906,0,1,1,NA,2,103,RT 10,FRANCISQUITO AV,100,E,N,A,-,Y,LA,7,10,-,-,32.69,H,-,W,Y,4,0,1,2,A,-,07,21658,A,N,B,C,A,A,H,-,C,D,1,NA,NA,NA,NA,Y,NA,A,01,0,0,1,0,0,0,0,0,0,-,-,34.06884,-117.97297,LOS ANGELES,BALDWIN PARK,-117.9735885,34.06869178
6943943,2015,2016-09-19,9580,2015-02-27,1905,019952,NA,5,2,7,1942,0,1,2,NA,2,101,RT 101,COLDWATER CANYON AV,1320,N,N,A,-,Y,LA,7,101,-,-,14.15,H,-,S,Y,4,0,1,3,A,-,03,22350,NA,F,C,C,A,A,H,-,D,D,1,NA,NA,NA,NA,Y,NA,-,99,0,0,1,0,0,0,0,0,0,-,-,34.15658,-118.41837,LOS ANGELES,LOS ANGELES,-118.41838533,34.15666003
6943946,2015,2015-06-09,1944,2015-04-17,2339,224,2M72,5,5,4,1944,0,0,0,NA,0,002,HIGHLAND AV,1ST ST,0,NA,Y,A,-,N,NA,NA,NA,NA,NA,NA,NA,NA,NA,N,4,0,1,2,A,-,01,23152,A,M,C,C,A,A,H,-,C,A,0,NA,NA,NA,NA,Y,Y,A,07,0,0,1,0,0,0,0,0,0,-,-,NA,NA,LOS ANGELES,MANHATTAN BEACH,-118.4062,33.87810006
6943948,2015,2016-10-10,9525,2015-02-28,2247,020823,NA,6,3,6,1955,0,1,1,NA,2,109,RT 10,GAREY AV,1320,E,N,A,-,Y,LA,7,10,-,-,46.06,H,-,W,N,4,0,1,2,A,-,03,22350,NA,N,C,C,A,B,H,-,C,D,1,NA,NA,NA,NA,Y,NA,A,01,0,0,1,0,0,0,0,0,0,-,-,34.07644,-117.74655,LOS ANGELES,POMONA,-117.74715355,34.07605559
6943949,2015,2015-06-10,1938,2015-04-17,1216,590,234,5,5,4,1938,0,0,0,NA,0,003,BONITA AV,WHITE AV,0,NA,Y,A,-,N,NA,NA,NA,NA,NA,NA,NA,NA,NA,Y,4,0,1,2,A,-,08,22107,NA,N,D,C,A,A,H,-,A,A,0,NA,NA,NA,NA,Y,NA,-,NA,0,0,1,0,0,0,0,0,0,-,-,NA,NA,LOS ANGELES,LA VERNE,-117.76253012,34.09961011
6943954,2015,2015-06-09,1944,2015-04-12,1419,224,2M72,7,5,4,1944,0,0,0,NA,0,003,HIGHLAND AV,45TH ST,0,NA,Y,A,-,N,NA,NA,NA,NA,NA,NA,NA,NA,NA,Y,4,0,1,2,A,-,09,21801,A,N,D,C,A,A,H,-,A,A,0,NA,NA,Y,NA,Y,NA,A,01,0,0,1,0,0,0,0,0,1,-,-,NA,NA,LOS ANGELES,MANHATTAN BEACH,-118.42057012,33.90583012
6943961,2015,2016-11-09,9540,2015-04-30,1550,17181,NA,4,2,9,1900,0,1,3,NA,2,146,RT 14,SOLEDAD CANYON RD,1320,N,N,A,-,Y,LA,7,14,-,-,35.87,H,-,N,Y,4,0,1,2,A,-,03,22350,NA,N,C,C,A,A,H,-,A,D,1,NA,NA,Y,NA,Y,NA,C,02,0,0,1,0,0,0,0,0,1,-,-,34.43498,-118.37999,LOS ANGELES,UNINCORPORATED,-118.3834387,34.43400575
6943969,2015,2015-06-09,9540,2015-04-29,1550,016168,NA,3,2,9,1900,0,3,5,NA,2,200,LA MADRID DR,PLUM CANYON RD,0,NA,Y,A,-,N,NA,NA,NA,NA,NA,NA,NA,NA,NA,Y,4,0,2,2,A,-,09,21801,A,N,D,C,A,A,H,-,A,A,0,NA,NA,NA,NA,Y,NA,A,07,0,0,2,0,0,0,0,0,0,-,-,34.44608,-118.47485,LOS ANGELES,UNINCORPORATED,-118.47485004,34.44622009
6943971,2015,2015-06-15,1942,2015-02-13,1830,40451,1431,5,5,7,1942,0,0,0,N,0,14FB14,ABBOTT KINNEY,CADIZ CT,40,S,N,A,-,N,NA,NA,NA,NA,NA,NA,NA,NA,NA,N,3,0,1,2,C,-,18,NA,NA,N,H,G,A,A,H,-,C,D,0,NA,Y,NA,NA,Y,NA,-,-,0,1,0,0,0,0,1,0,0,-,-,NA,NA,LOS ANGELES,LOS ANGELES,-118.46797495,33.99115551
6943973,2015,2016-11-18,9540,2015-04-30,0527,017076,NA,4,3,7,1942,0,1,1,NA,1,501,RT 5,ROXFORD ST,3168,S,N,A,-,Y,LA,7,5,-,-,42.05,H,-,S,Y,3,0,2,2,A,-,07,21658,A,N,D,C,A,A,H,-,B,D,1,NA,NA,NA,NA,Y,NA,A,01,0,2,0,0,0,0,0,0,0,-,-,34.29551,-118.47037,LOS ANGELES,LOS ANGELES,-118.47300882,34.29641533
6943977,2015,2015-06-09,9540,2015-04-28,1703,018759,NA,2,2,9,1900,0,3,5,NA,2,001,POE PKWY,WHITMAN ST,0,NA,Y,A,-,N,NA,NA,NA,NA,NA,NA,NA,NA,NA,N,4,0,1,2,A,-,12,22450,A,N,H,G,A,A,H,-,A,A,0,NA,Y,NA,NA,Y,NA,L,04,0,0,1,0,0,0,1,0,0,-,-,34.38207,-118.58414,LOS ANGELES,UNINCORPORATED,-118.58924009,34.38253003
6943979,2015,2015-06-16,1938,2015-02-03,1725,620,244,2,5,4,1938,0,0,0,NA,0,003,WHITE AV,ARROW HWY,350,S,N,A,-,N,NA,NA,NA,NA,NA,NA,NA,NA,NA,N,4,0,2,2,A,-,09,21801,A,N,D,C,A,A,H,-,A,A,0,NA,NA,NA,NA,Y,NA,-,NA,0,0,2,0,0,0,0,0,0,-,-,NA,NA,LOS ANGELES,LA VERNE,-117.76489556,34.09334473
6943981,2015,2016-11-18,9540,2015-04-29,0710,012317,NA,3,1,9,1900,0,3,5,NA,2,100,MAGIC MOUNTAIN PKWY,RT 5,0,NA,Y,A,-,Y,LA,7,5,-,R,53.406,R,4,S,N,4,0,2,2,A,-,12,21453,A,N,D,C,A,A,H,-,A,A,1,NA,NA,NA,NA,Y,NA,A,01,0,0,2,0,0,0,0,0,0,-,-,34.4227,-118.58339,LOS ANGELES,UNINCORPORATED,-118.58235185,34.42104193
6943983,2015,2015-06-16,1938,2015-02-18,1549,184,242,3,5,4,1938,0,0,0,NA,0,002,PUDDINGSTONE DR,WRIGHT AV,0,NA,Y,A,-,N,NA,NA,NA,NA,NA,NA,NA,NA,NA,Y,2,0,2,2,A,-,09,21802,A,N,D,C,A,A,H,-,A,A,0,NA,NA,NA,NA,Y,NA,-,NA,1,1,0,0,0,0,0,0,0,-,-,NA,NA,LOS ANGELES,LA VERNE,-117.7802901,34.09341009
6943985,2015,2016-11-05,9540,2015-04-30,1446,019317,NA,4,2,9,1900,0,1,3,NA,1,142,RT 14,LOS PINETOS RD,1056,S,N,A,-,Y,LA,7,14,-,R,25.77,H,-,N,N,4,0,1,1,A,-,03,22350,NA,N,E,J,A,A,C,-,A,D,1,NA,NA,Y,NA,Y,NA,C,02,0,0,1,0,0,0,0,0,1,-,-,34.3475,-118.504,LOS ANGELES,UNINCORPORATED,-118.50377752,34.34716816
6943987,2015,2016-10-18,9525,2015-02-22,0910,018761,NA,7,1,6,1955,0,1,3,NA,2,572,RT 57,RT 10,340,W,N,A,-,Y,LA,7,57,-,R,7.911,R,2,S,Y,3,0,1,1,A,-,03,22350,NA,N,F,A,A,A,H,-,A,D,1,NA,NA,NA,NA,Y,NA,A,01,0,1,0,0,0,0,0,0,0,-,CN,34.0663,-117.80867,LOS ANGELES,POMONA,-117.80754132,34.06796424
6943989,2015,2016-11-18,9540,2015-04-29,1302,0188608,NA,3,1,7,1942,0,1,1,NA,1,501,RT 5,ROXFORD ST,200,S,N,A,-,Y,LA,7,5,-,-,42.61,H,-,S,Y,4,0,3,3,A,-,03,22350,NA,N,C,C,A,A,C,-,A,D,1,NA,NA,NA,NA,Y,NA,A,01,0,0,3,0,0,0,0,0,0,-,-,34.30266,-118.47908,LOS ANGELES,LOS ANGELES,-118.47921389,34.3027139
6943991,2015,2015-06-15,9525,2015-02-22,1200,17506,NA,7,1,9,1900,0,2,4,NA,2,022,ARROW HWY,GLENDORA AV,530,W,N,A,-,N,NA,NA,NA,NA,NA,NA,NA,NA,NA,N,4,0,1,2,A,-,11,21954,A,N,G,B,D,A,H,-,A,D,0,Y,NA,NA,NA,Y,NA,N,60,0,0,1,0,1,0,0,0,0,-,-,34.10712,-117.86552,LOS ANGELES,UNINCORPORATED,-117.86554665,34.10668
6943993,2015,2017-01-05,9540,2015-04-28,0848,017076,NA,2,1,7,1942,0,1,1,NA,2,500,RT 5,RT 405,1056,N,N,A,-,Y,LA,7,5,-,-,41.39,H,-,N,Y,3,0,1,2,A,-,03,22350,NA,N,C,C,A,A,H,-,A,D,1,NA,NA,NA,NA,Y,NA,A,07,0,1,0,0,0,0,0,0,0,-,-,34.29059,-118.46692,LOS ANGELES,LOS ANGELES,-118.46576105,34.28934897