CASE_ID,ACCIDENT_YEAR,PROC_DATE,JURIS,COLLISION_DATE,COLLISION_TIME,OFFICER_ID,REPORTING_DISTRICT,DAY_OF_WEEK,CHP_SHIFT,POPULATION,CNTY_CITY_LOC,SPECIAL_COND,BEAT_TYPE,CHP_BEAT_TYPE,CITY_DIVISION_LAPD,CHP_BEAT_CLASS,BEAT_NUMBER,PRIMARY_RD,SECONDARY_RD,DISTANCE,DIRECTION,INTERSECTION,WEATHER_1,WEATHER_2,STATE_HWY_IND,CALTRANS_COUNTY,CALTRANS_DISTRICT,STATE_ROUTE,ROUTE_SUFFIX,POSTMILE_PREFIX,POSTMILE,LOCATION_TYPE,RAMP_INTERSECTION,SIDE_OF_HWY,TOW_AWAY,COLLISION_SEVERITY,NUMBER_KILLED,NUMBER_INJURED,PARTY_COUNT,PRIMARY_COLL_FACTOR,PCF_CODE_OF_VIOL,PCF_VIOL_CATEGORY,PCF_VIOLATION,PCF_VIOL_SUBSECTION,HIT_AND_RUN,TYPE_OF_COLLISION,MVIW,PED_ACTION,ROAD_SURFACE,ROAD_COND_1,ROAD_COND_2,LIGHTING,CONTROL_DEVICE,CHP_ROAD_TYPE,PEDESTRIAN_ACCIDENT,BICYCLE_ACCIDENT,MOTORCYCLE_ACCIDENT,TRUCK_ACCIDENT,NOT_PRIVATE_PROPERTY,ALCOHOL_INVOLVED,STWD_VEHTYPE_AT_FAULT,CHP_VEHTYPE_AT_FAULT,COUNT_SEVERE_INJ,COUNT_VISIBLE_INJ,COUNT_COMPLAINT_PAIN,COUNT_PED_KILLED,COUNT_PED_INJURED,COUNT_BICYCLIST_KILLED,COUNT_BICYCLIST_INJURED,COUNT_MC_KILLED,COUNT_MC_INJURED,PRIMARY_RAMP,SECONDARY_RAMP,LATITUDE,LONGITUDE,COUNTY,CITY,POINT_X,POINT_Y
6944791,2015,2015-06-22,1942,2015-05-08,0625,32760,646,5,5,7,1942,0,0,0,NA,0,6A77,HOLLYWOOD BL,WILCOX AV,0,NA,Y,A,-,N,NA,NA,NA,NA,NA,NA,NA,NA,NA,N,3,0,1,2,A,-,12,21453,A,N,D,C,A,A,H,-,A,A,0,NA,NA,NA,NA,Y,NA,A,01,0,1,0,0,0,0,0,0,0,-,-,NA,NA,LOS ANGELES,LOS ANGELES,-118.33105003,34.10159005
6944792,2015,2015-06-23,1942,2015-05-12,1030,40024,0806,2,5,7,1942,0,0,0,H,0,7TL23,SUNSET BL,LADERA DR,0,NA,Y,B,-,N,NA,NA,NA,NA,NA,NA,NA,NA,NA,N,3,0,1,2,A,-,03,22350,NA,N,C,A,A,A,H,-,A,D,0,NA,NA,Y,NA,Y,NA,C,02,0,1,0,0,0,0,0,0,1,-,-,NA,NA,LOS ANGELES,LOS ANGELES,-118.42299002,34.07988003
6944795,2015,2015-06-22,1942,2015-05-15,1645,40701,706,5,5,7,1942,0,0,0,NA,0,7A33,MELROSE AV,HIGHLAND AV,0,NA,Y,B,-,N,NA,NA,NA,NA,NA,NA,NA,NA,NA,N,4,0,1,2,A,-,09,21804,A,N,D,G,A,A,H,-,A,D,0,NA,Y,NA,NA,Y,Y,L,04,0,0,1,0,0,0,1,0,0,-,-,NA,NA,LOS ANGELES,LOS ANGELES,-118.33858013,34.08347002
6944796,2015,2015-06-22,1942,2015-05-12,1215,40605,0892,2,5,7,1942,0,0,0,H,0,8TL26,PICO BL,BARRINGTON AV,180,W,N,A,-,N,NA,NA,NA,NA,NA,NA,NA,NA,NA,N,3,0,1,2,A,-,08,22107,NA,N,B,G,A,A,H,-,A,D,0,NA,Y,NA,NA,Y,NA,A,01,0,1,0,0,0,0,1,0,0,-,-,NA,NA,LOS ANGELES,LOS ANGELES,-118.44622234,34.03136136
6944797,2015,2015-06-19,1942,2015-05-28,0315,31745,1265,4,5,7,1942,0,0,0,L,0,18T23,82ND ST,NORMANDIE AV,0,NA,Y,A,-,N,NA,NA,NA,NA,NA,NA,NA,NA,NA,Y,2,0,1,3,A,-,09,21802,A,N,D,C,A,A,H,-,C,A,0,NA,NA,Y,NA,Y,NA,A,01,1,0,0,0,0,0,0,0,1,-,-,NA,NA,LOS ANGELES,LOS ANGELES,-118.30026008,33.9645801
6944799,2015,2016-06-02,1942,2015-05-15,1550,38706,0737,5,5,7,1942,0,0,0,G,0,7X58,ORANGE DR,6TH ST,0,NA,Y,A,-,N,NA,NA,NA,NA,NA,NA,NA,NA,NA,Y,4,0,1,2,A,-,09,21802,A,N,D,C,A,A,H,-,A,A,0,NA,NA,NA,NA,Y,NA,A,01,0,0,1,0,0,0,0,0,0,-,-,NA,NA,LOS ANGELES,LOS ANGELES,-118.34187,34.06492003
6944800,2015,2015-06-23,1942,2015-05-11,1205,35945,0815,1,5,7,1942,0,0,0,H,0,8TL28,SUNSET BL,VETERAN AV,0,NA,Y,A,-,N,NA,NA,NA,NA,NA,NA,NA,NA,NA,Y,4,0,1,2,A,-,09,21801,A,N,A,C,A,A,H,-,A,A,0,NA,NA,NA,NA,Y,NA,A,07,0,0,1,0,0,0,0,0,0,-,-,NA,NA,LOS ANGELES,LOS ANGELES,-118.45551009,34.07579002
6944803,2015,2015-06-19,1942,2015-05-30,0940,35688,1864,6,5,7,1942,0,0,0,R,0,18T23,E 119TH ST,WADSWORTH AV,100,W,N,A,-,N,NA,NA,NA,NA,NA,NA,NA,NA,NA,N,4,0,1,2,A,-,21,22106,NA,N,C,C,A,A,H,-,A,D,0,NA,NA,NA,NA,Y,NA,A,01,0,0,1,0,0,0,0,0,0,-,-,NA,NA,LOS ANGELES,LOS ANGELES,-118.25899897,33.9245724
6944804,2015,2015-06-19,1942,2015-05-23,2035,40463,1256,6,5,7,1942,0,0,0,L,0,12TL7W,FIGUEROA ST,75TH ST,0,NA,Y,A,-,N,NA,NA,NA,NA,NA,NA,NA,NA,NA,Y,3,0,3,2,A,-,09,21801,A,N,D,C,A,A,H,-,C,D,0,NA,NA,NA,NA,Y,NA,A,01,0,1,2,0,0,0,0,0,0,-,-,NA,NA,LOS ANGELES,LOS ANGELES,-118.28271005,33.9717201
6944806,2015,2015-06-11,1942,2015-04-13,0830,39022,2088,1,5,7,1942,0,0,0,NA,0,7TL71,HOOVER ST,VENICE BL,150,N,N,A,-,N,NA,NA,NA,NA,NA,NA,NA,NA,NA,Y,4,0,1,4,A,-,03,22350,NA,F,C,C,A,A,H,-,A,D,0,NA,NA,NA,NA,Y,NA,A,01,0,0,1,0,0,0,0,0,0,-,-,NA,NA,LOS ANGELES,LOS ANGELES,-118.28415788,34.04421126
6944807,2015,2015-06-18,1925,2015-05-11,1251,21601,219,1,5,6,1925,0,0,0,NA,0,002,CENTRAL AV,SANCHEZ DR,0,NA,Y,A,-,N,NA,NA,NA,NA,NA,NA,NA,NA,NA,Y,3,0,1,3,A,-,12,21453,A,N,D,C,A,A,H,-,A,A,0,NA,NA,NA,NA,Y,NA,A,01,0,1,0,0,0,0,0,0,0,-,-,NA,NA,LOS ANGELES,GLENDALE,-118.25795003,34.15603011
6944808,2015,2015-06-18,1942,2015-05-31,0825,35393,1253,7,5,7,1942,0,0,0,L,0,8T5,FLORENCE AV,WESTERN AV,250,W,N,A,-,N,NA,NA,NA,NA,NA,NA,NA,NA,NA,Y,3,0,2,1,A,-,03,22350,A,N,E,J,A,A,H,-,A,A,0,NA,NA,NA,NA,Y,NA,A,01,0,2,0,0,0,0,0,0,0,-,-,NA,NA,LOS ANGELES,LOS ANGELES,-118.30980299,33.97457
6944810,2015,2015-06-11,1942,2015-04-13,1900,36589,2039,1,5,7,1942,0,0,0,NA,0,14TL32,HOOVER ST,7TH ST,0,NA,Y,A,-,N,NA,NA,NA,NA,NA,NA,NA,NA,NA,N,3,0,1,2,D,-,00,NA,NA,N,G,B,D,A,H,-,B,A,0,Y,NA,NA,NA,Y,Y,-,-,0,1,0,0,1,0,0,0,0,-,-,NA,NA,LOS ANGELES,LOS ANGELES,-118.28420008,34.05982005
6944811,2015,2015-06-19,1925,2015-05-14,1319,24582,1,4,5,6,1925,0,0,0,NA,0,172,GLENOAKS BL,KENIWORTH AV,162,E,N,B,-,N,NA,NA,NA,NA,NA,NA,NA,NA,NA,Y,4,0,3,2,A,-,03,22350,NA,N,C,C,A,B,H,-,A,D,0,NA,NA,NA,NA,Y,NA,A,01,0,0,3,0,0,0,0,0,0,-,-,NA,NA,LOS ANGELES,GLENDALE,-118.26656597,34.15976249
6944812,2015,2015-06-19,1942,2015-05-27,1030,40700,1203,3,5,7,1942,0,0,0,L,0,18T23,WESTERN AV,46TH ST,75,N,N,B,-,N,NA,NA,NA,NA,NA,NA,NA,NA,NA,Y,4,0,2,2,A,-,03,22350,NA,N,C,C,A,A,H,-,A,D,0,NA,NA,NA,NA,Y,NA,A,01,0,0,2,0,0,0,0,0,0,-,-,NA,NA,LOS ANGELES,LOS ANGELES,-118.308932,34.002088
6944815,2015,2015-06-19,1925,2015-05-19,1401,19167,265,2,5,6,1925,0,0,0,NA,0,002,BRAND BL,COLORADO ST,250,N,N,A,-,N,NA,NA,NA,NA,NA,NA,NA,NA,NA,N,4,0,1,2,A,-,03,22350,NA,N,C,C,A,A,H,-,A,A,0,NA,NA,NA,NA,Y,NA,A,01,0,0,1,0,0,0,0,0,0,-,-,NA,NA,LOS ANGELES,GLENDALE,-118.25506,34.14324554
6944816,2015,2015-06-26,1942,2015-05-25,1825,38503,1293,1,5,7,1942,0,0,0,L,0,3T57,WESTERN AV,CENTURY BL,100,S,N,B,-,N,NA,NA,NA,NA,NA,NA,NA,NA,NA,N,3,0,2,3,A,-,03,22350,NA,N,B,C,A,A,H,-,A,A,0,NA,NA,Y,NA,Y,NA,A,07,0,1,1,0,0,0,0,0,2,-,-,NA,NA,LOS ANGELES,LOS ANGELES,-118.30903,33.94517574
6944818,2015,2015-06-11,1942,2015-04-16,1415,32565,2093,4,5,7,1942,0,0,0,NA,0,20TL58,NORMANDIE AV,WASHINGTON BL,5,N,N,A,-,N,NA,NA,NA,NA,NA,NA,NA,NA,NA,Y,3,0,1,2,A,-,07,21658,A,F,B,C,A,A,H,-,A,A,0,NA,NA,NA,NA,Y,NA,-,NA,0,1,0,0,0,0,0,0,0,-,-,NA,NA,LOS ANGELES,LOS ANGELES,-118.3008395,34.04000371
6944819,2015,2015-06-19,1925,2015-05-21,1113,16835,239,4,5,6,1925,0,0,0,NA,0,004,VERDUGO RD,BROADWAY,71,N,N,B,-,N,NA,NA,NA,NA,NA,NA,NA,NA,NA,Y,4,0,2,2,A,-,00,23153,E,N,A,C,A,A,H,-,A,A,0,NA,NA,NA,NA,Y,NA,A,01,0,0,2,0,0,0,0,0,0,-,-,NA,NA,LOS ANGELES,GLENDALE,-118.23510766,34.14635063
6944820,2015,2015-06-19,1942,2015-05-24,2335,41056,1265,7,5,7,1942,0,0,0,L,0,5T21,83RD ST,DENKER AV,0,NA,Y,A,-,N,NA,NA,NA,NA,NA,NA,NA,NA,NA,Y,4,0,3,2,A,-,12,21453,A,N,D,C,A,A,H,-,C,A,0,NA,NA,NA,NA,Y,NA,A,01,0,0,3,0,0,0,0,0,0,-,-,NA,NA,LOS ANGELES,LOS ANGELES,-118.30466001,33.96365011
6944822,2015,2015-06-10,1942,2015-04-24,0910,41278,0763,5,5,7,1942,0,0,0,G,0,7A69,PICO,SPAULDING,0,NA,Y,B,-,N,NA,NA,NA,NA,NA,NA,NA,NA,NA,Y,4,0,1,2,A,-,06,21755,A,N,D,C,A,A,H,-,A,D,0,NA,NA,NA,NA,Y,NA,A,07,0,0,1,0,0,0,0,0,0,-,-,NA,NA,LOS ANGELES,LOS ANGELES,-118.36251002,34.05071011
6944823,2015,2015-06-18,1925,2015-05-17,0031,25279,192,7,5,6,1925,0,0,0,NA,0,001,GLENOAKS BL,JUSTIN AV,0,NA,Y,B,-,N,NA,NA,NA,NA,NA,NA,NA,NA,NA,N,4,0,1,2,A,-,11,21456,B,N,G,B,B,A,H,-,C,A,0,Y,NA,NA,NA,Y,NA,N,60,0,0,1,0,1,0,0,0,0,-,-,NA,NA,LOS ANGELES,GLENDALE,-118.28784005,34.16967002
6944824,2015,2015-06-18,1942,2015-05-27,1225,40700,56,3,5,7,1942,0,0,0,NA,0,18T23,VERMONT AV,74TH ST,0,NA,Y,A,-,N,NA,NA,NA,NA,NA,NA,NA,NA,NA,Y,3,0,1,2,A,-,09,21802,A,F,D,C,A,A,H,-,A,A,0,NA,NA,NA,NA,Y,NA,-,99,0,1,0,0,0,0,0,0,0,-,-,NA,NA,LOS ANGELES,LOS ANGELES,-118.2919,33.97273
6944826,2015,2015-06-10,1942,2015-04-25,1340,36955,778,6,5,7,1942,0,0,0,NA,0,7A85,BRONSON,WASHINGTON,8,N,N,B,-,N,NA,NA,NA,NA,NA,NA,NA,NA,NA,N,4,0,1,2,A,-,12,22450,A,N,A,G,A,A,H,-,A,D,0,NA,Y,NA,NA,Y,NA,A,07,0,0,1,0,0,0,1,0,0,-,-,NA,NA,LOS ANGELES,LOS ANGELES,-118.32976906,34.039889959999996
6944827,2015,2015-06-18,1925,2015-05-14,1420,19167,164,4,5,6,1925,0,0,0,NA,0,004,GLENOAKS BL,LOUISE ST,7,W,N,B,C,N,NA,NA,NA,NA,NA,NA,NA,NA,NA,N,4,0,1,2,A,-,10,21950,A,N,G,B,B,B,H,-,A,A,0,Y,NA,NA,NA,Y,NA,A,01,0,0,1,0,1,0,0,0,0,-,-,NA,NA,LOS ANGELES,GLENDALE,-118.25270124,34.15837754
6944828,2015,2015-06-18,1942,2015-05-21,1620,36754,1844,4,5,7,1942,0,0,0,R,0,3T57,112TH ST,WADSWORTH AV,0,NA,Y,A,-,N,NA,NA,NA,NA,NA,NA,NA,NA,NA,Y,3,0,5,4,A,-,03,22350,NA,N,B,C,A,A,H,-,A,A,0,NA,NA,NA,NA,Y,NA,A,01,0,3,2,0,0,0,0,0,0,-,-,NA,NA,LOS ANGELES,LOS ANGELES,-118.25861009,33.93282002
6944830,2015,2016-11-05,1942,2015-04-12,2130,24517,0822,7,5,7,1942,0,0,0,H,0,7TL38,PACIFIC COAST HWY,CHATAUQUA,150,N,N,A,-,Y,LA,7,1,-,-,37.08,H,-,N,N,4,0,1,2,A,-,07,21658,NA,F,B,C,A,A,H,-,C,A,0,NA,NA,NA,NA,Y,NA,A,01,0,0,1,0,0,0,0,0,0,-,-,NA,NA,LOS ANGELES,LOS ANGELES,-118.5199419,34.02852747
6944831,2015,2015-06-19,1925,2015-05-04,1312,20089,217,1,5,6,1925,0,0,0,NA,0,002,CONCORD ST,SALEM ST,0,NA,Y,A,-,N,NA,NA,NA,NA,NA,NA,NA,NA,NA,Y,4,0,1,2,A,-,09,21802,A,N,D,C,A,-,H,-,A,A,0,NA,NA,NA,NA,Y,NA,A,01,0,0,1,0,0,0,0,0,0,-,-,NA,NA,LOS ANGELES,GLENDALE,-118.27113002,34.14885007
6944832,2015,2016-06-01,1942,2015-05-31,2115,41056,1841,7,5,7,1942,0,0,0,R,0,BTL5,IMPERIAL HWY,VERMONT AV,0,E,N,A,-,N,NA,NA,NA,NA,NA,NA,NA,NA,NA,N,3,0,1,2,A,-,00,21760,B,N,-,B,A,A,H,-,C,A,0,NA,Y,NA,NA,Y,NA,A,07,0,1,0,0,0,0,1,0,0,-,-,NA,NA,LOS ANGELES,LOS ANGELES,-118.29161013,33.93098009
6944834,2015,2015-06-10,1942,2015-04-29,1725,35945,0853,3,5,7,1942,0,0,0,H,0,14T52,MISSOURI AV,SAWTELLE BL,25,W,N,A,-,N,NA,NA,NA,NA,NA,NA,NA,NA,NA,N,3,0,1,2,A,-,09,21801,A,N,H,G,A,A,H,-,A,D,0,NA,Y,NA,NA,Y,NA,A,01,0,1,0,0,0,0,1,0,0,-,-,NA,NA,LOS ANGELES,LOS ANGELES,-118.44504618,34.04246917
6944835,2015,2016-11-15,1925,2015-05-20,1750,14062,214,3,5,6,1925,0,0,0,NA,0,001,PACIFIC AV,RT 134,2,S,N,A,-,Y,LA,7,134,-,R,6.858,R,4,W,N,4,0,2,3,A,-,03,22350,NA,N,C,C,A,A,H,-,A,A,0,NA,NA,NA,NA,Y,NA,-,NA,0,0,2,0,0,0,0,0,0,-,-,NA,NA,LOS ANGELES,GLENDALE,-118.25954144,34.1564473
6944836,2015,2015-06-19,1942,2015-05-30,1320,40440,1218,6,5,7,1942,0,0,0,L,0,12T73,57TH ST,HOOVER ST,35,W,N,A,-,N,NA,NA,NA,NA,NA,NA,NA,NA,NA,Y,2,0,3,2,A,-,05,21650,NA,N,A,C,A,A,H,-,A,D,0,NA,NA,Y,NA,Y,NA,C,03,1,2,0,0,0,0,0,0,3,-,-,NA,NA,LOS ANGELES,LOS ANGELES,-118.28724523,33.99051909
6944838,2015,2015-06-10,1942,2015-04-26,0905,32565,0787,7,5,7,1942,0,0,0,G,0,20T59,WASHINGTON BL,CRENSHAW BL,54,W,N,A,-,N,NA,NA,NA,NA,NA,NA,NA,NA,NA,N,3,0,1,2,A,-,11,21955,NA,N,G,B,D,A,H,-,A,A,0,Y,NA,NA,NA,Y,NA,N,60,0,1,0,0,1,0,0,0,0,-,-,NA,NA,LOS ANGELES,LOS ANGELES,-118.33124791,34.03986
6944839,2015,2015-06-19,1925,2015-05-15,0707,14676,148,5,5,6,1925,0,0,0,NA,0,004,VERDUGO RD,SHERER LN,0,NA,Y,B,C,N,NA,NA,NA,NA,NA,NA,NA,NA,NA,Y,4,0,2,2,A,-,09,21802,A,N,D,C,A,B,H,-,A,A,0,NA,NA,NA,NA,Y,NA,A,01,0,0,2,0,0,0,0,0,0,-,-,NA,NA,LOS ANGELES,GLENDALE,-118.22640008,34.17332003
6944840,2015,2015-06-19,1942,2015-05-24,1300,35688,1822,7,5,7,1942,0,0,0,R,0,12T41,MAIN ST,101ST ST,5,E,N,A,-,N,NA,NA,NA,NA,NA,NA,NA,NA,NA,N,3,0,6,2,A,-,09,21802,A,N,D,C,A,A,H,-,A,A,0,NA,NA,NA,NA,Y,NA,A,07,0,2,4,0,0,0,0,0,0,-,-,NA,NA,LOS ANGELES,LOS ANGELES,-118.27388,33.94466
6944841,2015,2015-06-17,1925,2015-04-26,1143,14952,252,7,5,6,1925,0,0,0,NA,0,003,ADAMS ST,COLORADO ST,0,NA,Y,A,-,N,NA,NA,NA,NA,NA,NA,NA,NA,NA,N,4,0,1,2,A,-,10,21950,A,N,D,B,B,A,H,-,A,A,0,Y,NA,NA,NA,Y,NA,A,07,0,0,1,0,1,0,0,0,0,-,-,NA,NA,LOS ANGELES,GLENDALE,-118.24180012,34.14265003
6944842,2015,2015-06-11,1942,2015-04-27,1515,37715,0832,1,5,7,1942,0,0,0,H,0,6T2W4,SAN VICENTE BL,MAYFIELD AV,70,N,N,A,-,N,NA,NA,NA,NA,NA,NA,NA,NA,NA,N,4,0,1,2,A,-,07,21658,A,N,D,C,A,A,H,-,A,D,0,NA,NA,NA,NA,Y,NA,A,07,0,0,1,0,0,0,0,0,0,-,-,NA,NA,LOS ANGELES,LOS ANGELES,-118.46161387,34.05352304
6944843,2015,2015-06-18,1925,2015-05-12,1552,19167,246,2,5,6,1925,0,0,0,NA,0,003,WINDSOR RD,PORTER ST,5,W,N,A,-,N,NA,NA,NA,NA,NA,NA,NA,NA,NA,N,4,0,1,2,A,-,01,23152,A,N,G,B,B,A,H,-,A,A,0,Y,NA,NA,NA,Y,Y,A,01,0,0,1,0,1,0,0,0,0,-,-,NA,NA,LOS ANGELES,GLENDALE,-118.23784649,34.13712
6944844,2015,2015-06-18,1942,2015-05-23,1930,40529,1823,6,5,7,1942,0,0,0,R,0,18T23,SAN PEDRO ST,CENTURY BL,20,N,N,A,-,N,NA,NA,NA,NA,NA,NA,NA,NA,NA,N,2,0,1,1,A,-,03,22350,NA,N,H,J,A,A,H,-,A,A,0,NA,NA,Y,NA,Y,NA,C,02,1,0,0,0,0,0,0,0,1,-,-,NA,NA,LOS ANGELES,LOS ANGELES,-118.26952939,33.94564485
6944845,2015,2015-06-10,1925,2015-04-26,1642,24889,216,7,5,6,1925,0,0,0,NA,0,002,MILFORD ST,CHESTER ST,127,E,N,A,-,N,NA,NA,NA,NA,NA,NA,NA,NA,NA,N,4,0,1,2,A,-,21,22106,NA,N,D,C,A,A,H,-,A,D,0,NA,NA,NA,NA,Y,NA,A,01,0,0,1,0,0,0,0,0,0,-,-,NA,NA,LOS ANGELES,GLENDALE,-118.2694915,34.15221411
6944846,2015,2015-06-10,1942,2015-04-25,0350,36680,706,6,5,7,1942,0,0,0,NA,0,7A53,HIGHLAND AV,MELROSE AV,0,NA,Y,A,-,N,NA,NA,NA,NA,NA,NA,NA,NA,NA,Y,4,0,4,2,A,-,12,21453,A,N,D,C,A,A,H,-,C,A,0,NA,NA,NA,NA,Y,NA,A,01,0,0,4,0,0,0,0,0,0,-,-,NA,NA,LOS ANGELES,LOS ANGELES,-118.33858013,34.08347002
6944847,2015,2015-06-25,1925,2015-05-26,1808,19893,140,2,5,6,1925,0,0,0,NA,0,001,RIMCREST DR,STARVALE RD,400,W,N,A,-,N,NA,NA,NA,NA,NA,NA,NA,NA,NA,N,3,0,1,2,A,-,05,21650,NA,N,B,C,A,A,H,-,A,D,0,NA,NA,NA,NA,Y,NA,A,07,0,1,0,0,0,0,0,0,0,-,-,NA,NA,LOS ANGELES,GLENDALE,-118.2536465,34.17529955
6944848,2015,2015-06-18,1942,2015-05-23,2030,36571,1802,6,5,7,1942,0,0,0,R,0,3T5,FIGUEROA ST,87TH ST,75,S,N,A,-,N,NA,NA,NA,NA,NA,NA,NA,NA,NA,N,3,0,2,4,A,-,17,22517,NA,N,B,E,E,A,H,-,C,D,0,Y,NA,NA,NA,Y,Y,N,60,0,1,1,0,2,0,0,0,0,-,-,NA,NA,LOS ANGELES,LOS ANGELES,-118.28272,33.95853431
6944849,2015,2015-06-10,1925,2015-04-22,1506,19167,222,3,5,6,1925,0,0,0,NA,0,002,CENTRAL AV,DORAN ST,5,N,N,A,-,N,NA,NA,NA,NA,NA,NA,NA,NA,NA,Y,4,0,1,2,A,-,08,22107,NA,N,D,C,A,A,H,-,A,D,0,NA,NA,Y,NA,Y,NA,A,07,0,0,1,0,0,0,0,0,1,-,-,NA,NA,LOS ANGELES,GLENDALE,-118.25794,34.15465371
6944850,2015,2015-06-10,1942,2015-04-28,1455,40003,07,2,5,7,1942,0,0,0,G,0,7X74,RIMPAU BL,EDGEWOOD PL,0,NA,Y,A,-,N,NA,NA,NA,NA,NA,NA,NA,NA,NA,NA,2,0,3,2,A,-,09,21802,A,N,D,C,A,A,H,-,A,A,0,NA,NA,NA,NA,Y,NA,A,01,1,1,1,0,0,0,0,0,0,-,-,NA,NA,LOS ANGELES,LOS ANGELES,-118.33472001,34.0544601
6944851,2015,2015-06-18,1942,2015-05-16,2320,37618,1239,6,5,7,1942,0,0,0,L,0,12T41,59TH ST,FIGUEROA AV,60,E,N,A,-,N,NA,NA,NA,NA,NA,NA,NA,NA,NA,N,3,0,5,3,A,-,09,21802,A,N,H,C,A,A,H,-,C,A,0,NA,NA,NA,NA,Y,NA,A,01,0,1,4,0,0,0,0,0,0,-,-,NA,NA,LOS ANGELES,LOS ANGELES,-118.28269,33.9876
6944852,2015,2015-06-19,1942,2015-05-16,1600,38444,1864,6,5,7,1942,0,0,0,R,0,12T73,120TH ST,CENTRAL AV,50,E,N,A,-,N,NA,NA,NA,NA,NA,NA,NA,NA,NA,Y,3,0,2,2,A,-,01,23152,A,N,C,C,A,A,H,-,A,D,0,NA,NA,NA,NA,Y,Y,A,07,0,1,1,0,0,0,0,0,0,-,-,NA,NA,LOS ANGELES,LOS ANGELES,-118.25419551,33.92373
6944853,2015,2015-06-10,1925,2015-04-28,1909,24284,274,2,5,6,1925,0,0,0,NA,0,002,LOS FELIZ RD,SENECA AV,352,E,N,A,-,N,NA,NA,NA,NA,NA,NA,NA,NA,NA,Y,4,0,4,2,A,-,03,22350,NA,N,C,C,A,A,H,-,A,D,0,NA,NA,NA,NA,Y,NA,A,01,0,0,4,0,0,0,0,0,0,-,-,NA,NA,LOS ANGELES,GLENDALE,-118.26187109,34.1269417
6944854,2015,2015-06-10,1942,2015-04-26,1420,41368,0782,7,5,7,1942,0,0,0,G,0,7A33,S SPAULDING AV,VENICE BL,200,S,N,A,-,N,NA,NA,NA,NA,NA,NA,NA,NA,NA,Y,4,0,1,2,A,-,09,21801,A,N,D,D,A,A,H,-,A,D,0,NA,NA,NA,NA,Y,NA,A,01,0,0,1,0,0,0,0,0,0,-,-,NA,NA,LOS ANGELES,LOS ANGELES,-118.36587047,34.04152093
6944855,2015,2015-06-18,1942,2015-05-28,0905,26217,1253,4,5,7,1942,0,0,0,L,0,25MQ13,FLORENCE AV,SAINT ANDREWS PL,200,W,N,A,-,N,NA,NA,NA,NA,NA,NA,NA,NA,NA,Y,4,0,1,1,C,-,18,NA,NA,N,H,A,A,A,H,-,A,D,0,NA,Y,NA,NA,Y,NA,-,-,0,0,1,0,0,0,1,0,0,-,-,NA,NA,LOS ANGELES,LOS ANGELES,-118.31184835,33.97457376
6944856,2015,2015-06-19,1942,2015-05-09,1145,26101,1213,6,5,7,1942,0,0,0,L,0,18T23,SLAUSON AV,WESTERN AV,50,W,N,A,-,N,NA,NA,NA,NA,NA,NA,NA,NA,NA,Y,4,0,1,2,A,-,09,21804,A,F,D,C,A,A,H,-,A,D,0,NA,NA,NA,NA,Y,NA,A,01,0,0,1,0,0,0,0,0,0,-,-,NA,NA,LOS ANGELES,LOS ANGELES,-118.3091146,33.98914778
6944857,2015,2015-06-10,1925,2015-04-23,0044,22460,225,4,5,6,1925,0,0,0,NA,0,002,CENTRAL AV,BROADWAY,0,NA,Y,B,-,N,NA,NA,NA,NA,NA,NA,NA,NA,NA,N,4,0,1,2,A,-,12,21453,A,N,D,C,A,A,H,-,C,A,0,NA,NA,NA,NA,Y,NA,A,NA,0,0,1,0,0,0,0,0,0,-,-,NA,NA,LOS ANGELES,GLENDALE,-118.25791013,34.14684012
6944858,2015,2015-06-10,1942,2015-04-24,1415,41739,0717,5,5,7,1942,0,0,0,G,0,6A45,OAKWOOD AV,SYCAMORE AV,0,NA,Y,A,-,N,NA,NA,NA,NA,NA,NA,NA,NA,NA,Y,4,0,1,2,A,-,12,22450,A,N,D,C,A,A,H,-,A,D,0,NA,NA,NA,NA,Y,NA,A,01,0,0,1,0,0,0,0,0,0,-,-,NA,NA,LOS ANGELES,LOS ANGELES,-118.34295012,34.07828002
6944859,2015,2015-06-19,1925,2015-05-21,0736,14089,135,4,5,6,1925,0,0,0,NA,0,005,CANADA BL,SANTA MARIA AV,0,NA,Y,B,-,N,NA,NA,NA,NA,NA,NA,NA,NA,NA,Y,4,0,1,2,A,-,09,21801,A,N,D,C,A,A,H,-,A,A,0,NA,NA,NA,NA,Y,NA,A,07,0,0,1,0,0,0,0,0,0,-,-,NA,NA,LOS ANGELES,GLENDALE,-118.2289801,34.18983009
6944860,2015,2016-06-03,1942,2015-05-28,2120,36607,1802,4,5,7,1942,0,0,0,R,0,12T41,MAIN ST,MANCHESTER AV,0,NA,Y,A,-,N,NA,NA,NA,NA,NA,NA,NA,NA,NA,Y,3,0,3,2,A,-,12,21453,A,N,D,C,A,A,H,-,C,A,0,NA,NA,NA,NA,Y,NA,A,01,0,3,0,0,0,0,0,0,0,-,-,NA,NA,LOS ANGELES,LOS ANGELES,-118.27388,33.96009008
6944861,2015,2015-06-10,1925,2015-04-24,1833,24922,270,5,5,6,1925,0,0,0,NA,0,002,CHEVY CHASE DR,SAN FERNANDO RD,0,E,N,A,-,N,NA,NA,NA,NA,NA,NA,NA,NA,NA,N,4,0,1,2,A,-,17,22517,NA,N,G,B,E,A,H,-,A,D,0,Y,NA,NA,NA,Y,NA,N,60,0,0,1,0,1,0,0,0,0,-,-,NA,NA,LOS ANGELES,GLENDALE,-118.26248002,34.13348007