CASE_ID,ACCIDENT_YEAR,PROC_DATE,JURIS,COLLISION_DATE,COLLISION_TIME,OFFICER_ID,REPORTING_DISTRICT,DAY_OF_WEEK,CHP_SHIFT,POPULATION,CNTY_CITY_LOC,SPECIAL_COND,BEAT_TYPE,CHP_BEAT_TYPE,CITY_DIVISION_LAPD,CHP_BEAT_CLASS,BEAT_NUMBER,PRIMARY_RD,SECONDARY_RD,DISTANCE,DIRECTION,INTERSECTION,WEATHER_1,WEATHER_2,STATE_HWY_IND,CALTRANS_COUNTY,CALTRANS_DISTRICT,STATE_ROUTE,ROUTE_SUFFIX,POSTMILE_PREFIX,POSTMILE,LOCATION_TYPE,RAMP_INTERSECTION,SIDE_OF_HWY,TOW_AWAY,COLLISION_SEVERITY,NUMBER_KILLED,NUMBER_INJURED,PARTY_COUNT,PRIMARY_COLL_FACTOR,PCF_CODE_OF_VIOL,PCF_VIOL_CATEGORY,PCF_VIOLATION,PCF_VIOL_SUBSECTION,HIT_AND_RUN,TYPE_OF_COLLISION,MVIW,PED_ACTION,ROAD_SURFACE,ROAD_COND_1,ROAD_COND_2,LIGHTING,CONTROL_DEVICE,CHP_ROAD_TYPE,PEDESTRIAN_ACCIDENT,BICYCLE_ACCIDENT,MOTORCYCLE_ACCIDENT,TRUCK_ACCIDENT,NOT_PRIVATE_PROPERTY,ALCOHOL_INVOLVED,STWD_VEHTYPE_AT_FAULT,CHP_VEHTYPE_AT_FAULT,COUNT_SEVERE_INJ,COUNT_VISIBLE_INJ,COUNT_COMPLAINT_PAIN,COUNT_PED_KILLED,COUNT_PED_INJURED,COUNT_BICYCLIST_KILLED,COUNT_BICYCLIST_INJURED,COUNT_MC_KILLED,COUNT_MC_INJURED,PRIMARY_RAMP,SECONDARY_RAMP,LATITUDE,LONGITUDE,COUNTY,CITY,POINT_X,POINT_Y
6947437,2015,2015-06-25,1900,2015-05-22,1500,529403,0453,5,5,6,1949,0,0,0,NA,0,43T1,IMPERIAL HWY,WOODS AV,115,W,N,B,-,N,NA,NA,NA,NA,NA,NA,NA,NA,NA,Y,4,0,3,2,A,-,09,21804,A,N,D,C,A,A,H,-,A,D,0,NA,NA,NA,NA,Y,NA,A,01,0,0,3,0,0,0,0,0,0,-,-,NA,NA,LOS ANGELES,NORWALK,-118.08435813,33.91709741
6947439,2015,2015-06-17,1942,2015-05-26,1735,38603,2111,2,5,7,1942,0,0,0,NA,0,17TL14,VALLEY CIRCLE BL,BELL CANYON RD,0,NA,Y,A,-,N,NA,NA,NA,NA,NA,NA,NA,NA,NA,Y,4,0,1,3,A,-,12,21453,A,N,D,C,A,A,H,-,A,A,0,NA,NA,NA,NA,Y,NA,A,07,0,0,1,0,0,0,0,0,0,-,-,NA,NA,LOS ANGELES,LOS ANGELES,-118.65587009,34.20248008
6947521,2015,2015-06-22,1942,2015-05-17,0215,37617,NA,7,5,7,1942,0,0,0,NA,0,2196,TOPANGA CANYON BL,ALIZONDO DR,0,NA,Y,A,-,N,NA,NA,NA,NA,NA,NA,NA,NA,NA,Y,3,0,1,1,A,-,03,22350,NA,N,F,I,A,A,H,-,C,D,0,NA,NA,NA,NA,Y,NA,A,01,0,1,0,0,0,0,0,0,0,-,-,NA,NA,LOS ANGELES,LOS ANGELES,-118.60569013,34.1533201
6947522,2015,2015-06-22,1942,2015-05-27,0150,38349,1754,3,5,7,1942,0,0,0,Q,0,17T17,RESEDA BL,LASSEN ST,0,NA,Y,A,-,N,NA,NA,NA,NA,NA,NA,NA,NA,NA,Y,4,0,1,2,A,-,12,21453,A,F,D,C,A,A,H,-,C,A,0,NA,NA,NA,NA,Y,NA,A,07,0,0,1,0,0,0,0,0,0,-,-,NA,NA,LOS ANGELES,LOS ANGELES,-118.53609,34.24999008
6947523,2015,2015-06-22,1942,2015-05-27,1555,26319,2107,3,5,7,1942,0,0,0,NA,0,19T74,DESOTO AV,ROSCOE BL,140,N,N,A,-,N,NA,NA,NA,NA,NA,NA,NA,NA,NA,Y,3,0,2,2,A,-,05,21460,A,N,-,C,A,A,H,-,A,-,0,NA,NA,NA,NA,Y,Y,A,08,0,2,0,0,0,0,0,0,0,-,-,NA,NA,LOS ANGELES,LOS ANGELES,-118.58849,34.22032406
6947524,2015,2015-06-22,1942,2015-05-21,1800,39720,1915,4,5,7,1942,0,0,0,NA,0,19X2,GLENOAKS BL,SAYRE,60,S,N,A,-,N,NA,NA,NA,NA,NA,NA,NA,NA,NA,N,3,0,2,2,A,-,09,21804,A,N,B,C,A,A,H,-,B,D,0,NA,NA,NA,NA,Y,NA,A,01,0,1,1,0,0,0,0,0,0,-,-,NA,NA,LOS ANGELES,LOS ANGELES,-118.44254632,34.30206657
6947525,2015,2015-06-22,1942,2015-05-21,1745,38181,1916,4,5,7,1942,0,0,0,NA,0,19TL76,HUBBARD ST,GLENOAKS BL,0,NA,Y,A,-,N,NA,NA,NA,NA,NA,NA,NA,NA,NA,Y,4,0,1,2,A,-,12,21453,A,N,D,C,A,A,H,-,A,D,0,NA,NA,NA,NA,Y,NA,A,01,0,0,1,0,0,0,0,0,0,-,-,NA,NA,LOS ANGELES,LOS ANGELES,-118.43923012,34.29949001
6947526,2015,2015-06-22,1942,2015-05-27,0755,39473,2159,3,5,7,1942,0,0,0,NA,0,21TL63,CORBIN AV,HAMLIN ST,50,N,N,A,-,N,NA,NA,NA,NA,NA,NA,NA,NA,NA,Y,4,0,1,4,A,-,07,21658,A,N,D,C,A,A,H,-,A,A,0,NA,NA,NA,NA,Y,NA,A,01,0,0,1,0,0,0,0,0,0,-,-,NA,NA,LOS ANGELES,LOS ANGELES,-118.56221091,34.18899716
6947527,2015,2016-06-03,1942,2015-05-18,0610,41498,2177,1,5,7,1942,0,0,0,NA,0,21A73,LANOGA AV,CALIFA ST,0,NA,Y,B,-,N,NA,NA,NA,NA,NA,NA,NA,NA,NA,Y,3,0,1,2,A,-,09,21801,A,N,A,C,A,A,H,-,A,A,0,NA,NA,NA,NA,Y,NA,A,01,0,1,0,0,0,0,0,0,0,-,-,NA,NA,LOS ANGELES,LOS ANGELES,-118.59752001,34.17725001
6947528,2015,2016-06-03,1942,2015-05-17,0145,41530,2137,7,5,7,1942,0,0,0,NA,0,21A5W3,VALERIO ST,INDEPENDENCE AV,150,W,N,A,-,N,NA,NA,NA,NA,NA,NA,NA,NA,NA,Y,3,0,1,3,A,-,01,23152,A,N,F,E,A,A,H,-,C,D,0,NA,NA,NA,NA,Y,Y,A,01,0,1,0,0,0,0,0,0,0,-,-,NA,NA,LOS ANGELES,LOS ANGELES,-118.59110526,34.2046622
6947548,2015,2016-11-30,1976,2015-05-26,0738,596,NA,2,5,5,1976,0,0,0,NA,0,004,WHITTIER BL,1ST AV,0,NA,Y,A,-,Y,LA,7,72,-,-,0.527,I,5,S,Y,3,0,3,2,A,-,09,21801,A,N,D,C,A,A,H,-,A,A,0,NA,NA,NA,NA,Y,NA,A,01,0,1,2,0,0,0,0,0,0,-,-,NA,NA,LOS ANGELES,WHITTIER,-117.98528885,33.94121625
6947549,2015,2015-06-19,1976,2015-05-19,1529,225,NA,2,5,5,1976,0,0,0,NA,0,003,LAMBERT RD,LAUREL AV,0,NA,Y,A,-,N,NA,NA,NA,NA,NA,NA,NA,NA,NA,Y,4,0,3,2,D,-,00,NA,NA,N,A,C,A,A,H,-,A,A,0,NA,NA,NA,NA,Y,NA,-,-,0,0,3,0,0,0,0,0,0,-,-,NA,NA,LOS ANGELES,WHITTIER,-118.03451011,33.95572009
6947551,2015,2016-11-09,9430,2015-05-25,0535,018681,NA,1,3,9,1900,0,1,1,NA,2,051,RT 5,GORMAN,738,N,N,A,-,Y,LA,7,5,-,R,85.94,H,-,S,Y,4,0,1,2,A,-,08,22107,NA,N,E,I,A,A,H,-,A,D,1,NA,NA,NA,NA,Y,NA,A,01,0,0,1,0,0,0,0,0,0,-,-,34.79533,-118.85424,LOS ANGELES,UNINCORPORATED,-118.85459455,34.79526025
6947561,2015,2015-06-27,1942,2015-05-27,1420,38181,2115,3,5,7,1942,0,0,0,NA,0,19TL76,ROSCOE BL,OWENSMOUTH AV,0,NA,Y,A,-,N,NA,NA,NA,NA,NA,NA,NA,NA,NA,Y,4,0,2,2,A,-,09,21801,A,N,D,C,A,A,H,-,A,A,0,NA,NA,NA,NA,Y,NA,A,01,0,0,2,0,0,0,0,0,0,-,-,NA,NA,LOS ANGELES,LOS ANGELES,-118.60163013,34.21973003
6947562,2015,2015-06-27,1942,2015-05-26,1615,38356,1995,2,5,7,1942,0,0,0,NA,0,16TL26,VAN NUYS BL,ARMINTA ST,0,NA,Y,B,-,N,NA,NA,NA,NA,NA,NA,NA,NA,NA,Y,4,0,2,3,A,-,09,21801,A,N,D,C,A,A,H,-,A,A,0,NA,NA,NA,NA,Y,NA,A,07,0,0,2,0,0,0,0,0,0,-,-,NA,NA,LOS ANGELES,LOS ANGELES,-118.44926008,34.2134101
6947563,2015,2015-06-27,1942,2015-05-21,1550,38181,1921,4,5,7,1942,0,0,0,NA,0,19TL76,ROXFORD ST,ENCINITAS AV,0,NA,Y,B,-,N,NA,NA,NA,NA,NA,NA,NA,NA,NA,Y,3,0,1,2,A,-,09,21801,A,N,A,C,A,A,H,-,A,A,0,NA,NA,NA,NA,Y,NA,A,01,0,1,0,0,0,0,0,0,0,-,-,NA,NA,LOS ANGELES,LOS ANGELES,-118.47886008,34.3038301
6947564,2015,2015-06-27,1942,2015-05-22,2035,41742,1983,5,5,7,1942,0,0,0,NA,0,19X84,PARTHENIA ST,COLUMBUS AV,0,NA,Y,B,-,N,NA,NA,NA,NA,NA,NA,NA,NA,NA,N,4,0,1,2,A,-,09,21801,A,N,D,G,A,A,A,-,C,A,0,NA,Y,NA,NA,Y,NA,A,01,0,0,1,0,0,0,1,0,0,-,-,NA,NA,LOS ANGELES,LOS ANGELES,-118.4654301,34.22826003
6947565,2015,2015-06-27,1942,2015-05-24,0330,38734,1738,7,5,7,1942,0,0,0,Q,0,NA,WOODLEY,WOODLEY 10916,0,NA,-,A,-,N,NA,NA,NA,NA,NA,NA,NA,NA,NA,N,4,0,1,5,A,-,01,23152,A,N,A,E,A,A,H,-,C,D,0,NA,NA,NA,NA,Y,Y,-,NA,0,0,1,0,0,0,0,0,0,-,-,NA,NA,LOS ANGELES,LOS ANGELES,-118.48418,34.268814
6947566,2015,2015-06-27,1942,2015-05-26,1255,33779,1782,2,5,7,1942,0,0,0,Q,0,15T44,NORDHOFF ST,CORBIN AV,0,NA,Y,A,-,N,NA,NA,NA,NA,NA,NA,NA,NA,NA,Y,3,0,1,4,A,-,01,23152,A,N,D,C,A,A,H,-,A,A,0,NA,NA,NA,NA,Y,Y,A,01,0,1,0,0,0,0,0,0,0,-,-,NA,NA,LOS ANGELES,LOS ANGELES,-118.56230004,34.23548004
6947567,2015,2015-06-27,1942,2015-05-19,2020,41668,1752,2,5,7,1942,0,0,0,Q,0,17A49,DEVONSHIRE ST,LURLINE AV,0,NA,Y,A,-,N,NA,NA,NA,NA,NA,NA,NA,NA,NA,Y,4,0,1,2,A,-,12,21453,A,N,D,C,A,A,H,-,B,A,0,NA,NA,NA,NA,Y,NA,A,01,0,0,1,0,0,0,0,0,0,-,-,NA,NA,LOS ANGELES,LOS ANGELES,-118.5841901,34.25724007
6947568,2015,2015-06-27,1942,2015-05-24,1200,38849,1782,7,5,7,1942,0,0,0,Q,0,17A67,TAMPA,PARTHENIA,50,N,N,A,-,N,NA,NA,NA,NA,NA,NA,NA,NA,NA,N,4,0,1,2,A,-,04,21703,NA,N,C,C,A,A,H,-,A,D,0,NA,NA,NA,NA,Y,NA,A,01,0,0,1,0,0,0,0,0,0,-,-,NA,NA,LOS ANGELES,LOS ANGELES,-118.55355,34.22836716
6947569,2015,2015-06-27,1942,2015-05-26,1630,33700,1717,2,5,7,1942,0,0,0,Q,0,35M47,BALBOA BL,NORDHOFF ST,0,NA,Y,A,-,N,NA,NA,NA,NA,NA,NA,NA,NA,NA,Y,4,0,2,2,A,-,09,21801,A,N,D,C,A,A,H,-,A,A,0,NA,NA,NA,NA,Y,NA,A,01,0,0,2,0,0,0,0,0,0,-,-,NA,NA,LOS ANGELES,LOS ANGELES,-118.50251009,34.23572005
6947570,2015,2015-06-27,1942,2015-05-26,1415,38181,1717,2,5,7,1942,0,0,0,Q,0,19TL76,SAN FERNANDO MISSION BL,WOODLEY AV,50,E,N,B,-,N,NA,NA,NA,NA,NA,NA,NA,NA,NA,Y,4,0,1,2,A,-,09,21804,A,N,D,C,A,A,H,-,A,D,0,NA,NA,NA,NA,Y,NA,A,01,0,0,1,0,0,0,0,0,0,-,-,NA,NA,LOS ANGELES,LOS ANGELES,-118.4845348,34.27192
6947571,2015,2015-06-27,1942,2015-05-27,1800,40165,1797,3,5,7,1942,0,0,0,Q,0,21T62,WOODLEY AV,PARTHENIA ST,0,NA,Y,A,-,N,NA,NA,NA,NA,NA,NA,NA,NA,NA,Y,3,0,1,3,A,-,09,21801,A,N,-,C,A,A,H,-,A,A,0,NA,NA,NA,NA,Y,NA,A,07,0,1,0,0,0,0,0,0,0,-,-,NA,NA,LOS ANGELES,LOS ANGELES,-118.48515011,34.22838004
6947572,2015,2015-06-27,1942,2015-05-21,1320,38181,1008,4,5,7,1942,0,0,0,J,0,19TL76,SATICOY ST,HAYVENHURST ST,50,W,N,B,-,N,NA,NA,NA,NA,NA,NA,NA,NA,NA,Y,4,0,2,2,A,-,12,21453,A,N,D,C,A,A,H,-,A,D,0,NA,NA,NA,NA,Y,NA,-,-,0,0,2,0,0,0,0,0,0,-,-,NA,NA,LOS ANGELES,LOS ANGELES,-118.49458508,34.20842
6947573,2015,2015-06-27,1942,2015-05-27,1920,38354,1522,3,5,7,1942,0,0,0,O,0,9T53,COLDWATER CANYON AV,SHERMAN WY,166,S,N,A,-,N,NA,NA,NA,NA,NA,NA,NA,NA,NA,Y,4,0,2,4,A,-,09,21804,NA,N,D,C,A,A,H,-,A,D,0,NA,NA,NA,NA,Y,NA,A,01,0,0,2,0,0,0,0,0,0,-,-,NA,NA,LOS ANGELES,LOS ANGELES,-118.4138,34.20073469
6947574,2015,2015-06-27,1942,2015-05-27,1405,40165,1502,3,5,7,1942,0,0,0,O,0,21T62,SATICOY ST S,WHITSETT AV,450,W,N,A,-,N,NA,NA,NA,NA,NA,NA,NA,NA,NA,N,4,0,1,2,A,-,09,21804,A,N,D,C,A,A,H,-,A,D,0,NA,NA,NA,NA,Y,NA,A,08,0,0,1,0,0,0,0,0,0,-,-,NA,NA,LOS ANGELES,LOS ANGELES,-118.40754164,34.20527308
6947575,2015,2015-06-27,1942,2015-05-27,1600,40141,1595,3,5,7,1942,0,0,0,O,0,16T27,VENTURA BL,COLFAX AV,230,W,N,A,-,N,NA,NA,NA,NA,NA,NA,NA,NA,NA,N,4,0,2,2,A,-,05,21651,A,N,B,C,A,A,H,-,A,D,0,NA,NA,NA,NA,Y,NA,A,01,0,0,2,0,0,0,0,0,0,-,-,NA,NA,LOS ANGELES,LOS ANGELES,-118.38840439,34.14157902
6947576,2015,2015-06-27,1942,2015-05-23,1730,33340,1037,6,5,7,1942,0,0,0,J,0,21TL64,WHITE OAK AV,VANOWEN ST,0,NA,Y,A,-,N,NA,NA,NA,NA,NA,NA,NA,NA,NA,Y,4,0,2,2,A,-,12,21453,NA,N,B,C,A,A,H,-,A,A,0,NA,NA,NA,NA,Y,NA,A,01,0,0,2,0,0,0,0,0,0,-,-,NA,NA,LOS ANGELES,LOS ANGELES,-118.51858013,34.1938701
6947682,2015,2015-06-24,1942,2015-05-22,2205,39131,1033,5,5,7,1942,0,0,0,J,0,10A3,VICTORY BL,RESEDA BL,50,NA,N,A,-,N,NA,NA,NA,NA,NA,NA,NA,NA,NA,N,3,0,1,2,A,-,11,21955,NA,N,G,B,D,A,H,-,C,D,0,Y,NA,NA,NA,Y,NA,N,60,0,1,0,0,1,0,0,0,0,-,-,NA,NA,LOS ANGELES,LOS ANGELES,-118.53602012,34.18657009
6947683,2015,2015-06-23,1942,2015-05-23,1640,39724,1617,6,5,7,1942,0,0,0,P,0,19TL72,FOOTHILL BL,CONOVER ST,215,S,N,A,-,N,NA,NA,NA,NA,NA,NA,NA,NA,NA,Y,4,0,2,2,A,-,08,22107,NA,N,D,C,A,A,H,-,A,D,0,NA,NA,NA,NA,Y,NA,A,07,0,0,2,0,0,0,0,0,0,-,-,NA,NA,LOS ANGELES,LOS ANGELES,-118.33843301,34.27280952
6947684,2015,2015-06-24,1942,2015-05-25,1455,34599,1654,1,5,7,1942,0,0,0,P,0,10TL38,OSBORNE ST,NORRIS AV,47,W,N,A,-,N,NA,NA,NA,NA,NA,NA,NA,NA,NA,N,4,0,1,1,B,-,22,NA,NA,N,E,I,A,A,H,-,A,D,0,NA,NA,NA,NA,Y,NA,A,01,0,0,1,0,0,0,0,0,0,-,-,NA,NA,LOS ANGELES,LOS ANGELES,-118.40415706,34.25810532
6947685,2015,2015-06-23,1942,2015-05-24,0615,38980,1676,7,5,7,1942,0,0,0,P,0,21TL61,LANARK ST,GLENOAK BL,50,W,N,B,-,N,NA,NA,NA,NA,NA,NA,NA,NA,NA,N,3,0,1,1,A,-,03,22350,NA,N,E,I,A,A,H,-,B,D,0,NA,NA,NA,NA,Y,NA,A,01,0,1,0,0,0,0,0,0,0,-,-,NA,NA,LOS ANGELES,LOS ANGELES,-118.35469093,34.21827859
6947818,2015,2015-10-15,1942,2015-05-17,0515,35410,2134,7,5,7,1942,0,0,0,NA,0,21A43,SALE AV,COVELLO ST,0,NA,Y,A,-,N,NA,NA,NA,NA,NA,NA,NA,NA,NA,Y,3,0,1,4,A,-,01,23152,A,N,A,E,A,A,H,-,C,D,0,NA,NA,NA,NA,Y,Y,A,01,0,1,0,0,0,0,0,0,0,-,-,NA,NA,LOS ANGELES,LOS ANGELES,-118.61946013,34.20722
6947861,2015,2015-06-30,1900,2015-05-14,0845,520027,2820,4,5,5,1915,0,0,0,NA,0,282T1,ALAMEDA ST,CARLIN ST,30,S,N,B,-,N,NA,NA,NA,NA,NA,NA,NA,NA,NA,N,3,0,1,2,A,-,08,22107,NA,N,B,C,A,A,H,-,A,D,0,NA,NA,NA,Y,Y,NA,-,-,0,1,0,0,0,0,0,0,0,-,-,NA,NA,LOS ANGELES,COMPTON,-118.22274714,33.91434843
6947865,2015,2015-07-22,1900,2015-03-12,1347,475342,2837,4,5,5,1915,0,0,0,NA,0,285D,ARTESIA BL,ACALA AV,3,W,N,A,-,N,NA,NA,NA,NA,NA,NA,NA,NA,NA,N,4,0,1,2,A,-,07,21658,A,N,B,C,A,A,H,-,A,D,0,NA,NA,NA,Y,Y,NA,G,25,0,0,1,0,0,0,0,0,0,-,-,NA,NA,LOS ANGELES,COMPTON,-118.224839,33.874509
6947869,2015,2015-06-30,1900,2015-05-17,1500,520271,2820,7,5,5,1915,0,0,0,NA,0,283T1,SANTA FE AV,WEBER AV,17,E,N,A,-,N,NA,NA,NA,NA,NA,NA,NA,NA,NA,N,3,0,1,3,A,-,09,21801,A,F,D,C,A,A,H,-,A,D,0,NA,NA,NA,NA,Y,NA,D,22,0,1,0,0,0,0,0,0,0,-,-,NA,NA,LOS ANGELES,COMPTON,-118.21809246,33.92035381
6947922,2015,2016-12-13,9575,2015-05-17,0130,20729,NA,7,3,7,1942,0,1,1,NA,2,053,RT 5,SHELDON ST,900,N,N,B,-,Y,LA,7,5,-,-,36.17,H,-,S,Y,4,0,1,4,A,-,03,22350,NA,N,C,C,A,A,H,-,D,D,1,NA,NA,NA,NA,Y,NA,A,01,0,0,1,0,0,0,0,0,0,-,-,34.23311,-118.41006,LOS ANGELES,LOS ANGELES,-118.40714381,34.23202474
6947926,2015,2016-11-03,9575,2015-05-20,0835,17416,NA,3,1,7,1942,0,1,1,NA,2,052,RT 5,PENROSE ST,150,S,N,A,-,Y,LA,7,5,-,-,34.25,H,-,S,N,4,0,1,4,A,-,03,22350,NA,N,C,C,A,A,H,-,A,D,1,NA,NA,NA,NA,Y,NA,A,01,0,0,1,0,0,0,0,0,0,-,-,34.2257,-118.37502,LOS ANGELES,LOS ANGELES,-118.37517893,34.22584068
6947930,2015,2016-12-13,9575,2015-05-10,2330,20711,NA,7,3,6,1925,0,1,1,NA,2,062,RT 210,LOWELL AV,250,E,N,A,-,Y,LA,7,210,-,R,15.776,R,1,E,Y,4,0,1,2,A,-,03,22350,NA,N,E,J,A,A,C,-,D,D,1,NA,NA,NA,NA,Y,NA,A,01,0,0,1,0,0,0,0,0,0,-,-,34.23021,-118.26474,LOS ANGELES,GLENDALE,-118.26380139,34.23053381
6947943,2015,2015-06-29,1942,2015-05-20,1900,35748,151,3,5,7,1942,0,0,0,O,0,1A85,7TH ST,FRANCISCO ST,328,W,N,A,-,N,NA,NA,NA,NA,NA,NA,NA,NA,NA,Y,4,0,2,2,D,-,00,NA,NA,N,B,C,A,A,H,-,B,D,0,NA,NA,NA,NA,Y,NA,-,-,0,0,2,0,0,0,0,0,0,-,-,NA,NA,LOS ANGELES,LOS ANGELES,-118.26243665,34.05017697
6947944,2015,2015-06-29,1942,2015-05-28,1945,36733,1538,4,5,7,1942,0,0,0,O,0,19TL75,TUJUNGA AV,HATTERAS ST,20,N,N,A,-,N,NA,NA,NA,NA,NA,NA,NA,NA,NA,N,3,0,1,2,A,-,08,22100,B,N,D,G,A,A,H,-,A,D,0,NA,Y,NA,NA,Y,NA,L,04,0,1,0,0,0,0,1,0,0,-,-,NA,NA,LOS ANGELES,LOS ANGELES,-118.37904,34.17583485
6947947,2015,2015-06-29,1942,2015-05-15,0050,38233,0135,5,5,7,1942,0,0,0,A,0,2T15,W 3RD ST,S MAIN ST,129,W,N,B,-,N,NA,NA,NA,NA,NA,NA,NA,NA,NA,Y,3,0,3,1,A,-,03,22350,NA,N,E,I,A,B,H,-,C,D,0,NA,NA,NA,NA,Y,NA,A,01,0,2,1,0,0,0,0,0,0,-,-,NA,NA,LOS ANGELES,LOS ANGELES,-118.24617786,34.04976961
6947948,2015,2015-06-29,1942,2015-05-23,1700,34458,1383,6,5,7,1942,0,0,0,M,0,4TL4,MAIN ST,61ST ST,15,N,N,A,-,N,NA,NA,NA,NA,NA,NA,NA,NA,NA,Y,4,0,2,2,A,-,05,21651,A,F,B,C,A,A,H,-,A,A,0,NA,NA,NA,NA,Y,NA,-,99,0,0,2,0,0,0,0,0,0,-,-,NA,NA,LOS ANGELES,LOS ANGELES,-118.27393954,33.98427114
6947951,2015,2015-06-29,1942,2015-05-18,0830,36814,0192,1,5,7,1942,0,0,0,A,0,4TL43,15TH ST,OLIVE ST,90,E,N,A,-,N,NA,NA,NA,NA,NA,NA,NA,NA,NA,N,4,0,1,2,A,-,21,22106,NA,N,D,C,A,A,H,-,A,D,0,NA,NA,NA,NA,Y,NA,A,07,0,0,1,0,0,0,0,0,0,-,-,NA,NA,LOS ANGELES,LOS ANGELES,-118.26458143,34.03575548
6947952,2015,2015-06-29,1942,2015-05-24,0605,31324,0212,7,5,7,1942,0,0,0,B,0,1TL24,VIRGIL AV,CLINTON ST,160,N,N,B,-,N,NA,NA,NA,NA,NA,NA,NA,NA,NA,Y,3,0,2,2,A,-,05,21650,NA,F,B,E,A,A,H,-,B,A,0,NA,NA,NA,NA,Y,NA,D,22,0,1,1,0,0,0,0,0,0,-,-,NA,NA,LOS ANGELES,LOS ANGELES,-118.28683,34.0822188
6947955,2015,2015-07-06,1942,2015-05-17,1400,33452,0154,7,5,7,1942,0,0,0,A,0,1TL24,SPRING ST,5TH ST,11,S,N,A,-,N,NA,NA,NA,NA,NA,NA,NA,NA,NA,N,4,0,1,2,A,-,10,21950,A,N,G,B,-,A,H,-,A,A,0,Y,NA,NA,NA,Y,NA,A,01,0,0,1,0,1,0,0,0,0,-,-,NA,NA,LOS ANGELES,LOS ANGELES,-118.24965319,34.04736681
6947956,2015,2015-06-29,1942,2015-05-25,1405,32973,1353,1,5,7,1942,0,0,0,M,0,11TL32,VERNON AV,CENTRAL AV,90,W,N,B,-,N,NA,NA,NA,NA,NA,NA,NA,NA,NA,Y,3,0,3,4,A,-,01,23152,A,N,C,C,A,A,H,-,A,D,0,NA,NA,NA,NA,Y,Y,A,01,0,1,2,0,0,0,0,0,0,-,-,NA,NA,LOS ANGELES,LOS ANGELES,-118.25678636,34.00393
6947957,2015,2016-11-05,9575,2015-05-02,1330,20182,NA,6,1,6,1953,0,1,3,NA,2,304,RT 2,SAN GABRIEL CANYON RD,23760,W,N,A,-,Y,LA,7,2,-,-,55.48,H,-,E,Y,3,0,1,1,A,-,03,22350,NA,N,F,A,A,A,H,-,A,D,0,NA,NA,Y,NA,Y,NA,C,02,0,1,0,0,0,0,0,0,1,-,-,34.34851,-117.94346,LOS ANGELES,PASADENA,-117.94283833,34.34905247
6947959,2015,2015-06-29,1942,2015-05-17,1010,37952,0112,7,5,7,1942,0,0,0,A,0,1T24,GRAND AV,CESAR E CHAVEZ AV,525,S,N,B,-,N,NA,NA,NA,NA,NA,NA,NA,NA,NA,Y,4,0,1,2,A,-,08,22107,NA,N,B,C,A,A,H,-,A,D,0,NA,NA,NA,NA,Y,NA,A,01,0,0,1,0,0,0,0,0,0,-,-,NA,NA,LOS ANGELES,LOS ANGELES,-118.24502799,34.05955637
6947960,2015,2015-06-29,1942,2015-05-18,0510,32973,1162,1,5,7,1942,0,0,0,K,0,1TL24,VERMONT AV,LEXINGTON AV,150,N,N,B,-,N,NA,NA,NA,NA,NA,NA,NA,NA,NA,Y,4,0,2,2,A,-,08,22107,NA,F,B,C,A,A,H,-,C,D,0,NA,NA,NA,NA,Y,NA,-,99,0,0,2,0,0,0,0,0,0,-,-,NA,NA,LOS ANGELES,LOS ANGELES,-118.29176,34.09386138
6947963,2015,2015-06-29,1942,2015-05-13,2055,38233,0101,3,5,7,1942,0,0,0,A,0,4T43W3,W SUNSET BL,N BEAUDRY AV,20,E,N,A,-,N,NA,NA,NA,NA,NA,NA,NA,NA,NA,Y,4,0,2,2,A,-,03,22350,NA,N,C,C,A,A,H,-,C,D,0,NA,NA,NA,NA,Y,NA,A,07,0,0,2,0,0,0,0,0,0,-,-,NA,NA,LOS ANGELES,LOS ANGELES,-118.24921468,34.06519936
6947964,2015,2015-06-29,1942,2015-05-18,1635,37611,1177,1,5,7,1942,0,0,0,K,0,4T4,AVE 28,FIGUEROA ST,3,W,N,A,-,N,NA,NA,NA,NA,NA,NA,NA,NA,NA,N,4,0,1,2,A,-,05,21650,1,N,D,G,A,A,H,-,A,A,0,NA,Y,NA,NA,Y,NA,L,04,0,0,1,0,0,0,1,0,0,-,-,NA,NA,LOS ANGELES,LOS ANGELES,-118.22119691,34.08479589
6947965,2015,2016-11-02,9575,2015-05-08,0815,17589,NA,5,1,7,1942,0,1,1,NA,2,050,RT 5,ZOO DR,200,S,N,B,-,Y,LA,7,5,-,-,26.43,H,-,S,N,4,0,1,2,A,-,03,22350,NA,N,C,D,A,A,H,-,A,D,1,NA,NA,NA,NA,Y,NA,A,08,0,0,1,0,0,0,0,0,0,-,-,34.14068,-118.27448,LOS ANGELES,LOS ANGELES,-118.28039528,34.14989223
6947966,2015,2015-07-18,1942,2015-05-21,1340,38291,1768,4,5,7,1942,0,0,0,Q,0,17A49,LASSEN ST,BALBOA BL,0,NA,Y,A,-,N,NA,NA,NA,NA,NA,NA,NA,NA,NA,N,4,0,1,2,A,-,08,22100,A,F,H,C,A,A,H,-,A,A,0,NA,NA,NA,NA,Y,NA,-,99,0,0,1,0,0,0,0,0,0,-,-,NA,NA,LOS ANGELES,LOS ANGELES,-118.50239007,34.25027009