CASE_ID,ACCIDENT_YEAR,PROC_DATE,JURIS,COLLISION_DATE,COLLISION_TIME,OFFICER_ID,REPORTING_DISTRICT,DAY_OF_WEEK,CHP_SHIFT,POPULATION,CNTY_CITY_LOC,SPECIAL_COND,BEAT_TYPE,CHP_BEAT_TYPE,CITY_DIVISION_LAPD,CHP_BEAT_CLASS,BEAT_NUMBER,PRIMARY_RD,SECONDARY_RD,DISTANCE,DIRECTION,INTERSECTION,WEATHER_1,WEATHER_2,STATE_HWY_IND,CALTRANS_COUNTY,CALTRANS_DISTRICT,STATE_ROUTE,ROUTE_SUFFIX,POSTMILE_PREFIX,POSTMILE,LOCATION_TYPE,RAMP_INTERSECTION,SIDE_OF_HWY,TOW_AWAY,COLLISION_SEVERITY,NUMBER_KILLED,NUMBER_INJURED,PARTY_COUNT,PRIMARY_COLL_FACTOR,PCF_CODE_OF_VIOL,PCF_VIOL_CATEGORY,PCF_VIOLATION,PCF_VIOL_SUBSECTION,HIT_AND_RUN,TYPE_OF_COLLISION,MVIW,PED_ACTION,ROAD_SURFACE,ROAD_COND_1,ROAD_COND_2,LIGHTING,CONTROL_DEVICE,CHP_ROAD_TYPE,PEDESTRIAN_ACCIDENT,BICYCLE_ACCIDENT,MOTORCYCLE_ACCIDENT,TRUCK_ACCIDENT,NOT_PRIVATE_PROPERTY,ALCOHOL_INVOLVED,STWD_VEHTYPE_AT_FAULT,CHP_VEHTYPE_AT_FAULT,COUNT_SEVERE_INJ,COUNT_VISIBLE_INJ,COUNT_COMPLAINT_PAIN,COUNT_PED_KILLED,COUNT_PED_INJURED,COUNT_BICYCLIST_KILLED,COUNT_BICYCLIST_INJURED,COUNT_MC_KILLED,COUNT_MC_INJURED,PRIMARY_RAMP,SECONDARY_RAMP,LATITUDE,LONGITUDE,COUNTY,CITY,POINT_X,POINT_Y
6949443,2015,2015-06-30,9565,2015-03-08,0510,020520,NA,7,3,9,1900,0,2,4,NA,2,024,IMPERIAL HWY,HOBART BL,10,W,N,A,-,N,NA,NA,NA,NA,NA,NA,NA,NA,NA,Y,2,0,2,2,A,-,01,23152,A,N,C,C,A,A,H,-,C,D,0,NA,NA,NA,NA,Y,Y,A,01,1,0,1,0,0,0,0,0,0,-,-,33.93099,-118.30732,LOS ANGELES,UNINCORPORATED,-118.3072929,33.93102965
6949444,2015,2015-06-30,1924,2015-03-28,1349,111229,20,6,5,5,1924,0,0,0,NA,0,8M1,ROSCRANS AV,PURCHE AV,240,E,N,A,-,N,NA,NA,NA,NA,NA,NA,NA,NA,NA,Y,4,0,1,2,A,-,09,21801,A,N,A,C,A,A,H,-,A,D,0,NA,NA,NA,NA,Y,NA,A,01,0,0,1,0,0,0,0,0,0,-,-,NA,NA,LOS ANGELES,GARDENA,-118.3198706,33.90192
6949447,2015,2016-09-06,9535,2015-03-22,0220,19125,NA,7,3,9,1900,0,1,1,NA,2,420,RT 1,EASTERN AV,220,W,N,A,-,Y,LA,7,10,-,-,20.81,H,-,E,Y,2,0,1,1,A,-,01,23152,NA,N,E,I,A,A,H,-,C,D,1,NA,NA,Y,NA,Y,Y,C,02,1,0,0,0,0,0,0,0,1,-,-,34.06001,-118.17386,LOS ANGELES,UNINCORPORATED,-118.17396659,34.06020633
6949452,2015,2015-09-10,1938,2015-03-26,1826,651,212,4,5,4,1938,0,0,0,NA,0,002,WHEELER AV,3RD ST,0,NA,Y,A,-,N,NA,NA,NA,NA,NA,NA,NA,NA,NA,Y,4,0,1,2,A,-,09,21801,A,N,D,C,A,A,H,-,A,A,0,NA,NA,NA,NA,Y,NA,A,01,0,0,1,0,0,0,0,0,0,-,-,NA,NA,LOS ANGELES,LA VERNE,-117.7801001,34.10306012
6949463,2015,2015-06-30,1942,2015-03-29,2245,39454,0701,7,5,7,1942,0,0,0,G,0,7Z5,LA CIENEGA BL,SHERWOOD DR,0,NA,Y,A,-,N,NA,NA,NA,NA,NA,NA,NA,NA,NA,Y,4,0,1,2,A,-,09,21801,A,N,D,C,A,A,H,-,C,A,0,NA,NA,NA,NA,Y,NA,A,01,0,0,1,0,0,0,0,0,0,-,-,NA,NA,LOS ANGELES,LOS ANGELES,-118.37649008,34.08484001
6949471,2015,2015-06-30,1924,2015-03-16,1126,111822,34,1,5,5,1924,0,0,0,NA,0,8L9D,REDONDO BEACH BL,DENKER AV,15,E,N,A,-,N,NA,NA,NA,NA,NA,NA,NA,NA,NA,Y,4,0,1,2,A,-,10,21950,A,N,G,B,B,A,H,-,A,A,0,Y,NA,NA,NA,Y,NA,A,01,0,0,1,0,1,0,0,0,0,-,-,NA,NA,LOS ANGELES,GARDENA,-118.30466391,33.88996466
6949474,2015,2015-06-12,1924,2015-02-18,1117,111361,20,3,5,5,1924,0,0,0,NA,0,8M2,VAN NESS AV,147TH ST,0,NA,Y,A,-,N,NA,NA,NA,NA,NA,NA,NA,NA,NA,Y,4,0,2,2,A,-,09,21801,A,N,D,C,A,A,H,-,A,A,0,NA,NA,NA,NA,Y,NA,A,01,0,0,2,0,0,0,0,0,0,-,-,NA,NA,LOS ANGELES,GARDENA,-118.31787014,33.89832004
6949475,2015,2015-06-30,1924,2015-03-16,1929,112602,07,1,5,5,1924,0,0,0,NA,0,8T2,CRENSHAW BL,135TH ST,20,S,N,A,-,N,NA,NA,NA,NA,NA,NA,NA,NA,NA,N,4,0,1,2,A,-,03,22350,NA,N,C,C,A,A,H,-,C,A,0,NA,NA,NA,NA,Y,NA,A,08,0,0,1,0,0,0,0,0,0,-,-,NA,NA,LOS ANGELES,GARDENA,-118.32645,33.90914515
6949476,2015,2016-09-28,1938,2015-03-14,1258,712,213,6,5,4,1938,0,0,0,NA,0,001,FOOTHILL BL,CHELSEA DR,9,W,N,A,-,Y,LA,7,66,-,-,1.091,I,6,E,N,4,0,1,2,A,-,05,21202,A,N,D,G,A,A,H,-,A,A,0,NA,Y,NA,NA,Y,NA,L,04,0,0,1,0,0,0,1,0,0,-,-,NA,NA,LOS ANGELES,LA VERNE,-117.77211574,34.11560582
6949479,2015,2015-06-30,1924,2015-03-12,0713,105770,10,4,5,5,1924,0,0,0,NA,0,002,135TH ST,BUDLONG AV,14,W,N,A,-,N,NA,NA,NA,NA,NA,NA,NA,NA,NA,Y,3,0,1,2,A,-,09,21801,NA,N,D,C,A,A,H,-,A,A,0,NA,NA,NA,NA,Y,NA,A,01,0,1,0,0,0,0,0,0,0,-,-,NA,NA,LOS ANGELES,GARDENA,-118.29646605,33.90916
6949480,2015,2016-09-26,1938,2015-03-29,1141,184,214,7,5,4,1938,0,0,0,NA,0,002,WHEELER AV,FOOTHILL BL,143,S,N,A,-,Y,LA,7,66,-,-,0.793,I,6,E,N,4,0,1,2,A,-,03,22350,NA,N,C,C,A,A,H,-,A,D,0,NA,NA,NA,NA,Y,NA,-,-,0,0,1,0,0,0,0,0,0,-,-,NA,NA,LOS ANGELES,LA VERNE,-117.77689354,34.11719835
6949484,2015,2016-09-28,1938,2015-03-24,1427,676,213,2,5,4,1938,0,0,0,NA,0,003,FOOTHILL BL,EMERALD AV,3,E,N,A,-,Y,LA,7,66,-,-,1.332,I,5,W,N,4,0,1,2,D,-,00,NA,NA,N,D,G,A,A,H,-,A,A,0,NA,Y,NA,NA,Y,NA,-,-,0,0,1,0,0,0,1,0,0,-,-,NA,NA,LOS ANGELES,LA VERNE,-117.76811571,34.11441027
6949488,2015,2016-11-14,9540,2015-04-17,0953,18082,NA,5,1,6,1985,0,1,3,NA,1,144,RT 14,GOLDEN VALLEY RD,4200,S,N,A,-,Y,LA,7,14,-,R,28.88,H,-,N,Y,4,0,1,1,A,-,08,22107,NA,N,E,I,A,A,H,-,A,D,1,NA,NA,NA,NA,Y,NA,A,01,0,0,1,0,0,0,0,0,0,-,-,34.43386,-118.38578,LOS ANGELES,SANTA CLARITA,-118.4833633,34.385310080000004
6949492,2015,2016-12-14,9575,2015-04-21,2250,20620,NA,2,3,7,1942,0,1,1,NA,2,053,RT 5,SHELDON ST,300,N,N,A,-,Y,LA,7,5,-,-,36.06,H,-,N,Y,4,0,1,2,A,-,03,22350,NA,M,C,C,A,A,H,-,C,D,1,NA,NA,NA,NA,Y,NA,A,01,0,0,1,0,0,0,0,0,0,-,-,34.232170000000004,-118.40583,LOS ANGELES,LOS ANGELES,-118.40506627,34.23184759
6949496,2015,2016-11-03,9575,2015-04-16,1512,17416,NA,4,2,7,1942,0,1,1,NA,2,052,RT 5,SUNLAND BL,325,N,N,A,-,Y,LA,7,5,-,-,33.74,H,-,S,Y,4,0,2,1,A,-,08,22107,NA,N,E,I,A,A,H,-,A,D,1,NA,NA,NA,NA,Y,NA,A,07,0,0,2,0,0,0,0,0,0,-,-,34.2219,-118.36798,LOS ANGELES,LOS ANGELES,-118.36779577,34.22199586
6949500,2015,2016-11-02,9575,2015-04-17,1445,21006,NA,5,2,6,1953,0,1,1,NA,2,065,RT 210,MADRE ST,150,W,N,A,-,Y,LA,7,210,-,R,29.26,H,-,E,N,4,0,1,2,A,-,03,22350,NA,N,C,C,A,A,H,-,A,D,1,NA,NA,NA,NA,Y,NA,A,07,0,0,1,0,0,0,0,0,0,-,-,34.14808,-118.07981,LOS ANGELES,PASADENA,-118.08281801,34.14755345
6949508,2015,2016-11-05,9535,2015-04-16,0140,19706,NA,4,3,5,1959,0,1,1,NA,2,401,RT 10,SAN GABRIEL BL,30,W,N,A,-,Y,LA,7,10,-,-,25.8,R,2,W,Y,3,0,1,1,A,-,01,23152,A,N,E,I,A,A,H,-,C,D,0,NA,NA,NA,NA,Y,Y,A,01,0,1,0,0,0,0,0,0,0,-,-,34.06957,-118.09024,LOS ANGELES,ROSEMEAD,-118.09145264,34.07219716
6949510,2015,2016-09-08,9535,2015-03-28,0230,019706,NA,6,3,9,1900,0,1,3,NA,2,066,RT 164,RT 60,1250,S,N,A,-,Y,LA,7,164,-,-,3.08,H,-,N,Y,3,0,1,1,A,-,01,23152,A,N,E,I,A,A,H,-,C,D,0,NA,NA,NA,NA,Y,Y,A,01,0,1,0,0,0,0,0,0,0,-,-,34.03781,-118.06427,LOS ANGELES,UNINCORPORATED,-118.06420633,34.03746635
6949511,2015,2015-06-30,1942,2015-03-16,2000,39764,2038,1,5,7,1942,0,0,0,NA,0,7T71,WILSHIRE BL,COMMONWEALTH AV,80,E,N,A,-,N,NA,NA,NA,NA,NA,NA,NA,NA,NA,N,4,0,1,2,B,-,22,NA,NA,N,D,G,A,A,H,-,C,D,0,NA,Y,NA,NA,Y,NA,-,-,0,0,1,0,0,0,1,0,0,-,-,NA,NA,LOS ANGELES,LOS ANGELES,-118.28538672,34.06182101
6949512,2015,2017-01-05,9535,2015-04-30,2214,20161,NA,4,3,3,1914,0,1,1,NA,2,501,RT 5,ATLANTIC BL,250,S,N,A,-,Y,LA,7,5,-,-,12.72,H,-,S,Y,2,0,1,2,A,-,08,22107,NA,N,B,C,A,A,H,-,C,D,1,NA,NA,NA,NA,Y,NA,A,08,1,0,0,0,0,0,0,0,0,-,-,34.00792,-118.15801,LOS ANGELES,COMMERCE,-118.15782823,34.00793114
6949514,2015,2016-09-26,9535,2015-03-13,1420,20851,NA,5,2,5,1948,0,1,3,NA,2,620,RT 60,PARAMOUNT BL,1000,W,N,A,-,Y,LA,7,60,-,R,7.23,H,-,E,Y,4,0,2,2,A,-,08,22107,NA,N,C,E,A,A,H,-,A,D,1,NA,NA,NA,NA,Y,NA,A,07,0,0,2,0,0,0,0,0,0,-,-,34.03486,-118.10462,LOS ANGELES,MONTEREY PARK,-118.10233252,34.03540331
6949515,2015,2015-06-30,1942,2015-03-27,2325,31387,807,5,5,7,1942,0,0,0,NA,0,6TL7,BENEDICT CANYON RD,CLEAR VIEW AV,118,N,N,A,-,N,NA,NA,NA,NA,NA,NA,NA,NA,NA,Y,4,0,2,1,A,-,03,22350,A,N,E,I,A,A,H,-,C,A,0,NA,NA,NA,NA,Y,NA,A,01,0,0,2,0,0,0,0,0,0,-,-,NA,NA,LOS ANGELES,LOS ANGELES,-118.43287692,34.09972491
6949516,2015,2017-01-04,9535,2015-04-30,1930,18687,NA,4,2,5,1943,0,1,1,NA,2,074,RT 710,RT 105,2112,N,N,A,-,Y,LA,7,710,-,R,16.09,H,-,N,Y,4,0,1,2,A,-,07,21658,A,N,B,C,A,A,H,-,A,D,1,NA,NA,NA,NA,Y,NA,A,01,0,0,1,0,0,0,0,0,0,-,-,33.91947,-118.17857,LOS ANGELES,LYNWOOD,-118.17874425,33.9184857
6949520,2015,2016-12-08,9535,2015-04-30,1445,17722,NA,4,2,9,1900,0,1,1,NA,2,651,RT 605,SAN JOSE BR,200,N,N,A,-,Y,LA,7,605,-,R,17.78,H,-,S,Y,4,0,2,2,A,-,03,22350,NA,N,C,C,A,A,H,-,A,D,1,NA,NA,NA,NA,Y,NA,A,01,0,0,2,0,0,0,0,0,0,-,-,34.03736,-118.02315,LOS ANGELES,UNINCORPORATED,-118.02254043,34.03769047
6949521,2015,2017-11-30,9535,2015-04-17,2250,20673,NA,5,3,3,1914,0,1,1,NA,2,500,RT 5,SLAUSON AV,751,N,N,A,-,Y,LA,7,5,-,-,9.785,R,1,N,Y,1,1,0,2,A,-,03,22350,NA,F,G,B,F,A,H,-,C,A,1,Y,NA,NA,NA,Y,NA,A,01,0,0,0,1,0,0,0,0,0,TO,-,33.97676,-118.12524,LOS ANGELES,COMMERCE,-118.1249349,33.97544569
6949525,2015,2016-12-22,9535,2015-04-23,2053,20852,NA,4,2,5,1959,0,1,1,NA,2,400,RT 10,WALNUT GROVE AV,60,W,N,A,-,Y,LA,7,10,-,-,26.33,H,-,E,Y,3,0,1,1,A,-,08,22107,NA,N,E,I,A,A,H,-,C,D,0,NA,NA,NA,NA,Y,NA,A,01,0,1,0,0,0,0,0,0,0,-,-,34.0718,-118.09413,LOS ANGELES,ROSEMEAD,-118.08221296,34.07193526
6949529,2015,2017-01-03,9535,2015-04-25,1040,13259,NA,6,1,6,1922,0,1,1,NA,2,401,RT 10,VALLEY BL,245,W,N,A,-,Y,LA,7,10,-,-,29.5,H,-,W,Y,4,0,2,2,A,-,03,22350,NA,N,C,C,A,A,H,-,A,D,6,NA,NA,NA,NA,Y,NA,A,01,0,0,2,0,0,0,0,0,0,-,-,34.06755,-118.02017,LOS ANGELES,EL MONTE,-118.02801295,34.06811449
6949533,2015,2016-11-05,9535,2015-04-25,1635,20864,NA,6,2,9,1900,0,1,1,NA,2,110,RT 10,CESAR E CHAVEZ AV,300,E,N,C,-,Y,LA,7,10,-,S,17.88,H,-,E,Y,4,0,1,1,A,-,03,22350,NA,N,F,A,A,B,H,-,A,D,0,NA,NA,NA,NA,Y,NA,A,01,0,0,1,0,0,0,0,0,0,-,-,34.05406,-118.22252,LOS ANGELES,UNINCORPORATED,-117.91012822,34.07208001
6949537,2015,2016-11-07,9575,2015-04-19,0605,20119,NA,7,1,7,1942,0,1,3,NA,2,070,RT 118,GLENOAKS BL,1056,E,N,A,-,Y,LA,7,118,-,R,13.41,H,-,W,Y,3,0,1,1,A,-,08,22107,NA,N,E,I,A,A,H,-,B,D,1,NA,NA,NA,NA,Y,Y,A,01,0,1,0,0,0,0,0,0,0,-,-,34.28471,-118.41279,LOS ANGELES,LOS ANGELES,-118.41602222,34.28248756
6949541,2015,2016-12-13,9575,2015-04-22,0735,21006,NA,3,1,6,1953,0,1,1,NA,2,063,RT 210,ORANGE GROVE BL,750,W,N,B,-,Y,LA,7,210,-,R,24.5,H,-,E,Y,4,0,1,3,A,-,03,22350,NA,N,C,C,A,A,H,-,A,D,6,NA,NA,NA,NA,Y,NA,A,01,0,0,1,0,0,0,0,0,0,-,-,34.15662,-118.15808,LOS ANGELES,PASADENA,-118.15805981,34.15603589
6949606,2015,2015-06-16,9535,2015-04-09,2140,20859,NA,4,2,9,1900,0,3,5,NA,2,006,SAN GABRIEL BL,PARAMOUNT BL,0,NA,Y,A,-,N,NA,NA,NA,NA,NA,NA,NA,NA,NA,N,4,0,2,3,A,-,12,21453,A,N,D,C,A,A,H,-,C,A,0,NA,NA,NA,NA,Y,NA,A,01,0,0,2,0,0,0,0,0,0,-,-,34.04427,-118.09018,LOS ANGELES,UNINCORPORATED,-118.09045012,34.04442003
6949614,2015,2015-06-15,9575,2015-04-28,1415,19754,NA,2,2,9,1900,0,2,4,NA,2,011,OCEAN VIEW BL,MONTROSE AV,0,NA,Y,A,-,N,NA,NA,NA,NA,NA,NA,NA,NA,NA,Y,4,0,1,2,A,-,09,21801,A,N,D,C,A,A,H,-,A,A,0,NA,NA,NA,NA,Y,NA,A,01,0,0,1,0,0,0,0,0,0,-,-,34.21136,-118.22848,LOS ANGELES,UNINCORPORATED,-118.22796004,34.20932008
6949618,2015,2015-06-15,9575,2015-04-08,2310,20542,NA,3,3,9,1900,0,2,4,NA,2,020,ALTADENA DR,NEW YORK DR,400,N,N,B,-,N,NA,NA,NA,NA,NA,NA,NA,NA,NA,Y,4,0,1,2,A,-,01,23152,A,N,B,E,A,A,H,-,C,D,0,NA,NA,NA,NA,Y,Y,A,01,0,0,1,0,0,0,0,0,0,-,-,34.17488,-118.09812,LOS ANGELES,UNINCORPORATED,-118.09824391,34.17567367
6949622,2015,2015-06-15,9575,2015-04-22,0100,20950,NA,3,3,9,1900,0,3,5,NA,2,008,MUSCATEL AV,ARCADIA AV,108,N,N,B,-,N,NA,NA,NA,NA,NA,NA,NA,NA,NA,N,2,0,1,2,A,-,01,23152,A,M,B,E,A,A,H,-,C,D,0,NA,NA,NA,NA,Y,Y,A,01,1,0,0,0,0,0,0,0,0,-,-,34.12502,-118.07929,LOS ANGELES,UNINCORPORATED,-118.07934277,34.12495612
6949626,2015,2015-06-15,9575,2015-04-22,1135,15204,NA,3,1,9,1900,0,1,3,NA,2,081,ROSEMEAD BL,COLORADO BL,80,N,N,B,-,N,NA,NA,NA,NA,NA,NA,NA,NA,NA,Y,4,0,1,2,A,-,21,22106,NA,N,C,C,A,A,H,-,A,D,0,NA,NA,NA,NA,Y,NA,A,01,0,0,1,0,0,0,0,0,0,-,-,34.14615,-118.07371,LOS ANGELES,UNINCORPORATED,-118.07339,34.1463
6949637,2015,2016-12-14,9575,2015-04-24,1001,14589,NA,5,1,6,1925,0,1,3,NA,2,042,RT 134,CONCORD ST,850,E,N,B,-,Y,LA,7,134,-,R,6.38,H,-,W,Y,4,0,2,4,A,-,03,22350,NA,N,C,C,A,A,H,-,A,D,1,NA,NA,NA,NA,Y,NA,A,01,0,0,2,0,0,0,0,0,0,-,-,34.15571,-118.26823,LOS ANGELES,GLENDALE,-118.26776394,34.15568833
6949641,2015,2016-11-02,9575,2015-04-24,1625,19754,NA,5,2,6,1953,0,1,1,NA,2,064,RT 210,CRAIG AV,60,W,N,B,-,Y,LA,7,210,-,R,27.8,H,-,E,Y,4,0,3,2,A,-,03,22350,NA,N,C,C,A,A,H,-,A,D,1,NA,NA,NA,NA,Y,NA,A,01,0,0,3,0,0,0,0,0,0,-,-,34.15248,-118.10766,LOS ANGELES,PASADENA,-118.10668947,34.15235912
6949645,2015,2016-11-05,9575,2015-04-14,1655,20995,NA,2,2,9,1900,0,1,1,NA,2,062,RT 120,OCEAN VIEW BL,50,W,N,A,-,Y,LA,7,210,-,R,18.21,H,-,W,Y,3,0,4,2,A,-,03,22350,NA,N,C,C,A,A,H,-,A,D,1,NA,NA,NA,NA,Y,NA,A,01,0,2,2,0,0,0,0,0,0,-,-,34.21911,-118.24007,LOS ANGELES,UNINCORPORATED,-118.22807027,34.21195642
6949647,2015,2016-11-05,9535,2015-04-26,0710,018281,NA,7,1,5,1901,0,1,1,NA,2,420,RT 10,NEW AV,680,W,N,A,-,Y,LA,7,10,-,-,24.7,H,-,E,Y,3,0,1,3,A,-,07,21658,A,N,C,C,A,A,H,-,A,D,1,NA,NA,NA,NA,Y,NA,A,01,0,1,0,0,0,0,0,0,0,-,-,34.07153,-118.10982,LOS ANGELES,ALHAMBRA,-118.11062382,34.07164292
6949649,2015,2016-06-02,9575,2015-04-21,1455,19853,NA,2,2,9,1900,0,2,4,NA,2,012,FOOTHILL BL,CLOUD AV,0,NA,Y,A,-,N,NA,NA,NA,NA,NA,NA,NA,NA,NA,Y,4,0,2,2,A,-,09,21802,A,N,D,C,A,A,H,-,A,D,0,NA,NA,NA,NA,Y,NA,A,01,0,0,2,0,0,0,0,0,0,-,-,34.22814,-118.24645,LOS ANGELES,UNINCORPORATED,-118.2464201,34.22817005
6949678,2015,2015-06-16,9565,2015-04-25,1910,20796,NA,6,2,9,1900,0,3,5,NA,2,002,120TH ST,VERMONT AV,0,NA,Y,A,-,N,NA,NA,NA,NA,NA,NA,NA,NA,NA,Y,4,0,3,2,A,-,01,23152,A,N,D,C,A,A,H,-,C,A,0,NA,NA,NA,NA,Y,Y,A,01,0,0,3,0,0,0,0,0,0,-,-,33.92356,-118.29196,LOS ANGELES,UNINCORPORATED,-118.29180006,33.92369006
6949861,2015,2016-11-05,1956,2015-06-01,0940,1192,9,1,5,5,1956,0,0,0,NA,0,002,RT 1,KNOB HILL AV,0,NA,Y,A,-,Y,LA,7,1,-,-,18.871,I,5,N,Y,4,0,1,2,A,-,09,21801,A,N,D,C,A,A,H,-,A,A,0,NA,NA,Y,NA,Y,NA,A,01,0,0,1,0,0,0,0,0,1,-,-,NA,NA,LOS ANGELES,REDONDO BEACH,-118.38555117,33.82881787
6949865,2015,2016-11-05,1956,2015-06-02,2314,1302,16,2,5,5,1956,0,0,0,NA,0,002,PACIFIC COAST HWY,TORRANCE BL,0,NA,Y,A,-,Y,LA,7,1,-,-,19.524,I,5,S,Y,4,0,1,3,A,-,12,21453,NA,N,D,C,A,A,H,-,C,A,0,NA,NA,NA,NA,Y,NA,A,01,0,0,1,0,0,0,0,0,0,-,-,NA,NA,LOS ANGELES,REDONDO BEACH,-118.38544669,33.83834037
6949885,2014,2015-07-03,9535,2014-06-27,1803,18655,NA,5,2,3,1914,0,1,1,NA,2,072,RT 710,WASHINGTON BL,400,N,N,A,-,Y,NA,NA,710,NA,NA,NA,NA,NA,NA,N,3,0,1,1,C,-,18,NA,NA,N,E,J,A,A,H,-,A,D,0,NA,NA,NA,NA,Y,NA,-,-,0,1,0,0,0,0,0,0,0,-,-,34.0023,-118.17355,LOS ANGELES,COMMERCE,-118.17373116,34.00239483
6949922,2015,2015-06-23,1900,2015-05-28,1607,520726,0530,4,5,5,1959,0,0,0,NA,0,53T1PM,VALLEY BL,RIO HONDO AV,0,NA,Y,A,-,N,NA,NA,NA,NA,NA,NA,NA,NA,NA,Y,4,0,1,2,A,-,09,21801,A,N,D,C,A,A,H,-,A,A,0,NA,NA,NA,NA,Y,NA,D,22,0,0,1,0,0,0,0,0,0,-,-,NA,NA,LOS ANGELES,ROSEMEAD,-118.06464013,34.0811501
6949926,2015,2015-07-02,1900,2015-05-10,0039,524507,0533,7,5,5,1959,0,0,0,NA,0,53T1EM,SAN GABRIEL BL,RUSH ST,0,NA,Y,A,-,N,NA,NA,NA,NA,NA,NA,NA,NA,NA,Y,4,0,3,2,A,-,09,21801,A,N,-,C,A,A,-,-,C,-,0,NA,NA,NA,NA,Y,NA,A,01,0,0,3,0,0,0,0,0,0,-,-,NA,NA,LOS ANGELES,ROSEMEAD,-118.09052011,34.05187011
6949934,2015,2016-12-03,1900,2015-05-09,1150,467296,2929,6,5,5,1990,0,0,0,NA,0,292K2,'BREA CANYON RD,RT 57,90,S,N,A,-,Y,LA,7,57,-,R,1.814,R,4,S,Y,4,0,2,2,A,-,03,22350,NA,F,C,C,A,A,H,-,A,A,0,NA,NA,NA,NA,Y,NA,A,01,0,0,2,0,0,0,0,0,0,-,-,NA,NA,LOS ANGELES,DIAMOND BAR,-117.85051478,33.96647676
6949936,2015,2015-07-09,1955,2015-06-03,2141,41881,43,3,5,6,1955,0,0,0,NA,0,001,FAIRPLEX DR,AVALON AV,0,NA,Y,A,-,N,NA,NA,NA,NA,NA,NA,NA,NA,NA,Y,4,0,1,2,A,-,12,21453,A,N,D,C,A,A,H,-,C,A,0,NA,NA,NA,NA,Y,NA,D,22,0,0,1,0,0,0,0,0,0,-,-,NA,NA,LOS ANGELES,POMONA,-117.78771002,34.06703006
6949948,2015,2015-07-09,1955,2015-06-01,1852,30060,15,1,5,6,1955,0,0,0,NA,0,003,HOLT AV,VIA DEL PASEO,45,W,N,A,-,N,NA,NA,NA,NA,NA,NA,NA,NA,NA,N,4,0,6,2,A,-,03,22350,NA,N,C,C,A,A,H,-,A,A,0,NA,NA,NA,Y,Y,NA,G,25,0,0,6,0,0,0,0,0,0,-,-,NA,NA,LOS ANGELES,POMONA,-117.722307,34.062989
6949991,2015,2015-10-28,1953,2015-06-02,1729,5281,1953,2,5,6,1953,0,0,0,NA,0,003,WASHINGTON BL,ALLEN AV,25,E,N,A,-,N,NA,NA,NA,NA,NA,NA,NA,NA,NA,Y,4,0,1,2,A,-,03,22350,NA,N,C,C,A,A,H,-,A,A,0,NA,NA,NA,NA,Y,NA,A,01,0,0,1,0,0,0,0,0,0,-,-,NA,NA,LOS ANGELES,PASADENA,-118.11293753,34.16914
6949997,2015,2016-11-07,1900,2015-06-02,1458,522953,0530,2,5,5,1959,0,0,0,NA,0,52T1PM,RT 164,LOWER AZUSA RD,82,N,N,A,-,Y,LA,7,164,-,-,6.66,H,-,S,N,4,0,1,2,A,-,04,21703,NA,N,C,C,A,A,H,-,A,D,0,NA,NA,NA,NA,Y,NA,D,22,0,0,1,0,0,0,0,0,0,-,-,NA,NA,LOS ANGELES,ROSEMEAD,-118.0734078,34.08724661
6949999,2015,2015-07-06,1953,2015-06-04,1526,5281,1953,4,5,6,1953,0,0,0,NA,0,005,COLORADO BL,RAYMOND AV,5,E,N,B,-,N,NA,NA,NA,NA,NA,NA,NA,NA,NA,Y,4,0,1,2,A,-,03,22350,NA,N,B,C,A,A,H,-,A,A,0,NA,NA,NA,NA,Y,NA,A,01,0,0,1,0,0,0,0,0,0,-,-,NA,NA,LOS ANGELES,PASADENA,-118.14888351,34.1458
6950111,2015,2015-06-17,1900,2015-05-31,1915,531921,0521,7,5,4,1971,0,0,0,NA,0,52T1PM,LAS TUNAS DR,TEMPLE CITY BL,0,NA,Y,A,-,N,NA,NA,NA,NA,NA,NA,NA,NA,NA,Y,4,0,3,3,A,-,12,21453,A,N,D,C,A,A,H,-,A,A,0,NA,NA,NA,NA,Y,NA,A,01,0,0,3,0,0,0,0,0,0,-,-,NA,NA,LOS ANGELES,TEMPLE CITY,-118.06091006,34.10668003
6950115,2015,2015-06-18,1900,2015-05-28,0715,478087,0531,4,5,5,1959,0,0,0,NA,0,53T1AM,VALLEY BL,TEMPLE CITY BL,0,NA,Y,A,-,N,NA,NA,NA,NA,NA,NA,NA,NA,NA,Y,4,0,1,2,A,-,12,21453,A,N,D,C,A,A,H,-,A,A,0,NA,NA,NA,NA,Y,NA,A,01,0,0,1,0,0,0,0,0,0,-,-,NA,NA,LOS ANGELES,ROSEMEAD,-118.0582801,34.08130001
6950119,2015,2015-06-18,1900,2015-05-21,0900,526292,0562,4,5,3,1968,0,0,0,NA,0,59T1AM,DURFEE AV,THIENES AV,0,NA,Y,A,-,N,NA,NA,NA,NA,NA,NA,NA,NA,NA,Y,3,0,1,2,A,-,09,21801,A,N,D,C,A,A,H,-,A,A,0,NA,NA,NA,NA,Y,NA,A,01,0,1,0,0,0,0,0,0,0,-,-,NA,NA,LOS ANGELES,SOUTH EL MONTE,-118.03299002,34.04319006