CASE_ID,ACCIDENT_YEAR,PROC_DATE,JURIS,COLLISION_DATE,COLLISION_TIME,OFFICER_ID,REPORTING_DISTRICT,DAY_OF_WEEK,CHP_SHIFT,POPULATION,CNTY_CITY_LOC,SPECIAL_COND,BEAT_TYPE,CHP_BEAT_TYPE,CITY_DIVISION_LAPD,CHP_BEAT_CLASS,BEAT_NUMBER,PRIMARY_RD,SECONDARY_RD,DISTANCE,DIRECTION,INTERSECTION,WEATHER_1,WEATHER_2,STATE_HWY_IND,CALTRANS_COUNTY,CALTRANS_DISTRICT,STATE_ROUTE,ROUTE_SUFFIX,POSTMILE_PREFIX,POSTMILE,LOCATION_TYPE,RAMP_INTERSECTION,SIDE_OF_HWY,TOW_AWAY,COLLISION_SEVERITY,NUMBER_KILLED,NUMBER_INJURED,PARTY_COUNT,PRIMARY_COLL_FACTOR,PCF_CODE_OF_VIOL,PCF_VIOL_CATEGORY,PCF_VIOLATION,PCF_VIOL_SUBSECTION,HIT_AND_RUN,TYPE_OF_COLLISION,MVIW,PED_ACTION,ROAD_SURFACE,ROAD_COND_1,ROAD_COND_2,LIGHTING,CONTROL_DEVICE,CHP_ROAD_TYPE,PEDESTRIAN_ACCIDENT,BICYCLE_ACCIDENT,MOTORCYCLE_ACCIDENT,TRUCK_ACCIDENT,NOT_PRIVATE_PROPERTY,ALCOHOL_INVOLVED,STWD_VEHTYPE_AT_FAULT,CHP_VEHTYPE_AT_FAULT,COUNT_SEVERE_INJ,COUNT_VISIBLE_INJ,COUNT_COMPLAINT_PAIN,COUNT_PED_KILLED,COUNT_PED_INJURED,COUNT_BICYCLIST_KILLED,COUNT_BICYCLIST_INJURED,COUNT_MC_KILLED,COUNT_MC_INJURED,PRIMARY_RAMP,SECONDARY_RAMP,LATITUDE,LONGITUDE,COUNTY,CITY,POINT_X,POINT_Y
6951579,2015,2015-06-30,1918,2015-03-23,1921,701,NA,1,5,4,1918,0,0,0,NA,0,2M5,WASHINGTON BL,HURON AV,81,W,N,A,-,N,NA,NA,NA,NA,NA,NA,NA,NA,NA,N,4,0,2,2,A,-,03,22350,NA,N,C,C,A,A,-,-,C,D,0,NA,NA,NA,NA,Y,NA,A,08,0,0,2,0,0,0,0,0,0,-,-,34.01078,-118.41089,LOS ANGELES,CULVER CITY,-118.41096083,34.0108079
6951580,2015,2015-06-30,1900,2015-03-25,0748,522964,0332,3,5,4,1939,0,0,0,NA,0,35T1,MANHATTAN BEACH BL,MANSEL AV,0,NA,Y,A,-,N,NA,NA,NA,NA,NA,NA,NA,NA,NA,N,4,0,1,2,A,-,09,21801,A,N,H,G,A,A,H,-,A,A,0,NA,Y,NA,NA,Y,NA,A,01,0,0,1,0,0,0,1,0,0,-,-,NA,NA,LOS ANGELES,LAWNDALE,-118.35583013,33.88744008
6951583,2015,2015-06-30,1918,2015-03-25,1909,701,NA,3,5,4,1918,0,0,0,NA,0,2M5,BARMAN AV,HURON AV,0,NA,Y,A,-,N,NA,NA,NA,NA,NA,NA,NA,NA,NA,Y,3,0,2,2,A,-,09,21802,A,N,D,C,A,A,-,-,C,A,0,NA,NA,NA,NA,Y,NA,A,01,0,1,1,0,0,0,0,0,0,-,-,34.00698,-118.40477,LOS ANGELES,CULVER CITY,-118.40476005,34.00696009
6951584,2015,2015-06-30,1900,2015-03-19,0858,522643,0333,4,5,4,1939,0,0,0,NA,0,35T1,171ST ST,HAWTHORNE BL,350,W,N,A,-,N,NA,NA,NA,NA,NA,NA,NA,NA,NA,Y,3,0,1,3,A,-,03,22350,NA,N,C,E,A,A,H,-,A,D,0,NA,NA,NA,NA,Y,NA,A,07,0,1,0,0,0,0,0,0,0,-,-,NA,NA,LOS ANGELES,LAWNDALE,-118.35386073,33.87567621
6951587,2015,2015-06-30,1918,2015-03-26,1541,701,NA,4,5,4,1918,0,0,0,NA,0,2M5,SEPULVEDA BL,CULVER BL,228,N,N,A,-,N,NA,NA,NA,NA,NA,NA,NA,NA,NA,N,3,0,1,2,A,-,17,22517,NA,N,H,G,A,A,H,-,A,D,0,NA,Y,NA,NA,Y,NA,A,07,0,1,0,0,0,0,1,0,0,-,-,34.00514,-118.41083,LOS ANGELES,CULVER CITY,-118.41081085,34.00520365
6951592,2015,2015-06-30,1942,2015-03-27,0930,40260,668,5,5,7,1942,0,0,0,NA,0,6A63,WESTERN AV,FOUNTAIN AV,0,NA,Y,A,-,N,NA,NA,NA,NA,NA,NA,NA,NA,NA,Y,3,0,1,2,A,-,12,21453,A,N,A,B,B,A,H,-,A,A,0,Y,NA,NA,NA,Y,NA,A,01,0,1,0,0,1,0,0,0,0,-,-,NA,NA,LOS ANGELES,LOS ANGELES,-118.30920008,34.09488009
6951596,2015,2015-06-30,1942,2015-03-30,0215,38748,0645,1,5,7,1942,0,0,0,F,0,6FB1,HOLLYWOOD BL,HIGHLAND AV,300,W,N,A,-,N,NA,NA,NA,NA,NA,NA,NA,NA,NA,N,4,0,1,2,A,-,03,22350,NA,N,B,B,F,A,H,-,A,D,0,Y,NA,NA,NA,Y,NA,A,01,0,0,1,0,1,0,0,0,0,-,-,NA,NA,LOS ANGELES,LOS ANGELES,-118.33967909,34.10155
6951600,2015,2016-04-13,1918,2015-03-02,1715,1123,198,1,5,4,1918,0,0,0,NA,0,PATROL,N SEPULVEDA BL,BERRYMAN AV,0,NA,Y,A,-,N,NA,NA,NA,NA,NA,NA,NA,NA,NA,Y,4,0,1,2,A,-,04,21703,NA,N,C,C,A,A,H,-,A,A,0,NA,NA,NA,NA,Y,NA,A,01,0,0,1,0,0,0,0,0,0,-,-,33.99297,-118.39531,LOS ANGELES,CULVER CITY,-118.39531004,33.99296007
6951682,2015,2016-10-10,9525,2015-02-25,1054,13274,NA,3,1,6,1975,0,1,1,NA,2,105,RT 10,GRAND AV,528,W,N,A,-,Y,LA,7,10,-,-,38.36,H,-,W,Y,4,0,1,3,A,-,03,22350,NA,N,C,C,A,A,H,-,A,D,1,NA,NA,NA,NA,Y,NA,A,01,0,0,1,0,0,0,0,0,0,-,-,NA,NA,LOS ANGELES,WEST COVINA,-117.87515003,34.07192721
6951686,2015,2016-09-28,9525,2015-02-25,0915,014444,NA,3,1,3,1921,0,1,1,NA,2,201,RT 210,RT 605,1056,W,N,A,-,Y,LA,7,210,-,R,36.15,H,-,W,N,4,0,2,2,A,-,03,22350,NA,N,C,C,A,A,H,-,A,D,1,NA,NA,NA,NA,Y,NA,A,01,0,0,2,0,0,0,0,0,0,-,-,NA,NA,LOS ANGELES,DUARTE,-117.96201239,34.13544969
6951690,2015,2016-10-18,9525,2015-02-25,1540,17408,NA,3,2,4,1960,0,1,3,NA,2,572,RT 57,ARROW HWY,3000,N,N,A,-,Y,LA,7,57,-,R,11.4,H,-,N,Y,4,0,2,2,A,-,03,22350,NA,N,B,C,A,A,H,-,A,D,1,NA,NA,NA,NA,Y,NA,A,01,0,0,2,0,0,0,0,0,0,-,-,NA,NA,LOS ANGELES,SAN DIMAS,-117.82399995,34.11694763
6951694,2015,2015-06-30,1942,2015-02-28,0055,39546,0646,6,5,7,1942,0,0,0,F,0,677-63,HIGHLAND AV,YUCCA ST,0,NA,Y,A,-,N,NA,NA,NA,NA,NA,NA,NA,NA,NA,N,4,0,1,2,A,-,07,21658,A,N,B,C,A,A,H,-,C,D,0,NA,NA,NA,NA,Y,NA,A,01,0,0,1,0,0,0,0,0,0,-,-,NA,NA,LOS ANGELES,LOS ANGELES,-118.33873006,34.10318003
6951706,2015,2016-10-06,9525,2015-02-24,1140,014971,NA,2,1,5,1926,0,1,1,NA,2,205,RT 210,SUNFLOWER AV,1584,W,N,A,-,Y,LA,7,210,-,R,42.86,H,-,W,N,4,0,2,3,A,-,03,22350,NA,N,C,C,A,A,H,-,A,D,1,NA,NA,NA,NA,Y,NA,-,99,0,0,2,0,0,0,0,0,0,-,-,NA,NA,LOS ANGELES,GLENDORA,-117.85183441,34.11771489
6951710,2015,2015-06-30,9525,2015-02-24,0720,012772,NA,2,1,9,1900,0,3,5,NA,2,003,HAMBLEDON AV,RENAULT ST,0,NA,Y,A,-,N,NA,NA,NA,NA,NA,NA,NA,NA,NA,N,4,0,1,2,A,-,09,21802,A,N,D,C,A,A,H,-,A,A,0,NA,NA,NA,NA,Y,NA,A,07,0,0,1,0,0,0,0,0,0,-,-,NA,NA,LOS ANGELES,UNINCORPORATED,-117.91604007,34.01464003
6951714,2015,2016-09-23,9525,2015-02-21,1255,018997,NA,6,1,5,1990,0,1,3,NA,2,603,RT 60,PROSPECTORS RD,1000,W,N,A,-,Y,LA,7,60,-,R,25.22,H,-,W,Y,4,0,2,2,A,-,03,22350,NA,N,C,C,A,A,H,-,A,D,1,NA,NA,NA,NA,Y,NA,A,01,0,0,2,0,0,0,0,0,0,-,-,NA,NA,LOS ANGELES,DIAMOND BAR,-117.81570799,34.01933693
6951718,2014,2015-06-30,9525,2014-02-25,0920,15443,NA,2,1,5,1990,0,1,3,NA,2,573,RT 57,BREA CANYON RD,1056,N,N,A,-,Y,NA,NA,NA,NA,NA,NA,NA,NA,NA,Y,3,0,1,2,C,-,18,NA,NA,N,C,A,A,A,D,-,A,C,0,NA,NA,NA,NA,Y,NA,-,-,0,1,0,0,0,0,0,0,0,-,-,NA,NA,LOS ANGELES,DIAMOND BAR,-117.85787846,33.95943321
6951722,2015,2015-06-30,9525,2015-02-27,1425,020847,NA,5,2,9,1900,0,3,5,NA,2,004,SAUDER ST,PUENTE AV,0,NA,Y,A,-,N,NA,NA,NA,NA,NA,NA,NA,NA,NA,Y,4,0,1,2,A,-,09,21802,A,N,D,C,A,A,H,-,A,A,0,NA,NA,NA,NA,Y,NA,A,01,0,0,1,0,0,0,0,0,0,-,-,NA,NA,LOS ANGELES,UNINCORPORATED,-117.9756101,34.05710007
6951731,2015,2015-06-29,1934,2015-01-21,0835,750,1934,3,5,1,1934,0,0,0,NA,0,001,IRWINDALE AV,CAMINO DE LA CANTERA,0,NA,Y,A,-,N,NA,NA,NA,NA,NA,NA,NA,NA,NA,Y,3,0,1,2,A,-,09,21802,A,N,A,C,A,A,H,-,A,D,0,NA,NA,NA,NA,Y,NA,A,01,0,1,0,0,0,0,0,0,0,-,-,NA,NA,LOS ANGELES,IRWINDALE,-117.93367013,34.13180005
6951735,2015,2015-06-29,1934,2015-01-29,1815,748,1934,4,5,1,1934,0,0,0,NA,0,001,ARROW HWY,EDISON POLE #4038863E,128,W,N,C,-,N,NA,NA,NA,NA,NA,NA,NA,NA,NA,N,4,0,1,2,A,-,08,22107,NA,N,D,C,A,B,H,-,C,D,0,NA,NA,NA,NA,Y,NA,A,01,0,0,1,0,0,0,0,0,0,-,-,NA,NA,LOS ANGELES,IRWINDALE,NA,NA
6951737,2015,2015-06-30,1942,2015-02-20,1700,32565,0676,5,5,7,1942,0,0,0,F,0,20TL58,VINE AV,WILLOUGHBY AV,0,NA,Y,B,-,N,NA,NA,NA,NA,NA,NA,NA,NA,NA,Y,4,0,1,1,A,-,08,22107,NA,N,E,I,A,A,H,-,A,A,0,NA,NA,NA,NA,Y,NA,A,01,0,0,1,0,0,0,0,0,0,-,-,NA,NA,LOS ANGELES,LOS ANGELES,-118.32662008,34.08710008
6951738,2015,2016-09-23,9580,2015-01-24,2100,20402,NA,6,2,7,1942,0,1,1,NA,2,406,RT 405,PLUMMER ST,200,N,N,A,-,Y,LA,7,405,-,-,45.31,H,-,S,Y,4,0,1,2,A,-,03,22350,NA,N,C,C,A,A,H,-,C,D,1,NA,NA,NA,NA,Y,NA,A,01,0,0,1,0,0,0,0,0,0,-,-,34.24644,-118.47237,LOS ANGELES,LOS ANGELES,-118.473101,34.24368315
6951751,2015,2015-06-29,1934,2015-01-12,1020,779,1934,1,5,1,1934,0,0,0,NA,0,001,LOS ANGELES ST,AZUSA CANYON RD,0,NA,Y,A,-,N,NA,NA,NA,NA,NA,NA,NA,NA,NA,Y,4,0,1,2,A,-,03,22350,NA,N,C,C,A,A,H,-,A,A,0,NA,NA,NA,NA,Y,NA,A,08,0,0,1,0,0,0,0,0,0,-,-,NA,NA,LOS ANGELES,IRWINDALE,-117.94303012,34.0925801
6951755,2015,2016-10-05,1934,2015-01-06,1841,752,1934,2,5,1,1934,0,0,0,NA,0,001,LIVE OAK AV,RT 605,135,W,N,A,-,Y,LA,7,605,-,-,23.346,R,4,S,N,4,0,2,2,A,-,03,22350,NA,M,C,C,A,A,H,-,C,A,0,NA,NA,NA,NA,Y,NA,A,07,0,0,2,0,0,0,0,0,0,-,-,NA,NA,LOS ANGELES,IRWINDALE,-117.98234497,34.10687732
6951759,2015,2015-06-29,1934,2015-01-23,2112,778,1934,5,5,1,1934,0,0,0,NA,0,001,ARROW HWY,MAINE AV,0,NA,Y,A,-,N,NA,NA,NA,NA,NA,NA,NA,NA,NA,Y,3,0,1,2,A,-,08,22107,NA,N,D,C,A,A,H,-,C,A,0,NA,NA,NA,NA,Y,NA,A,01,0,1,0,0,0,0,0,0,0,-,-,NA,NA,LOS ANGELES,IRWINDALE,-117.96055005,34.10693002
6951763,2015,2016-12-17,9575,2015-05-09,1420,20283,NA,6,2,6,1912,0,1,1,NA,2,051,RT 5,BURBANK BL,700,N,N,A,-,Y,LA,7,5,-,-,29.91,H,-,S,Y,4,0,1,5,A,-,03,22350,NA,N,C,C,A,A,H,-,A,D,1,NA,NA,NA,NA,Y,NA,A,01,0,0,1,0,0,0,0,0,0,-,-,34.18139,-118.31501,LOS ANGELES,BURBANK,-118.31982751,34.18640954
6951767,2015,2016-12-13,9575,2015-05-05,1725,20182,NA,2,2,7,1942,0,1,1,NA,2,053,RT 5,VAN NUYS BL,400,N,N,A,-,Y,LA,7,5,-,-,38.61,H,-,N,Y,3,0,2,3,A,-,03,22350,NA,N,C,C,A,A,H,-,A,D,1,NA,NA,NA,NA,Y,NA,A,07,0,2,0,0,0,0,0,0,0,-,-,34.25839,-118.43673,LOS ANGELES,LOS ANGELES,-118.43601576,34.25772106
6951771,2015,2016-11-03,9575,2015-04-25,0219,20702,NA,6,3,7,1942,0,1,1,NA,2,053,RT 5,OSBORNE ST,2000,N,N,A,-,Y,LA,7,5,-,-,37.82,H,-,S,Y,4,0,1,2,A,-,01,23152,A,N,C,C,A,A,H,-,C,D,1,NA,NA,NA,Y,Y,Y,A,01,0,0,1,0,0,0,0,0,0,-,-,34.24821,-118.42626,LOS ANGELES,LOS ANGELES,-118.42709631,34.24899913
6951779,2015,2016-12-17,9575,2015-05-11,0900,20030,NA,1,1,6,1925,0,1,1,NA,2,050,RT 5,WESTERN,500,S,N,A,-,Y,LA,7,5,-,-,27.51,H,-,S,Y,4,0,1,3,A,-,03,22350,NA,N,C,C,A,A,H,-,A,D,1,NA,NA,NA,NA,Y,NA,A,01,0,0,1,0,0,0,0,0,0,-,-,34.16074,-118.29295,LOS ANGELES,GLENDALE,-118.29308319,34.16073981
6951782,2015,2016-12-13,9575,2015-04-27,1400,020918,NA,1,2,7,1942,0,1,1,NA,2,053,RT 5,SHELDON ST,505,S,N,A,-,Y,LA,7,5,-,-,36.155,R,2,N,Y,2,0,1,1,A,-,03,22350,NA,N,F,A,A,A,H,-,A,D,1,NA,NA,NA,Y,Y,NA,G,25,1,0,0,0,0,0,0,0,0,FR,-,34.23136,-118.40115,LOS ANGELES,LOS ANGELES,-118.40665899,34.23209483
6951803,2015,2016-11-02,9575,2015-05-05,1310,20911,NA,2,1,6,1953,0,1,1,NA,2,064,RT 210,ALLEN AV,1100,E,N,B,-,Y,LA,7,210,-,R,27.63,H,-,W,N,4,0,1,4,A,-,07,21658,A,M,B,C,A,A,H,-,A,D,1,NA,NA,NA,NA,Y,NA,-,99,0,0,1,0,0,0,0,0,0,-,-,34.15269,-118.11487,LOS ANGELES,PASADENA,-118.10965176,34.15267912
6951807,2015,2016-12-17,9575,2015-05-07,1830,21006,NA,4,2,7,1942,0,1,3,NA,2,043,RT 134,BUENA VISTA,500,E,N,B,-,Y,LA,7,134,-,-,3.04,H,-,W,Y,4,0,3,3,A,-,03,22350,NA,N,C,C,A,A,H,-,A,D,1,NA,NA,NA,NA,Y,NA,A,01,0,0,3,0,0,0,0,0,0,-,-,34.15436,-118.32578,LOS ANGELES,LOS ANGELES,-118.32401082,34.15421871
6951815,2015,2016-11-05,9575,2015-04-16,1840,020492,NA,4,2,3,1991,0,1,1,NA,2,063,RT 210,ANGELS CREST HWY,200,W,N,A,-,Y,LA,7,210,-,R,19.84,H,-,E,Y,4,0,1,2,A,-,08,22107,NA,N,C,C,A,A,H,-,A,D,1,NA,NA,NA,Y,Y,NA,A,01,0,0,1,0,0,0,0,0,0,-,-,34.2056,-118.20171,LOS ANGELES,LA CANADA-FLINTRIDGE,-118.20087523,34.2066929
6951819,2015,2016-11-05,9575,2015-04-23,1650,16536,NA,4,2,7,1942,0,1,1,NA,2,061,RT 210,WHEATLAND AV,5280,E,N,B,-,Y,LA,7,210,-,R,12.19,H,-,W,Y,4,0,1,2,A,-,03,22350,NA,N,C,C,A,A,H,-,A,D,1,NA,NA,NA,NA,Y,NA,D,22,0,0,1,0,0,0,0,0,0,-,-,34.26906,-118.33898,LOS ANGELES,LOS ANGELES,-118.32046985,34.24584856
6951835,2015,2016-12-01,9575,2015-05-15,1055,17589,NA,5,1,7,1942,0,1,1,NA,2,050,RT 5,RT 134,100,N,N,B,-,Y,LA,7,5,-,-,26.676,R,2,N,Y,3,0,1,2,A,-,08,22107,NA,N,-,C,A,A,H,-,A,D,1,NA,NA,NA,Y,Y,NA,A,01,0,1,0,0,0,0,0,0,0,-,-,34.15232,-118.28277,LOS ANGELES,LOS ANGELES,-118.2829294,34.15238614
6951894,2015,2015-07-09,1909,2015-06-06,1844,566,1909,6,5,4,1909,0,0,0,NA,0,NORTH,GAGE AV,EASTERN AV,80,E,N,A,-,N,NA,NA,NA,NA,NA,NA,NA,NA,NA,N,4,0,2,3,A,-,03,22350,NA,N,C,C,A,A,H,-,A,D,0,NA,NA,NA,NA,Y,NA,A,01,0,0,2,0,0,0,0,0,0,-,-,NA,NA,LOS ANGELES,BELL GARDENS,-118.16349812,33.9754771
6951914,2015,2015-07-02,1909,2015-06-09,1804,507,NA,2,5,4,1909,0,0,0,NA,0,NORTH,FLORENCE AV,JABONERIA RD,141,W,N,C,-,N,NA,NA,NA,NA,NA,NA,NA,NA,NA,N,4,0,2,2,A,-,08,22107,NA,N,C,C,A,B,H,-,A,A,0,NA,NA,NA,NA,Y,NA,A,01,0,0,2,0,0,0,0,0,0,-,-,NA,NA,LOS ANGELES,BELL GARDENS,-118.15824092,33.9671249
6951988,2015,2015-06-19,9575,2015-05-20,1728,20902,NA,3,2,9,1900,0,2,4,NA,2,027,ALLEN AV,ELIZABETH ST,5,S,N,A,-,N,NA,NA,NA,NA,NA,NA,NA,NA,NA,Y,3,0,3,1,A,-,08,22107,NA,N,A,I,A,A,H,-,A,D,0,NA,NA,NA,NA,Y,NA,A,01,0,1,2,0,0,0,0,0,0,-,-,NA,NA,LOS ANGELES,UNINCORPORATED,-118.11275144,34.17327634
6951992,2015,2016-11-05,9575,2015-05-22,1135,15204,NA,5,1,5,1902,0,1,1,NA,2,065,RT 210,5TH AV,600,W,N,B,-,Y,LA,7,210,-,R,32.5,H,-,W,N,4,0,1,2,A,-,03,22350,NA,N,C,C,A,A,H,-,A,D,1,NA,NA,NA,NA,Y,NA,A,07,0,0,1,0,0,0,0,0,0,-,-,NA,NA,LOS ANGELES,ARCADIA,-118.02255627,34.14387148
6951996,2015,2015-06-22,9575,2015-05-19,0745,020911,NA,2,1,9,1900,0,2,4,NA,2,011,OCEAN VIEW BL,MONTROSE AV,0,NA,Y,A,-,N,NA,NA,NA,NA,NA,NA,NA,NA,NA,N,3,0,1,2,A,-,12,21453,A,N,D,G,A,A,H,-,A,A,0,NA,Y,NA,NA,Y,NA,L,04,0,1,0,0,0,0,1,0,0,-,-,NA,NA,LOS ANGELES,UNINCORPORATED,-118.22796004,34.20932008
6952000,2015,2016-12-13,9575,2015-05-17,1720,019976,NA,7,2,9,1900,0,1,1,NA,2,065,RT 120,ROSEMEAD BL,500,W,N,A,-,Y,LA,7,210,-,R,29.41,H,-,E,N,4,0,1,2,A,-,03,22350,NA,N,C,C,A,A,H,-,A,D,1,NA,NA,NA,NA,Y,NA,-,99,0,0,1,0,0,0,0,0,0,-,-,NA,NA,LOS ANGELES,UNINCORPORATED,-118.0774223,34.14767107
6952173,2015,2016-11-02,9575,2015-05-10,1711,20182,NA,7,2,5,1902,0,1,1,NA,2,065,RT 210,SANTA ANITA AV,900,W,N,A,B,Y,LA,7,210,-,R,31.65,H,-,E,Y,2,0,1,3,A,-,01,23152,A,M,B,C,A,A,H,-,A,D,1,NA,NA,Y,NA,Y,Y,C,02,1,0,0,0,0,0,0,0,1,-,-,34.14813,-118.03588,LOS ANGELES,ARCADIA,-118.03594962,34.14822704
6952177,2015,2016-11-02,9575,2015-05-21,1340,15204,NA,4,1,5,1902,0,1,1,NA,2,065,RT 210,SANTA ANITA AV,2290,W,N,A,-,Y,LA,7,210,-,R,31.45,H,-,E,Y,3,0,1,2,A,-,07,21658,A,N,E,I,A,A,H,-,A,D,1,NA,NA,Y,NA,Y,NA,A,01,0,1,0,0,0,0,0,0,1,-,-,34.1486,-118.03987,LOS ANGELES,ARCADIA,-118.03942705,34.14856172
6952181,2015,2016-12-14,9575,2015-05-22,1420,15204,NA,5,2,7,1942,0,1,3,NA,2,041,RT 134,HARVEY DR,2500,E,N,B,-,Y,LA,7,134,-,R,8.88,H,-,E,N,4,0,1,2,A,-,07,21658,A,N,B,C,A,A,H,-,A,D,1,NA,NA,NA,NA,Y,NA,A,01,0,0,1,0,0,0,0,0,0,-,-,34.14491,-118.2129,LOS ANGELES,LOS ANGELES,-118.22735349,34.14709038
6952185,2015,2016-11-05,9575,2015-05-21,1635,19920,NA,4,2,7,1942,0,1,1,NA,2,061,RT 210,LA TUNA CANYON RD,2500,W,N,A,-,Y,LA,7,210,-,R,13.7,H,-,W,Y,3,0,1,1,A,-,08,22107,NA,N,E,I,A,A,D,H,A,D,1,NA,NA,NA,NA,Y,NA,A,01,0,1,0,0,0,0,0,0,0,-,-,34.24105,-118.31085,LOS ANGELES,LOS ANGELES,-118.29903006,34.23494141
6952189,2015,2016-11-02,9575,2015-05-21,2020,20995,NA,4,2,7,1942,0,1,1,NA,2,050,RT 5,ZOO DR,50,N,N,A,-,Y,LA,7,5,-,-,26.48,H,-,S,Y,4,0,3,2,A,-,03,22350,NA,N,C,C,A,A,H,-,D,D,1,NA,NA,NA,NA,Y,NA,A,07,0,0,3,0,0,0,0,0,0,-,-,34.1509,-119.28134,LOS ANGELES,LOS ANGELES,-118.28085162000001,34.15049434
6952193,2015,2016-11-05,9575,2015-05-01,1540,19754,NA,5,2,5,1902,0,1,1,NA,2,065,RT 210,BALDWIN AV,1200,W,N,A,-,Y,LA,7,210,-,R,30.48,H,-,E,NA,3,0,1,1,A,-,03,22350,NA,N,F,A,A,A,H,-,A,D,1,NA,NA,Y,NA,Y,NA,C,02,0,1,0,0,0,0,0,0,1,-,-,34.14929,-118.05538,LOS ANGELES,ARCADIA,-118.0562314,34.14863275
6952205,2015,2016-11-02,9575,2015-05-05,0045,20542,NA,2,3,5,1902,0,1,1,NA,2,065,RT 210,SANTA ANITA AV,300,E,N,A,-,Y,LA,7,210,-,R,32.17,H,-,E,Y,4,0,1,1,A,-,08,22107,NA,N,E,I,A,A,H,-,D,D,1,NA,NA,NA,NA,Y,NA,A,01,0,0,1,0,0,0,0,0,0,-,-,34.14616,-118.02782,LOS ANGELES,ARCADIA,-118.02757429,34.14599781
6952209,2015,2016-12-14,9575,2015-05-06,2040,21006,NA,3,2,7,1942,0,1,3,NA,2,044,RT 134,PASS AV,600,W,N,A,-,Y,LA,7,134,-,-,1.6,H,-,E,N,4,0,1,2,A,-,03,22350,NA,M,C,C,A,A,H,-,C,D,1,NA,NA,NA,NA,Y,NA,-,99,0,0,1,0,0,0,0,0,0,-,-,34.1542,-118.34684,LOS ANGELES,LOS ANGELES,-118.34863917,34.1536305
6952213,2015,2016-11-15,9575,2015-05-20,1320,20887,NA,3,1,6,1953,0,1,3,NA,2,040,RT 134,ORANGE GROVE BL,100,E,N,A,-,Y,LA,7,134,-,R,12.89,H,-,W,Y,3,0,1,2,A,-,03,22350,NA,N,C,C,A,A,C,-,A,D,1,NA,NA,NA,NA,Y,NA,A,01,0,1,0,0,0,0,0,0,0,-,-,34.14706,-118.15988,LOS ANGELES,PASADENA,-118.16014497,34.14735581
6952217,2015,2016-12-17,9575,2015-05-20,1253,20918,NA,3,1,6,1912,0,1,1,NA,2,051,RT 5,BURBANK BL,100,N,N,A,-,Y,LA,7,5,-,-,29.8,H,-,N,N,4,0,2,2,C,-,18,NA,NA,N,B,C,A,A,H,-,A,D,1,NA,NA,NA,NA,Y,NA,-,-,0,0,2,0,0,0,0,0,0,-,-,34.1112,-118.19114,LOS ANGELES,BURBANK,-118.31796436,34.18577834
6952221,2015,2016-11-05,9575,2015-05-05,0050,20846,NA,2,3,9,1900,0,1,3,NA,2,300,RT 2,FOOTHILL BL,22176,E,N,A,-,Y,LA,7,2,-,-,28.53,H,-,W,Y,3,0,4,1,A,-,08,22107,NA,N,E,I,A,A,H,-,D,D,0,NA,NA,NA,NA,Y,NA,A,01,0,1,3,0,0,0,0,0,0,-,-,34.25638,-118.19672,LOS ANGELES,UNINCORPORATED,-118.18887119,34.24183288
6952223,2015,2015-07-22,1948,2015-06-08,1646,356,1948,1,5,5,1948,0,0,0,NA,0,NA,GARVEY AV,GARFIELD AV,0,NA,Y,A,-,N,NA,NA,NA,NA,NA,NA,NA,NA,NA,N,4,0,1,2,D,-,00,NA,NA,N,B,C,A,A,H,-,A,A,0,NA,NA,NA,NA,Y,NA,-,-,0,0,1,0,0,0,0,0,0,-,-,NA,NA,LOS ANGELES,MONTEREY PARK,-118.12282004,34.06255
6952225,2015,2016-12-17,9575,2015-05-07,2200,21006,NA,4,3,6,1925,0,1,3,NA,2,042,RT 134,BOB HOPE DR,750,W,N,B,C,Y,LA,7,134,-,-,2.53,H,-,E,N,4,0,2,2,A,-,07,21658,A,M,B,C,A,B,H,-,C,D,1,NA,NA,NA,NA,Y,NA,A,01,0,0,2,0,0,0,0,0,0,-,-,34.15222,-118.33354,LOS ANGELES,GLENDALE,-118.33268961,34.15231587
6952229,2015,2016-12-17,9575,2015-05-07,1730,20995,NA,4,2,7,1942,0,1,3,NA,2,044,RT 164,BUENA VISTA ST,200,W,N,A,-,Y,LA,7,134,-,-,2.67,H,-,W,Y,4,0,2,3,A,-,07,21658,A,N,B,C,A,A,H,-,A,D,1,NA,NA,NA,NA,Y,NA,A,07,0,0,2,0,0,0,0,0,0,-,-,34.1529,-118.3305,LOS ANGELES,LOS ANGELES,-118.3302974,34.1529349
6952233,2015,2016-12-17,9575,2015-05-07,1900,20995,NA,4,2,6,1925,0,1,1,NA,2,050,RT 5,RT 134,50,N,N,A,-,Y,LA,7,5,-,-,27.01,H,-,S,Y,4,0,1,2,A,-,03,22350,NA,N,C,C,A,A,H,-,A,D,1,NA,NA,NA,NA,Y,NA,A,01,0,0,1,0,0,0,0,0,0,-,-,34.15384,-118.28757,LOS ANGELES,GLENDALE,-118.28855102,34.15469682